"序号","产品名称","产品编码","型号","Slug","产品类别/系列","检查结果","主图字段","主图引用路径","实际匹配路径","数据文件","数据位置","建议动作"
"1","直通等径倒刺接头","809276","BA-16F-PP-N","ba-16f-pp-n","fittings","正常","mainImage","/images/products/fittings/barbed-fittings/products/ba-16f-pp-n-main.jpg","F:\WebsiteProjects\foreach-website-2026\public\images\products\fittings\barbed-fittings\products\ba-16f-pp-n-main.jpg",".local-backups/downlist-806-2026-07-17T08-16-33-947Z/data/products/generated/fittings/barbed-fittings/detail/index.json","$[0]","无需处理"
"2","直通等径倒刺接头","809277","BA-24F-PP-N","ba-24f-pp-n","fittings","正常","mainImage","/images/products/fittings/barbed-fittings/products/ba-24f-pp-n-main.jpg","F:\WebsiteProjects\foreach-website-2026\public\images\products\fittings\barbed-fittings\products\ba-24f-pp-n-main.jpg",".local-backups/downlist-806-2026-07-17T08-16-33-947Z/data/products/generated/fittings/barbed-fittings/detail/index.json","$[1]","无需处理"
"3","直通等径倒刺接头","809278","BA-32F-PP-N","ba-32f-pp-n","fittings","正常","mainImage","/images/products/fittings/barbed-fittings/products/ba-32f-pp-n-main.jpg","F:\WebsiteProjects\foreach-website-2026\public\images\products\fittings\barbed-fittings\products\ba-32f-pp-n-main.jpg",".local-backups/downlist-806-2026-07-17T08-16-33-947Z/data/products/generated/fittings/barbed-fittings/detail/index.json","$[2]","无需处理"
"4","直通等径倒刺接头","809279","BA-40F-PP-N","ba-40f-pp-n","fittings","正常","mainImage","/images/products/fittings/barbed-fittings/products/ba-40f-pp-n-main.jpg","F:\WebsiteProjects\foreach-website-2026\public\images\products\fittings\barbed-fittings\products\ba-40f-pp-n-main.jpg",".local-backups/downlist-806-2026-07-17T08-16-33-947Z/data/products/generated/fittings/barbed-fittings/detail/index.json","$[3]","无需处理"
"5","直通异径倒刺接头","809288","BA-16F-24F-PP-N","ba-16f-24f-pp-n","fittings","正常","mainImage","/images/products/fittings/barbed-fittings/products/ba-16f-24f-pp-n-main.jpg","F:\WebsiteProjects\foreach-website-2026\public\images\products\fittings\barbed-fittings\products\ba-16f-24f-pp-n-main.jpg",".local-backups/downlist-806-2026-07-17T08-16-33-947Z/data/products/generated/fittings/barbed-fittings/detail/index.json","$[4]","无需处理"
"6","直通异径倒刺接头","809289","BA-24F-32F-PP-N","ba-24f-32f-pp-n","fittings","正常","mainImage","/images/products/fittings/barbed-fittings/products/ba-24f-32f-pp-n-main.jpg","F:\WebsiteProjects\foreach-website-2026\public\images\products\fittings\barbed-fittings\products\ba-24f-32f-pp-n-main.jpg",".local-backups/downlist-806-2026-07-17T08-16-33-947Z/data/products/generated/fittings/barbed-fittings/detail/index.json","$[5]","无需处理"
"7","直通等径倒刺接头","809321","BA-16F-PA-W","ba-16f-pa-w","fittings","正常","mainImage","/images/products/fittings/barbed-fittings/products/ba-16f-pa-w-main.jpg","F:\WebsiteProjects\foreach-website-2026\public\images\products\fittings\barbed-fittings\products\ba-16f-pa-w-main.jpg",".local-backups/downlist-806-2026-07-17T08-16-33-947Z/data/products/generated/fittings/barbed-fittings/detail/index.json","$[6]","无需处理"
"8","直通异径倒刺接头","809322","BA-16F-24F-PA-W","ba-16f-24f-pa-w","fittings","正常","mainImage","/images/products/fittings/barbed-fittings/products/ba-16f-24f-pa-w-main.jpg","F:\WebsiteProjects\foreach-website-2026\public\images\products\fittings\barbed-fittings\products\ba-16f-24f-pa-w-main.jpg",".local-backups/downlist-806-2026-07-17T08-16-33-947Z/data/products/generated/fittings/barbed-fittings/detail/index.json","$[7]","无需处理"
"9","直通等径倒刺接头","809324","BA-24F-PA-W","ba-24f-pa-w","fittings","正常","mainImage","/images/products/fittings/barbed-fittings/products/ba-24f-pa-w-main.jpg","F:\WebsiteProjects\foreach-website-2026\public\images\products\fittings\barbed-fittings\products\ba-24f-pa-w-main.jpg",".local-backups/downlist-806-2026-07-17T08-16-33-947Z/data/products/generated/fittings/barbed-fittings/detail/index.json","$[8]","无需处理"
"10","直通异径倒刺接头","809325","BA-24F-32F-PA-W","ba-24f-32f-pa-w","fittings","正常","mainImage","/images/products/fittings/barbed-fittings/products/ba-24f-32f-pa-w-main.jpg","F:\WebsiteProjects\foreach-website-2026\public\images\products\fittings\barbed-fittings\products\ba-24f-32f-pa-w-main.jpg",".local-backups/downlist-806-2026-07-17T08-16-33-947Z/data/products/generated/fittings/barbed-fittings/detail/index.json","$[9]","无需处理"
"11","直通等径倒刺接头","809328","BA-32F-PA-W","ba-32f-pa-w","fittings","正常","mainImage","/images/products/fittings/barbed-fittings/products/ba-32f-pa-w-main.jpg","F:\WebsiteProjects\foreach-website-2026\public\images\products\fittings\barbed-fittings\products\ba-32f-pa-w-main.jpg",".local-backups/downlist-806-2026-07-17T08-16-33-947Z/data/products/generated/fittings/barbed-fittings/detail/index.json","$[10]","无需处理"
"12","直通等径倒刺接头","809329","BA-40F-PA-W","ba-40f-pa-w","fittings","正常","mainImage","/images/products/fittings/barbed-fittings/products/ba-40f-pa-w-main.jpg","F:\WebsiteProjects\foreach-website-2026\public\images\products\fittings\barbed-fittings\products\ba-40f-pa-w-main.jpg",".local-backups/downlist-806-2026-07-17T08-16-33-947Z/data/products/generated/fittings/barbed-fittings/detail/index.json","$[11]","无需处理"
"13","直通异径倒刺接头","809330","BA-16F-32F-PP-N","ba-16f-32f-pp-n","fittings","正常","mainImage","/images/products/fittings/barbed-fittings/products/ba-16f-32f-pp-n-main.jpg","F:\WebsiteProjects\foreach-website-2026\public\images\products\fittings\barbed-fittings\products\ba-16f-32f-pp-n-main.jpg",".local-backups/downlist-806-2026-07-17T08-16-33-947Z/data/products/generated/fittings/barbed-fittings/detail/index.json","$[12]","无需处理"
"14","直通异径倒刺接头","809332","BA-16F-32F-PA-W","ba-16f-32f-pa-w","fittings","正常","mainImage","/images/products/fittings/barbed-fittings/products/ba-16f-32f-pa-w-main.jpg","F:\WebsiteProjects\foreach-website-2026\public\images\products\fittings\barbed-fittings\products\ba-16f-32f-pa-w-main.jpg",".local-backups/downlist-806-2026-07-17T08-16-33-947Z/data/products/generated/fittings/barbed-fittings/detail/index.json","$[13]","无需处理"
"15","直通异径倒刺接头","809371","BA-32C-64C-PA-W","ba-32c-64c-pa-w","fittings","正常","mainImage","/images/products/fittings/barbed-fittings/products/ba-32c-64c-pa-w-main.jpg","F:\WebsiteProjects\foreach-website-2026\public\images\products\fittings\barbed-fittings\products\ba-32c-64c-pa-w-main.jpg",".local-backups/downlist-806-2026-07-17T08-16-33-947Z/data/products/generated/fittings/barbed-fittings/detail/index.json","$[14]","无需处理"
"16","直通异径倒刺接头","809370","BA-32C-64C-PP-N","ba-32c-64c-pp-n","fittings","正常","mainImage","/images/products/fittings/barbed-fittings/products/ba-32c-64c-pp-n-main.jpg","F:\WebsiteProjects\foreach-website-2026\public\images\products\fittings\barbed-fittings\products\ba-32c-64c-pp-n-main.jpg",".local-backups/downlist-806-2026-07-17T08-16-33-947Z/data/products/generated/fittings/barbed-fittings/detail/index.json","$[15]","无需处理"
"17","直通异径倒刺接头","809374","BA-32V-40V-PP-N","ba-32v-40v-pp-n","fittings","正常","mainImage","/images/products/fittings/barbed-fittings/products/ba-32v-40v-pp-n-main.jpg","F:\WebsiteProjects\foreach-website-2026\public\images\products\fittings\barbed-fittings\products\ba-32v-40v-pp-n-main.jpg",".local-backups/downlist-806-2026-07-17T08-16-33-947Z/data/products/generated/fittings/barbed-fittings/detail/index.json","$[16]","无需处理"
"18","直通异径倒刺接头","809375","BA-32V-40V-PA-W","ba-32v-40v-pa-w","fittings","正常","mainImage","/images/products/fittings/barbed-fittings/products/ba-32v-40v-pa-w-main.jpg","F:\WebsiteProjects\foreach-website-2026\public\images\products\fittings\barbed-fittings\products\ba-32v-40v-pa-w-main.jpg",".local-backups/downlist-806-2026-07-17T08-16-33-947Z/data/products/generated/fittings/barbed-fittings/detail/index.json","$[17]","无需处理"
"19","直通异径倒刺接头","809376","BA-24V-40V-PP-N","ba-24v-40v-pp-n","fittings","正常","mainImage","/images/products/fittings/barbed-fittings/products/ba-24v-40v-pp-n-main.jpg","F:\WebsiteProjects\foreach-website-2026\public\images\products\fittings\barbed-fittings\products\ba-24v-40v-pp-n-main.jpg",".local-backups/downlist-806-2026-07-17T08-16-33-947Z/data/products/generated/fittings/barbed-fittings/detail/index.json","$[18]","无需处理"
"20","直通异径倒刺接头","809377","BA-24V-40V-PA-W","ba-24v-40v-pa-w","fittings","正常","mainImage","/images/products/fittings/barbed-fittings/products/ba-24v-40v-pa-w-main.jpg","F:\WebsiteProjects\foreach-website-2026\public\images\products\fittings\barbed-fittings\products\ba-24v-40v-pa-w-main.jpg",".local-backups/downlist-806-2026-07-17T08-16-33-947Z/data/products/generated/fittings/barbed-fittings/detail/index.json","$[19]","无需处理"
"21","直通异径倒刺接头","809378","BA-64V-79V-PP-N","ba-64v-79v-pp-n","fittings","正常","mainImage","/images/products/fittings/barbed-fittings/products/ba-64v-79v-pp-n-main.jpg","F:\WebsiteProjects\foreach-website-2026\public\images\products\fittings\barbed-fittings\products\ba-64v-79v-pp-n-main.jpg",".local-backups/downlist-806-2026-07-17T08-16-33-947Z/data/products/generated/fittings/barbed-fittings/detail/index.json","$[20]","无需处理"
"22","直通异径倒刺接头","809379","BA-64V-79V-PA-W","ba-64v-79v-pa-w","fittings","正常","mainImage","/images/products/fittings/barbed-fittings/products/ba-64v-79v-pa-w-main.jpg","F:\WebsiteProjects\foreach-website-2026\public\images\products\fittings\barbed-fittings\products\ba-64v-79v-pa-w-main.jpg",".local-backups/downlist-806-2026-07-17T08-16-33-947Z/data/products/generated/fittings/barbed-fittings/detail/index.json","$[21]","无需处理"
"23","直通等径倒刺接头","809424","BA-64C-PP-N","ba-64c-pp-n","fittings","正常","mainImage","/images/products/fittings/barbed-fittings/products/ba-64c-pp-n-main.jpg","F:\WebsiteProjects\foreach-website-2026\public\images\products\fittings\barbed-fittings\products\ba-64c-pp-n-main.jpg",".local-backups/downlist-806-2026-07-17T08-16-33-947Z/data/products/generated/fittings/barbed-fittings/detail/index.json","$[22]","无需处理"
"24","直通等径倒刺接头","809425","BA-64C-PA-W","ba-64c-pa-w","fittings","正常","mainImage","/images/products/fittings/barbed-fittings/products/ba-64c-pa-w-main.jpg","F:\WebsiteProjects\foreach-website-2026\public\images\products\fittings\barbed-fittings\products\ba-64c-pa-w-main.jpg",".local-backups/downlist-806-2026-07-17T08-16-33-947Z/data/products/generated/fittings/barbed-fittings/detail/index.json","$[23]","无需处理"
"25","直通异径倒刺接头","809426","BA-64V-95V-PP-N","ba-64v-95v-pp-n","fittings","正常","mainImage","/images/products/fittings/barbed-fittings/products/ba-64v-95v-pp-n-main.jpg","F:\WebsiteProjects\foreach-website-2026\public\images\products\fittings\barbed-fittings\products\ba-64v-95v-pp-n-main.jpg",".local-backups/downlist-806-2026-07-17T08-16-33-947Z/data/products/generated/fittings/barbed-fittings/detail/index.json","$[24]","无需处理"
"26","直通异径倒刺接头","809427","BA-64V-95V-PA-W","ba-64v-95v-pa-w","fittings","正常","mainImage","/images/products/fittings/barbed-fittings/products/ba-64v-95v-pa-w-main.jpg","F:\WebsiteProjects\foreach-website-2026\public\images\products\fittings\barbed-fittings\products\ba-64v-95v-pa-w-main.jpg",".local-backups/downlist-806-2026-07-17T08-16-33-947Z/data/products/generated/fittings/barbed-fittings/detail/index.json","$[25]","无需处理"
"27","直通异径倒刺接头","809428","BA-64X-127X-PP-N","ba-64x-127x-pp-n","fittings","正常","mainImage","/images/products/fittings/barbed-fittings/products/ba-64x-127x-pp-n-main.jpg","F:\WebsiteProjects\foreach-website-2026\public\images\products\fittings\barbed-fittings\products\ba-64x-127x-pp-n-main.jpg",".local-backups/downlist-806-2026-07-17T08-16-33-947Z/data/products/generated/fittings/barbed-fittings/detail/index.json","$[26]","无需处理"
"28","直通异径倒刺接头","809429","BA-64X-127X-PA-W","ba-64x-127x-pa-w","fittings","正常","mainImage","/images/products/fittings/barbed-fittings/products/ba-64x-127x-pa-w-main.jpg","F:\WebsiteProjects\foreach-website-2026\public\images\products\fittings\barbed-fittings\products\ba-64x-127x-pa-w-main.jpg",".local-backups/downlist-806-2026-07-17T08-16-33-947Z/data/products/generated/fittings/barbed-fittings/detail/index.json","$[27]","无需处理"
"29","直通等径倒刺接头","809547","BA-16C-PP-N","ba-16c-pp-n","fittings","正常","mainImage","/images/products/fittings/barbed-fittings/products/ba-16c-pp-n-main.jpg","F:\WebsiteProjects\foreach-website-2026\public\images\products\fittings\barbed-fittings\products\ba-16c-pp-n-main.jpg",".local-backups/downlist-806-2026-07-17T08-16-33-947Z/data/products/generated/fittings/barbed-fittings/detail/index.json","$[28]","无需处理"
"30","直通异径倒刺接头","809604","BA-16D-24D-PP-N","ba-16d-24d-pp-n","fittings","正常","mainImage","/images/products/fittings/barbed-fittings/products/ba-16d-24d-pp-n-main.jpg","F:\WebsiteProjects\foreach-website-2026\public\images\products\fittings\barbed-fittings\products\ba-16d-24d-pp-n-main.jpg",".local-backups/downlist-806-2026-07-17T08-16-33-947Z/data/products/generated/fittings/barbed-fittings/detail/index.json","$[29]","无需处理"
"31","直通异径倒刺接头","809605","BA-16D-24D-PA-W","ba-16d-24d-pa-w","fittings","正常","mainImage","/images/products/fittings/barbed-fittings/products/ba-16d-24d-pa-w-main.jpg","F:\WebsiteProjects\foreach-website-2026\public\images\products\fittings\barbed-fittings\products\ba-16d-24d-pa-w-main.jpg",".local-backups/downlist-806-2026-07-17T08-16-33-947Z/data/products/generated/fittings/barbed-fittings/detail/index.json","$[30]","无需处理"
"32","直通异径倒刺接头","809606","BA-24D-32D-PP-N","ba-24d-32d-pp-n","fittings","正常","mainImage","/images/products/fittings/barbed-fittings/products/ba-24d-32d-pp-n-main.jpg","F:\WebsiteProjects\foreach-website-2026\public\images\products\fittings\barbed-fittings\products\ba-24d-32d-pp-n-main.jpg",".local-backups/downlist-806-2026-07-17T08-16-33-947Z/data/products/generated/fittings/barbed-fittings/detail/index.json","$[31]","无需处理"
"33","直通异径倒刺接头","809607","BA-24D-32D-PA-W","ba-24d-32d-pa-w","fittings","正常","mainImage","/images/products/fittings/barbed-fittings/products/ba-24d-32d-pa-w-main.jpg","F:\WebsiteProjects\foreach-website-2026\public\images\products\fittings\barbed-fittings\products\ba-24d-32d-pa-w-main.jpg",".local-backups/downlist-806-2026-07-17T08-16-33-947Z/data/products/generated/fittings/barbed-fittings/detail/index.json","$[32]","无需处理"
"34","直通等径倒刺接头","809625","BA-24D-PP-N","ba-24d-pp-n","fittings","正常","mainImage","/images/products/fittings/barbed-fittings/products/ba-24d-pp-n-main.jpg","F:\WebsiteProjects\foreach-website-2026\public\images\products\fittings\barbed-fittings\products\ba-24d-pp-n-main.jpg",".local-backups/downlist-806-2026-07-17T08-16-33-947Z/data/products/generated/fittings/barbed-fittings/detail/index.json","$[33]","无需处理"
"35","直通等径倒刺接头","809626","BA-24D-PA-W","ba-24d-pa-w","fittings","正常","mainImage","/images/products/fittings/barbed-fittings/products/ba-24d-pa-w-main.jpg","F:\WebsiteProjects\foreach-website-2026\public\images\products\fittings\barbed-fittings\products\ba-24d-pa-w-main.jpg",".local-backups/downlist-806-2026-07-17T08-16-33-947Z/data/products/generated/fittings/barbed-fittings/detail/index.json","$[34]","无需处理"
"36","直通等径倒刺接头","809627","BA-32D-PP-N","ba-32d-pp-n","fittings","正常","mainImage","/images/products/fittings/barbed-fittings/products/ba-32d-pp-n-main.jpg","F:\WebsiteProjects\foreach-website-2026\public\images\products\fittings\barbed-fittings\products\ba-32d-pp-n-main.jpg",".local-backups/downlist-806-2026-07-17T08-16-33-947Z/data/products/generated/fittings/barbed-fittings/detail/index.json","$[35]","无需处理"
"37","直通等径倒刺接头","809628","BA-32D-PA-W","ba-32d-pa-w","fittings","正常","mainImage","/images/products/fittings/barbed-fittings/products/ba-32d-pa-w-main.jpg","F:\WebsiteProjects\foreach-website-2026\public\images\products\fittings\barbed-fittings\products\ba-32d-pa-w-main.jpg",".local-backups/downlist-806-2026-07-17T08-16-33-947Z/data/products/generated/fittings/barbed-fittings/detail/index.json","$[36]","无需处理"
"38","直通异径倒刺接头","809629","BA-16D-32D-PP-N","ba-16d-32d-pp-n","fittings","正常","mainImage","/images/products/fittings/barbed-fittings/products/ba-16d-32d-pp-n-main.jpg","F:\WebsiteProjects\foreach-website-2026\public\images\products\fittings\barbed-fittings\products\ba-16d-32d-pp-n-main.jpg",".local-backups/downlist-806-2026-07-17T08-16-33-947Z/data/products/generated/fittings/barbed-fittings/detail/index.json","$[37]","无需处理"
"39","直通异径倒刺接头","809630","BA-16D-32D-PA-W","ba-16d-32d-pa-w","fittings","正常","mainImage","/images/products/fittings/barbed-fittings/products/ba-16d-32d-pa-w-main.jpg","F:\WebsiteProjects\foreach-website-2026\public\images\products\fittings\barbed-fittings\products\ba-16d-32d-pa-w-main.jpg",".local-backups/downlist-806-2026-07-17T08-16-33-947Z/data/products/generated/fittings/barbed-fittings/detail/index.json","$[38]","无需处理"
"40","直通等径倒刺接头","809300","BA-16C-PA-W","ba-16c-pa-w","fittings","正常","mainImage","/images/products/fittings/barbed-fittings/products/ba-16c-pa-w-main.jpg","F:\WebsiteProjects\foreach-website-2026\public\images\products\fittings\barbed-fittings\products\ba-16c-pa-w-main.jpg",".local-backups/downlist-806-2026-07-17T08-16-33-947Z/data/products/generated/fittings/barbed-fittings/detail/index.json","$[39]","无需处理"
"41","直通异径倒刺接头","809788","BA-16F-24F-PV-N","ba-16f-24f-pv-n","fittings","正常","mainImage","/images/products/fittings/barbed-fittings/products/ba-16f-24f-pv-n-main.jpg","F:\WebsiteProjects\foreach-website-2026\public\images\products\fittings\barbed-fittings\products\ba-16f-24f-pv-n-main.jpg",".local-backups/downlist-806-2026-07-17T08-16-33-947Z/data/products/generated/fittings/barbed-fittings/detail/index.json","$[40]","无需处理"
"42","直通异径倒刺接头","809519","BA-24C-48C-PP-N","ba-24c-48c-pp-n","fittings","正常","mainImage","/images/products/fittings/barbed-fittings/products/ba-24c-48c-pp-n-main.jpg","F:\WebsiteProjects\foreach-website-2026\public\images\products\fittings\barbed-fittings\products\ba-24c-48c-pp-n-main.jpg",".local-backups/downlist-806-2026-07-17T08-16-33-947Z/data/products/generated/fittings/barbed-fittings/detail/index.json","$[41]","无需处理"
"43","直通异径倒刺接头","809520","BA-24C-48C-PA-W","ba-24c-48c-pa-w","fittings","正常","mainImage","/images/products/fittings/barbed-fittings/products/ba-24c-48c-pa-w-main.jpg","F:\WebsiteProjects\foreach-website-2026\public\images\products\fittings\barbed-fittings\products\ba-24c-48c-pa-w-main.jpg",".local-backups/downlist-806-2026-07-17T08-16-33-947Z/data/products/generated/fittings/barbed-fittings/detail/index.json","$[42]","无需处理"
"44","直通异径倒刺接头","809843","BA-16V-40V-PA-W","ba-16v-40v-pa-w","fittings","正常","mainImage","/images/products/fittings/barbed-fittings/products/ba-16v-40v-pa-w-main.jpg","F:\WebsiteProjects\foreach-website-2026\public\images\products\fittings\barbed-fittings\products\ba-16v-40v-pa-w-main.jpg",".local-backups/downlist-806-2026-07-17T08-16-33-947Z/data/products/generated/fittings/barbed-fittings/detail/index.json","$[43]","无需处理"
"45","直通异径倒刺接头","809854","BA-16V-40V-PP-N","ba-16v-40v-pp-n","fittings","正常","mainImage","/images/products/fittings/barbed-fittings/products/ba-16v-40v-pp-n-main.jpg","F:\WebsiteProjects\foreach-website-2026\public\images\products\fittings\barbed-fittings\products\ba-16v-40v-pp-n-main.jpg",".local-backups/downlist-806-2026-07-17T08-16-33-947Z/data/products/generated/fittings/barbed-fittings/detail/index.json","$[44]","无需处理"
"46","直通异径倒刺接头","809862","BA-40D-64D-PP-N","ba-40d-64d-pp-n","fittings","正常","mainImage","/images/logo/foreach-logo-color.svg","F:\WebsiteProjects\foreach-website-2026\public\images\logo\foreach-logo-color.svg",".local-backups/downlist-806-2026-07-17T08-16-33-947Z/data/products/generated/fittings/barbed-fittings/detail/index.json","$[45]","无需处理"
"47","直通异径倒刺接头","806037","BA-40-64-PP-N","ba-40-64-pp-n","fittings","正常","mainImage","/images/logo/foreach-logo-color.svg","F:\WebsiteProjects\foreach-website-2026\public\images\logo\foreach-logo-color.svg",".local-backups/downlist-806-2026-07-17T08-16-33-947Z/data/products/generated/fittings/barbed-fittings/detail/index.json","$[46]","无需处理"
"48","直通异径倒刺接头","806148","BA-32-95-PP-N","ba-32-95-pp-n","fittings","正常","mainImage","/images/logo/foreach-logo-color.svg","F:\WebsiteProjects\foreach-website-2026\public\images\logo\foreach-logo-color.svg",".local-backups/downlist-806-2026-07-17T08-16-33-947Z/data/products/generated/fittings/barbed-fittings/detail/index.json","$[47]","无需处理"
"49","直通异径倒刺接头","806276","BA-48-95-PP-N","ba-48-95-pp-n","fittings","正常","mainImage","/images/logo/foreach-logo-color.svg","F:\WebsiteProjects\foreach-website-2026\public\images\logo\foreach-logo-color.svg",".local-backups/downlist-806-2026-07-17T08-16-33-947Z/data/products/generated/fittings/barbed-fittings/detail/index.json","$[48]","无需处理"
"50","直通异径倒刺接头","806036","BA-24-40-PP-N","ba-24-40-pp-n","fittings","正常","mainImage","/images/logo/foreach-logo-color.svg","F:\WebsiteProjects\foreach-website-2026\public\images\logo\foreach-logo-color.svg",".local-backups/downlist-806-2026-07-17T08-16-33-947Z/data/products/generated/fittings/barbed-fittings/detail/index.json","$[49]","无需处理"
"51","直通异径倒刺接头","806033","BA-32-64-PP-N","ba-32-64-pp-n","fittings","正常","mainImage","/images/logo/foreach-logo-color.svg","F:\WebsiteProjects\foreach-website-2026\public\images\logo\foreach-logo-color.svg",".local-backups/downlist-806-2026-07-17T08-16-33-947Z/data/products/generated/fittings/barbed-fittings/detail/index.json","$[50]","无需处理"
"52","直通等径倒刺接头","806201","BA-127-PP-N","ba-127-pp-n","fittings","正常","mainImage","/images/logo/foreach-logo-color.svg","F:\WebsiteProjects\foreach-website-2026\public\images\logo\foreach-logo-color.svg",".local-backups/downlist-806-2026-07-17T08-16-33-947Z/data/products/generated/fittings/barbed-fittings/detail/index.json","$[51]","无需处理"
"53","直通异径倒刺接头","806256","BA-95-127-PP-N","ba-95-127-pp-n","fittings","正常","mainImage","/images/logo/foreach-logo-color.svg","F:\WebsiteProjects\foreach-website-2026\public\images\logo\foreach-logo-color.svg",".local-backups/downlist-806-2026-07-17T08-16-33-947Z/data/products/generated/fittings/barbed-fittings/detail/index.json","$[52]","无需处理"
"54","直通异径倒刺接头","806272","BA-40-79-AC-W","ba-40-79-ac-w","fittings","正常","mainImage","/images/logo/foreach-logo-color.svg","F:\WebsiteProjects\foreach-website-2026\public\images\logo\foreach-logo-color.svg",".local-backups/downlist-806-2026-07-17T08-16-33-947Z/data/products/generated/fittings/barbed-fittings/detail/index.json","$[53]","无需处理"
"55","直通异径倒刺接头","806147","BA-32-48-PP-N","ba-32-48-pp-n","fittings","正常","mainImage","/images/logo/foreach-logo-color.svg","F:\WebsiteProjects\foreach-website-2026\public\images\logo\foreach-logo-color.svg",".local-backups/downlist-806-2026-07-17T08-16-33-947Z/data/products/generated/fittings/barbed-fittings/detail/index.json","$[54]","无需处理"
"56","L型等径倒刺接头","809345","BL-16F-PA-W","bl-16f-pa-w","fittings","正常","mainImage","/images/products/fittings/barbed-fittings/products/bl-16f-pa-w-main.jpg","F:\WebsiteProjects\foreach-website-2026\public\images\products\fittings\barbed-fittings\products\bl-16f-pa-w-main.jpg",".local-backups/downlist-806-2026-07-17T08-16-33-947Z/data/products/generated/fittings/barbed-fittings/detail/index.json","$[55]","无需处理"
"57","L型等径倒刺接头","809346","BL-24F-PA-W","bl-24f-pa-w","fittings","正常","mainImage","/images/products/fittings/barbed-fittings/products/bl-24f-pa-w-main.jpg","F:\WebsiteProjects\foreach-website-2026\public\images\products\fittings\barbed-fittings\products\bl-24f-pa-w-main.jpg",".local-backups/downlist-806-2026-07-17T08-16-33-947Z/data/products/generated/fittings/barbed-fittings/detail/index.json","$[56]","无需处理"
"58","L型等径倒刺接头","809347","BL-32F-PA-W","bl-32f-pa-w","fittings","正常","mainImage","/images/products/fittings/barbed-fittings/products/bl-32f-pa-w-main.jpg","F:\WebsiteProjects\foreach-website-2026\public\images\products\fittings\barbed-fittings\products\bl-32f-pa-w-main.jpg",".local-backups/downlist-806-2026-07-17T08-16-33-947Z/data/products/generated/fittings/barbed-fittings/detail/index.json","$[57]","无需处理"
"59","L型等径倒刺接头","809348","BL-40F-PA-W","bl-40f-pa-w","fittings","正常","mainImage","/images/products/fittings/barbed-fittings/products/bl-40f-pa-w-main.jpg","F:\WebsiteProjects\foreach-website-2026\public\images\products\fittings\barbed-fittings\products\bl-40f-pa-w-main.jpg",".local-backups/downlist-806-2026-07-17T08-16-33-947Z/data/products/generated/fittings/barbed-fittings/detail/index.json","$[58]","无需处理"
"60","L型等径倒刺接头","809349","BL-64F-PA-W","bl-64f-pa-w","fittings","正常","mainImage","/images/products/fittings/barbed-fittings/products/bl-64f-pa-w-main.jpg","F:\WebsiteProjects\foreach-website-2026\public\images\products\fittings\barbed-fittings\products\bl-64f-pa-w-main.jpg",".local-backups/downlist-806-2026-07-17T08-16-33-947Z/data/products/generated/fittings/barbed-fittings/detail/index.json","$[59]","无需处理"
"61","L型等径倒刺接头","809350","BL-95D-PA-W","bl-95d-pa-w","fittings","正常","mainImage","/images/products/fittings/barbed-fittings/products/bl-95d-pa-w-main.jpg","F:\WebsiteProjects\foreach-website-2026\public\images\products\fittings\barbed-fittings\products\bl-95d-pa-w-main.jpg",".local-backups/downlist-806-2026-07-17T08-16-33-947Z/data/products/generated/fittings/barbed-fittings/detail/index.json","$[60]","无需处理"
"62","L型等径倒刺接头","809357","BL-16F-PP-N","bl-16f-pp-n","fittings","正常","mainImage","/images/products/fittings/barbed-fittings/products/bl-16f-pp-n-main.jpg","F:\WebsiteProjects\foreach-website-2026\public\images\products\fittings\barbed-fittings\products\bl-16f-pp-n-main.jpg",".local-backups/downlist-806-2026-07-17T08-16-33-947Z/data/products/generated/fittings/barbed-fittings/detail/index.json","$[61]","无需处理"
"63","L型等径倒刺接头","809358","BL-24F-PP-N","bl-24f-pp-n","fittings","正常","mainImage","/images/products/fittings/barbed-fittings/products/bl-24f-pp-n-main.jpg","F:\WebsiteProjects\foreach-website-2026\public\images\products\fittings\barbed-fittings\products\bl-24f-pp-n-main.jpg",".local-backups/downlist-806-2026-07-17T08-16-33-947Z/data/products/generated/fittings/barbed-fittings/detail/index.json","$[62]","无需处理"
"64","L型等径倒刺接头","809359","BL-32F-PP-N","bl-32f-pp-n","fittings","正常","mainImage","/images/products/fittings/barbed-fittings/products/bl-32f-pp-n-main.jpg","F:\WebsiteProjects\foreach-website-2026\public\images\products\fittings\barbed-fittings\products\bl-32f-pp-n-main.jpg",".local-backups/downlist-806-2026-07-17T08-16-33-947Z/data/products/generated/fittings/barbed-fittings/detail/index.json","$[63]","无需处理"
"65","L型等径倒刺接头","809360","BL-40F-PP-N","bl-40f-pp-n","fittings","正常","mainImage","/images/products/fittings/barbed-fittings/products/bl-40f-pp-n-main.jpg","F:\WebsiteProjects\foreach-website-2026\public\images\products\fittings\barbed-fittings\products\bl-40f-pp-n-main.jpg",".local-backups/downlist-806-2026-07-17T08-16-33-947Z/data/products/generated/fittings/barbed-fittings/detail/index.json","$[64]","无需处理"
"66","L型等径倒刺接头","809361","BL-64F-PP-N","bl-64f-pp-n","fittings","正常","mainImage","/images/products/fittings/barbed-fittings/products/bl-64f-pp-n-main.jpg","F:\WebsiteProjects\foreach-website-2026\public\images\products\fittings\barbed-fittings\products\bl-64f-pp-n-main.jpg",".local-backups/downlist-806-2026-07-17T08-16-33-947Z/data/products/generated/fittings/barbed-fittings/detail/index.json","$[65]","无需处理"
"67","L型等径倒刺接头","809362","BL-95D-PP-N","bl-95d-pp-n","fittings","正常","mainImage","/images/products/fittings/barbed-fittings/products/bl-95d-pp-n-main.jpg","F:\WebsiteProjects\foreach-website-2026\public\images\products\fittings\barbed-fittings\products\bl-95d-pp-n-main.jpg",".local-backups/downlist-806-2026-07-17T08-16-33-947Z/data/products/generated/fittings/barbed-fittings/detail/index.json","$[66]","无需处理"
"68","L型等径倒刺接头","809632","BL-16D-PP-N","bl-16d-pp-n","fittings","正常","mainImage","/images/products/fittings/barbed-fittings/products/bl-16d-pp-n-main.jpg","F:\WebsiteProjects\foreach-website-2026\public\images\products\fittings\barbed-fittings\products\bl-16d-pp-n-main.jpg",".local-backups/downlist-806-2026-07-17T08-16-33-947Z/data/products/generated/fittings/barbed-fittings/detail/index.json","$[67]","无需处理"
"69","L型等径倒刺接头","809633","BL-16D-PA-W","bl-16d-pa-w","fittings","正常","mainImage","/images/products/fittings/barbed-fittings/products/bl-16d-pa-w-main.jpg","F:\WebsiteProjects\foreach-website-2026\public\images\products\fittings\barbed-fittings\products\bl-16d-pa-w-main.jpg",".local-backups/downlist-806-2026-07-17T08-16-33-947Z/data/products/generated/fittings/barbed-fittings/detail/index.json","$[68]","无需处理"
"70","L型等径倒刺接头","809634","BL-24D-PP-N","bl-24d-pp-n","fittings","正常","mainImage","/images/products/fittings/barbed-fittings/products/bl-24d-pp-n-main.jpg","F:\WebsiteProjects\foreach-website-2026\public\images\products\fittings\barbed-fittings\products\bl-24d-pp-n-main.jpg",".local-backups/downlist-806-2026-07-17T08-16-33-947Z/data/products/generated/fittings/barbed-fittings/detail/index.json","$[69]","无需处理"
"71","L型等径倒刺接头","809635","BL-24D-PA-W","bl-24d-pa-w","fittings","正常","mainImage","/images/products/fittings/barbed-fittings/products/bl-24d-pa-w-main.jpg","F:\WebsiteProjects\foreach-website-2026\public\images\products\fittings\barbed-fittings\products\bl-24d-pa-w-main.jpg",".local-backups/downlist-806-2026-07-17T08-16-33-947Z/data/products/generated/fittings/barbed-fittings/detail/index.json","$[70]","无需处理"
"72","L型等径倒刺接头","809636","BL-32D-PP-N","bl-32d-pp-n","fittings","正常","mainImage","/images/products/fittings/barbed-fittings/products/bl-32d-pp-n-main.jpg","F:\WebsiteProjects\foreach-website-2026\public\images\products\fittings\barbed-fittings\products\bl-32d-pp-n-main.jpg",".local-backups/downlist-806-2026-07-17T08-16-33-947Z/data/products/generated/fittings/barbed-fittings/detail/index.json","$[71]","无需处理"
"73","L型等径倒刺接头","809637","BL-32D-PA-W","bl-32d-pa-w","fittings","正常","mainImage","/images/products/fittings/barbed-fittings/products/bl-32d-pa-w-main.jpg","F:\WebsiteProjects\foreach-website-2026\public\images\products\fittings\barbed-fittings\products\bl-32d-pa-w-main.jpg",".local-backups/downlist-806-2026-07-17T08-16-33-947Z/data/products/generated/fittings/barbed-fittings/detail/index.json","$[72]","无需处理"
"74","L型异径倒刺接头","809638","BL-16D-24D-PP-N","bl-16d-24d-pp-n","fittings","正常","mainImage","/images/products/fittings/barbed-fittings/products/bl-16d-24d-pp-n-main.jpg","F:\WebsiteProjects\foreach-website-2026\public\images\products\fittings\barbed-fittings\products\bl-16d-24d-pp-n-main.jpg",".local-backups/downlist-806-2026-07-17T08-16-33-947Z/data/products/generated/fittings/barbed-fittings/detail/index.json","$[73]","无需处理"
"75","L型异径倒刺接头","809639","BL-16D-24D-PA-W","bl-16d-24d-pa-w","fittings","正常","mainImage","/images/products/fittings/barbed-fittings/products/bl-16d-24d-pa-w-main.jpg","F:\WebsiteProjects\foreach-website-2026\public\images\products\fittings\barbed-fittings\products\bl-16d-24d-pa-w-main.jpg",".local-backups/downlist-806-2026-07-17T08-16-33-947Z/data/products/generated/fittings/barbed-fittings/detail/index.json","$[74]","无需处理"
"76","L型异径倒刺接头","809640","BL-24D-32D-PP-N","bl-24d-32d-pp-n","fittings","正常","mainImage","/images/products/fittings/barbed-fittings/products/bl-24d-32d-pp-n-main.jpg","F:\WebsiteProjects\foreach-website-2026\public\images\products\fittings\barbed-fittings\products\bl-24d-32d-pp-n-main.jpg",".local-backups/downlist-806-2026-07-17T08-16-33-947Z/data/products/generated/fittings/barbed-fittings/detail/index.json","$[75]","无需处理"
"77","L型异径倒刺接头","809641","BL-24D-32D-PA-W","bl-24d-32d-pa-w","fittings","正常","mainImage","/images/products/fittings/barbed-fittings/products/bl-24d-32d-pa-w-main.jpg","F:\WebsiteProjects\foreach-website-2026\public\images\products\fittings\barbed-fittings\products\bl-24d-32d-pa-w-main.jpg",".local-backups/downlist-806-2026-07-17T08-16-33-947Z/data/products/generated/fittings/barbed-fittings/detail/index.json","$[76]","无需处理"
"78","L型异径倒刺接头","809642","BL-16D-32D-PP-N","bl-16d-32d-pp-n","fittings","正常","mainImage","/images/products/fittings/barbed-fittings/products/bl-16d-32d-pp-n-main.jpg","F:\WebsiteProjects\foreach-website-2026\public\images\products\fittings\barbed-fittings\products\bl-16d-32d-pp-n-main.jpg",".local-backups/downlist-806-2026-07-17T08-16-33-947Z/data/products/generated/fittings/barbed-fittings/detail/index.json","$[77]","无需处理"
"79","L型异径倒刺接头","809643","BL-16D-32D-PA-W","bl-16d-32d-pa-w","fittings","正常","mainImage","/images/products/fittings/barbed-fittings/products/bl-16d-32d-pa-w-main.jpg","F:\WebsiteProjects\foreach-website-2026\public\images\products\fittings\barbed-fittings\products\bl-16d-32d-pa-w-main.jpg",".local-backups/downlist-806-2026-07-17T08-16-33-947Z/data/products/generated/fittings/barbed-fittings/detail/index.json","$[78]","无需处理"
"80","L型等径倒刺接头","809645","BL-127V-PP-N","bl-127v-pp-n","fittings","正常","mainImage","/images/products/fittings/barbed-fittings/products/bl-127v-pp-n-main.jpg","F:\WebsiteProjects\foreach-website-2026\public\images\products\fittings\barbed-fittings\products\bl-127v-pp-n-main.jpg",".local-backups/downlist-806-2026-07-17T08-16-33-947Z/data/products/generated/fittings/barbed-fittings/detail/index.json","$[79]","无需处理"
"81","L型等径倒刺接头","809881","BL-160-PP-N","bl-160-pp-n","fittings","正常","mainImage","/images/logo/foreach-logo-color.svg","F:\WebsiteProjects\foreach-website-2026\public\images\logo\foreach-logo-color.svg",".local-backups/downlist-806-2026-07-17T08-16-33-947Z/data/products/generated/fittings/barbed-fittings/detail/index.json","$[80]","无需处理"
"82","T型等径倒刺接头","809309","BT-16F-PP-N","bt-16f-pp-n","fittings","正常","mainImage","/images/products/fittings/barbed-fittings/products/bt-16f-pp-n-main.jpg","F:\WebsiteProjects\foreach-website-2026\public\images\products\fittings\barbed-fittings\products\bt-16f-pp-n-main.jpg",".local-backups/downlist-806-2026-07-17T08-16-33-947Z/data/products/generated/fittings/barbed-fittings/detail/index.json","$[81]","无需处理"
"83","T型等径倒刺接头","809310","BT-24F-PP-N","bt-24f-pp-n","fittings","正常","mainImage","/images/products/fittings/barbed-fittings/products/bt-24f-pp-n-main.jpg","F:\WebsiteProjects\foreach-website-2026\public\images\products\fittings\barbed-fittings\products\bt-24f-pp-n-main.jpg",".local-backups/downlist-806-2026-07-17T08-16-33-947Z/data/products/generated/fittings/barbed-fittings/detail/index.json","$[82]","无需处理"
"84","T型等径倒刺接头","809311","BT-32F-PP-N","bt-32f-pp-n","fittings","正常","mainImage","/images/products/fittings/barbed-fittings/products/bt-32f-pp-n-main.jpg","F:\WebsiteProjects\foreach-website-2026\public\images\products\fittings\barbed-fittings\products\bt-32f-pp-n-main.jpg",".local-backups/downlist-806-2026-07-17T08-16-33-947Z/data/products/generated/fittings/barbed-fittings/detail/index.json","$[83]","无需处理"
"85","T型等径倒刺接头","809327","BT-24F-PA-W","bt-24f-pa-w","fittings","正常","mainImage","/images/products/fittings/barbed-fittings/products/bt-24f-pa-w-main.jpg","F:\WebsiteProjects\foreach-website-2026\public\images\products\fittings\barbed-fittings\products\bt-24f-pa-w-main.jpg",".local-backups/downlist-806-2026-07-17T08-16-33-947Z/data/products/generated/fittings/barbed-fittings/detail/index.json","$[84]","无需处理"
"86","T型等径倒刺接头","809337","BT-16F-PA-W","bt-16f-pa-w","fittings","正常","mainImage","/images/products/fittings/barbed-fittings/products/bt-16f-pa-w-main.jpg","F:\WebsiteProjects\foreach-website-2026\public\images\products\fittings\barbed-fittings\products\bt-16f-pa-w-main.jpg",".local-backups/downlist-806-2026-07-17T08-16-33-947Z/data/products/generated/fittings/barbed-fittings/detail/index.json","$[85]","无需处理"
"87","T型等径倒刺接头","809338","BT-32F-PA-W","bt-32f-pa-w","fittings","正常","mainImage","/images/products/fittings/barbed-fittings/products/bt-32f-pa-w-main.jpg","F:\WebsiteProjects\foreach-website-2026\public\images\products\fittings\barbed-fittings\products\bt-32f-pa-w-main.jpg",".local-backups/downlist-806-2026-07-17T08-16-33-947Z/data/products/generated/fittings/barbed-fittings/detail/index.json","$[86]","无需处理"
"88","T型等径倒刺接头","809438","BT-40C-PP-N","bt-40c-pp-n","fittings","正常","mainImage","/images/products/fittings/barbed-fittings/products/bt-40c-pp-n-main.jpg","F:\WebsiteProjects\foreach-website-2026\public\images\products\fittings\barbed-fittings\products\bt-40c-pp-n-main.jpg",".local-backups/downlist-806-2026-07-17T08-16-33-947Z/data/products/generated/fittings/barbed-fittings/detail/index.json","$[87]","无需处理"
"89","T型等径倒刺接头","809439","BT-40C-PA-W","bt-40c-pa-w","fittings","正常","mainImage","/images/products/fittings/barbed-fittings/products/bt-40c-pa-w-main.jpg","F:\WebsiteProjects\foreach-website-2026\public\images\products\fittings\barbed-fittings\products\bt-40c-pa-w-main.jpg",".local-backups/downlist-806-2026-07-17T08-16-33-947Z/data/products/generated/fittings/barbed-fittings/detail/index.json","$[88]","无需处理"
"90","T型等径倒刺接头","809440","BT-64C-PP-N","bt-64c-pp-n","fittings","正常","mainImage","/images/products/fittings/barbed-fittings/products/bt-64c-pp-n-main.jpg","F:\WebsiteProjects\foreach-website-2026\public\images\products\fittings\barbed-fittings\products\bt-64c-pp-n-main.jpg",".local-backups/downlist-806-2026-07-17T08-16-33-947Z/data/products/generated/fittings/barbed-fittings/detail/index.json","$[89]","无需处理"
"91","T型等径倒刺接头","809441","BT-64C-PA-W","bt-64c-pa-w","fittings","正常","mainImage","/images/products/fittings/barbed-fittings/products/bt-64c-pa-w-main.jpg","F:\WebsiteProjects\foreach-website-2026\public\images\products\fittings\barbed-fittings\products\bt-64c-pa-w-main.jpg",".local-backups/downlist-806-2026-07-17T08-16-33-947Z/data/products/generated/fittings/barbed-fittings/detail/index.json","$[90]","无需处理"
"92","T型等径倒刺接头","809442","BT-95X-PP-N","bt-95x-pp-n","fittings","正常","mainImage","/images/products/fittings/barbed-fittings/products/bt-95x-pp-n-main.jpg","F:\WebsiteProjects\foreach-website-2026\public\images\products\fittings\barbed-fittings\products\bt-95x-pp-n-main.jpg",".local-backups/downlist-806-2026-07-17T08-16-33-947Z/data/products/generated/fittings/barbed-fittings/detail/index.json","$[91]","无需处理"
"93","T型等径倒刺接头","809443","BT-95X-PA-W","bt-95x-pa-w","fittings","正常","mainImage","/images/products/fittings/barbed-fittings/products/bt-95x-pa-w-main.jpg","F:\WebsiteProjects\foreach-website-2026\public\images\products\fittings\barbed-fittings\products\bt-95x-pa-w-main.jpg",".local-backups/downlist-806-2026-07-17T08-16-33-947Z/data/products/generated/fittings/barbed-fittings/detail/index.json","$[92]","无需处理"
"94","T型异径倒刺接头","809444","BT-32D-32D-16D-PP-N","bt-32d-32d-16d-pp-n","fittings","正常","mainImage","/images/products/fittings/barbed-fittings/products/bt-32d-32d-16d-pp-n-main.jpg","F:\WebsiteProjects\foreach-website-2026\public\images\products\fittings\barbed-fittings\products\bt-32d-32d-16d-pp-n-main.jpg",".local-backups/downlist-806-2026-07-17T08-16-33-947Z/data/products/generated/fittings/barbed-fittings/detail/index.json","$[93]","无需处理"
"95","T型异径倒刺接头","809445","BT-32D-32D-16D-PA-W","bt-32d-32d-16d-pa-w","fittings","正常","mainImage","/images/products/fittings/barbed-fittings/products/bt-32d-32d-16d-pa-w-main.jpg","F:\WebsiteProjects\foreach-website-2026\public\images\products\fittings\barbed-fittings\products\bt-32d-32d-16d-pa-w-main.jpg",".local-backups/downlist-806-2026-07-17T08-16-33-947Z/data/products/generated/fittings/barbed-fittings/detail/index.json","$[94]","无需处理"
"96","T型异径倒刺接头","809446","BT-24D-24D-16D-PP-N","bt-24d-24d-16d-pp-n","fittings","正常","mainImage","/images/products/fittings/barbed-fittings/products/bt-24d-24d-16d-pp-n-main.jpg","F:\WebsiteProjects\foreach-website-2026\public\images\products\fittings\barbed-fittings\products\bt-24d-24d-16d-pp-n-main.jpg",".local-backups/downlist-806-2026-07-17T08-16-33-947Z/data/products/generated/fittings/barbed-fittings/detail/index.json","$[95]","无需处理"
"97","T型异径倒刺接头","809447","BT-24D-24D-16D-PA-W","bt-24d-24d-16d-pa-w","fittings","正常","mainImage","/images/products/fittings/barbed-fittings/products/bt-24d-24d-16d-pa-w-main.jpg","F:\WebsiteProjects\foreach-website-2026\public\images\products\fittings\barbed-fittings\products\bt-24d-24d-16d-pa-w-main.jpg",".local-backups/downlist-806-2026-07-17T08-16-33-947Z/data/products/generated/fittings/barbed-fittings/detail/index.json","$[96]","无需处理"
"98","T型异径倒刺接头","809448","BT-32D-32D-24D-PP-N","bt-32d-32d-24d-pp-n","fittings","正常","mainImage","/images/products/fittings/barbed-fittings/products/bt-32d-32d-24d-pp-n-main.jpg","F:\WebsiteProjects\foreach-website-2026\public\images\products\fittings\barbed-fittings\products\bt-32d-32d-24d-pp-n-main.jpg",".local-backups/downlist-806-2026-07-17T08-16-33-947Z/data/products/generated/fittings/barbed-fittings/detail/index.json","$[97]","无需处理"
"99","T型异径倒刺接头","809449","BT-32D-32D-24D-PA-W","bt-32d-32d-24d-pa-w","fittings","正常","mainImage","/images/products/fittings/barbed-fittings/products/bt-32d-32d-24d-pa-w-main.jpg","F:\WebsiteProjects\foreach-website-2026\public\images\products\fittings\barbed-fittings\products\bt-32d-32d-24d-pa-w-main.jpg",".local-backups/downlist-806-2026-07-17T08-16-33-947Z/data/products/generated/fittings/barbed-fittings/detail/index.json","$[98]","无需处理"
"100","T型异径倒刺接头","809450","BT-64D-64D-32D-PP-N","bt-64d-64d-32d-pp-n","fittings","正常","mainImage","/images/products/fittings/barbed-fittings/products/bt-64d-64d-32d-pp-n-main.jpg","F:\WebsiteProjects\foreach-website-2026\public\images\products\fittings\barbed-fittings\products\bt-64d-64d-32d-pp-n-main.jpg",".local-backups/downlist-806-2026-07-17T08-16-33-947Z/data/products/generated/fittings/barbed-fittings/detail/index.json","$[99]","无需处理"
"101","T型异径倒刺接头","809451","BT-64D-64D-32D-PA-W","bt-64d-64d-32d-pa-w","fittings","正常","mainImage","/images/products/fittings/barbed-fittings/products/bt-64d-64d-32d-pa-w-main.jpg","F:\WebsiteProjects\foreach-website-2026\public\images\products\fittings\barbed-fittings\products\bt-64d-64d-32d-pa-w-main.jpg",".local-backups/downlist-806-2026-07-17T08-16-33-947Z/data/products/generated/fittings/barbed-fittings/detail/index.json","$[100]","无需处理"
"102","T型异径倒刺接头","809452","BT-24D-32D-32D-PP-N","bt-24d-32d-32d-pp-n","fittings","正常","mainImage","/images/products/fittings/barbed-fittings/products/bt-24d-32d-32d-pp-n-main.jpg","F:\WebsiteProjects\foreach-website-2026\public\images\products\fittings\barbed-fittings\products\bt-24d-32d-32d-pp-n-main.jpg",".local-backups/downlist-806-2026-07-17T08-16-33-947Z/data/products/generated/fittings/barbed-fittings/detail/index.json","$[101]","无需处理"
"103","T型异径倒刺接头","809453","BT-24D-32D-32D-PA-W","bt-24d-32d-32d-pa-w","fittings","正常","mainImage","/images/products/fittings/barbed-fittings/products/bt-24d-32d-32d-pa-w-main.jpg","F:\WebsiteProjects\foreach-website-2026\public\images\products\fittings\barbed-fittings\products\bt-24d-32d-32d-pa-w-main.jpg",".local-backups/downlist-806-2026-07-17T08-16-33-947Z/data/products/generated/fittings/barbed-fittings/detail/index.json","$[102]","无需处理"
"104","T型异径倒刺接头","809454","BT-32D-16D-16D-PP-N","bt-32d-16d-16d-pp-n","fittings","正常","mainImage","/images/products/fittings/barbed-fittings/products/bt-32d-16d-16d-pp-n-main.jpg","F:\WebsiteProjects\foreach-website-2026\public\images\products\fittings\barbed-fittings\products\bt-32d-16d-16d-pp-n-main.jpg",".local-backups/downlist-806-2026-07-17T08-16-33-947Z/data/products/generated/fittings/barbed-fittings/detail/index.json","$[103]","无需处理"
"105","T型异径倒刺接头","809455","BT-32D-16D-16D-PA-W","bt-32d-16d-16d-pa-w","fittings","正常","mainImage","/images/products/fittings/barbed-fittings/products/bt-32d-16d-16d-pa-w-main.jpg","F:\WebsiteProjects\foreach-website-2026\public\images\products\fittings\barbed-fittings\products\bt-32d-16d-16d-pa-w-main.jpg",".local-backups/downlist-806-2026-07-17T08-16-33-947Z/data/products/generated/fittings/barbed-fittings/detail/index.json","$[104]","无需处理"
"106","T型异径倒刺接头","809456","BT-32D-24D-24D-PP-N","bt-32d-24d-24d-pp-n","fittings","正常","mainImage","/images/products/fittings/barbed-fittings/products/bt-32d-24d-24d-pp-n-main.jpg","F:\WebsiteProjects\foreach-website-2026\public\images\products\fittings\barbed-fittings\products\bt-32d-24d-24d-pp-n-main.jpg",".local-backups/downlist-806-2026-07-17T08-16-33-947Z/data/products/generated/fittings/barbed-fittings/detail/index.json","$[105]","无需处理"
"107","T型异径倒刺接头","809457","BT-32D-24D-24D-PA-W","bt-32d-24d-24d-pa-w","fittings","正常","mainImage","/images/products/fittings/barbed-fittings/products/bt-32d-24d-24d-pa-w-main.jpg","F:\WebsiteProjects\foreach-website-2026\public\images\products\fittings\barbed-fittings\products\bt-32d-24d-24d-pa-w-main.jpg",".local-backups/downlist-806-2026-07-17T08-16-33-947Z/data/products/generated/fittings/barbed-fittings/detail/index.json","$[106]","无需处理"
"108","T型异径倒刺接头","809458","BT-32D-64T-64T-PP-N","bt-32d-64t-64t-pp-n","fittings","正常","mainImage","/images/products/fittings/barbed-fittings/products/bt-32d-64t-64t-pp-n-main.jpg","F:\WebsiteProjects\foreach-website-2026\public\images\products\fittings\barbed-fittings\products\bt-32d-64t-64t-pp-n-main.jpg",".local-backups/downlist-806-2026-07-17T08-16-33-947Z/data/products/generated/fittings/barbed-fittings/detail/index.json","$[107]","无需处理"
"109","T型异径倒刺接头","809459","BT-32D-64T-64T-PA-W","bt-32d-64t-64t-pa-w","fittings","正常","mainImage","/images/products/fittings/barbed-fittings/products/bt-32d-64t-64t-pa-w-main.jpg","F:\WebsiteProjects\foreach-website-2026\public\images\products\fittings\barbed-fittings\products\bt-32d-64t-64t-pa-w-main.jpg",".local-backups/downlist-806-2026-07-17T08-16-33-947Z/data/products/generated/fittings/barbed-fittings/detail/index.json","$[108]","无需处理"
"110","T型异径倒刺接头","809460","BT-64V-95V-95V-PP-N","bt-64v-95v-95v-pp-n","fittings","正常","mainImage","/images/products/fittings/barbed-fittings/products/bt-64v-95v-95v-pp-n-main.jpg","F:\WebsiteProjects\foreach-website-2026\public\images\products\fittings\barbed-fittings\products\bt-64v-95v-95v-pp-n-main.jpg",".local-backups/downlist-806-2026-07-17T08-16-33-947Z/data/products/generated/fittings/barbed-fittings/detail/index.json","$[109]","无需处理"
"111","T型异径倒刺接头","809461","BT-64V-95V-95V-PA-W","bt-64v-95v-95v-pa-w","fittings","正常","mainImage","/images/products/fittings/barbed-fittings/products/bt-64v-95v-95v-pa-w-main.jpg","F:\WebsiteProjects\foreach-website-2026\public\images\products\fittings\barbed-fittings\products\bt-64v-95v-95v-pa-w-main.jpg",".local-backups/downlist-806-2026-07-17T08-16-33-947Z/data/products/generated/fittings/barbed-fittings/detail/index.json","$[110]","无需处理"
"112","T型异径倒刺接头","806197","BT-24-16-16-PP-N","bt-24-16-16-pp-n","fittings","正常","mainImage","/images/logo/foreach-logo-color.svg","F:\WebsiteProjects\foreach-website-2026\public\images\logo\foreach-logo-color.svg",".local-backups/downlist-806-2026-07-17T08-16-33-947Z/data/products/generated/fittings/barbed-fittings/detail/index.json","$[111]","无需处理"
"113","T型等径倒刺接头","809521","BT-16D-PP-N","bt-16d-pp-n","fittings","正常","mainImage","/images/products/fittings/barbed-fittings/products/bt-16d-pp-n-main.jpg","F:\WebsiteProjects\foreach-website-2026\public\images\products\fittings\barbed-fittings\products\bt-16d-pp-n-main.jpg",".local-backups/downlist-806-2026-07-17T08-16-33-947Z/data/products/generated/fittings/barbed-fittings/detail/index.json","$[112]","无需处理"
"114","T型等径倒刺接头","809545","BT-16D-PA-W","bt-16d-pa-w","fittings","正常","mainImage","/images/products/fittings/barbed-fittings/products/bt-16d-pa-w-main.jpg","F:\WebsiteProjects\foreach-website-2026\public\images\products\fittings\barbed-fittings\products\bt-16d-pa-w-main.jpg",".local-backups/downlist-806-2026-07-17T08-16-33-947Z/data/products/generated/fittings/barbed-fittings/detail/index.json","$[113]","无需处理"
"115","T型等径倒刺接头","809610","BT-24D-PP-N","bt-24d-pp-n","fittings","正常","mainImage","/images/products/fittings/barbed-fittings/products/bt-24d-pp-n-main.jpg","F:\WebsiteProjects\foreach-website-2026\public\images\products\fittings\barbed-fittings\products\bt-24d-pp-n-main.jpg",".local-backups/downlist-806-2026-07-17T08-16-33-947Z/data/products/generated/fittings/barbed-fittings/detail/index.json","$[114]","无需处理"
"116","T型等径倒刺接头","809611","BT-24D-PA-W","bt-24d-pa-w","fittings","正常","mainImage","/images/products/fittings/barbed-fittings/products/bt-24d-pa-w-main.jpg","F:\WebsiteProjects\foreach-website-2026\public\images\products\fittings\barbed-fittings\products\bt-24d-pa-w-main.jpg",".local-backups/downlist-806-2026-07-17T08-16-33-947Z/data/products/generated/fittings/barbed-fittings/detail/index.json","$[115]","无需处理"
"117","T型等径倒刺接头","809621","BT-32D-PP-N","bt-32d-pp-n","fittings","正常","mainImage","/images/products/fittings/barbed-fittings/products/bt-32d-pp-n-main.jpg","F:\WebsiteProjects\foreach-website-2026\public\images\products\fittings\barbed-fittings\products\bt-32d-pp-n-main.jpg",".local-backups/downlist-806-2026-07-17T08-16-33-947Z/data/products/generated/fittings/barbed-fittings/detail/index.json","$[116]","无需处理"
"118","T型等径倒刺接头","809622","BT-32D-PA-W","bt-32d-pa-w","fittings","正常","mainImage","/images/products/fittings/barbed-fittings/products/bt-32d-pa-w-main.jpg","F:\WebsiteProjects\foreach-website-2026\public\images\products\fittings\barbed-fittings\products\bt-32d-pa-w-main.jpg",".local-backups/downlist-806-2026-07-17T08-16-33-947Z/data/products/generated/fittings/barbed-fittings/detail/index.json","$[117]","无需处理"
"119","T型等径倒刺接头","809644","BT-127V-PP-N","bt-127v-pp-n","fittings","正常","mainImage","/images/products/fittings/barbed-fittings/products/bt-127v-pp-n-main.jpg","F:\WebsiteProjects\foreach-website-2026\public\images\products\fittings\barbed-fittings\products\bt-127v-pp-n-main.jpg",".local-backups/downlist-806-2026-07-17T08-16-33-947Z/data/products/generated/fittings/barbed-fittings/detail/index.json","$[118]","无需处理"
"120","T型异径倒刺接头","809287","BT-16D-24D-24D-PP-N","bt-16d-24d-24d-pp-n","fittings","正常","mainImage","/images/products/fittings/barbed-fittings/products/bt-16d-24d-24d-pp-n-main.jpg","F:\WebsiteProjects\foreach-website-2026\public\images\products\fittings\barbed-fittings\products\bt-16d-24d-24d-pp-n-main.jpg",".local-backups/downlist-806-2026-07-17T08-16-33-947Z/data/products/generated/fittings/barbed-fittings/detail/index.json","$[119]","无需处理"
"121","T型异径倒刺接头","809410","BT-16D-24D-24D-PA-W","bt-16d-24d-24d-pa-w","fittings","正常","mainImage","/images/products/fittings/barbed-fittings/products/bt-16d-24d-24d-pa-w-main.jpg","F:\WebsiteProjects\foreach-website-2026\public\images\products\fittings\barbed-fittings\products\bt-16d-24d-24d-pa-w-main.jpg",".local-backups/downlist-806-2026-07-17T08-16-33-947Z/data/products/generated/fittings/barbed-fittings/detail/index.json","$[120]","无需处理"
"122","T型异径倒刺接头","809842","BT-16D-32D-32D-PA-W","bt-16d-32d-32d-pa-w","fittings","正常","mainImage","/images/products/fittings/barbed-fittings/products/bt-16d-32d-32d-pa-w-main.jpg","F:\WebsiteProjects\foreach-website-2026\public\images\products\fittings\barbed-fittings\products\bt-16d-32d-32d-pa-w-main.jpg",".local-backups/downlist-806-2026-07-17T08-16-33-947Z/data/products/generated/fittings/barbed-fittings/detail/index.json","$[121]","无需处理"
"123","T型异径倒刺接头","809851","BT-16D-32D-32D-PP-N","bt-16d-32d-32d-pp-n","fittings","正常","mainImage","/images/products/fittings/barbed-fittings/products/bt-16d-32d-32d-pp-n-main.jpg","F:\WebsiteProjects\foreach-website-2026\public\images\products\fittings\barbed-fittings\products\bt-16d-32d-32d-pp-n-main.jpg",".local-backups/downlist-806-2026-07-17T08-16-33-947Z/data/products/generated/fittings/barbed-fittings/detail/index.json","$[122]","无需处理"
"124","T型等径倒刺接头","809863","BT-48D-PP-N","bt-48d-pp-n","fittings","正常","mainImage","/images/logo/foreach-logo-color.svg","F:\WebsiteProjects\foreach-website-2026\public\images\logo\foreach-logo-color.svg",".local-backups/downlist-806-2026-07-17T08-16-33-947Z/data/products/generated/fittings/barbed-fittings/detail/index.json","$[123]","无需处理"
"125","T型等径倒刺接头","809865","BT-79D-PP-N","bt-79d-pp-n","fittings","正常","mainImage","/images/logo/foreach-logo-color.svg","F:\WebsiteProjects\foreach-website-2026\public\images\logo\foreach-logo-color.svg",".local-backups/downlist-806-2026-07-17T08-16-33-947Z/data/products/generated/fittings/barbed-fittings/detail/index.json","$[124]","无需处理"
"126","Y型等径倒刺接头","809294","BY-16F-PP-N","by-16f-pp-n","fittings","正常","mainImage","/images/products/fittings/barbed-fittings/products/by-16f-pp-n-main.jpg","F:\WebsiteProjects\foreach-website-2026\public\images\products\fittings\barbed-fittings\products\by-16f-pp-n-main.jpg",".local-backups/downlist-806-2026-07-17T08-16-33-947Z/data/products/generated/fittings/barbed-fittings/detail/index.json","$[125]","无需处理"
"127","Y型等径倒刺接头","809295","BY-24F-PP-N","by-24f-pp-n","fittings","正常","mainImage","/images/products/fittings/barbed-fittings/products/by-24f-pp-n-main.jpg","F:\WebsiteProjects\foreach-website-2026\public\images\products\fittings\barbed-fittings\products\by-24f-pp-n-main.jpg",".local-backups/downlist-806-2026-07-17T08-16-33-947Z/data/products/generated/fittings/barbed-fittings/detail/index.json","$[126]","无需处理"
"128","Y型等径倒刺接头","809296","BY-32F-PP-N","by-32f-pp-n","fittings","正常","mainImage","/images/products/fittings/barbed-fittings/products/by-32f-pp-n-main.jpg","F:\WebsiteProjects\foreach-website-2026\public\images\products\fittings\barbed-fittings\products\by-32f-pp-n-main.jpg",".local-backups/downlist-806-2026-07-17T08-16-33-947Z/data/products/generated/fittings/barbed-fittings/detail/index.json","$[127]","无需处理"
"129","Y型等径倒刺接头","809297","BY-40D-PP-N","by-40d-pp-n","fittings","正常","mainImage","/images/products/fittings/barbed-fittings/products/by-40d-pp-n-main.jpg","F:\WebsiteProjects\foreach-website-2026\public\images\products\fittings\barbed-fittings\products\by-40d-pp-n-main.jpg",".local-backups/downlist-806-2026-07-17T08-16-33-947Z/data/products/generated/fittings/barbed-fittings/detail/index.json","$[128]","无需处理"
"130","Y型等径倒刺接头","809298","BY-64F-PP-N","by-64f-pp-n","fittings","正常","mainImage","/images/products/fittings/barbed-fittings/products/by-64f-pp-n-main.jpg","F:\WebsiteProjects\foreach-website-2026\public\images\products\fittings\barbed-fittings\products\by-64f-pp-n-main.jpg",".local-backups/downlist-806-2026-07-17T08-16-33-947Z/data/products/generated/fittings/barbed-fittings/detail/index.json","$[129]","无需处理"
"131","Y型等径倒刺接头","809326","BY-24F-PA-W","by-24f-pa-w","fittings","正常","mainImage","/images/products/fittings/barbed-fittings/products/by-24f-pa-w-main.jpg","F:\WebsiteProjects\foreach-website-2026\public\images\products\fittings\barbed-fittings\products\by-24f-pa-w-main.jpg",".local-backups/downlist-806-2026-07-17T08-16-33-947Z/data/products/generated/fittings/barbed-fittings/detail/index.json","$[130]","无需处理"
"132","Y型等径倒刺接头","809334","BY-16F-PA-W","by-16f-pa-w","fittings","正常","mainImage","/images/products/fittings/barbed-fittings/products/by-16f-pa-w-main.jpg","F:\WebsiteProjects\foreach-website-2026\public\images\products\fittings\barbed-fittings\products\by-16f-pa-w-main.jpg",".local-backups/downlist-806-2026-07-17T08-16-33-947Z/data/products/generated/fittings/barbed-fittings/detail/index.json","$[131]","无需处理"
"133","Y型等径倒刺接头","809335","BY-32F-PA-W","by-32f-pa-w","fittings","正常","mainImage","/images/products/fittings/barbed-fittings/products/by-32f-pa-w-main.jpg","F:\WebsiteProjects\foreach-website-2026\public\images\products\fittings\barbed-fittings\products\by-32f-pa-w-main.jpg",".local-backups/downlist-806-2026-07-17T08-16-33-947Z/data/products/generated/fittings/barbed-fittings/detail/index.json","$[132]","无需处理"
"134","Y型等径倒刺接头","809336","BY-64F-PA-W","by-64f-pa-w","fittings","正常","mainImage","/images/products/fittings/barbed-fittings/products/by-64f-pa-w-main.jpg","F:\WebsiteProjects\foreach-website-2026\public\images\products\fittings\barbed-fittings\products\by-64f-pa-w-main.jpg",".local-backups/downlist-806-2026-07-17T08-16-33-947Z/data/products/generated/fittings/barbed-fittings/detail/index.json","$[133]","无需处理"
"135","Y型等径倒刺接头","809341","BY-48F-PP-N","by-48f-pp-n","fittings","正常","mainImage","/images/products/fittings/barbed-fittings/products/by-48f-pp-n-main.jpg","F:\WebsiteProjects\foreach-website-2026\public\images\products\fittings\barbed-fittings\products\by-48f-pp-n-main.jpg",".local-backups/downlist-806-2026-07-17T08-16-33-947Z/data/products/generated/fittings/barbed-fittings/detail/index.json","$[134]","无需处理"
"136","Y型等径倒刺接头","809343","BY-48F-PA-W","by-48f-pa-w","fittings","正常","mainImage","/images/products/fittings/barbed-fittings/products/by-48f-pa-w-main.jpg","F:\WebsiteProjects\foreach-website-2026\public\images\products\fittings\barbed-fittings\products\by-48f-pa-w-main.jpg",".local-backups/downlist-806-2026-07-17T08-16-33-947Z/data/products/generated/fittings/barbed-fittings/detail/index.json","$[135]","无需处理"
"137","Y型等径倒刺接头","809369","BY-40D-PA-W","by-40d-pa-w","fittings","正常","mainImage","/images/products/fittings/barbed-fittings/products/by-40d-pa-w-main.jpg","F:\WebsiteProjects\foreach-website-2026\public\images\products\fittings\barbed-fittings\products\by-40d-pa-w-main.jpg",".local-backups/downlist-806-2026-07-17T08-16-33-947Z/data/products/generated/fittings/barbed-fittings/detail/index.json","$[136]","无需处理"
"138","Y型异径倒刺接头","809380","BY-24D-16D-16D-PP-N","by-24d-16d-16d-pp-n","fittings","正常","mainImage","/images/products/fittings/barbed-fittings/products/by-24d-16d-16d-pp-n-main.jpg","F:\WebsiteProjects\foreach-website-2026\public\images\products\fittings\barbed-fittings\products\by-24d-16d-16d-pp-n-main.jpg",".local-backups/downlist-806-2026-07-17T08-16-33-947Z/data/products/generated/fittings/barbed-fittings/detail/index.json","$[137]","无需处理"
"139","Y型异径倒刺接头","809381","BY-24D-16D-16D-PA-W","by-24d-16d-16d-pa-w","fittings","正常","mainImage","/images/products/fittings/barbed-fittings/products/by-24d-16d-16d-pa-w-main.jpg","F:\WebsiteProjects\foreach-website-2026\public\images\products\fittings\barbed-fittings\products\by-24d-16d-16d-pa-w-main.jpg",".local-backups/downlist-806-2026-07-17T08-16-33-947Z/data/products/generated/fittings/barbed-fittings/detail/index.json","$[138]","无需处理"
"140","Y型等径倒刺接头","809430","BY-32D-PP-N","by-32d-pp-n","fittings","正常","mainImage","/images/products/fittings/barbed-fittings/products/by-32d-pp-n-main.jpg","F:\WebsiteProjects\foreach-website-2026\public\images\products\fittings\barbed-fittings\products\by-32d-pp-n-main.jpg",".local-backups/downlist-806-2026-07-17T08-16-33-947Z/data/products/generated/fittings/barbed-fittings/detail/index.json","$[139]","无需处理"
"141","Y型等径倒刺接头","809431","BY-32D-PA-W","by-32d-pa-w","fittings","正常","mainImage","/images/products/fittings/barbed-fittings/products/by-32d-pa-w-main.jpg","F:\WebsiteProjects\foreach-website-2026\public\images\products\fittings\barbed-fittings\products\by-32d-pa-w-main.jpg",".local-backups/downlist-806-2026-07-17T08-16-33-947Z/data/products/generated/fittings/barbed-fittings/detail/index.json","$[140]","无需处理"
"142","Y型等径倒刺接头","809432","BY-95X-PP-N","by-95x-pp-n","fittings","正常","mainImage","/images/products/fittings/barbed-fittings/products/by-95x-pp-n-main.jpg","F:\WebsiteProjects\foreach-website-2026\public\images\products\fittings\barbed-fittings\products\by-95x-pp-n-main.jpg",".local-backups/downlist-806-2026-07-17T08-16-33-947Z/data/products/generated/fittings/barbed-fittings/detail/index.json","$[141]","无需处理"
"143","Y型等径倒刺接头","809433","BY-95X-PA-W","by-95x-pa-w","fittings","正常","mainImage","/images/products/fittings/barbed-fittings/products/by-95x-pa-w-main.jpg","F:\WebsiteProjects\foreach-website-2026\public\images\products\fittings\barbed-fittings\products\by-95x-pa-w-main.jpg",".local-backups/downlist-806-2026-07-17T08-16-33-947Z/data/products/generated/fittings/barbed-fittings/detail/index.json","$[142]","无需处理"
"144","Y型异径倒刺接头","809434","BY-32D-16D-16D-PP-N","by-32d-16d-16d-pp-n","fittings","正常","mainImage","/images/products/fittings/barbed-fittings/products/by-32d-16d-16d-pp-n-main.jpg","F:\WebsiteProjects\foreach-website-2026\public\images\products\fittings\barbed-fittings\products\by-32d-16d-16d-pp-n-main.jpg",".local-backups/downlist-806-2026-07-17T08-16-33-947Z/data/products/generated/fittings/barbed-fittings/detail/index.json","$[143]","无需处理"
"145","Y型异径倒刺接头","809435","BY-32D-16D-16D-PA-W","by-32d-16d-16d-pa-w","fittings","正常","mainImage","/images/products/fittings/barbed-fittings/products/by-32d-16d-16d-pa-w-main.jpg","F:\WebsiteProjects\foreach-website-2026\public\images\products\fittings\barbed-fittings\products\by-32d-16d-16d-pa-w-main.jpg",".local-backups/downlist-806-2026-07-17T08-16-33-947Z/data/products/generated/fittings/barbed-fittings/detail/index.json","$[144]","无需处理"
"146","Y型异径倒刺接头","809436","BY-64D-32D-32D-PP-N","by-64d-32d-32d-pp-n","fittings","正常","mainImage","/images/products/fittings/barbed-fittings/products/by-64d-32d-32d-pp-n-main.jpg","F:\WebsiteProjects\foreach-website-2026\public\images\products\fittings\barbed-fittings\products\by-64d-32d-32d-pp-n-main.jpg",".local-backups/downlist-806-2026-07-17T08-16-33-947Z/data/products/generated/fittings/barbed-fittings/detail/index.json","$[145]","无需处理"
"147","Y型异径倒刺接头","809437","BY-64D-32D-32D-PA-W","by-64d-32d-32d-pa-w","fittings","正常","mainImage","/images/products/fittings/barbed-fittings/products/by-64d-32d-32d-pa-w-main.jpg","F:\WebsiteProjects\foreach-website-2026\public\images\products\fittings\barbed-fittings\products\by-64d-32d-32d-pa-w-main.jpg",".local-backups/downlist-806-2026-07-17T08-16-33-947Z/data/products/generated/fittings/barbed-fittings/detail/index.json","$[146]","无需处理"
"148","Y型等径倒刺接头","809608","BY-24D-PP-N","by-24d-pp-n","fittings","正常","mainImage","/images/products/fittings/barbed-fittings/products/by-24d-pp-n-main.jpg","F:\WebsiteProjects\foreach-website-2026\public\images\products\fittings\barbed-fittings\products\by-24d-pp-n-main.jpg",".local-backups/downlist-806-2026-07-17T08-16-33-947Z/data/products/generated/fittings/barbed-fittings/detail/index.json","$[147]","无需处理"
"149","Y型等径倒刺接头","809609","BY-24D-PA-W","by-24d-pa-w","fittings","正常","mainImage","/images/products/fittings/barbed-fittings/products/by-24d-pa-w-main.jpg","F:\WebsiteProjects\foreach-website-2026\public\images\products\fittings\barbed-fittings\products\by-24d-pa-w-main.jpg",".local-backups/downlist-806-2026-07-17T08-16-33-947Z/data/products/generated/fittings/barbed-fittings/detail/index.json","$[148]","无需处理"
"150","Y型等径倒刺接头","809623","BY-16D-PP-N","by-16d-pp-n","fittings","正常","mainImage","/images/products/fittings/barbed-fittings/products/by-16d-pp-n-main.jpg","F:\WebsiteProjects\foreach-website-2026\public\images\products\fittings\barbed-fittings\products\by-16d-pp-n-main.jpg",".local-backups/downlist-806-2026-07-17T08-16-33-947Z/data/products/generated/fittings/barbed-fittings/detail/index.json","$[149]","无需处理"
"151","Y型等径倒刺接头","809624","BY-16D-PA-W","by-16d-pa-w","fittings","正常","mainImage","/images/products/fittings/barbed-fittings/products/by-16d-pa-w-main.jpg","F:\WebsiteProjects\foreach-website-2026\public\images\products\fittings\barbed-fittings\products\by-16d-pa-w-main.jpg",".local-backups/downlist-806-2026-07-17T08-16-33-947Z/data/products/generated/fittings/barbed-fittings/detail/index.json","$[150]","无需处理"
"152","Y型等径倒刺接头","809646","BY-127V-PP-N","by-127v-pp-n","fittings","正常","mainImage","/images/products/fittings/barbed-fittings/products/by-127v-pp-n-main.jpg","F:\WebsiteProjects\foreach-website-2026\public\images\products\fittings\barbed-fittings\products\by-127v-pp-n-main.jpg",".local-backups/downlist-806-2026-07-17T08-16-33-947Z/data/products/generated/fittings/barbed-fittings/detail/index.json","$[151]","无需处理"
"153","Y型异径倒刺接头","806208","BY-64-40-40-PP-N","by-64-40-40-pp-n","fittings","正常","mainImage","/images/logo/foreach-logo-color.svg","F:\WebsiteProjects\foreach-website-2026\public\images\logo\foreach-logo-color.svg",".local-backups/downlist-806-2026-07-17T08-16-33-947Z/data/products/generated/fittings/barbed-fittings/detail/index.json","$[152]","无需处理"
"154","Y型等径倒刺接头","806282","BY-79-PP-N","by-79-pp-n","fittings","正常","mainImage","/images/logo/foreach-logo-color.svg","F:\WebsiteProjects\foreach-website-2026\public\images\logo\foreach-logo-color.svg",".local-backups/downlist-806-2026-07-17T08-16-33-947Z/data/products/generated/fittings/barbed-fittings/detail/index.json","$[153]","无需处理"
"155","π型四通等径倒刺接头","806224","BF4-16-PP-N","bf4-16-pp-n","fittings","正常","mainImage","/images/logo/foreach-logo-color.svg","F:\WebsiteProjects\foreach-website-2026\public\images\logo\foreach-logo-color.svg",".local-backups/downlist-806-2026-07-17T08-16-33-947Z/data/products/generated/fittings/barbed-fittings/detail/index.json","$[154]","无需处理"
"156","π型四通等径倒刺接头","806055","BF4-24-PP-N","bf4-24-pp-n","fittings","正常","mainImage","/images/logo/foreach-logo-color.svg","F:\WebsiteProjects\foreach-website-2026\public\images\logo\foreach-logo-color.svg",".local-backups/downlist-806-2026-07-17T08-16-33-947Z/data/products/generated/fittings/barbed-fittings/detail/index.json","$[155]","无需处理"
"157","π型四通等径倒刺接头","806189","BF4-32-PP-N","bf4-32-pp-n","fittings","正常","mainImage","/images/logo/foreach-logo-color.svg","F:\WebsiteProjects\foreach-website-2026\public\images\logo\foreach-logo-color.svg",".local-backups/downlist-806-2026-07-17T08-16-33-947Z/data/products/generated/fittings/barbed-fittings/detail/index.json","$[156]","无需处理"
"158","十字型四通等径倒刺接头","806220","BX4-16-PP-N","bx4-16-pp-n","fittings","正常","mainImage","/images/logo/foreach-logo-color.svg","F:\WebsiteProjects\foreach-website-2026\public\images\logo\foreach-logo-color.svg",".local-backups/downlist-806-2026-07-17T08-16-33-947Z/data/products/generated/fittings/barbed-fittings/detail/index.json","$[157]","无需处理"
"159","十字型四通等径倒刺接头","806192","BX4-24-PP-N","bx4-24-pp-n","fittings","正常","mainImage","/images/logo/foreach-logo-color.svg","F:\WebsiteProjects\foreach-website-2026\public\images\logo\foreach-logo-color.svg",".local-backups/downlist-806-2026-07-17T08-16-33-947Z/data/products/generated/fittings/barbed-fittings/detail/index.json","$[158]","无需处理"
"160","十字型四通等径倒刺接头","806221","BX4-32-PP-N","bx4-32-pp-n","fittings","正常","mainImage","/images/logo/foreach-logo-color.svg","F:\WebsiteProjects\foreach-website-2026\public\images\logo\foreach-logo-color.svg",".local-backups/downlist-806-2026-07-17T08-16-33-947Z/data/products/generated/fittings/barbed-fittings/detail/index.json","$[159]","无需处理"
"161","倒刺堵头","809283","BBL-16D-PP-N","bbl-16d-pp-n","fittings","正常","mainImage","/images/products/fittings/barbed-fittings/products/bbl-16d-pp-n-main.jpg","F:\WebsiteProjects\foreach-website-2026\public\images\products\fittings\barbed-fittings\products\bbl-16d-pp-n-main.jpg",".local-backups/downlist-806-2026-07-17T08-16-33-947Z/data/products/generated/fittings/barbed-fittings/detail/index.json","$[160]","无需处理"
"162","倒刺堵头","809284","BBL-24D-PP-N","bbl-24d-pp-n","fittings","正常","mainImage","/images/products/fittings/barbed-fittings/products/bbl-24d-pp-n-main.jpg","F:\WebsiteProjects\foreach-website-2026\public\images\products\fittings\barbed-fittings\products\bbl-24d-pp-n-main.jpg",".local-backups/downlist-806-2026-07-17T08-16-33-947Z/data/products/generated/fittings/barbed-fittings/detail/index.json","$[161]","无需处理"
"163","倒刺堵头","809285","BBL-32D-PP-N","bbl-32d-pp-n","fittings","正常","mainImage","/images/products/fittings/barbed-fittings/products/bbl-32d-pp-n-main.jpg","F:\WebsiteProjects\foreach-website-2026\public\images\products\fittings\barbed-fittings\products\bbl-32d-pp-n-main.jpg",".local-backups/downlist-806-2026-07-17T08-16-33-947Z/data/products/generated/fittings/barbed-fittings/detail/index.json","$[162]","无需处理"
"164","倒刺堵头","809406","BBL-16D-PA-W","bbl-16d-pa-w","fittings","正常","mainImage","/images/products/fittings/barbed-fittings/products/bbl-16d-pa-w-main.jpg","F:\WebsiteProjects\foreach-website-2026\public\images\products\fittings\barbed-fittings\products\bbl-16d-pa-w-main.jpg",".local-backups/downlist-806-2026-07-17T08-16-33-947Z/data/products/generated/fittings/barbed-fittings/detail/index.json","$[163]","无需处理"
"165","倒刺堵头","809407","BBL-24D-PA-W","bbl-24d-pa-w","fittings","正常","mainImage","/images/products/fittings/barbed-fittings/products/bbl-24d-pa-w-main.jpg","F:\WebsiteProjects\foreach-website-2026\public\images\products\fittings\barbed-fittings\products\bbl-24d-pa-w-main.jpg",".local-backups/downlist-806-2026-07-17T08-16-33-947Z/data/products/generated/fittings/barbed-fittings/detail/index.json","$[164]","无需处理"
"166","倒刺堵头","809408","BBL-32D-PA-W","bbl-32d-pa-w","fittings","正常","mainImage","/images/products/fittings/barbed-fittings/products/bbl-32d-pa-w-main.jpg","F:\WebsiteProjects\foreach-website-2026\public\images\products\fittings\barbed-fittings\products\bbl-32d-pa-w-main.jpg",".local-backups/downlist-806-2026-07-17T08-16-33-947Z/data/products/generated/fittings/barbed-fittings/detail/index.json","$[165]","无需处理"
"167","穿板倒刺接头","809462","PMB-U28-24D-PP-N","pmb-u28-24d-pp-n","fittings","正常","mainImage","/images/products/fittings/bulkhead-barbed-fittings/products/pmb-u28-24d-pp-n-main.jpg","F:\WebsiteProjects\foreach-website-2026\public\images\products\fittings\bulkhead-barbed-fittings\products\pmb-u28-24d-pp-n-main.jpg",".local-backups/downlist-806-2026-07-17T08-16-33-947Z/data/products/generated/fittings/bulkhead-barbed-fittings/detail/index.json","$[0]","无需处理"
"168","穿板倒刺接头","809463","PMB-U28-32D-PP-N","pmb-u28-32d-pp-n","fittings","正常","mainImage","/images/products/fittings/bulkhead-barbed-fittings/products/pmb-u28-32d-pp-n-main.jpg","F:\WebsiteProjects\foreach-website-2026\public\images\products\fittings\bulkhead-barbed-fittings\products\pmb-u28-32d-pp-n-main.jpg",".local-backups/downlist-806-2026-07-17T08-16-33-947Z/data/products/generated/fittings/bulkhead-barbed-fittings/detail/index.json","$[1]","无需处理"
"169","穿板倒刺接头","809496","PMB-U28-24D-PA-W","pmb-u28-24d-pa-w","fittings","正常","mainImage","/images/products/fittings/bulkhead-barbed-fittings/products/pmb-u28-24d-pa-w-main.jpg","F:\WebsiteProjects\foreach-website-2026\public\images\products\fittings\bulkhead-barbed-fittings\products\pmb-u28-24d-pa-w-main.jpg",".local-backups/downlist-806-2026-07-17T08-16-33-947Z/data/products/generated/fittings/bulkhead-barbed-fittings/detail/index.json","$[2]","无需处理"
"170","穿板倒刺接头","809497","PMB-U28-32D-PA-W","pmb-u28-32d-pa-w","fittings","正常","mainImage","/images/products/fittings/bulkhead-barbed-fittings/products/pmb-u28-32d-pa-w-main.jpg","F:\WebsiteProjects\foreach-website-2026\public\images\products\fittings\bulkhead-barbed-fittings\products\pmb-u28-32d-pa-w-main.jpg",".local-backups/downlist-806-2026-07-17T08-16-33-947Z/data/products/generated/fittings/bulkhead-barbed-fittings/detail/index.json","$[3]","无需处理"
"171","穿板倒刺接头","809304","PMB-U28-16D-PP-N","pmb-u28-16d-pp-n","fittings","正常","mainImage","/images/products/fittings/bulkhead-barbed-fittings/products/pmb-u28-16d-pp-n-main.jpg","F:\WebsiteProjects\foreach-website-2026\public\images\products\fittings\bulkhead-barbed-fittings\products\pmb-u28-16d-pp-n-main.jpg",".local-backups/downlist-806-2026-07-17T08-16-33-947Z/data/products/generated/fittings/bulkhead-barbed-fittings/detail/index.json","$[4]","无需处理"
"172","穿板倒刺接头","809517","PMB-U28-16D-PA-W","pmb-u28-16d-pa-w","fittings","正常","mainImage","/images/products/fittings/bulkhead-barbed-fittings/products/pmb-u28-16d-pa-w-main.jpg","F:\WebsiteProjects\foreach-website-2026\public\images\products\fittings\bulkhead-barbed-fittings\products\pmb-u28-16d-pa-w-main.jpg",".local-backups/downlist-806-2026-07-17T08-16-33-947Z/data/products/generated/fittings/bulkhead-barbed-fittings/detail/index.json","$[5]","无需处理"
"173","穿板倒刺接头","806233","PMB-M6-40-PP-N","pmb-m6-40-pp-n","fittings","正常","mainImage","/images/logo/foreach-logo-color.svg","F:\WebsiteProjects\foreach-website-2026\public\images\logo\foreach-logo-color.svg",".local-backups/downlist-806-2026-07-17T08-16-33-947Z/data/products/generated/fittings/bulkhead-barbed-fittings/detail/index.json","$[6]","无需处理"
"174","穿板倒刺接头","806235","PMB-M10-64-PP-N","pmb-m10-64-pp-n","fittings","正常","mainImage","/images/logo/foreach-logo-color.svg","F:\WebsiteProjects\foreach-website-2026\public\images\logo\foreach-logo-color.svg",".local-backups/downlist-806-2026-07-17T08-16-33-947Z/data/products/generated/fittings/bulkhead-barbed-fittings/detail/index.json","$[7]","无需处理"
"175","穿板倒刺接头","806236","PMB-M12-79-PP-N","pmb-m12-79-pp-n","fittings","正常","mainImage","/images/logo/foreach-logo-color.svg","F:\WebsiteProjects\foreach-website-2026\public\images\logo\foreach-logo-color.svg",".local-backups/downlist-806-2026-07-17T08-16-33-947Z/data/products/generated/fittings/bulkhead-barbed-fittings/detail/index.json","$[8]","无需处理"
"176","六角螺母","809498","PMBSN-U28-PA-W","pmbsn-u28-pa-w","fittings","正常","mainImage","/images/products/fittings/bulkhead-barbed-fittings/products/pmbsn-u28-pa-w-main.jpg","F:\WebsiteProjects\foreach-website-2026\public\images\products\fittings\bulkhead-barbed-fittings\products\pmbsn-u28-pa-w-main.jpg",".local-backups/downlist-806-2026-07-17T08-16-33-947Z/data/products/generated/fittings/bulkhead-barbed-fittings/detail/index.json","$[9]","无需处理"
"177","六角螺母","809464","PMBSN-U28-PP-N","pmbsn-u28-pp-n","fittings","正常","mainImage","/images/products/fittings/bulkhead-barbed-fittings/products/pmbsn-u28-pp-n-main.jpg","F:\WebsiteProjects\foreach-website-2026\public\images\products\fittings\bulkhead-barbed-fittings\products\pmbsn-u28-pp-n-main.jpg",".local-backups/downlist-806-2026-07-17T08-16-33-947Z/data/products/generated/fittings/bulkhead-barbed-fittings/detail/index.json","$[10]","无需处理"
"178","","809276","BA-16F-PP-N","","直通型倒刺接头","未配置主图字段","","","",".local-backups/downlist-806-2026-07-17T08-16-33-947Z/data/products/selection/barbed-fitting-selection.generated.ts","第 15 行","确认该产品数据是否缺少主图字段；补图前暂不发布"
"179","","809277","BA-24F-PP-N","","直通型倒刺接头","未配置主图字段","","","",".local-backups/downlist-806-2026-07-17T08-16-33-947Z/data/products/selection/barbed-fitting-selection.generated.ts","第 73 行","确认该产品数据是否缺少主图字段；补图前暂不发布"
"180","","809278","BA-32F-PP-N","","直通型倒刺接头","未配置主图字段","","","",".local-backups/downlist-806-2026-07-17T08-16-33-947Z/data/products/selection/barbed-fitting-selection.generated.ts","第 131 行","确认该产品数据是否缺少主图字段；补图前暂不发布"
"181","","809279","BA-40F-PP-N","","直通型倒刺接头","未配置主图字段","","","",".local-backups/downlist-806-2026-07-17T08-16-33-947Z/data/products/selection/barbed-fitting-selection.generated.ts","第 189 行","确认该产品数据是否缺少主图字段；补图前暂不发布"
"182","","809288","BA-16F-24F-PP-N","","直通型倒刺接头","未配置主图字段","","","",".local-backups/downlist-806-2026-07-17T08-16-33-947Z/data/products/selection/barbed-fitting-selection.generated.ts","第 247 行","确认该产品数据是否缺少主图字段；补图前暂不发布"
"183","","809289","BA-24F-32F-PP-N","","直通型倒刺接头","未配置主图字段","","","",".local-backups/downlist-806-2026-07-17T08-16-33-947Z/data/products/selection/barbed-fitting-selection.generated.ts","第 305 行","确认该产品数据是否缺少主图字段；补图前暂不发布"
"184","","809321","BA-16F-PA-W","","直通型倒刺接头","未配置主图字段","","","",".local-backups/downlist-806-2026-07-17T08-16-33-947Z/data/products/selection/barbed-fitting-selection.generated.ts","第 363 行","确认该产品数据是否缺少主图字段；补图前暂不发布"
"185","","809322","BA-16F-24F-PA-W","","直通型倒刺接头","未配置主图字段","","","",".local-backups/downlist-806-2026-07-17T08-16-33-947Z/data/products/selection/barbed-fitting-selection.generated.ts","第 421 行","确认该产品数据是否缺少主图字段；补图前暂不发布"
"186","","809324","BA-24F-PA-W","","直通型倒刺接头","未配置主图字段","","","",".local-backups/downlist-806-2026-07-17T08-16-33-947Z/data/products/selection/barbed-fitting-selection.generated.ts","第 479 行","确认该产品数据是否缺少主图字段；补图前暂不发布"
"187","","809325","BA-24F-32F-PA-W","","直通型倒刺接头","未配置主图字段","","","",".local-backups/downlist-806-2026-07-17T08-16-33-947Z/data/products/selection/barbed-fitting-selection.generated.ts","第 537 行","确认该产品数据是否缺少主图字段；补图前暂不发布"
"188","","809328","BA-32F-PA-W","","直通型倒刺接头","未配置主图字段","","","",".local-backups/downlist-806-2026-07-17T08-16-33-947Z/data/products/selection/barbed-fitting-selection.generated.ts","第 595 行","确认该产品数据是否缺少主图字段；补图前暂不发布"
"189","","809329","BA-40F-PA-W","","直通型倒刺接头","未配置主图字段","","","",".local-backups/downlist-806-2026-07-17T08-16-33-947Z/data/products/selection/barbed-fitting-selection.generated.ts","第 653 行","确认该产品数据是否缺少主图字段；补图前暂不发布"
"190","","809330","BA-16F-32F-PP-N","","直通型倒刺接头","未配置主图字段","","","",".local-backups/downlist-806-2026-07-17T08-16-33-947Z/data/products/selection/barbed-fitting-selection.generated.ts","第 711 行","确认该产品数据是否缺少主图字段；补图前暂不发布"
"191","","809332","BA-16F-32F-PA-W","","直通型倒刺接头","未配置主图字段","","","",".local-backups/downlist-806-2026-07-17T08-16-33-947Z/data/products/selection/barbed-fitting-selection.generated.ts","第 769 行","确认该产品数据是否缺少主图字段；补图前暂不发布"
"192","","809371","BA-32C-64C-PA-W","","直通型倒刺接头","未配置主图字段","","","",".local-backups/downlist-806-2026-07-17T08-16-33-947Z/data/products/selection/barbed-fitting-selection.generated.ts","第 827 行","确认该产品数据是否缺少主图字段；补图前暂不发布"
"193","","809370","BA-32C-64C-PP-N","","直通型倒刺接头","未配置主图字段","","","",".local-backups/downlist-806-2026-07-17T08-16-33-947Z/data/products/selection/barbed-fitting-selection.generated.ts","第 885 行","确认该产品数据是否缺少主图字段；补图前暂不发布"
"194","","809374","BA-32V-40V-PP-N","","直通型倒刺接头","未配置主图字段","","","",".local-backups/downlist-806-2026-07-17T08-16-33-947Z/data/products/selection/barbed-fitting-selection.generated.ts","第 943 行","确认该产品数据是否缺少主图字段；补图前暂不发布"
"195","","809375","BA-32V-40V-PA-W","","直通型倒刺接头","未配置主图字段","","","",".local-backups/downlist-806-2026-07-17T08-16-33-947Z/data/products/selection/barbed-fitting-selection.generated.ts","第 1001 行","确认该产品数据是否缺少主图字段；补图前暂不发布"
"196","","809376","BA-24V-40V-PP-N","","直通型倒刺接头","未配置主图字段","","","",".local-backups/downlist-806-2026-07-17T08-16-33-947Z/data/products/selection/barbed-fitting-selection.generated.ts","第 1059 行","确认该产品数据是否缺少主图字段；补图前暂不发布"
"197","","809377","BA-24V-40V-PA-W","","直通型倒刺接头","未配置主图字段","","","",".local-backups/downlist-806-2026-07-17T08-16-33-947Z/data/products/selection/barbed-fitting-selection.generated.ts","第 1117 行","确认该产品数据是否缺少主图字段；补图前暂不发布"
"198","","809378","BA-64V-79V-PP-N","","直通型倒刺接头","未配置主图字段","","","",".local-backups/downlist-806-2026-07-17T08-16-33-947Z/data/products/selection/barbed-fitting-selection.generated.ts","第 1175 行","确认该产品数据是否缺少主图字段；补图前暂不发布"
"199","","809379","BA-64V-79V-PA-W","","直通型倒刺接头","未配置主图字段","","","",".local-backups/downlist-806-2026-07-17T08-16-33-947Z/data/products/selection/barbed-fitting-selection.generated.ts","第 1233 行","确认该产品数据是否缺少主图字段；补图前暂不发布"
"200","","809424","BA-64C-PP-N","","直通型倒刺接头","未配置主图字段","","","",".local-backups/downlist-806-2026-07-17T08-16-33-947Z/data/products/selection/barbed-fitting-selection.generated.ts","第 1291 行","确认该产品数据是否缺少主图字段；补图前暂不发布"
"201","","809425","BA-64C-PA-W","","直通型倒刺接头","未配置主图字段","","","",".local-backups/downlist-806-2026-07-17T08-16-33-947Z/data/products/selection/barbed-fitting-selection.generated.ts","第 1349 行","确认该产品数据是否缺少主图字段；补图前暂不发布"
"202","","809426","BA-64V-95V-PP-N","","直通型倒刺接头","未配置主图字段","","","",".local-backups/downlist-806-2026-07-17T08-16-33-947Z/data/products/selection/barbed-fitting-selection.generated.ts","第 1407 行","确认该产品数据是否缺少主图字段；补图前暂不发布"
"203","","809427","BA-64V-95V-PA-W","","直通型倒刺接头","未配置主图字段","","","",".local-backups/downlist-806-2026-07-17T08-16-33-947Z/data/products/selection/barbed-fitting-selection.generated.ts","第 1465 行","确认该产品数据是否缺少主图字段；补图前暂不发布"
"204","","809428","BA-64X-127X-PP-N","","直通型倒刺接头","未配置主图字段","","","",".local-backups/downlist-806-2026-07-17T08-16-33-947Z/data/products/selection/barbed-fitting-selection.generated.ts","第 1523 行","确认该产品数据是否缺少主图字段；补图前暂不发布"
"205","","809429","BA-64X-127X-PA-W","","直通型倒刺接头","未配置主图字段","","","",".local-backups/downlist-806-2026-07-17T08-16-33-947Z/data/products/selection/barbed-fitting-selection.generated.ts","第 1581 行","确认该产品数据是否缺少主图字段；补图前暂不发布"
"206","","809547","BA-16C-PP-N","","直通型倒刺接头","未配置主图字段","","","",".local-backups/downlist-806-2026-07-17T08-16-33-947Z/data/products/selection/barbed-fitting-selection.generated.ts","第 1639 行","确认该产品数据是否缺少主图字段；补图前暂不发布"
"207","","809604","BA-16D-24D-PP-N","","直通型倒刺接头","未配置主图字段","","","",".local-backups/downlist-806-2026-07-17T08-16-33-947Z/data/products/selection/barbed-fitting-selection.generated.ts","第 1697 行","确认该产品数据是否缺少主图字段；补图前暂不发布"
"208","","809605","BA-16D-24D-PA-W","","直通型倒刺接头","未配置主图字段","","","",".local-backups/downlist-806-2026-07-17T08-16-33-947Z/data/products/selection/barbed-fitting-selection.generated.ts","第 1755 行","确认该产品数据是否缺少主图字段；补图前暂不发布"
"209","","809606","BA-24D-32D-PP-N","","直通型倒刺接头","未配置主图字段","","","",".local-backups/downlist-806-2026-07-17T08-16-33-947Z/data/products/selection/barbed-fitting-selection.generated.ts","第 1813 行","确认该产品数据是否缺少主图字段；补图前暂不发布"
"210","","809607","BA-24D-32D-PA-W","","直通型倒刺接头","未配置主图字段","","","",".local-backups/downlist-806-2026-07-17T08-16-33-947Z/data/products/selection/barbed-fitting-selection.generated.ts","第 1871 行","确认该产品数据是否缺少主图字段；补图前暂不发布"
"211","","809625","BA-24D-PP-N","","直通型倒刺接头","未配置主图字段","","","",".local-backups/downlist-806-2026-07-17T08-16-33-947Z/data/products/selection/barbed-fitting-selection.generated.ts","第 1929 行","确认该产品数据是否缺少主图字段；补图前暂不发布"
"212","","809626","BA-24D-PA-W","","直通型倒刺接头","未配置主图字段","","","",".local-backups/downlist-806-2026-07-17T08-16-33-947Z/data/products/selection/barbed-fitting-selection.generated.ts","第 1987 行","确认该产品数据是否缺少主图字段；补图前暂不发布"
"213","","809627","BA-32D-PP-N","","直通型倒刺接头","未配置主图字段","","","",".local-backups/downlist-806-2026-07-17T08-16-33-947Z/data/products/selection/barbed-fitting-selection.generated.ts","第 2045 行","确认该产品数据是否缺少主图字段；补图前暂不发布"
"214","","809628","BA-32D-PA-W","","直通型倒刺接头","未配置主图字段","","","",".local-backups/downlist-806-2026-07-17T08-16-33-947Z/data/products/selection/barbed-fitting-selection.generated.ts","第 2103 行","确认该产品数据是否缺少主图字段；补图前暂不发布"
"215","","809629","BA-16D-32D-PP-N","","直通型倒刺接头","未配置主图字段","","","",".local-backups/downlist-806-2026-07-17T08-16-33-947Z/data/products/selection/barbed-fitting-selection.generated.ts","第 2161 行","确认该产品数据是否缺少主图字段；补图前暂不发布"
"216","","809630","BA-16D-32D-PA-W","","直通型倒刺接头","未配置主图字段","","","",".local-backups/downlist-806-2026-07-17T08-16-33-947Z/data/products/selection/barbed-fitting-selection.generated.ts","第 2219 行","确认该产品数据是否缺少主图字段；补图前暂不发布"
"217","","809300","BA-16C-PA-W","","直通型倒刺接头","未配置主图字段","","","",".local-backups/downlist-806-2026-07-17T08-16-33-947Z/data/products/selection/barbed-fitting-selection.generated.ts","第 2277 行","确认该产品数据是否缺少主图字段；补图前暂不发布"
"218","","809788","BA-16F-24F-PV-N","","直通型倒刺接头","未配置主图字段","","","",".local-backups/downlist-806-2026-07-17T08-16-33-947Z/data/products/selection/barbed-fitting-selection.generated.ts","第 2335 行","确认该产品数据是否缺少主图字段；补图前暂不发布"
"219","","809519","BA-24C-48C-PP-N","","直通型倒刺接头","未配置主图字段","","","",".local-backups/downlist-806-2026-07-17T08-16-33-947Z/data/products/selection/barbed-fitting-selection.generated.ts","第 2393 行","确认该产品数据是否缺少主图字段；补图前暂不发布"
"220","","809520","BA-24C-48C-PA-W","","直通型倒刺接头","未配置主图字段","","","",".local-backups/downlist-806-2026-07-17T08-16-33-947Z/data/products/selection/barbed-fitting-selection.generated.ts","第 2451 行","确认该产品数据是否缺少主图字段；补图前暂不发布"
"221","","809843","BA-16V-40V-PA-W","","直通型倒刺接头","未配置主图字段","","","",".local-backups/downlist-806-2026-07-17T08-16-33-947Z/data/products/selection/barbed-fitting-selection.generated.ts","第 2509 行","确认该产品数据是否缺少主图字段；补图前暂不发布"
"222","","809854","BA-16V-40V-PP-N","","直通型倒刺接头","未配置主图字段","","","",".local-backups/downlist-806-2026-07-17T08-16-33-947Z/data/products/selection/barbed-fitting-selection.generated.ts","第 2567 行","确认该产品数据是否缺少主图字段；补图前暂不发布"
"223","","809862","BA-40D-64D-PP-N","","直通型倒刺接头","未配置主图字段","","","",".local-backups/downlist-806-2026-07-17T08-16-33-947Z/data/products/selection/barbed-fitting-selection.generated.ts","第 2625 行","确认该产品数据是否缺少主图字段；补图前暂不发布"
"224","","806037","BA-40-64-PP-N","","直通型倒刺接头","未配置主图字段","","","",".local-backups/downlist-806-2026-07-17T08-16-33-947Z/data/products/selection/barbed-fitting-selection.generated.ts","第 2683 行","确认该产品数据是否缺少主图字段；补图前暂不发布"
"225","","806148","BA-32-95-PP-N","","直通型倒刺接头","未配置主图字段","","","",".local-backups/downlist-806-2026-07-17T08-16-33-947Z/data/products/selection/barbed-fitting-selection.generated.ts","第 2741 行","确认该产品数据是否缺少主图字段；补图前暂不发布"
"226","","806276","BA-48-95-PP-N","","直通型倒刺接头","未配置主图字段","","","",".local-backups/downlist-806-2026-07-17T08-16-33-947Z/data/products/selection/barbed-fitting-selection.generated.ts","第 2799 行","确认该产品数据是否缺少主图字段；补图前暂不发布"
"227","","806036","BA-24-40-PP-N","","直通型倒刺接头","未配置主图字段","","","",".local-backups/downlist-806-2026-07-17T08-16-33-947Z/data/products/selection/barbed-fitting-selection.generated.ts","第 2857 行","确认该产品数据是否缺少主图字段；补图前暂不发布"
"228","","806033","BA-32-64-PP-N","","直通型倒刺接头","未配置主图字段","","","",".local-backups/downlist-806-2026-07-17T08-16-33-947Z/data/products/selection/barbed-fitting-selection.generated.ts","第 2915 行","确认该产品数据是否缺少主图字段；补图前暂不发布"
"229","","806201","BA-127-PP-N","","直通型倒刺接头","未配置主图字段","","","",".local-backups/downlist-806-2026-07-17T08-16-33-947Z/data/products/selection/barbed-fitting-selection.generated.ts","第 2973 行","确认该产品数据是否缺少主图字段；补图前暂不发布"
"230","","806256","BA-95-127-PP-N","","直通型倒刺接头","未配置主图字段","","","",".local-backups/downlist-806-2026-07-17T08-16-33-947Z/data/products/selection/barbed-fitting-selection.generated.ts","第 3031 行","确认该产品数据是否缺少主图字段；补图前暂不发布"
"231","","806272","BA-40-79-AC-W","","直通型倒刺接头","未配置主图字段","","","",".local-backups/downlist-806-2026-07-17T08-16-33-947Z/data/products/selection/barbed-fitting-selection.generated.ts","第 3089 行","确认该产品数据是否缺少主图字段；补图前暂不发布"
"232","","806147","BA-32-48-PP-N","","直通型倒刺接头","未配置主图字段","","","",".local-backups/downlist-806-2026-07-17T08-16-33-947Z/data/products/selection/barbed-fitting-selection.generated.ts","第 3147 行","确认该产品数据是否缺少主图字段；补图前暂不发布"
"233","","809345","BL-16F-PA-W","","L型倒刺接头","未配置主图字段","","","",".local-backups/downlist-806-2026-07-17T08-16-33-947Z/data/products/selection/barbed-fitting-selection.generated.ts","第 3205 行","确认该产品数据是否缺少主图字段；补图前暂不发布"
"234","","809346","BL-24F-PA-W","","L型倒刺接头","未配置主图字段","","","",".local-backups/downlist-806-2026-07-17T08-16-33-947Z/data/products/selection/barbed-fitting-selection.generated.ts","第 3263 行","确认该产品数据是否缺少主图字段；补图前暂不发布"
"235","","809347","BL-32F-PA-W","","L型倒刺接头","未配置主图字段","","","",".local-backups/downlist-806-2026-07-17T08-16-33-947Z/data/products/selection/barbed-fitting-selection.generated.ts","第 3321 行","确认该产品数据是否缺少主图字段；补图前暂不发布"
"236","","809348","BL-40F-PA-W","","L型倒刺接头","未配置主图字段","","","",".local-backups/downlist-806-2026-07-17T08-16-33-947Z/data/products/selection/barbed-fitting-selection.generated.ts","第 3379 行","确认该产品数据是否缺少主图字段；补图前暂不发布"
"237","","809349","BL-64F-PA-W","","L型倒刺接头","未配置主图字段","","","",".local-backups/downlist-806-2026-07-17T08-16-33-947Z/data/products/selection/barbed-fitting-selection.generated.ts","第 3437 行","确认该产品数据是否缺少主图字段；补图前暂不发布"
"238","","809350","BL-95D-PA-W","","L型倒刺接头","未配置主图字段","","","",".local-backups/downlist-806-2026-07-17T08-16-33-947Z/data/products/selection/barbed-fitting-selection.generated.ts","第 3495 行","确认该产品数据是否缺少主图字段；补图前暂不发布"
"239","","809357","BL-16F-PP-N","","L型倒刺接头","未配置主图字段","","","",".local-backups/downlist-806-2026-07-17T08-16-33-947Z/data/products/selection/barbed-fitting-selection.generated.ts","第 3553 行","确认该产品数据是否缺少主图字段；补图前暂不发布"
"240","","809358","BL-24F-PP-N","","L型倒刺接头","未配置主图字段","","","",".local-backups/downlist-806-2026-07-17T08-16-33-947Z/data/products/selection/barbed-fitting-selection.generated.ts","第 3611 行","确认该产品数据是否缺少主图字段；补图前暂不发布"
"241","","809359","BL-32F-PP-N","","L型倒刺接头","未配置主图字段","","","",".local-backups/downlist-806-2026-07-17T08-16-33-947Z/data/products/selection/barbed-fitting-selection.generated.ts","第 3669 行","确认该产品数据是否缺少主图字段；补图前暂不发布"
"242","","809360","BL-40F-PP-N","","L型倒刺接头","未配置主图字段","","","",".local-backups/downlist-806-2026-07-17T08-16-33-947Z/data/products/selection/barbed-fitting-selection.generated.ts","第 3727 行","确认该产品数据是否缺少主图字段；补图前暂不发布"
"243","","809361","BL-64F-PP-N","","L型倒刺接头","未配置主图字段","","","",".local-backups/downlist-806-2026-07-17T08-16-33-947Z/data/products/selection/barbed-fitting-selection.generated.ts","第 3785 行","确认该产品数据是否缺少主图字段；补图前暂不发布"
"244","","809362","BL-95D-PP-N","","L型倒刺接头","未配置主图字段","","","",".local-backups/downlist-806-2026-07-17T08-16-33-947Z/data/products/selection/barbed-fitting-selection.generated.ts","第 3843 行","确认该产品数据是否缺少主图字段；补图前暂不发布"
"245","","809632","BL-16D-PP-N","","L型倒刺接头","未配置主图字段","","","",".local-backups/downlist-806-2026-07-17T08-16-33-947Z/data/products/selection/barbed-fitting-selection.generated.ts","第 3901 行","确认该产品数据是否缺少主图字段；补图前暂不发布"
"246","","809633","BL-16D-PA-W","","L型倒刺接头","未配置主图字段","","","",".local-backups/downlist-806-2026-07-17T08-16-33-947Z/data/products/selection/barbed-fitting-selection.generated.ts","第 3959 行","确认该产品数据是否缺少主图字段；补图前暂不发布"
"247","","809634","BL-24D-PP-N","","L型倒刺接头","未配置主图字段","","","",".local-backups/downlist-806-2026-07-17T08-16-33-947Z/data/products/selection/barbed-fitting-selection.generated.ts","第 4017 行","确认该产品数据是否缺少主图字段；补图前暂不发布"
"248","","809635","BL-24D-PA-W","","L型倒刺接头","未配置主图字段","","","",".local-backups/downlist-806-2026-07-17T08-16-33-947Z/data/products/selection/barbed-fitting-selection.generated.ts","第 4075 行","确认该产品数据是否缺少主图字段；补图前暂不发布"
"249","","809636","BL-32D-PP-N","","L型倒刺接头","未配置主图字段","","","",".local-backups/downlist-806-2026-07-17T08-16-33-947Z/data/products/selection/barbed-fitting-selection.generated.ts","第 4133 行","确认该产品数据是否缺少主图字段；补图前暂不发布"
"250","","809637","BL-32D-PA-W","","L型倒刺接头","未配置主图字段","","","",".local-backups/downlist-806-2026-07-17T08-16-33-947Z/data/products/selection/barbed-fitting-selection.generated.ts","第 4191 行","确认该产品数据是否缺少主图字段；补图前暂不发布"
"251","","809638","BL-16D-24D-PP-N","","L型倒刺接头","未配置主图字段","","","",".local-backups/downlist-806-2026-07-17T08-16-33-947Z/data/products/selection/barbed-fitting-selection.generated.ts","第 4249 行","确认该产品数据是否缺少主图字段；补图前暂不发布"
"252","","809639","BL-16D-24D-PA-W","","L型倒刺接头","未配置主图字段","","","",".local-backups/downlist-806-2026-07-17T08-16-33-947Z/data/products/selection/barbed-fitting-selection.generated.ts","第 4307 行","确认该产品数据是否缺少主图字段；补图前暂不发布"
"253","","809640","BL-24D-32D-PP-N","","L型倒刺接头","未配置主图字段","","","",".local-backups/downlist-806-2026-07-17T08-16-33-947Z/data/products/selection/barbed-fitting-selection.generated.ts","第 4365 行","确认该产品数据是否缺少主图字段；补图前暂不发布"
"254","","809641","BL-24D-32D-PA-W","","L型倒刺接头","未配置主图字段","","","",".local-backups/downlist-806-2026-07-17T08-16-33-947Z/data/products/selection/barbed-fitting-selection.generated.ts","第 4423 行","确认该产品数据是否缺少主图字段；补图前暂不发布"
"255","","809642","BL-16D-32D-PP-N","","L型倒刺接头","未配置主图字段","","","",".local-backups/downlist-806-2026-07-17T08-16-33-947Z/data/products/selection/barbed-fitting-selection.generated.ts","第 4481 行","确认该产品数据是否缺少主图字段；补图前暂不发布"
"256","","809643","BL-16D-32D-PA-W","","L型倒刺接头","未配置主图字段","","","",".local-backups/downlist-806-2026-07-17T08-16-33-947Z/data/products/selection/barbed-fitting-selection.generated.ts","第 4539 行","确认该产品数据是否缺少主图字段；补图前暂不发布"
"257","","809645","BL-127V-PP-N","","L型倒刺接头","未配置主图字段","","","",".local-backups/downlist-806-2026-07-17T08-16-33-947Z/data/products/selection/barbed-fitting-selection.generated.ts","第 4597 行","确认该产品数据是否缺少主图字段；补图前暂不发布"
"258","","809881","BL-160-PP-N","","L型倒刺接头","未配置主图字段","","","",".local-backups/downlist-806-2026-07-17T08-16-33-947Z/data/products/selection/barbed-fitting-selection.generated.ts","第 4655 行","确认该产品数据是否缺少主图字段；补图前暂不发布"
"259","","809309","BT-16F-PP-N","","T型倒刺接头","未配置主图字段","","","",".local-backups/downlist-806-2026-07-17T08-16-33-947Z/data/products/selection/barbed-fitting-selection.generated.ts","第 4713 行","确认该产品数据是否缺少主图字段；补图前暂不发布"
"260","","809310","BT-24F-PP-N","","T型倒刺接头","未配置主图字段","","","",".local-backups/downlist-806-2026-07-17T08-16-33-947Z/data/products/selection/barbed-fitting-selection.generated.ts","第 4772 行","确认该产品数据是否缺少主图字段；补图前暂不发布"
"261","","809311","BT-32F-PP-N","","T型倒刺接头","未配置主图字段","","","",".local-backups/downlist-806-2026-07-17T08-16-33-947Z/data/products/selection/barbed-fitting-selection.generated.ts","第 4831 行","确认该产品数据是否缺少主图字段；补图前暂不发布"
"262","","809327","BT-24F-PA-W","","T型倒刺接头","未配置主图字段","","","",".local-backups/downlist-806-2026-07-17T08-16-33-947Z/data/products/selection/barbed-fitting-selection.generated.ts","第 4890 行","确认该产品数据是否缺少主图字段；补图前暂不发布"
"263","","809337","BT-16F-PA-W","","T型倒刺接头","未配置主图字段","","","",".local-backups/downlist-806-2026-07-17T08-16-33-947Z/data/products/selection/barbed-fitting-selection.generated.ts","第 4949 行","确认该产品数据是否缺少主图字段；补图前暂不发布"
"264","","809338","BT-32F-PA-W","","T型倒刺接头","未配置主图字段","","","",".local-backups/downlist-806-2026-07-17T08-16-33-947Z/data/products/selection/barbed-fitting-selection.generated.ts","第 5008 行","确认该产品数据是否缺少主图字段；补图前暂不发布"
"265","","809438","BT-40C-PP-N","","T型倒刺接头","未配置主图字段","","","",".local-backups/downlist-806-2026-07-17T08-16-33-947Z/data/products/selection/barbed-fitting-selection.generated.ts","第 5067 行","确认该产品数据是否缺少主图字段；补图前暂不发布"
"266","","809439","BT-40C-PA-W","","T型倒刺接头","未配置主图字段","","","",".local-backups/downlist-806-2026-07-17T08-16-33-947Z/data/products/selection/barbed-fitting-selection.generated.ts","第 5126 行","确认该产品数据是否缺少主图字段；补图前暂不发布"
"267","","809440","BT-64C-PP-N","","T型倒刺接头","未配置主图字段","","","",".local-backups/downlist-806-2026-07-17T08-16-33-947Z/data/products/selection/barbed-fitting-selection.generated.ts","第 5185 行","确认该产品数据是否缺少主图字段；补图前暂不发布"
"268","","809441","BT-64C-PA-W","","T型倒刺接头","未配置主图字段","","","",".local-backups/downlist-806-2026-07-17T08-16-33-947Z/data/products/selection/barbed-fitting-selection.generated.ts","第 5244 行","确认该产品数据是否缺少主图字段；补图前暂不发布"
"269","","809442","BT-95X-PP-N","","T型倒刺接头","未配置主图字段","","","",".local-backups/downlist-806-2026-07-17T08-16-33-947Z/data/products/selection/barbed-fitting-selection.generated.ts","第 5303 行","确认该产品数据是否缺少主图字段；补图前暂不发布"
"270","","809443","BT-95X-PA-W","","T型倒刺接头","未配置主图字段","","","",".local-backups/downlist-806-2026-07-17T08-16-33-947Z/data/products/selection/barbed-fitting-selection.generated.ts","第 5362 行","确认该产品数据是否缺少主图字段；补图前暂不发布"
"271","","809444","BT-32D-32D-16D-PP-N","","T型倒刺接头","未配置主图字段","","","",".local-backups/downlist-806-2026-07-17T08-16-33-947Z/data/products/selection/barbed-fitting-selection.generated.ts","第 5421 行","确认该产品数据是否缺少主图字段；补图前暂不发布"
"272","","809445","BT-32D-32D-16D-PA-W","","T型倒刺接头","未配置主图字段","","","",".local-backups/downlist-806-2026-07-17T08-16-33-947Z/data/products/selection/barbed-fitting-selection.generated.ts","第 5480 行","确认该产品数据是否缺少主图字段；补图前暂不发布"
"273","","809446","BT-24D-24D-16D-PP-N","","T型倒刺接头","未配置主图字段","","","",".local-backups/downlist-806-2026-07-17T08-16-33-947Z/data/products/selection/barbed-fitting-selection.generated.ts","第 5539 行","确认该产品数据是否缺少主图字段；补图前暂不发布"
"274","","809447","BT-24D-24D-16D-PA-W","","T型倒刺接头","未配置主图字段","","","",".local-backups/downlist-806-2026-07-17T08-16-33-947Z/data/products/selection/barbed-fitting-selection.generated.ts","第 5598 行","确认该产品数据是否缺少主图字段；补图前暂不发布"
"275","","809448","BT-32D-32D-24D-PP-N","","T型倒刺接头","未配置主图字段","","","",".local-backups/downlist-806-2026-07-17T08-16-33-947Z/data/products/selection/barbed-fitting-selection.generated.ts","第 5657 行","确认该产品数据是否缺少主图字段；补图前暂不发布"
"276","","809449","BT-32D-32D-24D-PA-W","","T型倒刺接头","未配置主图字段","","","",".local-backups/downlist-806-2026-07-17T08-16-33-947Z/data/products/selection/barbed-fitting-selection.generated.ts","第 5716 行","确认该产品数据是否缺少主图字段；补图前暂不发布"
"277","","809450","BT-64D-64D-32D-PP-N","","T型倒刺接头","未配置主图字段","","","",".local-backups/downlist-806-2026-07-17T08-16-33-947Z/data/products/selection/barbed-fitting-selection.generated.ts","第 5775 行","确认该产品数据是否缺少主图字段；补图前暂不发布"
"278","","809451","BT-64D-64D-32D-PA-W","","T型倒刺接头","未配置主图字段","","","",".local-backups/downlist-806-2026-07-17T08-16-33-947Z/data/products/selection/barbed-fitting-selection.generated.ts","第 5834 行","确认该产品数据是否缺少主图字段；补图前暂不发布"
"279","","809452","BT-24D-32D-32D-PP-N","","T型倒刺接头","未配置主图字段","","","",".local-backups/downlist-806-2026-07-17T08-16-33-947Z/data/products/selection/barbed-fitting-selection.generated.ts","第 5893 行","确认该产品数据是否缺少主图字段；补图前暂不发布"
"280","","809453","BT-24D-32D-32D-PA-W","","T型倒刺接头","未配置主图字段","","","",".local-backups/downlist-806-2026-07-17T08-16-33-947Z/data/products/selection/barbed-fitting-selection.generated.ts","第 5952 行","确认该产品数据是否缺少主图字段；补图前暂不发布"
"281","","809454","BT-32D-16D-16D-PP-N","","T型倒刺接头","未配置主图字段","","","",".local-backups/downlist-806-2026-07-17T08-16-33-947Z/data/products/selection/barbed-fitting-selection.generated.ts","第 6011 行","确认该产品数据是否缺少主图字段；补图前暂不发布"
"282","","809455","BT-32D-16D-16D-PA-W","","T型倒刺接头","未配置主图字段","","","",".local-backups/downlist-806-2026-07-17T08-16-33-947Z/data/products/selection/barbed-fitting-selection.generated.ts","第 6070 行","确认该产品数据是否缺少主图字段；补图前暂不发布"
"283","","809456","BT-32D-24D-24D-PP-N","","T型倒刺接头","未配置主图字段","","","",".local-backups/downlist-806-2026-07-17T08-16-33-947Z/data/products/selection/barbed-fitting-selection.generated.ts","第 6129 行","确认该产品数据是否缺少主图字段；补图前暂不发布"
"284","","809457","BT-32D-24D-24D-PA-W","","T型倒刺接头","未配置主图字段","","","",".local-backups/downlist-806-2026-07-17T08-16-33-947Z/data/products/selection/barbed-fitting-selection.generated.ts","第 6188 行","确认该产品数据是否缺少主图字段；补图前暂不发布"
"285","","809458","BT-32D-64T-64T-PP-N","","T型倒刺接头","未配置主图字段","","","",".local-backups/downlist-806-2026-07-17T08-16-33-947Z/data/products/selection/barbed-fitting-selection.generated.ts","第 6247 行","确认该产品数据是否缺少主图字段；补图前暂不发布"
"286","","809459","BT-32D-64T-64T-PA-W","","T型倒刺接头","未配置主图字段","","","",".local-backups/downlist-806-2026-07-17T08-16-33-947Z/data/products/selection/barbed-fitting-selection.generated.ts","第 6306 行","确认该产品数据是否缺少主图字段；补图前暂不发布"
"287","","809460","BT-64V-95V-95V-PP-N","","T型倒刺接头","未配置主图字段","","","",".local-backups/downlist-806-2026-07-17T08-16-33-947Z/data/products/selection/barbed-fitting-selection.generated.ts","第 6365 行","确认该产品数据是否缺少主图字段；补图前暂不发布"
"288","","809461","BT-64V-95V-95V-PA-W","","T型倒刺接头","未配置主图字段","","","",".local-backups/downlist-806-2026-07-17T08-16-33-947Z/data/products/selection/barbed-fitting-selection.generated.ts","第 6424 行","确认该产品数据是否缺少主图字段；补图前暂不发布"
"289","","806197","BT-24-16-16-PP-N","","T型倒刺接头","未配置主图字段","","","",".local-backups/downlist-806-2026-07-17T08-16-33-947Z/data/products/selection/barbed-fitting-selection.generated.ts","第 6483 行","确认该产品数据是否缺少主图字段；补图前暂不发布"
"290","","809521","BT-16D-PP-N","","T型倒刺接头","未配置主图字段","","","",".local-backups/downlist-806-2026-07-17T08-16-33-947Z/data/products/selection/barbed-fitting-selection.generated.ts","第 6542 行","确认该产品数据是否缺少主图字段；补图前暂不发布"
"291","","809545","BT-16D-PA-W","","T型倒刺接头","未配置主图字段","","","",".local-backups/downlist-806-2026-07-17T08-16-33-947Z/data/products/selection/barbed-fitting-selection.generated.ts","第 6601 行","确认该产品数据是否缺少主图字段；补图前暂不发布"
"292","","809610","BT-24D-PP-N","","T型倒刺接头","未配置主图字段","","","",".local-backups/downlist-806-2026-07-17T08-16-33-947Z/data/products/selection/barbed-fitting-selection.generated.ts","第 6660 行","确认该产品数据是否缺少主图字段；补图前暂不发布"
"293","","809611","BT-24D-PA-W","","T型倒刺接头","未配置主图字段","","","",".local-backups/downlist-806-2026-07-17T08-16-33-947Z/data/products/selection/barbed-fitting-selection.generated.ts","第 6719 行","确认该产品数据是否缺少主图字段；补图前暂不发布"
"294","","809621","BT-32D-PP-N","","T型倒刺接头","未配置主图字段","","","",".local-backups/downlist-806-2026-07-17T08-16-33-947Z/data/products/selection/barbed-fitting-selection.generated.ts","第 6778 行","确认该产品数据是否缺少主图字段；补图前暂不发布"
"295","","809622","BT-32D-PA-W","","T型倒刺接头","未配置主图字段","","","",".local-backups/downlist-806-2026-07-17T08-16-33-947Z/data/products/selection/barbed-fitting-selection.generated.ts","第 6837 行","确认该产品数据是否缺少主图字段；补图前暂不发布"
"296","","809644","BT-127V-PP-N","","T型倒刺接头","未配置主图字段","","","",".local-backups/downlist-806-2026-07-17T08-16-33-947Z/data/products/selection/barbed-fitting-selection.generated.ts","第 6896 行","确认该产品数据是否缺少主图字段；补图前暂不发布"
"297","","809287","BT-16D-24D-24D-PP-N","","T型倒刺接头","未配置主图字段","","","",".local-backups/downlist-806-2026-07-17T08-16-33-947Z/data/products/selection/barbed-fitting-selection.generated.ts","第 6955 行","确认该产品数据是否缺少主图字段；补图前暂不发布"
"298","","809410","BT-16D-24D-24D-PA-W","","T型倒刺接头","未配置主图字段","","","",".local-backups/downlist-806-2026-07-17T08-16-33-947Z/data/products/selection/barbed-fitting-selection.generated.ts","第 7014 行","确认该产品数据是否缺少主图字段；补图前暂不发布"
"299","","809842","BT-16D-32D-32D-PA-W","","T型倒刺接头","未配置主图字段","","","",".local-backups/downlist-806-2026-07-17T08-16-33-947Z/data/products/selection/barbed-fitting-selection.generated.ts","第 7073 行","确认该产品数据是否缺少主图字段；补图前暂不发布"
"300","","809851","BT-16D-32D-32D-PP-N","","T型倒刺接头","未配置主图字段","","","",".local-backups/downlist-806-2026-07-17T08-16-33-947Z/data/products/selection/barbed-fitting-selection.generated.ts","第 7132 行","确认该产品数据是否缺少主图字段；补图前暂不发布"
"301","","809863","BT-48D-PP-N","","T型倒刺接头","未配置主图字段","","","",".local-backups/downlist-806-2026-07-17T08-16-33-947Z/data/products/selection/barbed-fitting-selection.generated.ts","第 7191 行","确认该产品数据是否缺少主图字段；补图前暂不发布"
"302","","809865","BT-79D-PP-N","","T型倒刺接头","未配置主图字段","","","",".local-backups/downlist-806-2026-07-17T08-16-33-947Z/data/products/selection/barbed-fitting-selection.generated.ts","第 7250 行","确认该产品数据是否缺少主图字段；补图前暂不发布"
"303","","809294","BY-16F-PP-N","","Y型倒刺接头","未配置主图字段","","","",".local-backups/downlist-806-2026-07-17T08-16-33-947Z/data/products/selection/barbed-fitting-selection.generated.ts","第 7309 行","确认该产品数据是否缺少主图字段；补图前暂不发布"
"304","","809295","BY-24F-PP-N","","Y型倒刺接头","未配置主图字段","","","",".local-backups/downlist-806-2026-07-17T08-16-33-947Z/data/products/selection/barbed-fitting-selection.generated.ts","第 7368 行","确认该产品数据是否缺少主图字段；补图前暂不发布"
"305","","809296","BY-32F-PP-N","","Y型倒刺接头","未配置主图字段","","","",".local-backups/downlist-806-2026-07-17T08-16-33-947Z/data/products/selection/barbed-fitting-selection.generated.ts","第 7427 行","确认该产品数据是否缺少主图字段；补图前暂不发布"
"306","","809297","BY-40D-PP-N","","Y型倒刺接头","未配置主图字段","","","",".local-backups/downlist-806-2026-07-17T08-16-33-947Z/data/products/selection/barbed-fitting-selection.generated.ts","第 7486 行","确认该产品数据是否缺少主图字段；补图前暂不发布"
"307","","809298","BY-64F-PP-N","","Y型倒刺接头","未配置主图字段","","","",".local-backups/downlist-806-2026-07-17T08-16-33-947Z/data/products/selection/barbed-fitting-selection.generated.ts","第 7545 行","确认该产品数据是否缺少主图字段；补图前暂不发布"
"308","","809326","BY-24F-PA-W","","Y型倒刺接头","未配置主图字段","","","",".local-backups/downlist-806-2026-07-17T08-16-33-947Z/data/products/selection/barbed-fitting-selection.generated.ts","第 7604 行","确认该产品数据是否缺少主图字段；补图前暂不发布"
"309","","809334","BY-16F-PA-W","","Y型倒刺接头","未配置主图字段","","","",".local-backups/downlist-806-2026-07-17T08-16-33-947Z/data/products/selection/barbed-fitting-selection.generated.ts","第 7663 行","确认该产品数据是否缺少主图字段；补图前暂不发布"
"310","","809335","BY-32F-PA-W","","Y型倒刺接头","未配置主图字段","","","",".local-backups/downlist-806-2026-07-17T08-16-33-947Z/data/products/selection/barbed-fitting-selection.generated.ts","第 7722 行","确认该产品数据是否缺少主图字段；补图前暂不发布"
"311","","809336","BY-64F-PA-W","","Y型倒刺接头","未配置主图字段","","","",".local-backups/downlist-806-2026-07-17T08-16-33-947Z/data/products/selection/barbed-fitting-selection.generated.ts","第 7781 行","确认该产品数据是否缺少主图字段；补图前暂不发布"
"312","","809341","BY-48F-PP-N","","Y型倒刺接头","未配置主图字段","","","",".local-backups/downlist-806-2026-07-17T08-16-33-947Z/data/products/selection/barbed-fitting-selection.generated.ts","第 7840 行","确认该产品数据是否缺少主图字段；补图前暂不发布"
"313","","809343","BY-48F-PA-W","","Y型倒刺接头","未配置主图字段","","","",".local-backups/downlist-806-2026-07-17T08-16-33-947Z/data/products/selection/barbed-fitting-selection.generated.ts","第 7899 行","确认该产品数据是否缺少主图字段；补图前暂不发布"
"314","","809369","BY-40D-PA-W","","Y型倒刺接头","未配置主图字段","","","",".local-backups/downlist-806-2026-07-17T08-16-33-947Z/data/products/selection/barbed-fitting-selection.generated.ts","第 7958 行","确认该产品数据是否缺少主图字段；补图前暂不发布"
"315","","809380","BY-24D-16D-16D-PP-N","","Y型倒刺接头","未配置主图字段","","","",".local-backups/downlist-806-2026-07-17T08-16-33-947Z/data/products/selection/barbed-fitting-selection.generated.ts","第 8017 行","确认该产品数据是否缺少主图字段；补图前暂不发布"
"316","","809381","BY-24D-16D-16D-PA-W","","Y型倒刺接头","未配置主图字段","","","",".local-backups/downlist-806-2026-07-17T08-16-33-947Z/data/products/selection/barbed-fitting-selection.generated.ts","第 8076 行","确认该产品数据是否缺少主图字段；补图前暂不发布"
"317","","809430","BY-32D-PP-N","","Y型倒刺接头","未配置主图字段","","","",".local-backups/downlist-806-2026-07-17T08-16-33-947Z/data/products/selection/barbed-fitting-selection.generated.ts","第 8135 行","确认该产品数据是否缺少主图字段；补图前暂不发布"
"318","","809431","BY-32D-PA-W","","Y型倒刺接头","未配置主图字段","","","",".local-backups/downlist-806-2026-07-17T08-16-33-947Z/data/products/selection/barbed-fitting-selection.generated.ts","第 8194 行","确认该产品数据是否缺少主图字段；补图前暂不发布"
"319","","809432","BY-95X-PP-N","","Y型倒刺接头","未配置主图字段","","","",".local-backups/downlist-806-2026-07-17T08-16-33-947Z/data/products/selection/barbed-fitting-selection.generated.ts","第 8253 行","确认该产品数据是否缺少主图字段；补图前暂不发布"
"320","","809433","BY-95X-PA-W","","Y型倒刺接头","未配置主图字段","","","",".local-backups/downlist-806-2026-07-17T08-16-33-947Z/data/products/selection/barbed-fitting-selection.generated.ts","第 8312 行","确认该产品数据是否缺少主图字段；补图前暂不发布"
"321","","809434","BY-32D-16D-16D-PP-N","","Y型倒刺接头","未配置主图字段","","","",".local-backups/downlist-806-2026-07-17T08-16-33-947Z/data/products/selection/barbed-fitting-selection.generated.ts","第 8371 行","确认该产品数据是否缺少主图字段；补图前暂不发布"
"322","","809435","BY-32D-16D-16D-PA-W","","Y型倒刺接头","未配置主图字段","","","",".local-backups/downlist-806-2026-07-17T08-16-33-947Z/data/products/selection/barbed-fitting-selection.generated.ts","第 8430 行","确认该产品数据是否缺少主图字段；补图前暂不发布"
"323","","809436","BY-64D-32D-32D-PP-N","","Y型倒刺接头","未配置主图字段","","","",".local-backups/downlist-806-2026-07-17T08-16-33-947Z/data/products/selection/barbed-fitting-selection.generated.ts","第 8489 行","确认该产品数据是否缺少主图字段；补图前暂不发布"
"324","","809437","BY-64D-32D-32D-PA-W","","Y型倒刺接头","未配置主图字段","","","",".local-backups/downlist-806-2026-07-17T08-16-33-947Z/data/products/selection/barbed-fitting-selection.generated.ts","第 8548 行","确认该产品数据是否缺少主图字段；补图前暂不发布"
"325","","809608","BY-24D-PP-N","","Y型倒刺接头","未配置主图字段","","","",".local-backups/downlist-806-2026-07-17T08-16-33-947Z/data/products/selection/barbed-fitting-selection.generated.ts","第 8607 行","确认该产品数据是否缺少主图字段；补图前暂不发布"
"326","","809609","BY-24D-PA-W","","Y型倒刺接头","未配置主图字段","","","",".local-backups/downlist-806-2026-07-17T08-16-33-947Z/data/products/selection/barbed-fitting-selection.generated.ts","第 8666 行","确认该产品数据是否缺少主图字段；补图前暂不发布"
"327","","809623","BY-16D-PP-N","","Y型倒刺接头","未配置主图字段","","","",".local-backups/downlist-806-2026-07-17T08-16-33-947Z/data/products/selection/barbed-fitting-selection.generated.ts","第 8725 行","确认该产品数据是否缺少主图字段；补图前暂不发布"
"328","","809624","BY-16D-PA-W","","Y型倒刺接头","未配置主图字段","","","",".local-backups/downlist-806-2026-07-17T08-16-33-947Z/data/products/selection/barbed-fitting-selection.generated.ts","第 8784 行","确认该产品数据是否缺少主图字段；补图前暂不发布"
"329","","809646","BY-127V-PP-N","","Y型倒刺接头","未配置主图字段","","","",".local-backups/downlist-806-2026-07-17T08-16-33-947Z/data/products/selection/barbed-fitting-selection.generated.ts","第 8843 行","确认该产品数据是否缺少主图字段；补图前暂不发布"
"330","","806208","BY-64-40-40-PP-N","","Y型倒刺接头","未配置主图字段","","","",".local-backups/downlist-806-2026-07-17T08-16-33-947Z/data/products/selection/barbed-fitting-selection.generated.ts","第 8902 行","确认该产品数据是否缺少主图字段；补图前暂不发布"
"331","","806282","BY-79-PP-N","","Y型倒刺接头","未配置主图字段","","","",".local-backups/downlist-806-2026-07-17T08-16-33-947Z/data/products/selection/barbed-fitting-selection.generated.ts","第 8961 行","确认该产品数据是否缺少主图字段；补图前暂不发布"
"332","","806224","BF4-16-PP-N","","π型倒刺接头","未配置主图字段","","","",".local-backups/downlist-806-2026-07-17T08-16-33-947Z/data/products/selection/barbed-fitting-selection.generated.ts","第 9020 行","确认该产品数据是否缺少主图字段；补图前暂不发布"
"333","","806055","BF4-24-PP-N","","π型倒刺接头","未配置主图字段","","","",".local-backups/downlist-806-2026-07-17T08-16-33-947Z/data/products/selection/barbed-fitting-selection.generated.ts","第 9077 行","确认该产品数据是否缺少主图字段；补图前暂不发布"
"334","","806189","BF4-32-PP-N","","π型倒刺接头","未配置主图字段","","","",".local-backups/downlist-806-2026-07-17T08-16-33-947Z/data/products/selection/barbed-fitting-selection.generated.ts","第 9134 行","确认该产品数据是否缺少主图字段；补图前暂不发布"
"335","","806220","BX4-16-PP-N","","十字型倒刺接头","未配置主图字段","","","",".local-backups/downlist-806-2026-07-17T08-16-33-947Z/data/products/selection/barbed-fitting-selection.generated.ts","第 9191 行","确认该产品数据是否缺少主图字段；补图前暂不发布"
"336","","806192","BX4-24-PP-N","","十字型倒刺接头","未配置主图字段","","","",".local-backups/downlist-806-2026-07-17T08-16-33-947Z/data/products/selection/barbed-fitting-selection.generated.ts","第 9248 行","确认该产品数据是否缺少主图字段；补图前暂不发布"
"337","","806221","BX4-32-PP-N","","十字型倒刺接头","未配置主图字段","","","",".local-backups/downlist-806-2026-07-17T08-16-33-947Z/data/products/selection/barbed-fitting-selection.generated.ts","第 9305 行","确认该产品数据是否缺少主图字段；补图前暂不发布"
"338","","809283","BBL-16D-PP-N","","倒刺堵头","未配置主图字段","","","",".local-backups/downlist-806-2026-07-17T08-16-33-947Z/data/products/selection/barbed-fitting-selection.generated.ts","第 9362 行","确认该产品数据是否缺少主图字段；补图前暂不发布"
"339","","809284","BBL-24D-PP-N","","倒刺堵头","未配置主图字段","","","",".local-backups/downlist-806-2026-07-17T08-16-33-947Z/data/products/selection/barbed-fitting-selection.generated.ts","第 9419 行","确认该产品数据是否缺少主图字段；补图前暂不发布"
"340","","809285","BBL-32D-PP-N","","倒刺堵头","未配置主图字段","","","",".local-backups/downlist-806-2026-07-17T08-16-33-947Z/data/products/selection/barbed-fitting-selection.generated.ts","第 9476 行","确认该产品数据是否缺少主图字段；补图前暂不发布"
"341","","809406","BBL-16D-PA-W","","倒刺堵头","未配置主图字段","","","",".local-backups/downlist-806-2026-07-17T08-16-33-947Z/data/products/selection/barbed-fitting-selection.generated.ts","第 9533 行","确认该产品数据是否缺少主图字段；补图前暂不发布"
"342","","809407","BBL-24D-PA-W","","倒刺堵头","未配置主图字段","","","",".local-backups/downlist-806-2026-07-17T08-16-33-947Z/data/products/selection/barbed-fitting-selection.generated.ts","第 9590 行","确认该产品数据是否缺少主图字段；补图前暂不发布"
"343","","809408","BBL-32D-PA-W","","倒刺堵头","未配置主图字段","","","",".local-backups/downlist-806-2026-07-17T08-16-33-947Z/data/products/selection/barbed-fitting-selection.generated.ts","第 9647 行","确认该产品数据是否缺少主图字段；补图前暂不发布"
"344","","Product Code","Model:","","","图片文件不存在","gallery[0]","Product gallery","F:\WebsiteProjects\foreach-website-2026\.local-backups\fep-configurator-integration-2026-07-17T22-48-50-300Z\Product gallery | F:\WebsiteProjects\foreach-website-2026\.local-backups\fep-configurator-integration-2026-07-17T22-48-50-300Z\Product gallery.webp | F:\WebsiteProjects\foreach-website-2026\.local-backups\fep-configurator-integration-2026-07-17T22-48-50-300Z\Product gallery.png | F:\WebsiteProjects\foreach-website-2026\.local-backups\fep-configurator-integration-2026-07-17T22-48-50-300Z\Product gallery.jpg | F:\WebsiteProjects\foreach-website-2026\.local-backups\fep-configurator-integration-2026-07-17T22-48-50-300Z\Product gallery.jpeg",".local-backups/fep-configurator-integration-2026-07-17T22-48-50-300Z/ProductDetailClient.tsx","第 960 行","确认图片是否漏传、路径是否写错；无图产品暂不发布"
"345","","商品编码","型号：","","","图片文件不存在","gallery[0]","产品图片区域","F:\WebsiteProjects\foreach-website-2026\.local-backups\fep-configurator-integration-2026-07-17T22-48-50-300Z\产品图片区域 | F:\WebsiteProjects\foreach-website-2026\.local-backups\fep-configurator-integration-2026-07-17T22-48-50-300Z\产品图片区域.webp | F:\WebsiteProjects\foreach-website-2026\.local-backups\fep-configurator-integration-2026-07-17T22-48-50-300Z\产品图片区域.png | F:\WebsiteProjects\foreach-website-2026\.local-backups\fep-configurator-integration-2026-07-17T22-48-50-300Z\产品图片区域.jpg | F:\WebsiteProjects\foreach-website-2026\.local-backups\fep-configurator-integration-2026-07-17T22-48-50-300Z\产品图片区域.jpeg",".local-backups/fep-configurator-integration-2026-07-17T22-48-50-300Z/ProductDetailClient.tsx","第 996 行","确认图片是否漏传、路径是否写错；无图产品暂不发布"
"346","","Product Code","Model:","","","图片文件不存在","gallery[0]","Product gallery","F:\WebsiteProjects\foreach-website-2026\.local-backups\peek-configurator-integration-2026-07-17T23-07-54-632Z\Product gallery | F:\WebsiteProjects\foreach-website-2026\.local-backups\peek-configurator-integration-2026-07-17T23-07-54-632Z\Product gallery.webp | F:\WebsiteProjects\foreach-website-2026\.local-backups\peek-configurator-integration-2026-07-17T23-07-54-632Z\Product gallery.png | F:\WebsiteProjects\foreach-website-2026\.local-backups\peek-configurator-integration-2026-07-17T23-07-54-632Z\Product gallery.jpg | F:\WebsiteProjects\foreach-website-2026\.local-backups\peek-configurator-integration-2026-07-17T23-07-54-632Z\Product gallery.jpeg",".local-backups/peek-configurator-integration-2026-07-17T23-07-54-632Z/ProductDetailClient.tsx","第 1008 行","确认图片是否漏传、路径是否写错；无图产品暂不发布"
"347","","商品编码","型号：","","","图片文件不存在","gallery[0]","产品图片区域","F:\WebsiteProjects\foreach-website-2026\.local-backups\peek-configurator-integration-2026-07-17T23-07-54-632Z\产品图片区域 | F:\WebsiteProjects\foreach-website-2026\.local-backups\peek-configurator-integration-2026-07-17T23-07-54-632Z\产品图片区域.webp | F:\WebsiteProjects\foreach-website-2026\.local-backups\peek-configurator-integration-2026-07-17T23-07-54-632Z\产品图片区域.png | F:\WebsiteProjects\foreach-website-2026\.local-backups\peek-configurator-integration-2026-07-17T23-07-54-632Z\产品图片区域.jpg | F:\WebsiteProjects\foreach-website-2026\.local-backups\peek-configurator-integration-2026-07-17T23-07-54-632Z\产品图片区域.jpeg",".local-backups/peek-configurator-integration-2026-07-17T23-07-54-632Z/ProductDetailClient.tsx","第 1044 行","确认图片是否漏传、路径是否写错；无图产品暂不发布"
"348","","Product Code","Model:","","","图片文件不存在","gallery[0]","Product gallery","F:\WebsiteProjects\foreach-website-2026\.local-backups\peek-integration-final-2026-07-17T23-14-30-217Z\Product gallery | F:\WebsiteProjects\foreach-website-2026\.local-backups\peek-integration-final-2026-07-17T23-14-30-217Z\Product gallery.webp | F:\WebsiteProjects\foreach-website-2026\.local-backups\peek-integration-final-2026-07-17T23-14-30-217Z\Product gallery.png | F:\WebsiteProjects\foreach-website-2026\.local-backups\peek-integration-final-2026-07-17T23-14-30-217Z\Product gallery.jpg | F:\WebsiteProjects\foreach-website-2026\.local-backups\peek-integration-final-2026-07-17T23-14-30-217Z\Product gallery.jpeg",".local-backups/peek-integration-final-2026-07-17T23-14-30-217Z/ProductDetailClient.tsx","第 1008 行","确认图片是否漏传、路径是否写错；无图产品暂不发布"
"349","","商品编码","型号：","","","图片文件不存在","gallery[0]","产品图片区域","F:\WebsiteProjects\foreach-website-2026\.local-backups\peek-integration-final-2026-07-17T23-14-30-217Z\产品图片区域 | F:\WebsiteProjects\foreach-website-2026\.local-backups\peek-integration-final-2026-07-17T23-14-30-217Z\产品图片区域.webp | F:\WebsiteProjects\foreach-website-2026\.local-backups\peek-integration-final-2026-07-17T23-14-30-217Z\产品图片区域.png | F:\WebsiteProjects\foreach-website-2026\.local-backups\peek-integration-final-2026-07-17T23-14-30-217Z\产品图片区域.jpg | F:\WebsiteProjects\foreach-website-2026\.local-backups\peek-integration-final-2026-07-17T23-14-30-217Z\产品图片区域.jpeg",".local-backups/peek-integration-final-2026-07-17T23-14-30-217Z/ProductDetailClient.tsx","第 1044 行","确认图片是否漏传、路径是否写错；无图产品暂不发布"
"350","PEEK管","","","","","未配置主图字段","","","",".local-backups/peek-tubing-data-20260718-070557/peek-tubing.ts","第 41 行","确认该产品数据是否缺少主图字段；补图前暂不发布"
"351","PEEK Tubing","","","","","未配置主图字段","","","",".local-backups/peek-tubing-data-20260718-070557/peek-tubing.ts","第 105 行","确认该产品数据是否缺少主图字段；补图前暂不发布"
"352","","Product Code","Model:","","","图片文件不存在","gallery[0]","Product gallery","F:\WebsiteProjects\foreach-website-2026\.local-backups\pfa-configurator-integration-2026-07-17T23-21-32-469Z\Product gallery | F:\WebsiteProjects\foreach-website-2026\.local-backups\pfa-configurator-integration-2026-07-17T23-21-32-469Z\Product gallery.webp | F:\WebsiteProjects\foreach-website-2026\.local-backups\pfa-configurator-integration-2026-07-17T23-21-32-469Z\Product gallery.png | F:\WebsiteProjects\foreach-website-2026\.local-backups\pfa-configurator-integration-2026-07-17T23-21-32-469Z\Product gallery.jpg | F:\WebsiteProjects\foreach-website-2026\.local-backups\pfa-configurator-integration-2026-07-17T23-21-32-469Z\Product gallery.jpeg",".local-backups/pfa-configurator-integration-2026-07-17T23-21-32-469Z/ProductDetailClient.tsx","第 1032 行","确认图片是否漏传、路径是否写错；无图产品暂不发布"
"353","","商品编码","型号：","","","图片文件不存在","gallery[0]","产品图片区域","F:\WebsiteProjects\foreach-website-2026\.local-backups\pfa-configurator-integration-2026-07-17T23-21-32-469Z\产品图片区域 | F:\WebsiteProjects\foreach-website-2026\.local-backups\pfa-configurator-integration-2026-07-17T23-21-32-469Z\产品图片区域.webp | F:\WebsiteProjects\foreach-website-2026\.local-backups\pfa-configurator-integration-2026-07-17T23-21-32-469Z\产品图片区域.png | F:\WebsiteProjects\foreach-website-2026\.local-backups\pfa-configurator-integration-2026-07-17T23-21-32-469Z\产品图片区域.jpg | F:\WebsiteProjects\foreach-website-2026\.local-backups\pfa-configurator-integration-2026-07-17T23-21-32-469Z\产品图片区域.jpeg",".local-backups/pfa-configurator-integration-2026-07-17T23-21-32-469Z/ProductDetailClient.tsx","第 1068 行","确认图片是否漏传、路径是否写错；无图产品暂不发布"
"354","","Product Code","Model:","","","图片文件不存在","gallery[0]","Product gallery","F:\WebsiteProjects\foreach-website-2026\.local-backups\ptfe-configurator-integration-2026-07-17T23-01-28-207Z\Product gallery | F:\WebsiteProjects\foreach-website-2026\.local-backups\ptfe-configurator-integration-2026-07-17T23-01-28-207Z\Product gallery.webp | F:\WebsiteProjects\foreach-website-2026\.local-backups\ptfe-configurator-integration-2026-07-17T23-01-28-207Z\Product gallery.png | F:\WebsiteProjects\foreach-website-2026\.local-backups\ptfe-configurator-integration-2026-07-17T23-01-28-207Z\Product gallery.jpg | F:\WebsiteProjects\foreach-website-2026\.local-backups\ptfe-configurator-integration-2026-07-17T23-01-28-207Z\Product gallery.jpeg",".local-backups/ptfe-configurator-integration-2026-07-17T23-01-28-207Z/ProductDetailClient.tsx","第 984 行","确认图片是否漏传、路径是否写错；无图产品暂不发布"
"355","","商品编码","型号：","","","图片文件不存在","gallery[0]","产品图片区域","F:\WebsiteProjects\foreach-website-2026\.local-backups\ptfe-configurator-integration-2026-07-17T23-01-28-207Z\产品图片区域 | F:\WebsiteProjects\foreach-website-2026\.local-backups\ptfe-configurator-integration-2026-07-17T23-01-28-207Z\产品图片区域.webp | F:\WebsiteProjects\foreach-website-2026\.local-backups\ptfe-configurator-integration-2026-07-17T23-01-28-207Z\产品图片区域.png | F:\WebsiteProjects\foreach-website-2026\.local-backups\ptfe-configurator-integration-2026-07-17T23-01-28-207Z\产品图片区域.jpg | F:\WebsiteProjects\foreach-website-2026\.local-backups\ptfe-configurator-integration-2026-07-17T23-01-28-207Z\产品图片区域.jpeg",".local-backups/ptfe-configurator-integration-2026-07-17T23-01-28-207Z/ProductDetailClient.tsx","第 1020 行","确认图片是否漏传、路径是否写错；无图产品暂不发布"
"356","","Product Code","Model:","","","图片文件不存在","gallery[0]","Product gallery","F:\WebsiteProjects\foreach-website-2026\.local-backups\pvc-configurator-en-2026-07-17T13-20-39-973Z\Product gallery | F:\WebsiteProjects\foreach-website-2026\.local-backups\pvc-configurator-en-2026-07-17T13-20-39-973Z\Product gallery.webp | F:\WebsiteProjects\foreach-website-2026\.local-backups\pvc-configurator-en-2026-07-17T13-20-39-973Z\Product gallery.png | F:\WebsiteProjects\foreach-website-2026\.local-backups\pvc-configurator-en-2026-07-17T13-20-39-973Z\Product gallery.jpg | F:\WebsiteProjects\foreach-website-2026\.local-backups\pvc-configurator-en-2026-07-17T13-20-39-973Z\Product gallery.jpeg",".local-backups/pvc-configurator-en-2026-07-17T13-20-39-973Z/ProductDetailClient.tsx","第 933 行","确认图片是否漏传、路径是否写错；无图产品暂不发布"
"357","","商品编码","型号：","","","图片文件不存在","gallery[0]","产品图片区域","F:\WebsiteProjects\foreach-website-2026\.local-backups\pvc-configurator-en-2026-07-17T13-20-39-973Z\产品图片区域 | F:\WebsiteProjects\foreach-website-2026\.local-backups\pvc-configurator-en-2026-07-17T13-20-39-973Z\产品图片区域.webp | F:\WebsiteProjects\foreach-website-2026\.local-backups\pvc-configurator-en-2026-07-17T13-20-39-973Z\产品图片区域.png | F:\WebsiteProjects\foreach-website-2026\.local-backups\pvc-configurator-en-2026-07-17T13-20-39-973Z\产品图片区域.jpg | F:\WebsiteProjects\foreach-website-2026\.local-backups\pvc-configurator-en-2026-07-17T13-20-39-973Z\产品图片区域.jpeg",".local-backups/pvc-configurator-en-2026-07-17T13-20-39-973Z/ProductDetailClient.tsx","第 969 行","确认图片是否漏传、路径是否写错；无图产品暂不发布"
"358","PVC管","","","","","未配置主图字段","","","",".local-backups/pvc-configurator-en-2026-07-17T13-20-39-973Z/pvc-tubing.ts","第 440 行","确认该产品数据是否缺少主图字段；补图前暂不发布"
"359","","Product Code","Model:","","","图片文件不存在","gallery[0]","Product gallery","F:\WebsiteProjects\foreach-website-2026\.local-backups\pvc-configurator-integration-2026-07-17T09-52-02-481Z\Product gallery | F:\WebsiteProjects\foreach-website-2026\.local-backups\pvc-configurator-integration-2026-07-17T09-52-02-481Z\Product gallery.webp | F:\WebsiteProjects\foreach-website-2026\.local-backups\pvc-configurator-integration-2026-07-17T09-52-02-481Z\Product gallery.png | F:\WebsiteProjects\foreach-website-2026\.local-backups\pvc-configurator-integration-2026-07-17T09-52-02-481Z\Product gallery.jpg | F:\WebsiteProjects\foreach-website-2026\.local-backups\pvc-configurator-integration-2026-07-17T09-52-02-481Z\Product gallery.jpeg",".local-backups/pvc-configurator-integration-2026-07-17T09-52-02-481Z/ProductDetailClient.tsx","第 901 行","确认图片是否漏传、路径是否写错；无图产品暂不发布"
"360","","商品编码","型号：","","","图片文件不存在","gallery[0]","产品图片区域","F:\WebsiteProjects\foreach-website-2026\.local-backups\pvc-configurator-integration-2026-07-17T09-52-02-481Z\产品图片区域 | F:\WebsiteProjects\foreach-website-2026\.local-backups\pvc-configurator-integration-2026-07-17T09-52-02-481Z\产品图片区域.webp | F:\WebsiteProjects\foreach-website-2026\.local-backups\pvc-configurator-integration-2026-07-17T09-52-02-481Z\产品图片区域.png | F:\WebsiteProjects\foreach-website-2026\.local-backups\pvc-configurator-integration-2026-07-17T09-52-02-481Z\产品图片区域.jpg | F:\WebsiteProjects\foreach-website-2026\.local-backups\pvc-configurator-integration-2026-07-17T09-52-02-481Z\产品图片区域.jpeg",".local-backups/pvc-configurator-integration-2026-07-17T09-52-02-481Z/ProductDetailClient.tsx","第 937 行","确认图片是否漏传、路径是否写错；无图产品暂不发布"
"361","PVC管","","","","","未配置主图字段","","","",".local-backups/pvc-empty-initial-state-2026-07-17T13-03-44-886Z/pvc-tubing.ts","第 440 行","确认该产品数据是否缺少主图字段；补图前暂不发布"
"362","PVC管","","","","","未配置主图字段","","","",".local-backups/pvc-hide-product-name-2026-07-17T13-00-29-019Z/pvc-tubing.ts","第 440 行","确认该产品数据是否缺少主图字段；补图前暂不发布"
"363","","Product Code","Model:","","","图片文件不存在","gallery[0]","Product gallery","F:\WebsiteProjects\foreach-website-2026\.local-backups\pvc-multi-cart-2026-07-17T12-56-06-536Z\Product gallery | F:\WebsiteProjects\foreach-website-2026\.local-backups\pvc-multi-cart-2026-07-17T12-56-06-536Z\Product gallery.webp | F:\WebsiteProjects\foreach-website-2026\.local-backups\pvc-multi-cart-2026-07-17T12-56-06-536Z\Product gallery.png | F:\WebsiteProjects\foreach-website-2026\.local-backups\pvc-multi-cart-2026-07-17T12-56-06-536Z\Product gallery.jpg | F:\WebsiteProjects\foreach-website-2026\.local-backups\pvc-multi-cart-2026-07-17T12-56-06-536Z\Product gallery.jpeg",".local-backups/pvc-multi-cart-2026-07-17T12-56-06-536Z/ProductDetailClient.tsx","第 933 行","确认图片是否漏传、路径是否写错；无图产品暂不发布"
"364","","商品编码","型号：","","","图片文件不存在","gallery[0]","产品图片区域","F:\WebsiteProjects\foreach-website-2026\.local-backups\pvc-multi-cart-2026-07-17T12-56-06-536Z\产品图片区域 | F:\WebsiteProjects\foreach-website-2026\.local-backups\pvc-multi-cart-2026-07-17T12-56-06-536Z\产品图片区域.webp | F:\WebsiteProjects\foreach-website-2026\.local-backups\pvc-multi-cart-2026-07-17T12-56-06-536Z\产品图片区域.png | F:\WebsiteProjects\foreach-website-2026\.local-backups\pvc-multi-cart-2026-07-17T12-56-06-536Z\产品图片区域.jpg | F:\WebsiteProjects\foreach-website-2026\.local-backups\pvc-multi-cart-2026-07-17T12-56-06-536Z\产品图片区域.jpeg",".local-backups/pvc-multi-cart-2026-07-17T12-56-06-536Z/ProductDetailClient.tsx","第 969 行","确认图片是否漏传、路径是否写错；无图产品暂不发布"
"365","TPU管","","","","","未配置主图字段","","","",".local-backups/remove-tpu-436075-2026-07-17T16-05-27-549Z/tpu-tubing.ts","第 216 行","确认该产品数据是否缺少主图字段；补图前暂不发布"
"366","TPU Tubing","","","","","未配置主图字段","","","",".local-backups/remove-tpu-436075-2026-07-17T16-05-27-549Z/tpu-tubing.ts","第 308 行","确认该产品数据是否缺少主图字段；补图前暂不发布"
"367","TPU管","","","","","未配置主图字段","","","",".local-backups/remove-tpu-436075-20260718-001046/tpu-tubing.ts","第 216 行","确认该产品数据是否缺少主图字段；补图前暂不发布"
"368","TPU Tubing","","","","","未配置主图字段","","","",".local-backups/remove-tpu-436075-20260718-001046/tpu-tubing.ts","第 308 行","确认该产品数据是否缺少主图字段；补图前暂不发布"
"369","TPU管","","","","","未配置主图字段","","","",".local-backups/remove-tpu-bu9b02004-2026-07-17T16-03-34-522Z/tpu-tubing.ts","第 216 行","确认该产品数据是否缺少主图字段；补图前暂不发布"
"370","TPU Tubing","","","","","未配置主图字段","","","",".local-backups/remove-tpu-bu9b02004-2026-07-17T16-03-34-522Z/tpu-tubing.ts","第 308 行","确认该产品数据是否缺少主图字段；补图前暂不发布"
"371","TPU管","","","","","未配置主图字段","","","",".local-backups/tpu-align-pvc-2026-07-17T15-59-08-481Z/tpu-tubing.ts","第 242 行","确认该产品数据是否缺少主图字段；补图前暂不发布"
"372","TPU Tubing","","","","","未配置主图字段","","","",".local-backups/tpu-align-pvc-2026-07-17T15-59-08-481Z/tpu-tubing.ts","第 345 行","确认该产品数据是否缺少主图字段；补图前暂不发布"
"373","TPU管","","","","","未配置主图字段","","","",".local-backups/tpu-column-flow-2026-07-17T15-46-53-884Z/tpu-tubing.ts","第 242 行","确认该产品数据是否缺少主图字段；补图前暂不发布"
"374","TPU Tubing","","","","","未配置主图字段","","","",".local-backups/tpu-column-flow-2026-07-17T15-46-53-884Z/tpu-tubing.ts","第 345 行","确认该产品数据是否缺少主图字段；补图前暂不发布"
"375","TPU管","","","","","未配置主图字段","","","",".local-backups/tpu-column-flow-v2-2026-07-17T15-48-49-068Z/tpu-tubing.ts","第 242 行","确认该产品数据是否缺少主图字段；补图前暂不发布"
"376","TPU Tubing","","","","","未配置主图字段","","","",".local-backups/tpu-column-flow-v2-2026-07-17T15-48-49-068Z/tpu-tubing.ts","第 345 行","确认该产品数据是否缺少主图字段；补图前暂不发布"
"377","","Product Code","Model:","","","图片文件不存在","gallery[0]","Product gallery","F:\WebsiteProjects\foreach-website-2026\.local-backups\tpu-configurator-integration-2026-07-17T14-02-50-448Z\Product gallery | F:\WebsiteProjects\foreach-website-2026\.local-backups\tpu-configurator-integration-2026-07-17T14-02-50-448Z\Product gallery.webp | F:\WebsiteProjects\foreach-website-2026\.local-backups\tpu-configurator-integration-2026-07-17T14-02-50-448Z\Product gallery.png | F:\WebsiteProjects\foreach-website-2026\.local-backups\tpu-configurator-integration-2026-07-17T14-02-50-448Z\Product gallery.jpg | F:\WebsiteProjects\foreach-website-2026\.local-backups\tpu-configurator-integration-2026-07-17T14-02-50-448Z\Product gallery.jpeg",".local-backups/tpu-configurator-integration-2026-07-17T14-02-50-448Z/ProductDetailClient.tsx","第 936 行","确认图片是否漏传、路径是否写错；无图产品暂不发布"
"378","","商品编码","型号：","","","图片文件不存在","gallery[0]","产品图片区域","F:\WebsiteProjects\foreach-website-2026\.local-backups\tpu-configurator-integration-2026-07-17T14-02-50-448Z\产品图片区域 | F:\WebsiteProjects\foreach-website-2026\.local-backups\tpu-configurator-integration-2026-07-17T14-02-50-448Z\产品图片区域.webp | F:\WebsiteProjects\foreach-website-2026\.local-backups\tpu-configurator-integration-2026-07-17T14-02-50-448Z\产品图片区域.png | F:\WebsiteProjects\foreach-website-2026\.local-backups\tpu-configurator-integration-2026-07-17T14-02-50-448Z\产品图片区域.jpg | F:\WebsiteProjects\foreach-website-2026\.local-backups\tpu-configurator-integration-2026-07-17T14-02-50-448Z\产品图片区域.jpeg",".local-backups/tpu-configurator-integration-2026-07-17T14-02-50-448Z/ProductDetailClient.tsx","第 972 行","确认图片是否漏传、路径是否写错；无图产品暂不发布"
"379","","Product Code","Model:","","","图片文件不存在","gallery[0]","Product gallery","F:\WebsiteProjects\foreach-website-2026\.local-backups\tpu-configurator-safe-2026-07-17T14-06-42-823Z\Product gallery | F:\WebsiteProjects\foreach-website-2026\.local-backups\tpu-configurator-safe-2026-07-17T14-06-42-823Z\Product gallery.webp | F:\WebsiteProjects\foreach-website-2026\.local-backups\tpu-configurator-safe-2026-07-17T14-06-42-823Z\Product gallery.png | F:\WebsiteProjects\foreach-website-2026\.local-backups\tpu-configurator-safe-2026-07-17T14-06-42-823Z\Product gallery.jpg | F:\WebsiteProjects\foreach-website-2026\.local-backups\tpu-configurator-safe-2026-07-17T14-06-42-823Z\Product gallery.jpeg",".local-backups/tpu-configurator-safe-2026-07-17T14-06-42-823Z/ProductDetailClient.tsx","第 936 行","确认图片是否漏传、路径是否写错；无图产品暂不发布"
"380","","商品编码","型号：","","","图片文件不存在","gallery[0]","产品图片区域","F:\WebsiteProjects\foreach-website-2026\.local-backups\tpu-configurator-safe-2026-07-17T14-06-42-823Z\产品图片区域 | F:\WebsiteProjects\foreach-website-2026\.local-backups\tpu-configurator-safe-2026-07-17T14-06-42-823Z\产品图片区域.webp | F:\WebsiteProjects\foreach-website-2026\.local-backups\tpu-configurator-safe-2026-07-17T14-06-42-823Z\产品图片区域.png | F:\WebsiteProjects\foreach-website-2026\.local-backups\tpu-configurator-safe-2026-07-17T14-06-42-823Z\产品图片区域.jpg | F:\WebsiteProjects\foreach-website-2026\.local-backups\tpu-configurator-safe-2026-07-17T14-06-42-823Z\产品图片区域.jpeg",".local-backups/tpu-configurator-safe-2026-07-17T14-06-42-823Z/ProductDetailClient.tsx","第 972 行","确认图片是否漏传、路径是否写错；无图产品暂不发布"
"381","","Product Code","Model:","","","图片文件不存在","gallery[0]","Product gallery","F:\WebsiteProjects\foreach-website-2026\.local-backups\tpu-configurator-safe-v2-2026-07-17T14-08-54-303Z\Product gallery | F:\WebsiteProjects\foreach-website-2026\.local-backups\tpu-configurator-safe-v2-2026-07-17T14-08-54-303Z\Product gallery.webp | F:\WebsiteProjects\foreach-website-2026\.local-backups\tpu-configurator-safe-v2-2026-07-17T14-08-54-303Z\Product gallery.png | F:\WebsiteProjects\foreach-website-2026\.local-backups\tpu-configurator-safe-v2-2026-07-17T14-08-54-303Z\Product gallery.jpg | F:\WebsiteProjects\foreach-website-2026\.local-backups\tpu-configurator-safe-v2-2026-07-17T14-08-54-303Z\Product gallery.jpeg",".local-backups/tpu-configurator-safe-v2-2026-07-17T14-08-54-303Z/ProductDetailClient.tsx","第 936 行","确认图片是否漏传、路径是否写错；无图产品暂不发布"
"382","","商品编码","型号：","","","图片文件不存在","gallery[0]","产品图片区域","F:\WebsiteProjects\foreach-website-2026\.local-backups\tpu-configurator-safe-v2-2026-07-17T14-08-54-303Z\产品图片区域 | F:\WebsiteProjects\foreach-website-2026\.local-backups\tpu-configurator-safe-v2-2026-07-17T14-08-54-303Z\产品图片区域.webp | F:\WebsiteProjects\foreach-website-2026\.local-backups\tpu-configurator-safe-v2-2026-07-17T14-08-54-303Z\产品图片区域.png | F:\WebsiteProjects\foreach-website-2026\.local-backups\tpu-configurator-safe-v2-2026-07-17T14-08-54-303Z\产品图片区域.jpg | F:\WebsiteProjects\foreach-website-2026\.local-backups\tpu-configurator-safe-v2-2026-07-17T14-08-54-303Z\产品图片区域.jpeg",".local-backups/tpu-configurator-safe-v2-2026-07-17T14-08-54-303Z/ProductDetailClient.tsx","第 972 行","确认图片是否漏传、路径是否写错；无图产品暂不发布"
"383","TPU管","","","","","未配置主图字段","","","",".local-backups/tpu-simplified-selection-2026-07-17T15-40-00-748Z/tpu-tubing.ts","第 227 行","确认该产品数据是否缺少主图字段；补图前暂不发布"
"384","TPU Tubing","","","","","未配置主图字段","","","",".local-backups/tpu-simplified-selection-2026-07-17T15-40-00-748Z/tpu-tubing.ts","第 319 行","确认该产品数据是否缺少主图字段；补图前暂不发布"
"385","TPU管","","","","","未配置主图字段","","","",".local-backups/tpu-simplified-v2-2026-07-17T15-43-35-079Z/tpu-tubing.ts","第 227 行","确认该产品数据是否缺少主图字段；补图前暂不发布"
"386","TPU Tubing","","","","","未配置主图字段","","","",".local-backups/tpu-simplified-v2-2026-07-17T15-43-35-079Z/tpu-tubing.ts","第 319 行","确认该产品数据是否缺少主图字段；补图前暂不发布"
"387","","","","pvc-tubing","tubing","未配置主图字段","","","","app/products/[category]/[slug]/page.tsx","第 58 行","确认该产品数据是否缺少主图字段；补图前暂不发布"
"388","","","","tpu-tubing","tubing","未配置主图字段","","","","app/products/[category]/[slug]/page.tsx","第 59 行","确认该产品数据是否缺少主图字段；补图前暂不发布"
"389","","","","fep-tubing","tubing","未配置主图字段","","","","app/products/[category]/[slug]/page.tsx","第 60 行","确认该产品数据是否缺少主图字段；补图前暂不发布"
"390","","","","ptfe-tubing","tubing","未配置主图字段","","","","app/products/[category]/[slug]/page.tsx","第 61 行","确认该产品数据是否缺少主图字段；补图前暂不发布"
"391","","","","peek-tubing","tubing","未配置主图字段","","","","app/products/[category]/[slug]/page.tsx","第 62 行","确认该产品数据是否缺少主图字段；补图前暂不发布"
"392","","","","pfa-tubing","tubing","未配置主图字段","","","","app/products/[category]/[slug]/page.tsx","第 63 行","确认该产品数据是否缺少主图字段；补图前暂不发布"
"393","","","","hard-tube-fittings","fittings","未配置主图字段","","","","app/products/[category]/[slug]/[seriesSlug]/page.tsx","第 394 行","确认该产品数据是否缺少主图字段；补图前暂不发布"
"394","","","","thread-to-barbed-fittings","fittings","未配置主图字段","","","","app/products/[category]/[slug]/[seriesSlug]/page.tsx","第 410 行","确认该产品数据是否缺少主图字段；补图前暂不发布"
"395","","","","luer-fittings","fittings","未配置主图字段","","","","app/products/[category]/[slug]/[seriesSlug]/page.tsx","第 426 行","确认该产品数据是否缺少主图字段；补图前暂不发布"
"396","","","","female-thread-adapters","fittings","未配置主图字段","","","","app/products/[category]/[slug]/[seriesSlug]/page.tsx","第 442 行","确认该产品数据是否缺少主图字段；补图前暂不发布"
"397","","Product Code","Model:","","","图片文件不存在","gallery[0]","Product gallery","F:\WebsiteProjects\foreach-website-2026\components\products\detail\Product gallery | F:\WebsiteProjects\foreach-website-2026\components\products\detail\Product gallery.webp | F:\WebsiteProjects\foreach-website-2026\components\products\detail\Product gallery.png | F:\WebsiteProjects\foreach-website-2026\components\products\detail\Product gallery.jpg | F:\WebsiteProjects\foreach-website-2026\components\products\detail\Product gallery.jpeg","components/products/detail/ProductDetailClient.tsx","第 1111 行","确认图片是否漏传、路径是否写错；无图产品暂不发布"
"398","","商品编码","型号：","","","图片文件不存在","gallery[0]","产品图片区域","F:\WebsiteProjects\foreach-website-2026\components\products\detail\产品图片区域 | F:\WebsiteProjects\foreach-website-2026\components\products\detail\产品图片区域.webp | F:\WebsiteProjects\foreach-website-2026\components\products\detail\产品图片区域.png | F:\WebsiteProjects\foreach-website-2026\components\products\detail\产品图片区域.jpg | F:\WebsiteProjects\foreach-website-2026\components\products\detail\产品图片区域.jpeg","components/products/detail/ProductDetailClient.tsx","第 1156 行","确认图片是否漏传、路径是否写错；无图产品暂不发布"
"399","","Código de producto","","","Tipo de producto","未配置主图字段","","","","components/selection-cart/SelectionCartProvider.tsx","第 48 行","确认该产品数据是否缺少主图字段；补图前暂不发布"
"400","","Code produit","","","Type de produit","未配置主图字段","","","","components/selection-cart/SelectionCartProvider.tsx","第 67 行","确认该产品数据是否缺少主图字段；补图前暂不发布"
"401","","제품 코드","","","제품 유형","未配置主图字段","","","","components/selection-cart/SelectionCartProvider.tsx","第 86 行","确认该产品数据是否缺少主图字段；补图前暂不发布"
"402","","Код продукции","","","Тип продукции","未配置主图字段","","","","components/selection-cart/SelectionCartProvider.tsx","第 105 行","确认该产品数据是否缺少主图字段；补图前暂不发布"
"403","Q20 快插接头","","","","","主图为变量或导入对象，需人工确认","imagePath","","","components/selection-cart/SelectionCartProvider.tsx","第 205 行","需要人工检查图片导入变量或动态映射"
"404","FEP管","","","","","未配置主图字段","","","","data/products/configurator/fep-tubing.ts","第 113 行","确认该产品数据是否缺少主图字段；补图前暂不发布"
"405","FEP Tubing","","","","","未配置主图字段","","","","data/products/configurator/fep-tubing.ts","第 177 行","确认该产品数据是否缺少主图字段；补图前暂不发布"
"406","PEEK管","","","","","未配置主图字段","","","","data/products/configurator/peek-tubing.ts","第 41 行","确认该产品数据是否缺少主图字段；补图前暂不发布"
"407","PEEK Tubing","","","","","未配置主图字段","","","","data/products/configurator/peek-tubing.ts","第 105 行","确认该产品数据是否缺少主图字段；补图前暂不发布"
"408","PFA管","","","","","未配置主图字段","","","","data/products/configurator/pfa-tubing.ts","第 58 行","确认该产品数据是否缺少主图字段；补图前暂不发布"
"409","PFA Tubing","","","","","未配置主图字段","","","","data/products/configurator/pfa-tubing.ts","第 122 行","确认该产品数据是否缺少主图字段；补图前暂不发布"
"410","PTFE管","","","","","未配置主图字段","","","","data/products/configurator/ptfe-tubing.ts","第 348 行","确认该产品数据是否缺少主图字段；补图前暂不发布"
"411","PTFE Tubing","","","","","未配置主图字段","","","","data/products/configurator/ptfe-tubing.ts","第 435 行","确认该产品数据是否缺少主图字段；补图前暂不发布"
"412","PVC管","","","","","未配置主图字段","","","","data/products/configurator/pvc-tubing.ts","第 440 行","确认该产品数据是否缺少主图字段；补图前暂不发布"
"413","PVC Tubing","","","","","未配置主图字段","","","","data/products/configurator/pvc-tubing.ts","第 501 行","确认该产品数据是否缺少主图字段；补图前暂不发布"
"414","TPU管","","","","","未配置主图字段","","","","data/products/configurator/tpu-tubing.ts","第 201 行","确认该产品数据是否缺少主图字段；补图前暂不发布"
"415","TPU Tubing","","","","","未配置主图字段","","","","data/products/configurator/tpu-tubing.ts","第 293 行","确认该产品数据是否缺少主图字段；补图前暂不发布"
"416","ABD 气泡检测模块","","","abd-air-bubble-detector","","正常","media.images[0]","/images/logo/foreach-logo-color.svg","F:\WebsiteProjects\foreach-website-2026\public\images\logo\foreach-logo-color.svg","data/products/control-modules/control-module-detail.generated.ts","第 28 行","无需处理"
"417","PDM5 压力检测模块","","","pdm5-pressure-sensor","","正常","media.images[0]","/images/logo/foreach-logo-color.svg","F:\WebsiteProjects\foreach-website-2026\public\images\logo\foreach-logo-color.svg","data/products/control-modules/control-module-detail.generated.ts","第 98 行","无需处理"
"418","常规柱塞泵","","EA-100-PMMA","ea-100-pmma","pumps","正常","mainImage","/images/products/pumps/plunger-pump/ea/pump-ea-100ul-pmma.webp","F:\WebsiteProjects\foreach-website-2026\public\images\products\pumps\plunger-pump\ea\pump-ea-100ul-pmma.webp","data/products/detail/ea-product-details.zh.generated.ts","第 34 行","无需处理"
"419","常规柱塞泵","","EA-100-PEEK","ea-100-peek","pumps","正常","mainImage","/images/products/pumps/plunger-pump/ea/pump-ea-100ul-peek.webp","F:\WebsiteProjects\foreach-website-2026\public\images\products\pumps\plunger-pump\ea\pump-ea-100ul-peek.webp","data/products/detail/ea-product-details.zh.generated.ts","第 66 行","无需处理"
"420","常规柱塞泵","","EA-250-PMMA","ea-250-pmma","pumps","正常","mainImage","/images/products/pumps/plunger-pump/ea/pump-ea-250ul-pmma.webp","F:\WebsiteProjects\foreach-website-2026\public\images\products\pumps\plunger-pump\ea\pump-ea-250ul-pmma.webp","data/products/detail/ea-product-details.zh.generated.ts","第 98 行","无需处理"
"421","常规柱塞泵","","EA-250-PEEK","ea-250-peek","pumps","正常","mainImage","/images/products/pumps/plunger-pump/ea/pump-ea-250ul-peek.webp","F:\WebsiteProjects\foreach-website-2026\public\images\products\pumps\plunger-pump\ea\pump-ea-250ul-peek.webp","data/products/detail/ea-product-details.zh.generated.ts","第 130 行","无需处理"
"422","常规柱塞泵","","EA-500-PMMA","ea-500-pmma","pumps","正常","mainImage","/images/products/pumps/plunger-pump/ea/pump-ea-500ul-pmma.webp","F:\WebsiteProjects\foreach-website-2026\public\images\products\pumps\plunger-pump\ea\pump-ea-500ul-pmma.webp","data/products/detail/ea-product-details.zh.generated.ts","第 162 行","无需处理"
"423","常规柱塞泵","","EA-500-PEEK","ea-500-peek","pumps","正常","mainImage","/images/products/pumps/plunger-pump/ea/pump-ea-500ul-peek.webp","F:\WebsiteProjects\foreach-website-2026\public\images\products\pumps\plunger-pump\ea\pump-ea-500ul-peek.webp","data/products/detail/ea-product-details.zh.generated.ts","第 194 行","无需处理"
"424","常规柱塞泵","","EA-1000-PMMA","ea-1000-pmma","pumps","正常","mainImage","/images/products/pumps/plunger-pump/ea/pump-ea-1000ul-pmma.webp","F:\WebsiteProjects\foreach-website-2026\public\images\products\pumps\plunger-pump\ea\pump-ea-1000ul-pmma.webp","data/products/detail/ea-product-details.zh.generated.ts","第 226 行","无需处理"
"425","常规柱塞泵","","EA-1000-PEEK","ea-1000-peek","pumps","正常","mainImage","/images/products/pumps/plunger-pump/ea/pump-ea-1000ul-peek.webp","F:\WebsiteProjects\foreach-website-2026\public\images\products\pumps\plunger-pump\ea\pump-ea-1000ul-peek.webp","data/products/detail/ea-product-details.zh.generated.ts","第 258 行","无需处理"
"426","常规柱塞泵","","EA-2500-PMMA","ea-2500-pmma","pumps","正常","mainImage","/images/products/pumps/plunger-pump/ea/pump-ea-2500ul-pmma.webp","F:\WebsiteProjects\foreach-website-2026\public\images\products\pumps\plunger-pump\ea\pump-ea-2500ul-pmma.webp","data/products/detail/ea-product-details.zh.generated.ts","第 290 行","无需处理"
"427","常规柱塞泵","","EA-2500-PEEK","ea-2500-peek","pumps","正常","mainImage","/images/products/pumps/plunger-pump/ea/pump-ea-2500ul-peek.webp","F:\WebsiteProjects\foreach-website-2026\public\images\products\pumps\plunger-pump\ea\pump-ea-2500ul-peek.webp","data/products/detail/ea-product-details.zh.generated.ts","第 322 行","无需处理"
"428","常规柱塞泵","","EA-5000-PMMA","ea-5000-pmma","pumps","正常","mainImage","/images/products/pumps/plunger-pump/ea/pump-ea-5000ul-pmma.webp","F:\WebsiteProjects\foreach-website-2026\public\images\products\pumps\plunger-pump\ea\pump-ea-5000ul-pmma.webp","data/products/detail/ea-product-details.zh.generated.ts","第 354 行","无需处理"
"429","常规柱塞泵","","EA-5000-PEEK","ea-5000-peek","pumps","正常","mainImage","/images/products/pumps/plunger-pump/ea/pump-ea-5000ul-peek.webp","F:\WebsiteProjects\foreach-website-2026\public\images\products\pumps\plunger-pump\ea\pump-ea-5000ul-peek.webp","data/products/detail/ea-product-details.zh.generated.ts","第 386 行","无需处理"
"430","常规柱塞泵","","EA-10000-PMMA","ea-10000-pmma","pumps","正常","mainImage","/images/products/pumps/plunger-pump/ea/pump-ea-10000ul-pmma.webp","F:\WebsiteProjects\foreach-website-2026\public\images\products\pumps\plunger-pump\ea\pump-ea-10000ul-pmma.webp","data/products/detail/ea-product-details.zh.generated.ts","第 418 行","无需处理"
"431","常规柱塞泵","","EA-10000-PEEK","ea-10000-peek","pumps","正常","mainImage","/images/products/pumps/plunger-pump/ea/pump-ea-10000ul-peek.webp","F:\WebsiteProjects\foreach-website-2026\public\images\products\pumps\plunger-pump\ea\pump-ea-10000ul-peek.webp","data/products/detail/ea-product-details.zh.generated.ts","第 450 行","无需处理"
"432","","Código de producto","Modelo:","","","图片文件不存在","gallery[0]","Galería del producto","F:\WebsiteProjects\foreach-website-2026\data\products\detail\Galería del producto | F:\WebsiteProjects\foreach-website-2026\data\products\detail\Galería del producto.webp | F:\WebsiteProjects\foreach-website-2026\data\products\detail\Galería del producto.png | F:\WebsiteProjects\foreach-website-2026\data\products\detail\Galería del producto.jpg | F:\WebsiteProjects\foreach-website-2026\data\products\detail\Galería del producto.jpeg","data/products/detail/hard-tube-fitting-detail.intl.ts","第 56 行","确认图片是否漏传、路径是否写错；无图产品暂不发布"
"433","","Code produit","Modèle :","","","图片文件不存在","gallery[0]","Galerie du produit","F:\WebsiteProjects\foreach-website-2026\data\products\detail\Galerie du produit | F:\WebsiteProjects\foreach-website-2026\data\products\detail\Galerie du produit.webp | F:\WebsiteProjects\foreach-website-2026\data\products\detail\Galerie du produit.png | F:\WebsiteProjects\foreach-website-2026\data\products\detail\Galerie du produit.jpg | F:\WebsiteProjects\foreach-website-2026\data\products\detail\Galerie du produit.jpeg","data/products/detail/hard-tube-fitting-detail.intl.ts","第 101 行","确认图片是否漏传、路径是否写错；无图产品暂不发布"
"434","","제품 코드","모델:","","","图片文件不存在","gallery[0]","제품 이미지","F:\WebsiteProjects\foreach-website-2026\data\products\detail\제품 이미지 | F:\WebsiteProjects\foreach-website-2026\data\products\detail\제품 이미지.webp | F:\WebsiteProjects\foreach-website-2026\data\products\detail\제품 이미지.png | F:\WebsiteProjects\foreach-website-2026\data\products\detail\제품 이미지.jpg | F:\WebsiteProjects\foreach-website-2026\data\products\detail\제품 이미지.jpeg","data/products/detail/hard-tube-fitting-detail.intl.ts","第 146 行","确认图片是否漏传、路径是否写错；无图产品暂不发布"
"435","","Код продукта","Модель:","","","图片文件不存在","gallery[0]","Галерея продукта","F:\WebsiteProjects\foreach-website-2026\data\products\detail\Галерея продукта | F:\WebsiteProjects\foreach-website-2026\data\products\detail\Галерея продукта.webp | F:\WebsiteProjects\foreach-website-2026\data\products\detail\Галерея продукта.png | F:\WebsiteProjects\foreach-website-2026\data\products\detail\Галерея продукта.jpg | F:\WebsiteProjects\foreach-website-2026\data\products\detail\Галерея продукта.jpeg","data/products/detail/hard-tube-fitting-detail.intl.ts","第 191 行","确认图片是否漏传、路径是否写错；无图产品暂不发布"
"436","EA-100-PMMA 常规柱塞泵","","EA-100-PMMA","ea-100-pmma","泵类 / Pumps","未配置主图字段","","","","data/products/detail/plunger-pump-detail.generated.ts","第 18 行","确认该产品数据是否缺少主图字段；补图前暂不发布"
"437","EA-100-PEEK 常规柱塞泵","","EA-100-PEEK","ea-100-peek","泵类 / Pumps","未配置主图字段","","","","data/products/detail/plunger-pump-detail.generated.ts","第 143 行","确认该产品数据是否缺少主图字段；补图前暂不发布"
"438","EA-250-PMMA 常规柱塞泵","","EA-250-PMMA","ea-250-pmma","泵类 / Pumps","未配置主图字段","","","","data/products/detail/plunger-pump-detail.generated.ts","第 268 行","确认该产品数据是否缺少主图字段；补图前暂不发布"
"439","EA-250-PEEK 常规柱塞泵","","EA-250-PEEK","ea-250-peek","泵类 / Pumps","未配置主图字段","","","","data/products/detail/plunger-pump-detail.generated.ts","第 393 行","确认该产品数据是否缺少主图字段；补图前暂不发布"
"440","EA-500-PMMA 常规柱塞泵","","EA-500-PMMA","ea-500-pmma","泵类 / Pumps","未配置主图字段","","","","data/products/detail/plunger-pump-detail.generated.ts","第 518 行","确认该产品数据是否缺少主图字段；补图前暂不发布"
"441","EA-500-PEEK 常规柱塞泵","","EA-500-PEEK","ea-500-peek","泵类 / Pumps","未配置主图字段","","","","data/products/detail/plunger-pump-detail.generated.ts","第 643 行","确认该产品数据是否缺少主图字段；补图前暂不发布"
"442","EA-1000-PMMA 常规柱塞泵","","EA-1000-PMMA","ea-1000-pmma","泵类 / Pumps","未配置主图字段","","","","data/products/detail/plunger-pump-detail.generated.ts","第 768 行","确认该产品数据是否缺少主图字段；补图前暂不发布"
"443","EA-1000-PEEK 常规柱塞泵","","EA-1000-PEEK","ea-1000-peek","泵类 / Pumps","未配置主图字段","","","","data/products/detail/plunger-pump-detail.generated.ts","第 893 行","确认该产品数据是否缺少主图字段；补图前暂不发布"
"444","EA-2500-PMMA 常规柱塞泵","","EA-2500-PMMA","ea-2500-pmma","泵类 / Pumps","未配置主图字段","","","","data/products/detail/plunger-pump-detail.generated.ts","第 1018 行","确认该产品数据是否缺少主图字段；补图前暂不发布"
"445","EA-2500-PEEK 常规柱塞泵","","EA-2500-PEEK","ea-2500-peek","泵类 / Pumps","未配置主图字段","","","","data/products/detail/plunger-pump-detail.generated.ts","第 1143 行","确认该产品数据是否缺少主图字段；补图前暂不发布"
"446","EA-5000-PMMA 常规柱塞泵","","EA-5000-PMMA","ea-5000-pmma","泵类 / Pumps","未配置主图字段","","","","data/products/detail/plunger-pump-detail.generated.ts","第 1268 行","确认该产品数据是否缺少主图字段；补图前暂不发布"
"447","EA-5000-PEEK 常规柱塞泵","","EA-5000-PEEK","ea-5000-peek","泵类 / Pumps","未配置主图字段","","","","data/products/detail/plunger-pump-detail.generated.ts","第 1393 行","确认该产品数据是否缺少主图字段；补图前暂不发布"
"448","EA-10000-PMMA 常规柱塞泵","","EA-10000-PMMA","ea-10000-pmma","泵类 / Pumps","未配置主图字段","","","","data/products/detail/plunger-pump-detail.generated.ts","第 1518 行","确认该产品数据是否缺少主图字段；补图前暂不发布"
"449","EA-10000-PEEK 常规柱塞泵","","EA-10000-PEEK","ea-10000-peek","泵类 / Pumps","未配置主图字段","","","","data/products/detail/plunger-pump-detail.generated.ts","第 1643 行","确认该产品数据是否缺少主图字段；补图前暂不发布"
"450","SM-50-PMMA 微型柱塞泵","","SM-50-PMMA","sm-50-pmma","泵类 / Pumps","未配置主图字段","","","","data/products/detail/plunger-pump-detail.generated.ts","第 1768 行","确认该产品数据是否缺少主图字段；补图前暂不发布"
"451","SM-100-PMMA 微型柱塞泵","","SM-100-PMMA","sm-100-pmma","泵类 / Pumps","未配置主图字段","","","","data/products/detail/plunger-pump-detail.generated.ts","第 1889 行","确认该产品数据是否缺少主图字段；补图前暂不发布"
"452","SM-100-PEEK 微型柱塞泵","","SM-100-PEEK","sm-100-peek","泵类 / Pumps","未配置主图字段","","","","data/products/detail/plunger-pump-detail.generated.ts","第 2010 行","确认该产品数据是否缺少主图字段；补图前暂不发布"
"453","SM-250-PMMA 微型柱塞泵","","SM-250-PMMA","sm-250-pmma","泵类 / Pumps","未配置主图字段","","","","data/products/detail/plunger-pump-detail.generated.ts","第 2131 行","确认该产品数据是否缺少主图字段；补图前暂不发布"
"454","SM-250-PEEK 微型柱塞泵","","SM-250-PEEK","sm-250-peek","泵类 / Pumps","未配置主图字段","","","","data/products/detail/plunger-pump-detail.generated.ts","第 2252 行","确认该产品数据是否缺少主图字段；补图前暂不发布"
"455","SM-500-PMMA 微型柱塞泵","","SM-500-PMMA","sm-500-pmma","泵类 / Pumps","未配置主图字段","","","","data/products/detail/plunger-pump-detail.generated.ts","第 2373 行","确认该产品数据是否缺少主图字段；补图前暂不发布"
"456","SM-1000-PMMA 微型柱塞泵","","SM-1000-PMMA","sm-1000-pmma","泵类 / Pumps","未配置主图字段","","","","data/products/detail/plunger-pump-detail.generated.ts","第 2494 行","确认该产品数据是否缺少主图字段；补图前暂不发布"
"457","TM-50-PMMA 超微型柱塞泵","","TM-50-PMMA","tm-50-pmma","泵类 / Pumps","未配置主图字段","","","","data/products/detail/plunger-pump-detail.generated.ts","第 2615 行","确认该产品数据是否缺少主图字段；补图前暂不发布"
"458","TM-100-PMMA 超微型柱塞泵","","TM-100-PMMA","tm-100-pmma","泵类 / Pumps","未配置主图字段","","","","data/products/detail/plunger-pump-detail.generated.ts","第 2736 行","确认该产品数据是否缺少主图字段；补图前暂不发布"
"459","TM-250-PMMA 超微型柱塞泵","","TM-250-PMMA","tm-250-pmma","泵类 / Pumps","未配置主图字段","","","","data/products/detail/plunger-pump-detail.generated.ts","第 2857 行","确认该产品数据是否缺少主图字段；补图前暂不发布"
"460","TM-500-PMMA 超微型柱塞泵","","TM-500-PMMA","tm-500-pmma","泵类 / Pumps","未配置主图字段","","","","data/products/detail/plunger-pump-detail.generated.ts","第 2978 行","确认该产品数据是否缺少主图字段；补图前暂不发布"
"461","Product Name","Product Code","Model","","Product Category","未配置主图字段","","","","data/products/detail/product-detail.intl.ts","第 6 行","确认该产品数据是否缺少主图字段；补图前暂不发布"
"462","Product Name","","","","Product Category","未配置主图字段","","","","data/products/detail/product-detail.intl.ts","第 1303 行","确认该产品数据是否缺少主图字段；补图前暂不发布"
"463","Nombre","Código de producto","Modelo","","Categoría","未配置主图字段","","","","data/products/detail/product-detail.target.intl.ts","第 48 行","确认该产品数据是否缺少主图字段；补图前暂不发布"
"464","Nom","Code produit","Modèle","","Catégorie","未配置主图字段","","","","data/products/detail/product-detail.target.intl.ts","第 49 行","确认该产品数据是否缺少主图字段；补图前暂不发布"
"465","명칭","제품 코드","모델","","제품 범주","未配置主图字段","","","","data/products/detail/product-detail.target.intl.ts","第 50 行","确认该产品数据是否缺少主图字段；补图前暂不发布"
"466","Наименование","Код продукта","Модель","","Категория","未配置主图字段","","","","data/products/detail/product-detail.target.intl.ts","第 51 行","确认该产品数据是否缺少主图字段；补图前暂不发布"
"467","","Código de producto","Modelo","","Categoría de producto","未配置主图字段","","","","data/products/detail/product-detail.target.intl.ts","第 76 行","确认该产品数据是否缺少主图字段；补图前暂不发布"
"468","","Code produit","Modèle","","Catégorie de produit","未配置主图字段","","","","data/products/detail/product-detail.target.intl.ts","第 77 行","确认该产品数据是否缺少主图字段；补图前暂不发布"
"469","","제품 코드","모델","","제품 범주","未配置主图字段","","","","data/products/detail/product-detail.target.intl.ts","第 78 行","确认该产品数据是否缺少主图字段；补图前暂不发布"
"470","","Код продукта","Модель","","Категория продукта","未配置主图字段","","","","data/products/detail/product-detail.target.intl.ts","第 79 行","确认该产品数据是否缺少主图字段；补图前暂不发布"
"471","常规柱塞泵","","EA-100-PMMA","ea-100ul-pmma","pumps","未配置主图字段","","","","data/products/detail/product-detail.zh.ts","第 14 行","确认该产品数据是否缺少主图字段；补图前暂不发布"
"472","直通等径倒刺接头","809276","BA-16F-PP-N","ba-16f-pp-n","fittings","正常","mainImage","/images/products/fittings/barbed-fittings/products/ba-16f-pp-n-main.jpg","F:\WebsiteProjects\foreach-website-2026\public\images\products\fittings\barbed-fittings\products\ba-16f-pp-n-main.jpg","data/products/generated/fittings/barbed-fittings/detail/index.json","$[0]","无需处理"
"473","直通等径倒刺接头","809277","BA-24F-PP-N","ba-24f-pp-n","fittings","正常","mainImage","/images/products/fittings/barbed-fittings/products/ba-24f-pp-n-main.jpg","F:\WebsiteProjects\foreach-website-2026\public\images\products\fittings\barbed-fittings\products\ba-24f-pp-n-main.jpg","data/products/generated/fittings/barbed-fittings/detail/index.json","$[1]","无需处理"
"474","直通等径倒刺接头","809278","BA-32F-PP-N","ba-32f-pp-n","fittings","正常","mainImage","/images/products/fittings/barbed-fittings/products/ba-32f-pp-n-main.jpg","F:\WebsiteProjects\foreach-website-2026\public\images\products\fittings\barbed-fittings\products\ba-32f-pp-n-main.jpg","data/products/generated/fittings/barbed-fittings/detail/index.json","$[2]","无需处理"
"475","直通等径倒刺接头","809279","BA-40F-PP-N","ba-40f-pp-n","fittings","正常","mainImage","/images/products/fittings/barbed-fittings/products/ba-40f-pp-n-main.jpg","F:\WebsiteProjects\foreach-website-2026\public\images\products\fittings\barbed-fittings\products\ba-40f-pp-n-main.jpg","data/products/generated/fittings/barbed-fittings/detail/index.json","$[3]","无需处理"
"476","直通异径倒刺接头","809288","BA-16F-24F-PP-N","ba-16f-24f-pp-n","fittings","正常","mainImage","/images/products/fittings/barbed-fittings/products/ba-16f-24f-pp-n-main.jpg","F:\WebsiteProjects\foreach-website-2026\public\images\products\fittings\barbed-fittings\products\ba-16f-24f-pp-n-main.jpg","data/products/generated/fittings/barbed-fittings/detail/index.json","$[4]","无需处理"
"477","直通异径倒刺接头","809289","BA-24F-32F-PP-N","ba-24f-32f-pp-n","fittings","正常","mainImage","/images/products/fittings/barbed-fittings/products/ba-24f-32f-pp-n-main.jpg","F:\WebsiteProjects\foreach-website-2026\public\images\products\fittings\barbed-fittings\products\ba-24f-32f-pp-n-main.jpg","data/products/generated/fittings/barbed-fittings/detail/index.json","$[5]","无需处理"
"478","直通等径倒刺接头","809321","BA-16F-PA-W","ba-16f-pa-w","fittings","正常","mainImage","/images/products/fittings/barbed-fittings/products/ba-16f-pa-w-main.jpg","F:\WebsiteProjects\foreach-website-2026\public\images\products\fittings\barbed-fittings\products\ba-16f-pa-w-main.jpg","data/products/generated/fittings/barbed-fittings/detail/index.json","$[6]","无需处理"
"479","直通异径倒刺接头","809322","BA-16F-24F-PA-W","ba-16f-24f-pa-w","fittings","正常","mainImage","/images/products/fittings/barbed-fittings/products/ba-16f-24f-pa-w-main.jpg","F:\WebsiteProjects\foreach-website-2026\public\images\products\fittings\barbed-fittings\products\ba-16f-24f-pa-w-main.jpg","data/products/generated/fittings/barbed-fittings/detail/index.json","$[7]","无需处理"
"480","直通等径倒刺接头","809324","BA-24F-PA-W","ba-24f-pa-w","fittings","正常","mainImage","/images/products/fittings/barbed-fittings/products/ba-24f-pa-w-main.jpg","F:\WebsiteProjects\foreach-website-2026\public\images\products\fittings\barbed-fittings\products\ba-24f-pa-w-main.jpg","data/products/generated/fittings/barbed-fittings/detail/index.json","$[8]","无需处理"
"481","直通异径倒刺接头","809325","BA-24F-32F-PA-W","ba-24f-32f-pa-w","fittings","正常","mainImage","/images/products/fittings/barbed-fittings/products/ba-24f-32f-pa-w-main.jpg","F:\WebsiteProjects\foreach-website-2026\public\images\products\fittings\barbed-fittings\products\ba-24f-32f-pa-w-main.jpg","data/products/generated/fittings/barbed-fittings/detail/index.json","$[9]","无需处理"
"482","直通等径倒刺接头","809328","BA-32F-PA-W","ba-32f-pa-w","fittings","正常","mainImage","/images/products/fittings/barbed-fittings/products/ba-32f-pa-w-main.jpg","F:\WebsiteProjects\foreach-website-2026\public\images\products\fittings\barbed-fittings\products\ba-32f-pa-w-main.jpg","data/products/generated/fittings/barbed-fittings/detail/index.json","$[10]","无需处理"
"483","直通等径倒刺接头","809329","BA-40F-PA-W","ba-40f-pa-w","fittings","正常","mainImage","/images/products/fittings/barbed-fittings/products/ba-40f-pa-w-main.jpg","F:\WebsiteProjects\foreach-website-2026\public\images\products\fittings\barbed-fittings\products\ba-40f-pa-w-main.jpg","data/products/generated/fittings/barbed-fittings/detail/index.json","$[11]","无需处理"
"484","直通异径倒刺接头","809330","BA-16F-32F-PP-N","ba-16f-32f-pp-n","fittings","正常","mainImage","/images/products/fittings/barbed-fittings/products/ba-16f-32f-pp-n-main.jpg","F:\WebsiteProjects\foreach-website-2026\public\images\products\fittings\barbed-fittings\products\ba-16f-32f-pp-n-main.jpg","data/products/generated/fittings/barbed-fittings/detail/index.json","$[12]","无需处理"
"485","直通异径倒刺接头","809332","BA-16F-32F-PA-W","ba-16f-32f-pa-w","fittings","正常","mainImage","/images/products/fittings/barbed-fittings/products/ba-16f-32f-pa-w-main.jpg","F:\WebsiteProjects\foreach-website-2026\public\images\products\fittings\barbed-fittings\products\ba-16f-32f-pa-w-main.jpg","data/products/generated/fittings/barbed-fittings/detail/index.json","$[13]","无需处理"
"486","直通异径倒刺接头","809371","BA-32C-64C-PA-W","ba-32c-64c-pa-w","fittings","正常","mainImage","/images/products/fittings/barbed-fittings/products/ba-32c-64c-pa-w-main.jpg","F:\WebsiteProjects\foreach-website-2026\public\images\products\fittings\barbed-fittings\products\ba-32c-64c-pa-w-main.jpg","data/products/generated/fittings/barbed-fittings/detail/index.json","$[14]","无需处理"
"487","直通异径倒刺接头","809370","BA-32C-64C-PP-N","ba-32c-64c-pp-n","fittings","正常","mainImage","/images/products/fittings/barbed-fittings/products/ba-32c-64c-pp-n-main.jpg","F:\WebsiteProjects\foreach-website-2026\public\images\products\fittings\barbed-fittings\products\ba-32c-64c-pp-n-main.jpg","data/products/generated/fittings/barbed-fittings/detail/index.json","$[15]","无需处理"
"488","直通异径倒刺接头","809374","BA-32V-40V-PP-N","ba-32v-40v-pp-n","fittings","正常","mainImage","/images/products/fittings/barbed-fittings/products/ba-32v-40v-pp-n-main.jpg","F:\WebsiteProjects\foreach-website-2026\public\images\products\fittings\barbed-fittings\products\ba-32v-40v-pp-n-main.jpg","data/products/generated/fittings/barbed-fittings/detail/index.json","$[16]","无需处理"
"489","直通异径倒刺接头","809375","BA-32V-40V-PA-W","ba-32v-40v-pa-w","fittings","正常","mainImage","/images/products/fittings/barbed-fittings/products/ba-32v-40v-pa-w-main.jpg","F:\WebsiteProjects\foreach-website-2026\public\images\products\fittings\barbed-fittings\products\ba-32v-40v-pa-w-main.jpg","data/products/generated/fittings/barbed-fittings/detail/index.json","$[17]","无需处理"
"490","直通异径倒刺接头","809376","BA-24V-40V-PP-N","ba-24v-40v-pp-n","fittings","正常","mainImage","/images/products/fittings/barbed-fittings/products/ba-24v-40v-pp-n-main.jpg","F:\WebsiteProjects\foreach-website-2026\public\images\products\fittings\barbed-fittings\products\ba-24v-40v-pp-n-main.jpg","data/products/generated/fittings/barbed-fittings/detail/index.json","$[18]","无需处理"
"491","直通异径倒刺接头","809377","BA-24V-40V-PA-W","ba-24v-40v-pa-w","fittings","正常","mainImage","/images/products/fittings/barbed-fittings/products/ba-24v-40v-pa-w-main.jpg","F:\WebsiteProjects\foreach-website-2026\public\images\products\fittings\barbed-fittings\products\ba-24v-40v-pa-w-main.jpg","data/products/generated/fittings/barbed-fittings/detail/index.json","$[19]","无需处理"
"492","直通异径倒刺接头","809378","BA-64V-79V-PP-N","ba-64v-79v-pp-n","fittings","正常","mainImage","/images/products/fittings/barbed-fittings/products/ba-64v-79v-pp-n-main.jpg","F:\WebsiteProjects\foreach-website-2026\public\images\products\fittings\barbed-fittings\products\ba-64v-79v-pp-n-main.jpg","data/products/generated/fittings/barbed-fittings/detail/index.json","$[20]","无需处理"
"493","直通异径倒刺接头","809379","BA-64V-79V-PA-W","ba-64v-79v-pa-w","fittings","正常","mainImage","/images/products/fittings/barbed-fittings/products/ba-64v-79v-pa-w-main.jpg","F:\WebsiteProjects\foreach-website-2026\public\images\products\fittings\barbed-fittings\products\ba-64v-79v-pa-w-main.jpg","data/products/generated/fittings/barbed-fittings/detail/index.json","$[21]","无需处理"
"494","直通等径倒刺接头","809424","BA-64C-PP-N","ba-64c-pp-n","fittings","正常","mainImage","/images/products/fittings/barbed-fittings/products/ba-64c-pp-n-main.jpg","F:\WebsiteProjects\foreach-website-2026\public\images\products\fittings\barbed-fittings\products\ba-64c-pp-n-main.jpg","data/products/generated/fittings/barbed-fittings/detail/index.json","$[22]","无需处理"
"495","直通等径倒刺接头","809425","BA-64C-PA-W","ba-64c-pa-w","fittings","正常","mainImage","/images/products/fittings/barbed-fittings/products/ba-64c-pa-w-main.jpg","F:\WebsiteProjects\foreach-website-2026\public\images\products\fittings\barbed-fittings\products\ba-64c-pa-w-main.jpg","data/products/generated/fittings/barbed-fittings/detail/index.json","$[23]","无需处理"
"496","直通异径倒刺接头","809426","BA-64V-95V-PP-N","ba-64v-95v-pp-n","fittings","正常","mainImage","/images/products/fittings/barbed-fittings/products/ba-64v-95v-pp-n-main.jpg","F:\WebsiteProjects\foreach-website-2026\public\images\products\fittings\barbed-fittings\products\ba-64v-95v-pp-n-main.jpg","data/products/generated/fittings/barbed-fittings/detail/index.json","$[24]","无需处理"
"497","直通异径倒刺接头","809427","BA-64V-95V-PA-W","ba-64v-95v-pa-w","fittings","正常","mainImage","/images/products/fittings/barbed-fittings/products/ba-64v-95v-pa-w-main.jpg","F:\WebsiteProjects\foreach-website-2026\public\images\products\fittings\barbed-fittings\products\ba-64v-95v-pa-w-main.jpg","data/products/generated/fittings/barbed-fittings/detail/index.json","$[25]","无需处理"
"498","直通异径倒刺接头","809428","BA-64X-127X-PP-N","ba-64x-127x-pp-n","fittings","正常","mainImage","/images/products/fittings/barbed-fittings/products/ba-64x-127x-pp-n-main.jpg","F:\WebsiteProjects\foreach-website-2026\public\images\products\fittings\barbed-fittings\products\ba-64x-127x-pp-n-main.jpg","data/products/generated/fittings/barbed-fittings/detail/index.json","$[26]","无需处理"
"499","直通异径倒刺接头","809429","BA-64X-127X-PA-W","ba-64x-127x-pa-w","fittings","正常","mainImage","/images/products/fittings/barbed-fittings/products/ba-64x-127x-pa-w-main.jpg","F:\WebsiteProjects\foreach-website-2026\public\images\products\fittings\barbed-fittings\products\ba-64x-127x-pa-w-main.jpg","data/products/generated/fittings/barbed-fittings/detail/index.json","$[27]","无需处理"
"500","直通等径倒刺接头","809547","BA-16C-PP-N","ba-16c-pp-n","fittings","正常","mainImage","/images/products/fittings/barbed-fittings/products/ba-16c-pp-n-main.jpg","F:\WebsiteProjects\foreach-website-2026\public\images\products\fittings\barbed-fittings\products\ba-16c-pp-n-main.jpg","data/products/generated/fittings/barbed-fittings/detail/index.json","$[28]","无需处理"
"501","直通异径倒刺接头","809604","BA-16D-24D-PP-N","ba-16d-24d-pp-n","fittings","正常","mainImage","/images/products/fittings/barbed-fittings/products/ba-16d-24d-pp-n-main.jpg","F:\WebsiteProjects\foreach-website-2026\public\images\products\fittings\barbed-fittings\products\ba-16d-24d-pp-n-main.jpg","data/products/generated/fittings/barbed-fittings/detail/index.json","$[29]","无需处理"
"502","直通异径倒刺接头","809605","BA-16D-24D-PA-W","ba-16d-24d-pa-w","fittings","正常","mainImage","/images/products/fittings/barbed-fittings/products/ba-16d-24d-pa-w-main.jpg","F:\WebsiteProjects\foreach-website-2026\public\images\products\fittings\barbed-fittings\products\ba-16d-24d-pa-w-main.jpg","data/products/generated/fittings/barbed-fittings/detail/index.json","$[30]","无需处理"
"503","直通异径倒刺接头","809606","BA-24D-32D-PP-N","ba-24d-32d-pp-n","fittings","正常","mainImage","/images/products/fittings/barbed-fittings/products/ba-24d-32d-pp-n-main.jpg","F:\WebsiteProjects\foreach-website-2026\public\images\products\fittings\barbed-fittings\products\ba-24d-32d-pp-n-main.jpg","data/products/generated/fittings/barbed-fittings/detail/index.json","$[31]","无需处理"
"504","直通异径倒刺接头","809607","BA-24D-32D-PA-W","ba-24d-32d-pa-w","fittings","正常","mainImage","/images/products/fittings/barbed-fittings/products/ba-24d-32d-pa-w-main.jpg","F:\WebsiteProjects\foreach-website-2026\public\images\products\fittings\barbed-fittings\products\ba-24d-32d-pa-w-main.jpg","data/products/generated/fittings/barbed-fittings/detail/index.json","$[32]","无需处理"
"505","直通等径倒刺接头","809625","BA-24D-PP-N","ba-24d-pp-n","fittings","正常","mainImage","/images/products/fittings/barbed-fittings/products/ba-24d-pp-n-main.jpg","F:\WebsiteProjects\foreach-website-2026\public\images\products\fittings\barbed-fittings\products\ba-24d-pp-n-main.jpg","data/products/generated/fittings/barbed-fittings/detail/index.json","$[33]","无需处理"
"506","直通等径倒刺接头","809626","BA-24D-PA-W","ba-24d-pa-w","fittings","正常","mainImage","/images/products/fittings/barbed-fittings/products/ba-24d-pa-w-main.jpg","F:\WebsiteProjects\foreach-website-2026\public\images\products\fittings\barbed-fittings\products\ba-24d-pa-w-main.jpg","data/products/generated/fittings/barbed-fittings/detail/index.json","$[34]","无需处理"
"507","直通等径倒刺接头","809627","BA-32D-PP-N","ba-32d-pp-n","fittings","正常","mainImage","/images/products/fittings/barbed-fittings/products/ba-32d-pp-n-main.jpg","F:\WebsiteProjects\foreach-website-2026\public\images\products\fittings\barbed-fittings\products\ba-32d-pp-n-main.jpg","data/products/generated/fittings/barbed-fittings/detail/index.json","$[35]","无需处理"
"508","直通等径倒刺接头","809628","BA-32D-PA-W","ba-32d-pa-w","fittings","正常","mainImage","/images/products/fittings/barbed-fittings/products/ba-32d-pa-w-main.jpg","F:\WebsiteProjects\foreach-website-2026\public\images\products\fittings\barbed-fittings\products\ba-32d-pa-w-main.jpg","data/products/generated/fittings/barbed-fittings/detail/index.json","$[36]","无需处理"
"509","直通异径倒刺接头","809629","BA-16D-32D-PP-N","ba-16d-32d-pp-n","fittings","正常","mainImage","/images/products/fittings/barbed-fittings/products/ba-16d-32d-pp-n-main.jpg","F:\WebsiteProjects\foreach-website-2026\public\images\products\fittings\barbed-fittings\products\ba-16d-32d-pp-n-main.jpg","data/products/generated/fittings/barbed-fittings/detail/index.json","$[37]","无需处理"
"510","直通异径倒刺接头","809630","BA-16D-32D-PA-W","ba-16d-32d-pa-w","fittings","正常","mainImage","/images/products/fittings/barbed-fittings/products/ba-16d-32d-pa-w-main.jpg","F:\WebsiteProjects\foreach-website-2026\public\images\products\fittings\barbed-fittings\products\ba-16d-32d-pa-w-main.jpg","data/products/generated/fittings/barbed-fittings/detail/index.json","$[38]","无需处理"
"511","直通等径倒刺接头","809300","BA-16C-PA-W","ba-16c-pa-w","fittings","正常","mainImage","/images/products/fittings/barbed-fittings/products/ba-16c-pa-w-main.jpg","F:\WebsiteProjects\foreach-website-2026\public\images\products\fittings\barbed-fittings\products\ba-16c-pa-w-main.jpg","data/products/generated/fittings/barbed-fittings/detail/index.json","$[39]","无需处理"
"512","直通异径倒刺接头","809788","BA-16F-24F-PV-N","ba-16f-24f-pv-n","fittings","正常","mainImage","/images/products/fittings/barbed-fittings/products/ba-16f-24f-pv-n-main.jpg","F:\WebsiteProjects\foreach-website-2026\public\images\products\fittings\barbed-fittings\products\ba-16f-24f-pv-n-main.jpg","data/products/generated/fittings/barbed-fittings/detail/index.json","$[40]","无需处理"
"513","直通异径倒刺接头","809519","BA-24C-48C-PP-N","ba-24c-48c-pp-n","fittings","正常","mainImage","/images/products/fittings/barbed-fittings/products/ba-24c-48c-pp-n-main.jpg","F:\WebsiteProjects\foreach-website-2026\public\images\products\fittings\barbed-fittings\products\ba-24c-48c-pp-n-main.jpg","data/products/generated/fittings/barbed-fittings/detail/index.json","$[41]","无需处理"
"514","直通异径倒刺接头","809520","BA-24C-48C-PA-W","ba-24c-48c-pa-w","fittings","正常","mainImage","/images/products/fittings/barbed-fittings/products/ba-24c-48c-pa-w-main.jpg","F:\WebsiteProjects\foreach-website-2026\public\images\products\fittings\barbed-fittings\products\ba-24c-48c-pa-w-main.jpg","data/products/generated/fittings/barbed-fittings/detail/index.json","$[42]","无需处理"
"515","直通异径倒刺接头","809843","BA-16V-40V-PA-W","ba-16v-40v-pa-w","fittings","正常","mainImage","/images/products/fittings/barbed-fittings/products/ba-16v-40v-pa-w-main.jpg","F:\WebsiteProjects\foreach-website-2026\public\images\products\fittings\barbed-fittings\products\ba-16v-40v-pa-w-main.jpg","data/products/generated/fittings/barbed-fittings/detail/index.json","$[43]","无需处理"
"516","直通异径倒刺接头","809854","BA-16V-40V-PP-N","ba-16v-40v-pp-n","fittings","正常","mainImage","/images/products/fittings/barbed-fittings/products/ba-16v-40v-pp-n-main.jpg","F:\WebsiteProjects\foreach-website-2026\public\images\products\fittings\barbed-fittings\products\ba-16v-40v-pp-n-main.jpg","data/products/generated/fittings/barbed-fittings/detail/index.json","$[44]","无需处理"
"517","直通异径倒刺接头","809862","BA-40D-64D-PP-N","ba-40d-64d-pp-n","fittings","正常","mainImage","/images/logo/foreach-logo-color.svg","F:\WebsiteProjects\foreach-website-2026\public\images\logo\foreach-logo-color.svg","data/products/generated/fittings/barbed-fittings/detail/index.json","$[45]","无需处理"
"518","直通异径倒刺接头","806037","BA-40-64-PP-N","ba-40-64-pp-n","fittings","正常","mainImage","/images/logo/foreach-logo-color.svg","F:\WebsiteProjects\foreach-website-2026\public\images\logo\foreach-logo-color.svg","data/products/generated/fittings/barbed-fittings/detail/index.json","$[46]","无需处理"
"519","直通异径倒刺接头","806148","BA-32-95-PP-N","ba-32-95-pp-n","fittings","正常","mainImage","/images/logo/foreach-logo-color.svg","F:\WebsiteProjects\foreach-website-2026\public\images\logo\foreach-logo-color.svg","data/products/generated/fittings/barbed-fittings/detail/index.json","$[47]","无需处理"
"520","直通异径倒刺接头","806276","BA-48-95-PP-N","ba-48-95-pp-n","fittings","正常","mainImage","/images/logo/foreach-logo-color.svg","F:\WebsiteProjects\foreach-website-2026\public\images\logo\foreach-logo-color.svg","data/products/generated/fittings/barbed-fittings/detail/index.json","$[48]","无需处理"
"521","直通异径倒刺接头","806036","BA-24-40-PP-N","ba-24-40-pp-n","fittings","正常","mainImage","/images/logo/foreach-logo-color.svg","F:\WebsiteProjects\foreach-website-2026\public\images\logo\foreach-logo-color.svg","data/products/generated/fittings/barbed-fittings/detail/index.json","$[49]","无需处理"
"522","直通异径倒刺接头","806033","BA-32-64-PP-N","ba-32-64-pp-n","fittings","正常","mainImage","/images/logo/foreach-logo-color.svg","F:\WebsiteProjects\foreach-website-2026\public\images\logo\foreach-logo-color.svg","data/products/generated/fittings/barbed-fittings/detail/index.json","$[50]","无需处理"
"523","直通等径倒刺接头","806201","BA-127-PP-N","ba-127-pp-n","fittings","正常","mainImage","/images/logo/foreach-logo-color.svg","F:\WebsiteProjects\foreach-website-2026\public\images\logo\foreach-logo-color.svg","data/products/generated/fittings/barbed-fittings/detail/index.json","$[51]","无需处理"
"524","直通异径倒刺接头","806256","BA-95-127-PP-N","ba-95-127-pp-n","fittings","正常","mainImage","/images/logo/foreach-logo-color.svg","F:\WebsiteProjects\foreach-website-2026\public\images\logo\foreach-logo-color.svg","data/products/generated/fittings/barbed-fittings/detail/index.json","$[52]","无需处理"
"525","直通异径倒刺接头","806272","BA-40-79-AC-W","ba-40-79-ac-w","fittings","正常","mainImage","/images/logo/foreach-logo-color.svg","F:\WebsiteProjects\foreach-website-2026\public\images\logo\foreach-logo-color.svg","data/products/generated/fittings/barbed-fittings/detail/index.json","$[53]","无需处理"
"526","直通异径倒刺接头","806147","BA-32-48-PP-N","ba-32-48-pp-n","fittings","正常","mainImage","/images/logo/foreach-logo-color.svg","F:\WebsiteProjects\foreach-website-2026\public\images\logo\foreach-logo-color.svg","data/products/generated/fittings/barbed-fittings/detail/index.json","$[54]","无需处理"
"527","L型等径倒刺接头","809345","BL-16F-PA-W","bl-16f-pa-w","fittings","正常","mainImage","/images/products/fittings/barbed-fittings/products/bl-16f-pa-w-main.jpg","F:\WebsiteProjects\foreach-website-2026\public\images\products\fittings\barbed-fittings\products\bl-16f-pa-w-main.jpg","data/products/generated/fittings/barbed-fittings/detail/index.json","$[55]","无需处理"
"528","L型等径倒刺接头","809346","BL-24F-PA-W","bl-24f-pa-w","fittings","正常","mainImage","/images/products/fittings/barbed-fittings/products/bl-24f-pa-w-main.jpg","F:\WebsiteProjects\foreach-website-2026\public\images\products\fittings\barbed-fittings\products\bl-24f-pa-w-main.jpg","data/products/generated/fittings/barbed-fittings/detail/index.json","$[56]","无需处理"
"529","L型等径倒刺接头","809347","BL-32F-PA-W","bl-32f-pa-w","fittings","正常","mainImage","/images/products/fittings/barbed-fittings/products/bl-32f-pa-w-main.jpg","F:\WebsiteProjects\foreach-website-2026\public\images\products\fittings\barbed-fittings\products\bl-32f-pa-w-main.jpg","data/products/generated/fittings/barbed-fittings/detail/index.json","$[57]","无需处理"
"530","L型等径倒刺接头","809348","BL-40F-PA-W","bl-40f-pa-w","fittings","正常","mainImage","/images/products/fittings/barbed-fittings/products/bl-40f-pa-w-main.jpg","F:\WebsiteProjects\foreach-website-2026\public\images\products\fittings\barbed-fittings\products\bl-40f-pa-w-main.jpg","data/products/generated/fittings/barbed-fittings/detail/index.json","$[58]","无需处理"
"531","L型等径倒刺接头","809349","BL-64F-PA-W","bl-64f-pa-w","fittings","正常","mainImage","/images/products/fittings/barbed-fittings/products/bl-64f-pa-w-main.jpg","F:\WebsiteProjects\foreach-website-2026\public\images\products\fittings\barbed-fittings\products\bl-64f-pa-w-main.jpg","data/products/generated/fittings/barbed-fittings/detail/index.json","$[59]","无需处理"
"532","L型等径倒刺接头","809350","BL-95D-PA-W","bl-95d-pa-w","fittings","正常","mainImage","/images/products/fittings/barbed-fittings/products/bl-95d-pa-w-main.jpg","F:\WebsiteProjects\foreach-website-2026\public\images\products\fittings\barbed-fittings\products\bl-95d-pa-w-main.jpg","data/products/generated/fittings/barbed-fittings/detail/index.json","$[60]","无需处理"
"533","L型等径倒刺接头","809357","BL-16F-PP-N","bl-16f-pp-n","fittings","正常","mainImage","/images/products/fittings/barbed-fittings/products/bl-16f-pp-n-main.jpg","F:\WebsiteProjects\foreach-website-2026\public\images\products\fittings\barbed-fittings\products\bl-16f-pp-n-main.jpg","data/products/generated/fittings/barbed-fittings/detail/index.json","$[61]","无需处理"
"534","L型等径倒刺接头","809358","BL-24F-PP-N","bl-24f-pp-n","fittings","正常","mainImage","/images/products/fittings/barbed-fittings/products/bl-24f-pp-n-main.jpg","F:\WebsiteProjects\foreach-website-2026\public\images\products\fittings\barbed-fittings\products\bl-24f-pp-n-main.jpg","data/products/generated/fittings/barbed-fittings/detail/index.json","$[62]","无需处理"
"535","L型等径倒刺接头","809359","BL-32F-PP-N","bl-32f-pp-n","fittings","正常","mainImage","/images/products/fittings/barbed-fittings/products/bl-32f-pp-n-main.jpg","F:\WebsiteProjects\foreach-website-2026\public\images\products\fittings\barbed-fittings\products\bl-32f-pp-n-main.jpg","data/products/generated/fittings/barbed-fittings/detail/index.json","$[63]","无需处理"
"536","L型等径倒刺接头","809360","BL-40F-PP-N","bl-40f-pp-n","fittings","正常","mainImage","/images/products/fittings/barbed-fittings/products/bl-40f-pp-n-main.jpg","F:\WebsiteProjects\foreach-website-2026\public\images\products\fittings\barbed-fittings\products\bl-40f-pp-n-main.jpg","data/products/generated/fittings/barbed-fittings/detail/index.json","$[64]","无需处理"
"537","L型等径倒刺接头","809361","BL-64F-PP-N","bl-64f-pp-n","fittings","正常","mainImage","/images/products/fittings/barbed-fittings/products/bl-64f-pp-n-main.jpg","F:\WebsiteProjects\foreach-website-2026\public\images\products\fittings\barbed-fittings\products\bl-64f-pp-n-main.jpg","data/products/generated/fittings/barbed-fittings/detail/index.json","$[65]","无需处理"
"538","L型等径倒刺接头","809362","BL-95D-PP-N","bl-95d-pp-n","fittings","正常","mainImage","/images/products/fittings/barbed-fittings/products/bl-95d-pp-n-main.jpg","F:\WebsiteProjects\foreach-website-2026\public\images\products\fittings\barbed-fittings\products\bl-95d-pp-n-main.jpg","data/products/generated/fittings/barbed-fittings/detail/index.json","$[66]","无需处理"
"539","L型等径倒刺接头","809632","BL-16D-PP-N","bl-16d-pp-n","fittings","正常","mainImage","/images/products/fittings/barbed-fittings/products/bl-16d-pp-n-main.jpg","F:\WebsiteProjects\foreach-website-2026\public\images\products\fittings\barbed-fittings\products\bl-16d-pp-n-main.jpg","data/products/generated/fittings/barbed-fittings/detail/index.json","$[67]","无需处理"
"540","L型等径倒刺接头","809633","BL-16D-PA-W","bl-16d-pa-w","fittings","正常","mainImage","/images/products/fittings/barbed-fittings/products/bl-16d-pa-w-main.jpg","F:\WebsiteProjects\foreach-website-2026\public\images\products\fittings\barbed-fittings\products\bl-16d-pa-w-main.jpg","data/products/generated/fittings/barbed-fittings/detail/index.json","$[68]","无需处理"
"541","L型等径倒刺接头","809634","BL-24D-PP-N","bl-24d-pp-n","fittings","正常","mainImage","/images/products/fittings/barbed-fittings/products/bl-24d-pp-n-main.jpg","F:\WebsiteProjects\foreach-website-2026\public\images\products\fittings\barbed-fittings\products\bl-24d-pp-n-main.jpg","data/products/generated/fittings/barbed-fittings/detail/index.json","$[69]","无需处理"
"542","L型等径倒刺接头","809635","BL-24D-PA-W","bl-24d-pa-w","fittings","正常","mainImage","/images/products/fittings/barbed-fittings/products/bl-24d-pa-w-main.jpg","F:\WebsiteProjects\foreach-website-2026\public\images\products\fittings\barbed-fittings\products\bl-24d-pa-w-main.jpg","data/products/generated/fittings/barbed-fittings/detail/index.json","$[70]","无需处理"
"543","L型等径倒刺接头","809636","BL-32D-PP-N","bl-32d-pp-n","fittings","正常","mainImage","/images/products/fittings/barbed-fittings/products/bl-32d-pp-n-main.jpg","F:\WebsiteProjects\foreach-website-2026\public\images\products\fittings\barbed-fittings\products\bl-32d-pp-n-main.jpg","data/products/generated/fittings/barbed-fittings/detail/index.json","$[71]","无需处理"
"544","L型等径倒刺接头","809637","BL-32D-PA-W","bl-32d-pa-w","fittings","正常","mainImage","/images/products/fittings/barbed-fittings/products/bl-32d-pa-w-main.jpg","F:\WebsiteProjects\foreach-website-2026\public\images\products\fittings\barbed-fittings\products\bl-32d-pa-w-main.jpg","data/products/generated/fittings/barbed-fittings/detail/index.json","$[72]","无需处理"
"545","L型异径倒刺接头","809638","BL-16D-24D-PP-N","bl-16d-24d-pp-n","fittings","正常","mainImage","/images/products/fittings/barbed-fittings/products/bl-16d-24d-pp-n-main.jpg","F:\WebsiteProjects\foreach-website-2026\public\images\products\fittings\barbed-fittings\products\bl-16d-24d-pp-n-main.jpg","data/products/generated/fittings/barbed-fittings/detail/index.json","$[73]","无需处理"
"546","L型异径倒刺接头","809639","BL-16D-24D-PA-W","bl-16d-24d-pa-w","fittings","正常","mainImage","/images/products/fittings/barbed-fittings/products/bl-16d-24d-pa-w-main.jpg","F:\WebsiteProjects\foreach-website-2026\public\images\products\fittings\barbed-fittings\products\bl-16d-24d-pa-w-main.jpg","data/products/generated/fittings/barbed-fittings/detail/index.json","$[74]","无需处理"
"547","L型异径倒刺接头","809640","BL-24D-32D-PP-N","bl-24d-32d-pp-n","fittings","正常","mainImage","/images/products/fittings/barbed-fittings/products/bl-24d-32d-pp-n-main.jpg","F:\WebsiteProjects\foreach-website-2026\public\images\products\fittings\barbed-fittings\products\bl-24d-32d-pp-n-main.jpg","data/products/generated/fittings/barbed-fittings/detail/index.json","$[75]","无需处理"
"548","L型异径倒刺接头","809641","BL-24D-32D-PA-W","bl-24d-32d-pa-w","fittings","正常","mainImage","/images/products/fittings/barbed-fittings/products/bl-24d-32d-pa-w-main.jpg","F:\WebsiteProjects\foreach-website-2026\public\images\products\fittings\barbed-fittings\products\bl-24d-32d-pa-w-main.jpg","data/products/generated/fittings/barbed-fittings/detail/index.json","$[76]","无需处理"
"549","L型异径倒刺接头","809642","BL-16D-32D-PP-N","bl-16d-32d-pp-n","fittings","正常","mainImage","/images/products/fittings/barbed-fittings/products/bl-16d-32d-pp-n-main.jpg","F:\WebsiteProjects\foreach-website-2026\public\images\products\fittings\barbed-fittings\products\bl-16d-32d-pp-n-main.jpg","data/products/generated/fittings/barbed-fittings/detail/index.json","$[77]","无需处理"
"550","L型异径倒刺接头","809643","BL-16D-32D-PA-W","bl-16d-32d-pa-w","fittings","正常","mainImage","/images/products/fittings/barbed-fittings/products/bl-16d-32d-pa-w-main.jpg","F:\WebsiteProjects\foreach-website-2026\public\images\products\fittings\barbed-fittings\products\bl-16d-32d-pa-w-main.jpg","data/products/generated/fittings/barbed-fittings/detail/index.json","$[78]","无需处理"
"551","L型等径倒刺接头","809645","BL-127V-PP-N","bl-127v-pp-n","fittings","正常","mainImage","/images/products/fittings/barbed-fittings/products/bl-127v-pp-n-main.jpg","F:\WebsiteProjects\foreach-website-2026\public\images\products\fittings\barbed-fittings\products\bl-127v-pp-n-main.jpg","data/products/generated/fittings/barbed-fittings/detail/index.json","$[79]","无需处理"
"552","L型等径倒刺接头","809881","BL-160-PP-N","bl-160-pp-n","fittings","正常","mainImage","/images/logo/foreach-logo-color.svg","F:\WebsiteProjects\foreach-website-2026\public\images\logo\foreach-logo-color.svg","data/products/generated/fittings/barbed-fittings/detail/index.json","$[80]","无需处理"
"553","T型等径倒刺接头","809309","BT-16F-PP-N","bt-16f-pp-n","fittings","正常","mainImage","/images/products/fittings/barbed-fittings/products/bt-16f-pp-n-main.jpg","F:\WebsiteProjects\foreach-website-2026\public\images\products\fittings\barbed-fittings\products\bt-16f-pp-n-main.jpg","data/products/generated/fittings/barbed-fittings/detail/index.json","$[81]","无需处理"
"554","T型等径倒刺接头","809310","BT-24F-PP-N","bt-24f-pp-n","fittings","正常","mainImage","/images/products/fittings/barbed-fittings/products/bt-24f-pp-n-main.jpg","F:\WebsiteProjects\foreach-website-2026\public\images\products\fittings\barbed-fittings\products\bt-24f-pp-n-main.jpg","data/products/generated/fittings/barbed-fittings/detail/index.json","$[82]","无需处理"
"555","T型等径倒刺接头","809311","BT-32F-PP-N","bt-32f-pp-n","fittings","正常","mainImage","/images/products/fittings/barbed-fittings/products/bt-32f-pp-n-main.jpg","F:\WebsiteProjects\foreach-website-2026\public\images\products\fittings\barbed-fittings\products\bt-32f-pp-n-main.jpg","data/products/generated/fittings/barbed-fittings/detail/index.json","$[83]","无需处理"
"556","T型等径倒刺接头","809327","BT-24F-PA-W","bt-24f-pa-w","fittings","正常","mainImage","/images/products/fittings/barbed-fittings/products/bt-24f-pa-w-main.jpg","F:\WebsiteProjects\foreach-website-2026\public\images\products\fittings\barbed-fittings\products\bt-24f-pa-w-main.jpg","data/products/generated/fittings/barbed-fittings/detail/index.json","$[84]","无需处理"
"557","T型等径倒刺接头","809337","BT-16F-PA-W","bt-16f-pa-w","fittings","正常","mainImage","/images/products/fittings/barbed-fittings/products/bt-16f-pa-w-main.jpg","F:\WebsiteProjects\foreach-website-2026\public\images\products\fittings\barbed-fittings\products\bt-16f-pa-w-main.jpg","data/products/generated/fittings/barbed-fittings/detail/index.json","$[85]","无需处理"
"558","T型等径倒刺接头","809338","BT-32F-PA-W","bt-32f-pa-w","fittings","正常","mainImage","/images/products/fittings/barbed-fittings/products/bt-32f-pa-w-main.jpg","F:\WebsiteProjects\foreach-website-2026\public\images\products\fittings\barbed-fittings\products\bt-32f-pa-w-main.jpg","data/products/generated/fittings/barbed-fittings/detail/index.json","$[86]","无需处理"
"559","T型等径倒刺接头","809438","BT-40C-PP-N","bt-40c-pp-n","fittings","正常","mainImage","/images/products/fittings/barbed-fittings/products/bt-40c-pp-n-main.jpg","F:\WebsiteProjects\foreach-website-2026\public\images\products\fittings\barbed-fittings\products\bt-40c-pp-n-main.jpg","data/products/generated/fittings/barbed-fittings/detail/index.json","$[87]","无需处理"
"560","T型等径倒刺接头","809439","BT-40C-PA-W","bt-40c-pa-w","fittings","正常","mainImage","/images/products/fittings/barbed-fittings/products/bt-40c-pa-w-main.jpg","F:\WebsiteProjects\foreach-website-2026\public\images\products\fittings\barbed-fittings\products\bt-40c-pa-w-main.jpg","data/products/generated/fittings/barbed-fittings/detail/index.json","$[88]","无需处理"
"561","T型等径倒刺接头","809440","BT-64C-PP-N","bt-64c-pp-n","fittings","正常","mainImage","/images/products/fittings/barbed-fittings/products/bt-64c-pp-n-main.jpg","F:\WebsiteProjects\foreach-website-2026\public\images\products\fittings\barbed-fittings\products\bt-64c-pp-n-main.jpg","data/products/generated/fittings/barbed-fittings/detail/index.json","$[89]","无需处理"
"562","T型等径倒刺接头","809441","BT-64C-PA-W","bt-64c-pa-w","fittings","正常","mainImage","/images/products/fittings/barbed-fittings/products/bt-64c-pa-w-main.jpg","F:\WebsiteProjects\foreach-website-2026\public\images\products\fittings\barbed-fittings\products\bt-64c-pa-w-main.jpg","data/products/generated/fittings/barbed-fittings/detail/index.json","$[90]","无需处理"
"563","T型等径倒刺接头","809442","BT-95X-PP-N","bt-95x-pp-n","fittings","正常","mainImage","/images/products/fittings/barbed-fittings/products/bt-95x-pp-n-main.jpg","F:\WebsiteProjects\foreach-website-2026\public\images\products\fittings\barbed-fittings\products\bt-95x-pp-n-main.jpg","data/products/generated/fittings/barbed-fittings/detail/index.json","$[91]","无需处理"
"564","T型等径倒刺接头","809443","BT-95X-PA-W","bt-95x-pa-w","fittings","正常","mainImage","/images/products/fittings/barbed-fittings/products/bt-95x-pa-w-main.jpg","F:\WebsiteProjects\foreach-website-2026\public\images\products\fittings\barbed-fittings\products\bt-95x-pa-w-main.jpg","data/products/generated/fittings/barbed-fittings/detail/index.json","$[92]","无需处理"
"565","T型异径倒刺接头","809444","BT-32D-32D-16D-PP-N","bt-32d-32d-16d-pp-n","fittings","正常","mainImage","/images/products/fittings/barbed-fittings/products/bt-32d-32d-16d-pp-n-main.jpg","F:\WebsiteProjects\foreach-website-2026\public\images\products\fittings\barbed-fittings\products\bt-32d-32d-16d-pp-n-main.jpg","data/products/generated/fittings/barbed-fittings/detail/index.json","$[93]","无需处理"
"566","T型异径倒刺接头","809445","BT-32D-32D-16D-PA-W","bt-32d-32d-16d-pa-w","fittings","正常","mainImage","/images/products/fittings/barbed-fittings/products/bt-32d-32d-16d-pa-w-main.jpg","F:\WebsiteProjects\foreach-website-2026\public\images\products\fittings\barbed-fittings\products\bt-32d-32d-16d-pa-w-main.jpg","data/products/generated/fittings/barbed-fittings/detail/index.json","$[94]","无需处理"
"567","T型异径倒刺接头","809446","BT-24D-24D-16D-PP-N","bt-24d-24d-16d-pp-n","fittings","正常","mainImage","/images/products/fittings/barbed-fittings/products/bt-24d-24d-16d-pp-n-main.jpg","F:\WebsiteProjects\foreach-website-2026\public\images\products\fittings\barbed-fittings\products\bt-24d-24d-16d-pp-n-main.jpg","data/products/generated/fittings/barbed-fittings/detail/index.json","$[95]","无需处理"
"568","T型异径倒刺接头","809447","BT-24D-24D-16D-PA-W","bt-24d-24d-16d-pa-w","fittings","正常","mainImage","/images/products/fittings/barbed-fittings/products/bt-24d-24d-16d-pa-w-main.jpg","F:\WebsiteProjects\foreach-website-2026\public\images\products\fittings\barbed-fittings\products\bt-24d-24d-16d-pa-w-main.jpg","data/products/generated/fittings/barbed-fittings/detail/index.json","$[96]","无需处理"
"569","T型异径倒刺接头","809448","BT-32D-32D-24D-PP-N","bt-32d-32d-24d-pp-n","fittings","正常","mainImage","/images/products/fittings/barbed-fittings/products/bt-32d-32d-24d-pp-n-main.jpg","F:\WebsiteProjects\foreach-website-2026\public\images\products\fittings\barbed-fittings\products\bt-32d-32d-24d-pp-n-main.jpg","data/products/generated/fittings/barbed-fittings/detail/index.json","$[97]","无需处理"
"570","T型异径倒刺接头","809449","BT-32D-32D-24D-PA-W","bt-32d-32d-24d-pa-w","fittings","正常","mainImage","/images/products/fittings/barbed-fittings/products/bt-32d-32d-24d-pa-w-main.jpg","F:\WebsiteProjects\foreach-website-2026\public\images\products\fittings\barbed-fittings\products\bt-32d-32d-24d-pa-w-main.jpg","data/products/generated/fittings/barbed-fittings/detail/index.json","$[98]","无需处理"
"571","T型异径倒刺接头","809450","BT-64D-64D-32D-PP-N","bt-64d-64d-32d-pp-n","fittings","正常","mainImage","/images/products/fittings/barbed-fittings/products/bt-64d-64d-32d-pp-n-main.jpg","F:\WebsiteProjects\foreach-website-2026\public\images\products\fittings\barbed-fittings\products\bt-64d-64d-32d-pp-n-main.jpg","data/products/generated/fittings/barbed-fittings/detail/index.json","$[99]","无需处理"
"572","T型异径倒刺接头","809451","BT-64D-64D-32D-PA-W","bt-64d-64d-32d-pa-w","fittings","正常","mainImage","/images/products/fittings/barbed-fittings/products/bt-64d-64d-32d-pa-w-main.jpg","F:\WebsiteProjects\foreach-website-2026\public\images\products\fittings\barbed-fittings\products\bt-64d-64d-32d-pa-w-main.jpg","data/products/generated/fittings/barbed-fittings/detail/index.json","$[100]","无需处理"
"573","T型异径倒刺接头","809452","BT-24D-32D-32D-PP-N","bt-24d-32d-32d-pp-n","fittings","正常","mainImage","/images/products/fittings/barbed-fittings/products/bt-24d-32d-32d-pp-n-main.jpg","F:\WebsiteProjects\foreach-website-2026\public\images\products\fittings\barbed-fittings\products\bt-24d-32d-32d-pp-n-main.jpg","data/products/generated/fittings/barbed-fittings/detail/index.json","$[101]","无需处理"
"574","T型异径倒刺接头","809453","BT-24D-32D-32D-PA-W","bt-24d-32d-32d-pa-w","fittings","正常","mainImage","/images/products/fittings/barbed-fittings/products/bt-24d-32d-32d-pa-w-main.jpg","F:\WebsiteProjects\foreach-website-2026\public\images\products\fittings\barbed-fittings\products\bt-24d-32d-32d-pa-w-main.jpg","data/products/generated/fittings/barbed-fittings/detail/index.json","$[102]","无需处理"
"575","T型异径倒刺接头","809454","BT-32D-16D-16D-PP-N","bt-32d-16d-16d-pp-n","fittings","正常","mainImage","/images/products/fittings/barbed-fittings/products/bt-32d-16d-16d-pp-n-main.jpg","F:\WebsiteProjects\foreach-website-2026\public\images\products\fittings\barbed-fittings\products\bt-32d-16d-16d-pp-n-main.jpg","data/products/generated/fittings/barbed-fittings/detail/index.json","$[103]","无需处理"
"576","T型异径倒刺接头","809455","BT-32D-16D-16D-PA-W","bt-32d-16d-16d-pa-w","fittings","正常","mainImage","/images/products/fittings/barbed-fittings/products/bt-32d-16d-16d-pa-w-main.jpg","F:\WebsiteProjects\foreach-website-2026\public\images\products\fittings\barbed-fittings\products\bt-32d-16d-16d-pa-w-main.jpg","data/products/generated/fittings/barbed-fittings/detail/index.json","$[104]","无需处理"
"577","T型异径倒刺接头","809456","BT-32D-24D-24D-PP-N","bt-32d-24d-24d-pp-n","fittings","正常","mainImage","/images/products/fittings/barbed-fittings/products/bt-32d-24d-24d-pp-n-main.jpg","F:\WebsiteProjects\foreach-website-2026\public\images\products\fittings\barbed-fittings\products\bt-32d-24d-24d-pp-n-main.jpg","data/products/generated/fittings/barbed-fittings/detail/index.json","$[105]","无需处理"
"578","T型异径倒刺接头","809457","BT-32D-24D-24D-PA-W","bt-32d-24d-24d-pa-w","fittings","正常","mainImage","/images/products/fittings/barbed-fittings/products/bt-32d-24d-24d-pa-w-main.jpg","F:\WebsiteProjects\foreach-website-2026\public\images\products\fittings\barbed-fittings\products\bt-32d-24d-24d-pa-w-main.jpg","data/products/generated/fittings/barbed-fittings/detail/index.json","$[106]","无需处理"
"579","T型异径倒刺接头","809458","BT-32D-64T-64T-PP-N","bt-32d-64t-64t-pp-n","fittings","正常","mainImage","/images/products/fittings/barbed-fittings/products/bt-32d-64t-64t-pp-n-main.jpg","F:\WebsiteProjects\foreach-website-2026\public\images\products\fittings\barbed-fittings\products\bt-32d-64t-64t-pp-n-main.jpg","data/products/generated/fittings/barbed-fittings/detail/index.json","$[107]","无需处理"
"580","T型异径倒刺接头","809459","BT-32D-64T-64T-PA-W","bt-32d-64t-64t-pa-w","fittings","正常","mainImage","/images/products/fittings/barbed-fittings/products/bt-32d-64t-64t-pa-w-main.jpg","F:\WebsiteProjects\foreach-website-2026\public\images\products\fittings\barbed-fittings\products\bt-32d-64t-64t-pa-w-main.jpg","data/products/generated/fittings/barbed-fittings/detail/index.json","$[108]","无需处理"
"581","T型异径倒刺接头","809460","BT-64V-95V-95V-PP-N","bt-64v-95v-95v-pp-n","fittings","正常","mainImage","/images/products/fittings/barbed-fittings/products/bt-64v-95v-95v-pp-n-main.jpg","F:\WebsiteProjects\foreach-website-2026\public\images\products\fittings\barbed-fittings\products\bt-64v-95v-95v-pp-n-main.jpg","data/products/generated/fittings/barbed-fittings/detail/index.json","$[109]","无需处理"
"582","T型异径倒刺接头","809461","BT-64V-95V-95V-PA-W","bt-64v-95v-95v-pa-w","fittings","正常","mainImage","/images/products/fittings/barbed-fittings/products/bt-64v-95v-95v-pa-w-main.jpg","F:\WebsiteProjects\foreach-website-2026\public\images\products\fittings\barbed-fittings\products\bt-64v-95v-95v-pa-w-main.jpg","data/products/generated/fittings/barbed-fittings/detail/index.json","$[110]","无需处理"
"583","T型异径倒刺接头","806197","BT-24-16-16-PP-N","bt-24-16-16-pp-n","fittings","正常","mainImage","/images/logo/foreach-logo-color.svg","F:\WebsiteProjects\foreach-website-2026\public\images\logo\foreach-logo-color.svg","data/products/generated/fittings/barbed-fittings/detail/index.json","$[111]","无需处理"
"584","T型等径倒刺接头","809521","BT-16D-PP-N","bt-16d-pp-n","fittings","正常","mainImage","/images/products/fittings/barbed-fittings/products/bt-16d-pp-n-main.jpg","F:\WebsiteProjects\foreach-website-2026\public\images\products\fittings\barbed-fittings\products\bt-16d-pp-n-main.jpg","data/products/generated/fittings/barbed-fittings/detail/index.json","$[112]","无需处理"
"585","T型等径倒刺接头","809545","BT-16D-PA-W","bt-16d-pa-w","fittings","正常","mainImage","/images/products/fittings/barbed-fittings/products/bt-16d-pa-w-main.jpg","F:\WebsiteProjects\foreach-website-2026\public\images\products\fittings\barbed-fittings\products\bt-16d-pa-w-main.jpg","data/products/generated/fittings/barbed-fittings/detail/index.json","$[113]","无需处理"
"586","T型等径倒刺接头","809610","BT-24D-PP-N","bt-24d-pp-n","fittings","正常","mainImage","/images/products/fittings/barbed-fittings/products/bt-24d-pp-n-main.jpg","F:\WebsiteProjects\foreach-website-2026\public\images\products\fittings\barbed-fittings\products\bt-24d-pp-n-main.jpg","data/products/generated/fittings/barbed-fittings/detail/index.json","$[114]","无需处理"
"587","T型等径倒刺接头","809611","BT-24D-PA-W","bt-24d-pa-w","fittings","正常","mainImage","/images/products/fittings/barbed-fittings/products/bt-24d-pa-w-main.jpg","F:\WebsiteProjects\foreach-website-2026\public\images\products\fittings\barbed-fittings\products\bt-24d-pa-w-main.jpg","data/products/generated/fittings/barbed-fittings/detail/index.json","$[115]","无需处理"
"588","T型等径倒刺接头","809621","BT-32D-PP-N","bt-32d-pp-n","fittings","正常","mainImage","/images/products/fittings/barbed-fittings/products/bt-32d-pp-n-main.jpg","F:\WebsiteProjects\foreach-website-2026\public\images\products\fittings\barbed-fittings\products\bt-32d-pp-n-main.jpg","data/products/generated/fittings/barbed-fittings/detail/index.json","$[116]","无需处理"
"589","T型等径倒刺接头","809622","BT-32D-PA-W","bt-32d-pa-w","fittings","正常","mainImage","/images/products/fittings/barbed-fittings/products/bt-32d-pa-w-main.jpg","F:\WebsiteProjects\foreach-website-2026\public\images\products\fittings\barbed-fittings\products\bt-32d-pa-w-main.jpg","data/products/generated/fittings/barbed-fittings/detail/index.json","$[117]","无需处理"
"590","T型等径倒刺接头","809644","BT-127V-PP-N","bt-127v-pp-n","fittings","正常","mainImage","/images/products/fittings/barbed-fittings/products/bt-127v-pp-n-main.jpg","F:\WebsiteProjects\foreach-website-2026\public\images\products\fittings\barbed-fittings\products\bt-127v-pp-n-main.jpg","data/products/generated/fittings/barbed-fittings/detail/index.json","$[118]","无需处理"
"591","T型异径倒刺接头","809287","BT-16D-24D-24D-PP-N","bt-16d-24d-24d-pp-n","fittings","正常","mainImage","/images/products/fittings/barbed-fittings/products/bt-16d-24d-24d-pp-n-main.jpg","F:\WebsiteProjects\foreach-website-2026\public\images\products\fittings\barbed-fittings\products\bt-16d-24d-24d-pp-n-main.jpg","data/products/generated/fittings/barbed-fittings/detail/index.json","$[119]","无需处理"
"592","T型异径倒刺接头","809410","BT-16D-24D-24D-PA-W","bt-16d-24d-24d-pa-w","fittings","正常","mainImage","/images/products/fittings/barbed-fittings/products/bt-16d-24d-24d-pa-w-main.jpg","F:\WebsiteProjects\foreach-website-2026\public\images\products\fittings\barbed-fittings\products\bt-16d-24d-24d-pa-w-main.jpg","data/products/generated/fittings/barbed-fittings/detail/index.json","$[120]","无需处理"
"593","T型异径倒刺接头","809842","BT-16D-32D-32D-PA-W","bt-16d-32d-32d-pa-w","fittings","正常","mainImage","/images/products/fittings/barbed-fittings/products/bt-16d-32d-32d-pa-w-main.jpg","F:\WebsiteProjects\foreach-website-2026\public\images\products\fittings\barbed-fittings\products\bt-16d-32d-32d-pa-w-main.jpg","data/products/generated/fittings/barbed-fittings/detail/index.json","$[121]","无需处理"
"594","T型异径倒刺接头","809851","BT-16D-32D-32D-PP-N","bt-16d-32d-32d-pp-n","fittings","正常","mainImage","/images/products/fittings/barbed-fittings/products/bt-16d-32d-32d-pp-n-main.jpg","F:\WebsiteProjects\foreach-website-2026\public\images\products\fittings\barbed-fittings\products\bt-16d-32d-32d-pp-n-main.jpg","data/products/generated/fittings/barbed-fittings/detail/index.json","$[122]","无需处理"
"595","T型等径倒刺接头","809863","BT-48D-PP-N","bt-48d-pp-n","fittings","正常","mainImage","/images/logo/foreach-logo-color.svg","F:\WebsiteProjects\foreach-website-2026\public\images\logo\foreach-logo-color.svg","data/products/generated/fittings/barbed-fittings/detail/index.json","$[123]","无需处理"
"596","T型等径倒刺接头","809865","BT-79D-PP-N","bt-79d-pp-n","fittings","正常","mainImage","/images/logo/foreach-logo-color.svg","F:\WebsiteProjects\foreach-website-2026\public\images\logo\foreach-logo-color.svg","data/products/generated/fittings/barbed-fittings/detail/index.json","$[124]","无需处理"
"597","Y型等径倒刺接头","809294","BY-16F-PP-N","by-16f-pp-n","fittings","正常","mainImage","/images/products/fittings/barbed-fittings/products/by-16f-pp-n-main.jpg","F:\WebsiteProjects\foreach-website-2026\public\images\products\fittings\barbed-fittings\products\by-16f-pp-n-main.jpg","data/products/generated/fittings/barbed-fittings/detail/index.json","$[125]","无需处理"
"598","Y型等径倒刺接头","809295","BY-24F-PP-N","by-24f-pp-n","fittings","正常","mainImage","/images/products/fittings/barbed-fittings/products/by-24f-pp-n-main.jpg","F:\WebsiteProjects\foreach-website-2026\public\images\products\fittings\barbed-fittings\products\by-24f-pp-n-main.jpg","data/products/generated/fittings/barbed-fittings/detail/index.json","$[126]","无需处理"
"599","Y型等径倒刺接头","809296","BY-32F-PP-N","by-32f-pp-n","fittings","正常","mainImage","/images/products/fittings/barbed-fittings/products/by-32f-pp-n-main.jpg","F:\WebsiteProjects\foreach-website-2026\public\images\products\fittings\barbed-fittings\products\by-32f-pp-n-main.jpg","data/products/generated/fittings/barbed-fittings/detail/index.json","$[127]","无需处理"
"600","Y型等径倒刺接头","809297","BY-40D-PP-N","by-40d-pp-n","fittings","正常","mainImage","/images/products/fittings/barbed-fittings/products/by-40d-pp-n-main.jpg","F:\WebsiteProjects\foreach-website-2026\public\images\products\fittings\barbed-fittings\products\by-40d-pp-n-main.jpg","data/products/generated/fittings/barbed-fittings/detail/index.json","$[128]","无需处理"
"601","Y型等径倒刺接头","809298","BY-64F-PP-N","by-64f-pp-n","fittings","正常","mainImage","/images/products/fittings/barbed-fittings/products/by-64f-pp-n-main.jpg","F:\WebsiteProjects\foreach-website-2026\public\images\products\fittings\barbed-fittings\products\by-64f-pp-n-main.jpg","data/products/generated/fittings/barbed-fittings/detail/index.json","$[129]","无需处理"
"602","Y型等径倒刺接头","809326","BY-24F-PA-W","by-24f-pa-w","fittings","正常","mainImage","/images/products/fittings/barbed-fittings/products/by-24f-pa-w-main.jpg","F:\WebsiteProjects\foreach-website-2026\public\images\products\fittings\barbed-fittings\products\by-24f-pa-w-main.jpg","data/products/generated/fittings/barbed-fittings/detail/index.json","$[130]","无需处理"
"603","Y型等径倒刺接头","809334","BY-16F-PA-W","by-16f-pa-w","fittings","正常","mainImage","/images/products/fittings/barbed-fittings/products/by-16f-pa-w-main.jpg","F:\WebsiteProjects\foreach-website-2026\public\images\products\fittings\barbed-fittings\products\by-16f-pa-w-main.jpg","data/products/generated/fittings/barbed-fittings/detail/index.json","$[131]","无需处理"
"604","Y型等径倒刺接头","809335","BY-32F-PA-W","by-32f-pa-w","fittings","正常","mainImage","/images/products/fittings/barbed-fittings/products/by-32f-pa-w-main.jpg","F:\WebsiteProjects\foreach-website-2026\public\images\products\fittings\barbed-fittings\products\by-32f-pa-w-main.jpg","data/products/generated/fittings/barbed-fittings/detail/index.json","$[132]","无需处理"
"605","Y型等径倒刺接头","809336","BY-64F-PA-W","by-64f-pa-w","fittings","正常","mainImage","/images/products/fittings/barbed-fittings/products/by-64f-pa-w-main.jpg","F:\WebsiteProjects\foreach-website-2026\public\images\products\fittings\barbed-fittings\products\by-64f-pa-w-main.jpg","data/products/generated/fittings/barbed-fittings/detail/index.json","$[133]","无需处理"
"606","Y型等径倒刺接头","809341","BY-48F-PP-N","by-48f-pp-n","fittings","正常","mainImage","/images/products/fittings/barbed-fittings/products/by-48f-pp-n-main.jpg","F:\WebsiteProjects\foreach-website-2026\public\images\products\fittings\barbed-fittings\products\by-48f-pp-n-main.jpg","data/products/generated/fittings/barbed-fittings/detail/index.json","$[134]","无需处理"
"607","Y型等径倒刺接头","809343","BY-48F-PA-W","by-48f-pa-w","fittings","正常","mainImage","/images/products/fittings/barbed-fittings/products/by-48f-pa-w-main.jpg","F:\WebsiteProjects\foreach-website-2026\public\images\products\fittings\barbed-fittings\products\by-48f-pa-w-main.jpg","data/products/generated/fittings/barbed-fittings/detail/index.json","$[135]","无需处理"
"608","Y型等径倒刺接头","809369","BY-40D-PA-W","by-40d-pa-w","fittings","正常","mainImage","/images/products/fittings/barbed-fittings/products/by-40d-pa-w-main.jpg","F:\WebsiteProjects\foreach-website-2026\public\images\products\fittings\barbed-fittings\products\by-40d-pa-w-main.jpg","data/products/generated/fittings/barbed-fittings/detail/index.json","$[136]","无需处理"
"609","Y型异径倒刺接头","809380","BY-24D-16D-16D-PP-N","by-24d-16d-16d-pp-n","fittings","正常","mainImage","/images/products/fittings/barbed-fittings/products/by-24d-16d-16d-pp-n-main.jpg","F:\WebsiteProjects\foreach-website-2026\public\images\products\fittings\barbed-fittings\products\by-24d-16d-16d-pp-n-main.jpg","data/products/generated/fittings/barbed-fittings/detail/index.json","$[137]","无需处理"
"610","Y型异径倒刺接头","809381","BY-24D-16D-16D-PA-W","by-24d-16d-16d-pa-w","fittings","正常","mainImage","/images/products/fittings/barbed-fittings/products/by-24d-16d-16d-pa-w-main.jpg","F:\WebsiteProjects\foreach-website-2026\public\images\products\fittings\barbed-fittings\products\by-24d-16d-16d-pa-w-main.jpg","data/products/generated/fittings/barbed-fittings/detail/index.json","$[138]","无需处理"
"611","Y型等径倒刺接头","809430","BY-32D-PP-N","by-32d-pp-n","fittings","正常","mainImage","/images/products/fittings/barbed-fittings/products/by-32d-pp-n-main.jpg","F:\WebsiteProjects\foreach-website-2026\public\images\products\fittings\barbed-fittings\products\by-32d-pp-n-main.jpg","data/products/generated/fittings/barbed-fittings/detail/index.json","$[139]","无需处理"
"612","Y型等径倒刺接头","809431","BY-32D-PA-W","by-32d-pa-w","fittings","正常","mainImage","/images/products/fittings/barbed-fittings/products/by-32d-pa-w-main.jpg","F:\WebsiteProjects\foreach-website-2026\public\images\products\fittings\barbed-fittings\products\by-32d-pa-w-main.jpg","data/products/generated/fittings/barbed-fittings/detail/index.json","$[140]","无需处理"
"613","Y型等径倒刺接头","809432","BY-95X-PP-N","by-95x-pp-n","fittings","正常","mainImage","/images/products/fittings/barbed-fittings/products/by-95x-pp-n-main.jpg","F:\WebsiteProjects\foreach-website-2026\public\images\products\fittings\barbed-fittings\products\by-95x-pp-n-main.jpg","data/products/generated/fittings/barbed-fittings/detail/index.json","$[141]","无需处理"
"614","Y型等径倒刺接头","809433","BY-95X-PA-W","by-95x-pa-w","fittings","正常","mainImage","/images/products/fittings/barbed-fittings/products/by-95x-pa-w-main.jpg","F:\WebsiteProjects\foreach-website-2026\public\images\products\fittings\barbed-fittings\products\by-95x-pa-w-main.jpg","data/products/generated/fittings/barbed-fittings/detail/index.json","$[142]","无需处理"
"615","Y型异径倒刺接头","809434","BY-32D-16D-16D-PP-N","by-32d-16d-16d-pp-n","fittings","正常","mainImage","/images/products/fittings/barbed-fittings/products/by-32d-16d-16d-pp-n-main.jpg","F:\WebsiteProjects\foreach-website-2026\public\images\products\fittings\barbed-fittings\products\by-32d-16d-16d-pp-n-main.jpg","data/products/generated/fittings/barbed-fittings/detail/index.json","$[143]","无需处理"
"616","Y型异径倒刺接头","809435","BY-32D-16D-16D-PA-W","by-32d-16d-16d-pa-w","fittings","正常","mainImage","/images/products/fittings/barbed-fittings/products/by-32d-16d-16d-pa-w-main.jpg","F:\WebsiteProjects\foreach-website-2026\public\images\products\fittings\barbed-fittings\products\by-32d-16d-16d-pa-w-main.jpg","data/products/generated/fittings/barbed-fittings/detail/index.json","$[144]","无需处理"
"617","Y型异径倒刺接头","809436","BY-64D-32D-32D-PP-N","by-64d-32d-32d-pp-n","fittings","正常","mainImage","/images/products/fittings/barbed-fittings/products/by-64d-32d-32d-pp-n-main.jpg","F:\WebsiteProjects\foreach-website-2026\public\images\products\fittings\barbed-fittings\products\by-64d-32d-32d-pp-n-main.jpg","data/products/generated/fittings/barbed-fittings/detail/index.json","$[145]","无需处理"
"618","Y型异径倒刺接头","809437","BY-64D-32D-32D-PA-W","by-64d-32d-32d-pa-w","fittings","正常","mainImage","/images/products/fittings/barbed-fittings/products/by-64d-32d-32d-pa-w-main.jpg","F:\WebsiteProjects\foreach-website-2026\public\images\products\fittings\barbed-fittings\products\by-64d-32d-32d-pa-w-main.jpg","data/products/generated/fittings/barbed-fittings/detail/index.json","$[146]","无需处理"
"619","Y型等径倒刺接头","809608","BY-24D-PP-N","by-24d-pp-n","fittings","正常","mainImage","/images/products/fittings/barbed-fittings/products/by-24d-pp-n-main.jpg","F:\WebsiteProjects\foreach-website-2026\public\images\products\fittings\barbed-fittings\products\by-24d-pp-n-main.jpg","data/products/generated/fittings/barbed-fittings/detail/index.json","$[147]","无需处理"
"620","Y型等径倒刺接头","809609","BY-24D-PA-W","by-24d-pa-w","fittings","正常","mainImage","/images/products/fittings/barbed-fittings/products/by-24d-pa-w-main.jpg","F:\WebsiteProjects\foreach-website-2026\public\images\products\fittings\barbed-fittings\products\by-24d-pa-w-main.jpg","data/products/generated/fittings/barbed-fittings/detail/index.json","$[148]","无需处理"
"621","Y型等径倒刺接头","809623","BY-16D-PP-N","by-16d-pp-n","fittings","正常","mainImage","/images/products/fittings/barbed-fittings/products/by-16d-pp-n-main.jpg","F:\WebsiteProjects\foreach-website-2026\public\images\products\fittings\barbed-fittings\products\by-16d-pp-n-main.jpg","data/products/generated/fittings/barbed-fittings/detail/index.json","$[149]","无需处理"
"622","Y型等径倒刺接头","809624","BY-16D-PA-W","by-16d-pa-w","fittings","正常","mainImage","/images/products/fittings/barbed-fittings/products/by-16d-pa-w-main.jpg","F:\WebsiteProjects\foreach-website-2026\public\images\products\fittings\barbed-fittings\products\by-16d-pa-w-main.jpg","data/products/generated/fittings/barbed-fittings/detail/index.json","$[150]","无需处理"
"623","Y型等径倒刺接头","809646","BY-127V-PP-N","by-127v-pp-n","fittings","正常","mainImage","/images/products/fittings/barbed-fittings/products/by-127v-pp-n-main.jpg","F:\WebsiteProjects\foreach-website-2026\public\images\products\fittings\barbed-fittings\products\by-127v-pp-n-main.jpg","data/products/generated/fittings/barbed-fittings/detail/index.json","$[151]","无需处理"
"624","Y型异径倒刺接头","806208","BY-64-40-40-PP-N","by-64-40-40-pp-n","fittings","正常","mainImage","/images/logo/foreach-logo-color.svg","F:\WebsiteProjects\foreach-website-2026\public\images\logo\foreach-logo-color.svg","data/products/generated/fittings/barbed-fittings/detail/index.json","$[152]","无需处理"
"625","Y型等径倒刺接头","806282","BY-79-PP-N","by-79-pp-n","fittings","正常","mainImage","/images/logo/foreach-logo-color.svg","F:\WebsiteProjects\foreach-website-2026\public\images\logo\foreach-logo-color.svg","data/products/generated/fittings/barbed-fittings/detail/index.json","$[153]","无需处理"
"626","π型四通等径倒刺接头","806224","BF4-16-PP-N","bf4-16-pp-n","fittings","正常","mainImage","/images/logo/foreach-logo-color.svg","F:\WebsiteProjects\foreach-website-2026\public\images\logo\foreach-logo-color.svg","data/products/generated/fittings/barbed-fittings/detail/index.json","$[154]","无需处理"
"627","π型四通等径倒刺接头","806055","BF4-24-PP-N","bf4-24-pp-n","fittings","正常","mainImage","/images/logo/foreach-logo-color.svg","F:\WebsiteProjects\foreach-website-2026\public\images\logo\foreach-logo-color.svg","data/products/generated/fittings/barbed-fittings/detail/index.json","$[155]","无需处理"
"628","π型四通等径倒刺接头","806189","BF4-32-PP-N","bf4-32-pp-n","fittings","正常","mainImage","/images/logo/foreach-logo-color.svg","F:\WebsiteProjects\foreach-website-2026\public\images\logo\foreach-logo-color.svg","data/products/generated/fittings/barbed-fittings/detail/index.json","$[156]","无需处理"
"629","十字型四通等径倒刺接头","806220","BX4-16-PP-N","bx4-16-pp-n","fittings","正常","mainImage","/images/logo/foreach-logo-color.svg","F:\WebsiteProjects\foreach-website-2026\public\images\logo\foreach-logo-color.svg","data/products/generated/fittings/barbed-fittings/detail/index.json","$[157]","无需处理"
"630","十字型四通等径倒刺接头","806192","BX4-24-PP-N","bx4-24-pp-n","fittings","正常","mainImage","/images/logo/foreach-logo-color.svg","F:\WebsiteProjects\foreach-website-2026\public\images\logo\foreach-logo-color.svg","data/products/generated/fittings/barbed-fittings/detail/index.json","$[158]","无需处理"
"631","十字型四通等径倒刺接头","806221","BX4-32-PP-N","bx4-32-pp-n","fittings","正常","mainImage","/images/logo/foreach-logo-color.svg","F:\WebsiteProjects\foreach-website-2026\public\images\logo\foreach-logo-color.svg","data/products/generated/fittings/barbed-fittings/detail/index.json","$[159]","无需处理"
"632","倒刺堵头","809283","BBL-16D-PP-N","bbl-16d-pp-n","fittings","正常","mainImage","/images/products/fittings/barbed-fittings/products/bbl-16d-pp-n-main.jpg","F:\WebsiteProjects\foreach-website-2026\public\images\products\fittings\barbed-fittings\products\bbl-16d-pp-n-main.jpg","data/products/generated/fittings/barbed-fittings/detail/index.json","$[160]","无需处理"
"633","倒刺堵头","809284","BBL-24D-PP-N","bbl-24d-pp-n","fittings","正常","mainImage","/images/products/fittings/barbed-fittings/products/bbl-24d-pp-n-main.jpg","F:\WebsiteProjects\foreach-website-2026\public\images\products\fittings\barbed-fittings\products\bbl-24d-pp-n-main.jpg","data/products/generated/fittings/barbed-fittings/detail/index.json","$[161]","无需处理"
"634","倒刺堵头","809285","BBL-32D-PP-N","bbl-32d-pp-n","fittings","正常","mainImage","/images/products/fittings/barbed-fittings/products/bbl-32d-pp-n-main.jpg","F:\WebsiteProjects\foreach-website-2026\public\images\products\fittings\barbed-fittings\products\bbl-32d-pp-n-main.jpg","data/products/generated/fittings/barbed-fittings/detail/index.json","$[162]","无需处理"
"635","倒刺堵头","809406","BBL-16D-PA-W","bbl-16d-pa-w","fittings","正常","mainImage","/images/products/fittings/barbed-fittings/products/bbl-16d-pa-w-main.jpg","F:\WebsiteProjects\foreach-website-2026\public\images\products\fittings\barbed-fittings\products\bbl-16d-pa-w-main.jpg","data/products/generated/fittings/barbed-fittings/detail/index.json","$[163]","无需处理"
"636","倒刺堵头","809407","BBL-24D-PA-W","bbl-24d-pa-w","fittings","正常","mainImage","/images/products/fittings/barbed-fittings/products/bbl-24d-pa-w-main.jpg","F:\WebsiteProjects\foreach-website-2026\public\images\products\fittings\barbed-fittings\products\bbl-24d-pa-w-main.jpg","data/products/generated/fittings/barbed-fittings/detail/index.json","$[164]","无需处理"
"637","倒刺堵头","809408","BBL-32D-PA-W","bbl-32d-pa-w","fittings","正常","mainImage","/images/products/fittings/barbed-fittings/products/bbl-32d-pa-w-main.jpg","F:\WebsiteProjects\foreach-website-2026\public\images\products\fittings\barbed-fittings\products\bbl-32d-pa-w-main.jpg","data/products/generated/fittings/barbed-fittings/detail/index.json","$[165]","无需处理"
"638","穿板倒刺接头","809462","PMB-U28-24D-PP-N","pmb-u28-24d-pp-n","fittings","正常","mainImage","/images/products/fittings/bulkhead-barbed-fittings/products/pmb-u28-24d-pp-n-main.jpg","F:\WebsiteProjects\foreach-website-2026\public\images\products\fittings\bulkhead-barbed-fittings\products\pmb-u28-24d-pp-n-main.jpg","data/products/generated/fittings/bulkhead-barbed-fittings/detail/index.json","$[0]","无需处理"
"639","穿板倒刺接头","809463","PMB-U28-32D-PP-N","pmb-u28-32d-pp-n","fittings","正常","mainImage","/images/products/fittings/bulkhead-barbed-fittings/products/pmb-u28-32d-pp-n-main.jpg","F:\WebsiteProjects\foreach-website-2026\public\images\products\fittings\bulkhead-barbed-fittings\products\pmb-u28-32d-pp-n-main.jpg","data/products/generated/fittings/bulkhead-barbed-fittings/detail/index.json","$[1]","无需处理"
"640","穿板倒刺接头","809496","PMB-U28-24D-PA-W","pmb-u28-24d-pa-w","fittings","正常","mainImage","/images/products/fittings/bulkhead-barbed-fittings/products/pmb-u28-24d-pa-w-main.jpg","F:\WebsiteProjects\foreach-website-2026\public\images\products\fittings\bulkhead-barbed-fittings\products\pmb-u28-24d-pa-w-main.jpg","data/products/generated/fittings/bulkhead-barbed-fittings/detail/index.json","$[2]","无需处理"
"641","穿板倒刺接头","809497","PMB-U28-32D-PA-W","pmb-u28-32d-pa-w","fittings","正常","mainImage","/images/products/fittings/bulkhead-barbed-fittings/products/pmb-u28-32d-pa-w-main.jpg","F:\WebsiteProjects\foreach-website-2026\public\images\products\fittings\bulkhead-barbed-fittings\products\pmb-u28-32d-pa-w-main.jpg","data/products/generated/fittings/bulkhead-barbed-fittings/detail/index.json","$[3]","无需处理"
"642","穿板倒刺接头","809304","PMB-U28-16D-PP-N","pmb-u28-16d-pp-n","fittings","正常","mainImage","/images/products/fittings/bulkhead-barbed-fittings/products/pmb-u28-16d-pp-n-main.jpg","F:\WebsiteProjects\foreach-website-2026\public\images\products\fittings\bulkhead-barbed-fittings\products\pmb-u28-16d-pp-n-main.jpg","data/products/generated/fittings/bulkhead-barbed-fittings/detail/index.json","$[4]","无需处理"
"643","穿板倒刺接头","809517","PMB-U28-16D-PA-W","pmb-u28-16d-pa-w","fittings","正常","mainImage","/images/products/fittings/bulkhead-barbed-fittings/products/pmb-u28-16d-pa-w-main.jpg","F:\WebsiteProjects\foreach-website-2026\public\images\products\fittings\bulkhead-barbed-fittings\products\pmb-u28-16d-pa-w-main.jpg","data/products/generated/fittings/bulkhead-barbed-fittings/detail/index.json","$[5]","无需处理"
"644","穿板倒刺接头","806233","PMB-M6-40-PP-N","pmb-m6-40-pp-n","fittings","正常","mainImage","/images/logo/foreach-logo-color.svg","F:\WebsiteProjects\foreach-website-2026\public\images\logo\foreach-logo-color.svg","data/products/generated/fittings/bulkhead-barbed-fittings/detail/index.json","$[6]","无需处理"
"645","穿板倒刺接头","806235","PMB-M10-64-PP-N","pmb-m10-64-pp-n","fittings","正常","mainImage","/images/logo/foreach-logo-color.svg","F:\WebsiteProjects\foreach-website-2026\public\images\logo\foreach-logo-color.svg","data/products/generated/fittings/bulkhead-barbed-fittings/detail/index.json","$[7]","无需处理"
"646","穿板倒刺接头","806236","PMB-M12-79-PP-N","pmb-m12-79-pp-n","fittings","正常","mainImage","/images/logo/foreach-logo-color.svg","F:\WebsiteProjects\foreach-website-2026\public\images\logo\foreach-logo-color.svg","data/products/generated/fittings/bulkhead-barbed-fittings/detail/index.json","$[8]","无需处理"
"647","六角螺母","809498","PMBSN-U28-PA-W","pmbsn-u28-pa-w","fittings","正常","mainImage","/images/products/fittings/bulkhead-barbed-fittings/products/pmbsn-u28-pa-w-main.jpg","F:\WebsiteProjects\foreach-website-2026\public\images\products\fittings\bulkhead-barbed-fittings\products\pmbsn-u28-pa-w-main.jpg","data/products/generated/fittings/bulkhead-barbed-fittings/detail/index.json","$[9]","无需处理"
"648","六角螺母","809464","PMBSN-U28-PP-N","pmbsn-u28-pp-n","fittings","正常","mainImage","/images/products/fittings/bulkhead-barbed-fittings/products/pmbsn-u28-pp-n-main.jpg","F:\WebsiteProjects\foreach-website-2026\public\images\products\fittings\bulkhead-barbed-fittings\products\pmbsn-u28-pp-n-main.jpg","data/products/generated/fittings/bulkhead-barbed-fittings/detail/index.json","$[10]","无需处理"
"649","鸭嘴式单向阀","126006","CV-DE-16-PV-N","cv-de-16-pv-n","fittings","正常","mainImage","/images/logo/foreach-logo-color.svg","F:\WebsiteProjects\foreach-website-2026\public\images\logo\foreach-logo-color.svg","data/products/generated/fittings/check-valves/detail/index.json","$[0]","无需处理"
"650","膜片式单向阀","126007","CV-BV-32-PP-N","cv-bv-32-pp-n","fittings","正常","mainImage","/images/logo/foreach-logo-color.svg","F:\WebsiteProjects\foreach-website-2026\public\images\logo\foreach-logo-color.svg","data/products/generated/fittings/check-valves/detail/index.json","$[1]","无需处理"
"651","膜片式单向阀","126009","CV-BV-48-PP-N","cv-bv-48-pp-n","fittings","正常","mainImage","/images/logo/foreach-logo-color.svg","F:\WebsiteProjects\foreach-website-2026\public\images\logo\foreach-logo-color.svg","data/products/generated/fittings/check-valves/detail/index.json","$[2]","无需处理"
"652","膜片式单向阀","126011","CV-BV-64-PP-N","cv-bv-64-pp-n","fittings","正常","mainImage","/images/logo/foreach-logo-color.svg","F:\WebsiteProjects\foreach-website-2026\public\images\logo\foreach-logo-color.svg","data/products/generated/fittings/check-valves/detail/index.json","$[3]","无需处理"
"653","膜片式单向阀","126012","CV-BE-64-PP-N","cv-be-64-pp-n","fittings","正常","mainImage","/images/logo/foreach-logo-color.svg","F:\WebsiteProjects\foreach-website-2026\public\images\logo\foreach-logo-color.svg","data/products/generated/fittings/check-valves/detail/index.json","$[4]","无需处理"
"654","膜片式单向阀","126013","CV-BV-79-PP-N","cv-bv-79-pp-n","fittings","正常","mainImage","/images/logo/foreach-logo-color.svg","F:\WebsiteProjects\foreach-website-2026\public\images\logo\foreach-logo-color.svg","data/products/generated/fittings/check-valves/detail/index.json","$[5]","无需处理"
"655","膜片式单向阀","126014","CV-BE-79-PP-N","cv-be-79-pp-n","fittings","正常","mainImage","/images/logo/foreach-logo-color.svg","F:\WebsiteProjects\foreach-website-2026\public\images\logo\foreach-logo-color.svg","data/products/generated/fittings/check-valves/detail/index.json","$[6]","无需处理"
"656","膜片式单向阀","126016","CV-BE-95-PP-N","cv-be-95-pp-n","fittings","正常","mainImage","/images/logo/foreach-logo-color.svg","F:\WebsiteProjects\foreach-website-2026\public\images\logo\foreach-logo-color.svg","data/products/generated/fittings/check-valves/detail/index.json","$[7]","无需处理"
"657","膜片式单向阀","126025","CV-BF-16-PV-N","cv-bf-16-pv-n","fittings","正常","mainImage","/images/logo/foreach-logo-color.svg","F:\WebsiteProjects\foreach-website-2026\public\images\logo\foreach-logo-color.svg","data/products/generated/fittings/check-valves/detail/index.json","$[8]","无需处理"
"658","鸭嘴式单向阀","126026","CV-DE-24-PV-N","cv-de-24-pv-n","fittings","正常","mainImage","/images/logo/foreach-logo-color.svg","F:\WebsiteProjects\foreach-website-2026\public\images\logo\foreach-logo-color.svg","data/products/generated/fittings/check-valves/detail/index.json","$[9]","无需处理"
"659","鸭嘴式单向阀","126027","CV-DE-32-PV-N","cv-de-32-pv-n","fittings","正常","mainImage","/images/logo/foreach-logo-color.svg","F:\WebsiteProjects\foreach-website-2026\public\images\logo\foreach-logo-color.svg","data/products/generated/fittings/check-valves/detail/index.json","$[10]","无需处理"
"660","膜片式单向阀","129001","CV-BE-32-PP-N","cv-be-32-pp-n","fittings","正常","mainImage","/images/products/fittings/check-valves/products/cv-be-32-pp-n-main.jpg","F:\WebsiteProjects\foreach-website-2026\public\images\products\fittings\check-valves\products\cv-be-32-pp-n-main.jpg","data/products/generated/fittings/check-valves/detail/index.json","$[11]","无需处理"
"661","膜片式单向阀","129002","CV-BE-32-PV-N","cv-be-32-pv-n","fittings","正常","mainImage","/images/logo/foreach-logo-color.svg","F:\WebsiteProjects\foreach-website-2026\public\images\logo\foreach-logo-color.svg","data/products/generated/fittings/check-valves/detail/index.json","$[12]","无需处理"
"662","膜片式单向阀","129003","CV-BF-32-PP-N","cv-bf-32-pp-n","fittings","正常","mainImage","/images/logo/foreach-logo-color.svg","F:\WebsiteProjects\foreach-website-2026\public\images\logo\foreach-logo-color.svg","data/products/generated/fittings/check-valves/detail/index.json","$[13]","无需处理"
"663","膜片式单向阀","129004","CV-BE-24-PP-N","cv-be-24-pp-n","fittings","正常","mainImage","/images/logo/foreach-logo-color.svg","F:\WebsiteProjects\foreach-website-2026\public\images\logo\foreach-logo-color.svg","data/products/generated/fittings/check-valves/detail/index.json","$[14]","无需处理"
"664","膜片式单向阀","129005","CV-BF-32-PP-B","cv-bf-32-pp-b","fittings","正常","mainImage","/images/logo/foreach-logo-color.svg","F:\WebsiteProjects\foreach-website-2026\public\images\logo\foreach-logo-color.svg","data/products/generated/fittings/check-valves/detail/index.json","$[15]","无需处理"
"665","方形二通内螺纹互转接头","809484","US-M6-05-AC-B","us-m6-05-ac-b","fittings","正常","mainImage","/images/products/fittings/female-thread-adapters/products/US-M6-05-AC-B.jpg","F:\WebsiteProjects\foreach-website-2026\public\images\products\fittings\female-thread-adapters\products\US-M6-05-AC-B.jpg","data/products/generated/fittings/female-thread-adapters/detail/index.json","$[0]","无需处理"
"666","方形二通内螺纹互转接头","809531","US-M6-10-AC-B","us-m6-10-ac-b","fittings","正常","mainImage","/images/products/fittings/female-thread-adapters/products/US-M6-10-AC-B.jpg","F:\WebsiteProjects\foreach-website-2026\public\images\products\fittings\female-thread-adapters\products\US-M6-10-AC-B.jpg","data/products/generated/fittings/female-thread-adapters/detail/index.json","$[1]","无需处理"
"667","方形二通内螺纹互转接头","809532","US-M6-15-AC-B","us-m6-15-ac-b","fittings","正常","mainImage","/images/products/fittings/female-thread-adapters/products/US-M6-15-AC-B.jpg","F:\WebsiteProjects\foreach-website-2026\public\images\products\fittings\female-thread-adapters\products\US-M6-15-AC-B.jpg","data/products/generated/fittings/female-thread-adapters/detail/index.json","$[2]","无需处理"
"668","方形二通内螺纹互转接头","809533","US-M6-05-PP-N","us-m6-05-pp-n","fittings","正常","mainImage","/images/products/fittings/female-thread-adapters/products/US-M6-05-PP-N.jpg","F:\WebsiteProjects\foreach-website-2026\public\images\products\fittings\female-thread-adapters\products\US-M6-05-PP-N.jpg","data/products/generated/fittings/female-thread-adapters/detail/index.json","$[3]","无需处理"
"669","方形二通内螺纹互转接头","809534","US-M6-10-PP-N","us-m6-10-pp-n","fittings","正常","mainImage","/images/products/fittings/female-thread-adapters/products/US-M6-10-PP-N.jpg","F:\WebsiteProjects\foreach-website-2026\public\images\products\fittings\female-thread-adapters\products\US-M6-10-PP-N.jpg","data/products/generated/fittings/female-thread-adapters/detail/index.json","$[4]","无需处理"
"670","方形二通内螺纹互转接头","809516","US-M6-15-PP-N","us-m6-15-pp-n","fittings","正常","mainImage","/images/products/fittings/female-thread-adapters/products/US-M6-15-PP-N.jpg","F:\WebsiteProjects\foreach-website-2026\public\images\products\fittings\female-thread-adapters\products\US-M6-15-PP-N.jpg","data/products/generated/fittings/female-thread-adapters/detail/index.json","$[5]","无需处理"
"671","穿板二通内螺纹互转接头","809525","PMU-M12-U28-20-PP-N","pmu-m12-u28-20-pp-n","fittings","正常","mainImage","/images/products/fittings/female-thread-adapters/products/PMU-M12-U28-20-PP-N.jpg","F:\WebsiteProjects\foreach-website-2026\public\images\products\fittings\female-thread-adapters\products\PMU-M12-U28-20-PP-N.jpg","data/products/generated/fittings/female-thread-adapters/detail/index.json","$[6]","无需处理"
"672","直通二通内螺纹互转接头","809195","U-U28-20-PP-N","u-u28-20-pp-n","fittings","正常","mainImage","/images/products/fittings/female-thread-adapters/products/U-U28-20-PP-N.jpg","F:\WebsiteProjects\foreach-website-2026\public\images\products\fittings\female-thread-adapters\products\U-U28-20-PP-N.jpg","data/products/generated/fittings/female-thread-adapters/detail/index.json","$[7]","无需处理"
"673","直通二通内螺纹互转接头","809192","U-U28-20-AC-B","u-u28-20-ac-b","fittings","正常","mainImage","/images/products/fittings/female-thread-adapters/products/U-U28-20-AC-B.jpg","F:\WebsiteProjects\foreach-website-2026\public\images\products\fittings\female-thread-adapters\products\U-U28-20-AC-B.jpg","data/products/generated/fittings/female-thread-adapters/detail/index.json","$[8]","无需处理"
"674","直通二通内螺纹互转接头","809198","U-U28-20-PS-B","u-u28-20-ps-b","fittings","正常","mainImage","/images/products/fittings/female-thread-adapters/products/U-U28-20-PS-B.jpg","F:\WebsiteProjects\foreach-website-2026\public\images\products\fittings\female-thread-adapters\products\U-U28-20-PS-B.jpg","data/products/generated/fittings/female-thread-adapters/detail/index.json","$[9]","无需处理"
"675","直通二通内螺纹互转接头","809197","U-M6-20-PP-N","u-m6-20-pp-n","fittings","正常","mainImage","/images/products/fittings/female-thread-adapters/products/U-M6-20-PP-N.jpg","F:\WebsiteProjects\foreach-website-2026\public\images\products\fittings\female-thread-adapters\products\U-M6-20-PP-N.jpg","data/products/generated/fittings/female-thread-adapters/detail/index.json","$[10]","无需处理"
"676","直通二通内螺纹互转接头","809194","U-M6-20-AC-B","u-m6-20-ac-b","fittings","正常","mainImage","/images/products/fittings/female-thread-adapters/products/U-M6-20-AC-B.jpg","F:\WebsiteProjects\foreach-website-2026\public\images\products\fittings\female-thread-adapters\products\U-M6-20-AC-B.jpg","data/products/generated/fittings/female-thread-adapters/detail/index.json","$[11]","无需处理"
"677","T型三通内螺纹互转接头","809697","UT-U28-15-PP-N","ut-u28-15-pp-n","fittings","正常","mainImage","/images/products/fittings/female-thread-adapters/products/UT-U28-15-PP-N.jpg","F:\WebsiteProjects\foreach-website-2026\public\images\products\fittings\female-thread-adapters\products\UT-U28-15-PP-N.jpg","data/products/generated/fittings/female-thread-adapters/detail/index.json","$[12]","无需处理"
"678","T型三通内螺纹互转接头","809518","UT-U28-20-PP-N","ut-u28-20-pp-n","fittings","正常","mainImage","/images/products/fittings/female-thread-adapters/products/UT-U28-20-PP-N.jpg","F:\WebsiteProjects\foreach-website-2026\public\images\products\fittings\female-thread-adapters\products\UT-U28-20-PP-N.jpg","data/products/generated/fittings/female-thread-adapters/detail/index.json","$[13]","无需处理"
"679","T型三通内螺纹互转接头","809631","UT-U28-15-PS-B","ut-u28-15-ps-b","fittings","正常","mainImage","/images/products/fittings/female-thread-adapters/products/UT-U28-15-PS-B.jpg","F:\WebsiteProjects\foreach-website-2026\public\images\products\fittings\female-thread-adapters\products\UT-U28-15-PS-B.jpg","data/products/generated/fittings/female-thread-adapters/detail/index.json","$[14]","无需处理"
"680","T型三通内螺纹互转接头","809698","UT-U28-20-PS-B","ut-u28-20-ps-b","fittings","正常","mainImage","/images/products/fittings/female-thread-adapters/products/UT-U28-20-PS-B.jpg","F:\WebsiteProjects\foreach-website-2026\public\images\products\fittings\female-thread-adapters\products\UT-U28-20-PS-B.jpg","data/products/generated/fittings/female-thread-adapters/detail/index.json","$[15]","无需处理"
"681","T型三通内螺纹互转接头","809939","UT-M6-20-PP-N","ut-m6-20-pp-n","fittings","主图字段为空","mainImage","","","data/products/generated/fittings/female-thread-adapters/detail/index.json","$[16]","补充主图路径；补图前暂不发布"
"682","Y型三通内螺纹互转接头","809308","UY-U28-10-PP-N","uy-u28-10-pp-n","fittings","正常","mainImage","/images/products/fittings/female-thread-adapters/products/UY-U28-10-PP-N.jpg","F:\WebsiteProjects\foreach-website-2026\public\images\products\fittings\female-thread-adapters\products\UY-U28-10-PP-N.jpg","data/products/generated/fittings/female-thread-adapters/detail/index.json","$[17]","无需处理"
"683","Y型三通内螺纹互转接头","809491","UY-U28-15-PP-N","uy-u28-15-pp-n","fittings","正常","mainImage","/images/products/fittings/female-thread-adapters/products/UY-U28-15-PP-N.jpg","F:\WebsiteProjects\foreach-website-2026\public\images\products\fittings\female-thread-adapters\products\UY-U28-15-PP-N.jpg","data/products/generated/fittings/female-thread-adapters/detail/index.json","$[18]","无需处理"
"684","Y型三通内螺纹互转接头","809790","UY-U28-20-PP-N","uy-u28-20-pp-n","fittings","正常","mainImage","/images/products/fittings/female-thread-adapters/products/UY-U28-20-PP-N.jpg","F:\WebsiteProjects\foreach-website-2026\public\images\products\fittings\female-thread-adapters\products\UY-U28-20-PP-N.jpg","data/products/generated/fittings/female-thread-adapters/detail/index.json","$[19]","无需处理"
"685","内螺纹六角螺母","809033","PMBSN-M12-PA-B","pmbsn-m12-pa-b","fittings","主图字段为空","mainImage","","","data/products/generated/fittings/female-thread-adapters/detail/index.json","$[20]","补充主图路径；补图前暂不发布"
"686","高压二通内螺纹互转接头","809317","PU-U32-08-SS-N","pu-u32-08-ss-n","fittings","主图字段为空","mainImage","","","data/products/generated/fittings/female-thread-adapters/detail/index.json","$[21]","补充主图路径；补图前暂不发布"
"687","高压二通内螺纹互转接头","809659","PU-U32-U28-08-SS-N","pu-u32-u28-08-ss-n","fittings","主图字段为空","mainImage","","","data/products/generated/fittings/female-thread-adapters/detail/index.json","$[22]","补充主图路径；补图前暂不发布"
"688","高压T型三通内螺纹互转接头","809664","PUT-U32-05-SS-N","put-u32-05-ss-n","fittings","主图字段为空","mainImage","","","data/products/generated/fittings/female-thread-adapters/detail/index.json","$[23]","补充主图路径；补图前暂不发布"
"689","G系列过滤器","136003","G-178-64-PA-V","g-178-64-pa-v","fittings","正常","mainImage","/images/products/fittings/filters/products/g-178-64-pa-v-main.jpg","F:\WebsiteProjects\foreach-website-2026\public\images\products\fittings\filters\products\g-178-64-pa-v-main.jpg","data/products/generated/fittings/filters/detail/index.json","$[0]","无需处理"
"690","G系列过滤器","136004","G-178-48-PA-V","g-178-48-pa-v","fittings","正常","mainImage","/images/products/fittings/filters/products/g-178-48-pa-v-main.jpg","F:\WebsiteProjects\foreach-website-2026\public\images\products\fittings\filters\products\g-178-48-pa-v-main.jpg","data/products/generated/fittings/filters/detail/index.json","$[1]","无需处理"
"691","G系列过滤器","136005","G-178-32-PA-V","g-178-32-pa-v","fittings","正常","mainImage","/images/products/fittings/filters/products/g-178-32-pa-v-main.jpg","F:\WebsiteProjects\foreach-website-2026\public\images\products\fittings\filters\products\g-178-32-pa-v-main.jpg","data/products/generated/fittings/filters/detail/index.json","$[2]","无需处理"
"692","PE系列过滤器","136009","F-PE-10-24-PP-N","f-pe-10-24-pp-n","fittings","正常","mainImage","/images/logo/foreach-logo-color.svg","F:\WebsiteProjects\foreach-website-2026\public\images\logo\foreach-logo-color.svg","data/products/generated/fittings/filters/detail/index.json","$[3]","无需处理"
"693","PE系列过滤器","139001","F-PE-100-32-PP-N","f-pe-100-32-pp-n","fittings","正常","mainImage","/images/products/fittings/filters/products/f-pe-100-32-pp-n-main.jpg","F:\WebsiteProjects\foreach-website-2026\public\images\products\fittings\filters\products\f-pe-100-32-pp-n-main.jpg","data/products/generated/fittings/filters/detail/index.json","$[4]","无需处理"
"694","PE系列过滤器","139002","F-PE-100-32-PV-N","f-pe-100-32-pv-n","fittings","正常","mainImage","/images/logo/foreach-logo-color.svg","F:\WebsiteProjects\foreach-website-2026\public\images\logo\foreach-logo-color.svg","data/products/generated/fittings/filters/detail/index.json","$[5]","无需处理"
"695","PE系列过滤器","139003","F-PE-60-32-PP-N","f-pe-60-32-pp-n","fittings","正常","mainImage","/images/products/fittings/filters/products/f-pe-60-32-pp-n-main.jpg","F:\WebsiteProjects\foreach-website-2026\public\images\products\fittings\filters\products\f-pe-60-32-pp-n-main.jpg","data/products/generated/fittings/filters/detail/index.json","$[6]","无需处理"
"696","PA系列过滤器","139012","F-PA-150-32-PP-N","f-pa-150-32-pp-n","fittings","正常","mainImage","/images/logo/foreach-logo-color.svg","F:\WebsiteProjects\foreach-website-2026\public\images\logo\foreach-logo-color.svg","data/products/generated/fittings/filters/detail/index.json","$[7]","无需处理"
"697","PA系列过滤器","139014","F-PA-250-32D-PA-N","f-pa-250-32d-pa-n","fittings","正常","mainImage","/images/logo/foreach-logo-color.svg","F:\WebsiteProjects\foreach-website-2026\public\images\logo\foreach-logo-color.svg","data/products/generated/fittings/filters/detail/index.json","$[8]","无需处理"
"698","水循环过滤器","139005","F-SS-150-127-AC-N","f-ss-150-127-ac-n","fittings","正常","mainImage","/images/logo/foreach-logo-color.svg","F:\WebsiteProjects\foreach-website-2026\public\images\logo\foreach-logo-color.svg","data/products/generated/fittings/filters/detail/index.json","$[9]","无需处理"
"699","水循环过滤器","139006","F-SS-150-127D-AC-N","f-ss-150-127d-ac-n","fittings","正常","mainImage","/images/logo/foreach-logo-color.svg","F:\WebsiteProjects\foreach-website-2026\public\images\logo\foreach-logo-color.svg","data/products/generated/fittings/filters/detail/index.json","$[10]","无需处理"
"700","水循环过滤器","139007","F-SS-150-127-PP-N","f-ss-150-127-pp-n","fittings","正常","mainImage","/images/logo/foreach-logo-color.svg","F:\WebsiteProjects\foreach-website-2026\public\images\logo\foreach-logo-color.svg","data/products/generated/fittings/filters/detail/index.json","$[11]","无需处理"
"701","水循环过滤器","139008","F-SS-150-127D-PP-N","f-ss-150-127d-pp-n","fittings","正常","mainImage","/images/logo/foreach-logo-color.svg","F:\WebsiteProjects\foreach-website-2026\public\images\logo\foreach-logo-color.svg","data/products/generated/fittings/filters/detail/index.json","$[12]","无需处理"
"702","水循环过滤器","139011","F-SS-150-79D-PP-N","f-ss-150-79d-pp-n","fittings","正常","mainImage","/images/logo/foreach-logo-color.svg","F:\WebsiteProjects\foreach-website-2026\public\images\logo\foreach-logo-color.svg","data/products/generated/fittings/filters/detail/index.json","$[13]","无需处理"
"703","水循环过滤器","139013","F-SS-150-95D-PP-N","f-ss-150-95d-pp-n","fittings","正常","mainImage","/images/logo/foreach-logo-color.svg","F:\WebsiteProjects\foreach-website-2026\public\images\logo\foreach-logo-color.svg","data/products/generated/fittings/filters/detail/index.json","$[14]","无需处理"
"704","水循环过滤器","139015","F-SS-150-191-PP-N","f-ss-150-191-pp-n","fittings","正常","mainImage","/images/logo/foreach-logo-color.svg","F:\WebsiteProjects\foreach-website-2026\public\images\logo\foreach-logo-color.svg","data/products/generated/fittings/filters/detail/index.json","$[15]","无需处理"
"705","水循环过滤器组件","139009","139009","filter-component-139009","fittings","正常","mainImage","/images/logo/foreach-logo-color.svg","F:\WebsiteProjects\foreach-website-2026\public\images\logo\foreach-logo-color.svg","data/products/generated/fittings/filters/detail/index.json","$[16]","无需处理"
"706","水循环过滤器组件","139010","139010","filter-component-139010","fittings","正常","mainImage","/images/logo/foreach-logo-color.svg","F:\WebsiteProjects\foreach-website-2026\public\images\logo\foreach-logo-color.svg","data/products/generated/fittings/filters/detail/index.json","$[17]","无需处理"
"707","HF-M6-20-PK-N","809717","HF-M6-20-PK-N","hf-m6-20-pk-n","fittings","正常","mainImage","/images/products/fittings/hard-tube-fittings/standard-flat-bottom-fitting/hf-m6-20-pk-n-main.jpg","F:\WebsiteProjects\foreach-website-2026\public\images\products\fittings\hard-tube-fittings\standard-flat-bottom-fitting\hf-m6-20-pk-n-main.jpg","data/products/generated/fittings/hard-tube-fittings/detail/index.json","$[0]","无需处理"
"708","HF-M6-20-PS-B","809747","HF-M6-20-PS-B","hf-m6-20-ps-b","fittings","正常","mainImage","/images/products/fittings/hard-tube-fittings/standard-flat-bottom-fitting/hf-m6-20-ps-b-main.jpg","F:\WebsiteProjects\foreach-website-2026\public\images\products\fittings\hard-tube-fittings\standard-flat-bottom-fitting\hf-m6-20-ps-b-main.jpg","data/products/generated/fittings/hard-tube-fittings/detail/index.json","$[1]","无需处理"
"709","HF-M6-20-PV-N","809746","HF-M6-20-PV-N","hf-m6-20-pv-n","fittings","正常","mainImage","/images/products/fittings/hard-tube-fittings/standard-flat-bottom-fitting/hf-m6-20-pv-n-main.jpg","F:\WebsiteProjects\foreach-website-2026\public\images\products\fittings\hard-tube-fittings\standard-flat-bottom-fitting\hf-m6-20-pv-n-main.jpg","data/products/generated/fittings/hard-tube-fittings/detail/index.json","$[2]","无需处理"
"710","HF-M6-25-PK-N","809718","HF-M6-25-PK-N","hf-m6-25-pk-n","fittings","正常","mainImage","/images/products/fittings/hard-tube-fittings/standard-flat-bottom-fitting/hf-m6-25-pk-n-main.jpg","F:\WebsiteProjects\foreach-website-2026\public\images\products\fittings\hard-tube-fittings\standard-flat-bottom-fitting\hf-m6-25-pk-n-main.jpg","data/products/generated/fittings/hard-tube-fittings/detail/index.json","$[3]","无需处理"
"711","HF-M6-25-PS-B","809749","HF-M6-25-PS-B","hf-m6-25-ps-b","fittings","正常","mainImage","/images/products/fittings/hard-tube-fittings/standard-flat-bottom-fitting/hf-m6-25-ps-b-main.jpg","F:\WebsiteProjects\foreach-website-2026\public\images\products\fittings\hard-tube-fittings\standard-flat-bottom-fitting\hf-m6-25-ps-b-main.jpg","data/products/generated/fittings/hard-tube-fittings/detail/index.json","$[4]","无需处理"
"712","HF-M6-25-PV-N","809748","HF-M6-25-PV-N","hf-m6-25-pv-n","fittings","正常","mainImage","/images/products/fittings/hard-tube-fittings/standard-flat-bottom-fitting/hf-m6-25-pv-n-main.jpg","F:\WebsiteProjects\foreach-website-2026\public\images\products\fittings\hard-tube-fittings\standard-flat-bottom-fitting\hf-m6-25-pv-n-main.jpg","data/products/generated/fittings/hard-tube-fittings/detail/index.json","$[5]","无需处理"
"713","HF-M6-32-PK-N","809719","HF-M6-32-PK-N","hf-m6-32-pk-n","fittings","正常","mainImage","/images/products/fittings/hard-tube-fittings/standard-flat-bottom-fitting/hf-m6-32-pk-n-main.jpg","F:\WebsiteProjects\foreach-website-2026\public\images\products\fittings\hard-tube-fittings\standard-flat-bottom-fitting\hf-m6-32-pk-n-main.jpg","data/products/generated/fittings/hard-tube-fittings/detail/index.json","$[6]","无需处理"
"714","HF-M6-32-PS-B","809751","HF-M6-32-PS-B","hf-m6-32-ps-b","fittings","正常","mainImage","/images/products/fittings/hard-tube-fittings/standard-flat-bottom-fitting/hf-m6-32-ps-b-main.jpg","F:\WebsiteProjects\foreach-website-2026\public\images\products\fittings\hard-tube-fittings\standard-flat-bottom-fitting\hf-m6-32-ps-b-main.jpg","data/products/generated/fittings/hard-tube-fittings/detail/index.json","$[7]","无需处理"
"715","HF-M6-32-PV-N","809750","HF-M6-32-PV-N","hf-m6-32-pv-n","fittings","正常","mainImage","/images/products/fittings/hard-tube-fittings/standard-flat-bottom-fitting/hf-m6-32-pv-n-main.jpg","F:\WebsiteProjects\foreach-website-2026\public\images\products\fittings\hard-tube-fittings\standard-flat-bottom-fitting\hf-m6-32-pv-n-main.jpg","data/products/generated/fittings/hard-tube-fittings/detail/index.json","$[8]","无需处理"
"716","HF-U28-20-PK-N","809714","HF-U28-20-PK-N","hf-u28-20-pk-n","fittings","正常","mainImage","/images/products/fittings/hard-tube-fittings/standard-flat-bottom-fitting/hf-u28-20-pk-n-main.jpg","F:\WebsiteProjects\foreach-website-2026\public\images\products\fittings\hard-tube-fittings\standard-flat-bottom-fitting\hf-u28-20-pk-n-main.jpg","data/products/generated/fittings/hard-tube-fittings/detail/index.json","$[9]","无需处理"
"717","HF-U28-20-PS-B","809741","HF-U28-20-PS-B","hf-u28-20-ps-b","fittings","正常","mainImage","/images/products/fittings/hard-tube-fittings/standard-flat-bottom-fitting/hf-u28-20-ps-b-main.jpg","F:\WebsiteProjects\foreach-website-2026\public\images\products\fittings\hard-tube-fittings\standard-flat-bottom-fitting\hf-u28-20-ps-b-main.jpg","data/products/generated/fittings/hard-tube-fittings/detail/index.json","$[10]","无需处理"
"718","HF-U28-20-PV-N","809740","HF-U28-20-PV-N","hf-u28-20-pv-n","fittings","正常","mainImage","/images/products/fittings/hard-tube-fittings/standard-flat-bottom-fitting/hf-u28-20-pv-n-main.jpg","F:\WebsiteProjects\foreach-website-2026\public\images\products\fittings\hard-tube-fittings\standard-flat-bottom-fitting\hf-u28-20-pv-n-main.jpg","data/products/generated/fittings/hard-tube-fittings/detail/index.json","$[11]","无需处理"
"719","HF-U28-25-PK-N","809715","HF-U28-25-PK-N","hf-u28-25-pk-n","fittings","正常","mainImage","/images/products/fittings/hard-tube-fittings/standard-flat-bottom-fitting/hf-u28-25-pk-n-main.jpg","F:\WebsiteProjects\foreach-website-2026\public\images\products\fittings\hard-tube-fittings\standard-flat-bottom-fitting\hf-u28-25-pk-n-main.jpg","data/products/generated/fittings/hard-tube-fittings/detail/index.json","$[12]","无需处理"
"720","HF-U28-25-PS-B","809743","HF-U28-25-PS-B","hf-u28-25-ps-b","fittings","正常","mainImage","/images/products/fittings/hard-tube-fittings/standard-flat-bottom-fitting/hf-u28-25-ps-b-main.jpg","F:\WebsiteProjects\foreach-website-2026\public\images\products\fittings\hard-tube-fittings\standard-flat-bottom-fitting\hf-u28-25-ps-b-main.jpg","data/products/generated/fittings/hard-tube-fittings/detail/index.json","$[13]","无需处理"
"721","HF-U28-25-PV-N","809742","HF-U28-25-PV-N","hf-u28-25-pv-n","fittings","正常","mainImage","/images/products/fittings/hard-tube-fittings/standard-flat-bottom-fitting/hf-u28-25-pv-n-main.jpg","F:\WebsiteProjects\foreach-website-2026\public\images\products\fittings\hard-tube-fittings\standard-flat-bottom-fitting\hf-u28-25-pv-n-main.jpg","data/products/generated/fittings/hard-tube-fittings/detail/index.json","$[14]","无需处理"
"722","HF-U28-32-PK-N","809716","HF-U28-32-PK-N","hf-u28-32-pk-n","fittings","正常","mainImage","/images/products/fittings/hard-tube-fittings/standard-flat-bottom-fitting/hf-u28-32-pk-n-main.jpg","F:\WebsiteProjects\foreach-website-2026\public\images\products\fittings\hard-tube-fittings\standard-flat-bottom-fitting\hf-u28-32-pk-n-main.jpg","data/products/generated/fittings/hard-tube-fittings/detail/index.json","$[15]","无需处理"
"723","HF-U28-32-PS-B","809745","HF-U28-32-PS-B","hf-u28-32-ps-b","fittings","正常","mainImage","/images/products/fittings/hard-tube-fittings/standard-flat-bottom-fitting/hf-u28-32-ps-b-main.jpg","F:\WebsiteProjects\foreach-website-2026\public\images\products\fittings\hard-tube-fittings\standard-flat-bottom-fitting\hf-u28-32-ps-b-main.jpg","data/products/generated/fittings/hard-tube-fittings/detail/index.json","$[16]","无需处理"
"724","HF-U28-32-PV-N","809744","HF-U28-32-PV-N","hf-u28-32-pv-n","fittings","正常","mainImage","/images/products/fittings/hard-tube-fittings/standard-flat-bottom-fitting/hf-u28-32-pv-n-main.jpg","F:\WebsiteProjects\foreach-website-2026\public\images\products\fittings\hard-tube-fittings\standard-flat-bottom-fitting\hf-u28-32-pv-n-main.jpg","data/products/generated/fittings/hard-tube-fittings/detail/index.json","$[17]","无需处理"
"725","HF6-M6-20-PK-N","809723","HF6-M6-20-PK-N","hf6-m6-20-pk-n","fittings","正常","mainImage","/images/products/fittings/hard-tube-fittings/compact-flat-bottom-fitting/hf6-m6-20-pk-n-main.jpg","F:\WebsiteProjects\foreach-website-2026\public\images\products\fittings\hard-tube-fittings\compact-flat-bottom-fitting\hf6-m6-20-pk-n-main.jpg","data/products/generated/fittings/hard-tube-fittings/detail/index.json","$[18]","无需处理"
"726","HF6-M6-20-PS-B","809759","HF6-M6-20-PS-B","hf6-m6-20-ps-b","fittings","正常","mainImage","/images/products/fittings/hard-tube-fittings/compact-flat-bottom-fitting/hf6-m6-20-ps-b-main.jpg","F:\WebsiteProjects\foreach-website-2026\public\images\products\fittings\hard-tube-fittings\compact-flat-bottom-fitting\hf6-m6-20-ps-b-main.jpg","data/products/generated/fittings/hard-tube-fittings/detail/index.json","$[19]","无需处理"
"727","HF6-M6-20-PV-N","809758","HF6-M6-20-PV-N","hf6-m6-20-pv-n","fittings","正常","mainImage","/images/products/fittings/hard-tube-fittings/compact-flat-bottom-fitting/hf6-m6-20-pv-n-main.jpg","F:\WebsiteProjects\foreach-website-2026\public\images\products\fittings\hard-tube-fittings\compact-flat-bottom-fitting\hf6-m6-20-pv-n-main.jpg","data/products/generated/fittings/hard-tube-fittings/detail/index.json","$[20]","无需处理"
"728","HF6-M6-25-PK-N","809724","HF6-M6-25-PK-N","hf6-m6-25-pk-n","fittings","正常","mainImage","/images/products/fittings/hard-tube-fittings/compact-flat-bottom-fitting/hf6-m6-25-pk-n-main.jpg","F:\WebsiteProjects\foreach-website-2026\public\images\products\fittings\hard-tube-fittings\compact-flat-bottom-fitting\hf6-m6-25-pk-n-main.jpg","data/products/generated/fittings/hard-tube-fittings/detail/index.json","$[21]","无需处理"
"729","HF6-M6-25-PS-B","809761","HF6-M6-25-PS-B","hf6-m6-25-ps-b","fittings","正常","mainImage","/images/products/fittings/hard-tube-fittings/compact-flat-bottom-fitting/hf6-m6-25-ps-b-main.jpg","F:\WebsiteProjects\foreach-website-2026\public\images\products\fittings\hard-tube-fittings\compact-flat-bottom-fitting\hf6-m6-25-ps-b-main.jpg","data/products/generated/fittings/hard-tube-fittings/detail/index.json","$[22]","无需处理"
"730","HF6-M6-25-PV-N","809760","HF6-M6-25-PV-N","hf6-m6-25-pv-n","fittings","正常","mainImage","/images/products/fittings/hard-tube-fittings/compact-flat-bottom-fitting/hf6-m6-25-pv-n-main.jpg","F:\WebsiteProjects\foreach-website-2026\public\images\products\fittings\hard-tube-fittings\compact-flat-bottom-fitting\hf6-m6-25-pv-n-main.jpg","data/products/generated/fittings/hard-tube-fittings/detail/index.json","$[23]","无需处理"
"731","HF6-M6-32-PK-N","809725","HF6-M6-32-PK-N","hf6-m6-32-pk-n","fittings","正常","mainImage","/images/products/fittings/hard-tube-fittings/compact-flat-bottom-fitting/hf6-m6-32-pk-n-main.jpg","F:\WebsiteProjects\foreach-website-2026\public\images\products\fittings\hard-tube-fittings\compact-flat-bottom-fitting\hf6-m6-32-pk-n-main.jpg","data/products/generated/fittings/hard-tube-fittings/detail/index.json","$[24]","无需处理"
"732","HF6-M6-32-PS-B","809763","HF6-M6-32-PS-B","hf6-m6-32-ps-b","fittings","正常","mainImage","/images/products/fittings/hard-tube-fittings/compact-flat-bottom-fitting/hf6-m6-32-ps-b-main.jpg","F:\WebsiteProjects\foreach-website-2026\public\images\products\fittings\hard-tube-fittings\compact-flat-bottom-fitting\hf6-m6-32-ps-b-main.jpg","data/products/generated/fittings/hard-tube-fittings/detail/index.json","$[25]","无需处理"
"733","HF6-M6-32-PV-N","809762","HF6-M6-32-PV-N","hf6-m6-32-pv-n","fittings","正常","mainImage","/images/products/fittings/hard-tube-fittings/compact-flat-bottom-fitting/hf6-m6-32-pv-n-main.jpg","F:\WebsiteProjects\foreach-website-2026\public\images\products\fittings\hard-tube-fittings\compact-flat-bottom-fitting\hf6-m6-32-pv-n-main.jpg","data/products/generated/fittings/hard-tube-fittings/detail/index.json","$[26]","无需处理"
"734","HF6-U28-20-PK-N","809720","HF6-U28-20-PK-N","hf6-u28-20-pk-n","fittings","正常","mainImage","/images/products/fittings/hard-tube-fittings/compact-flat-bottom-fitting/hf6-u28-20-pk-n-main.jpg","F:\WebsiteProjects\foreach-website-2026\public\images\products\fittings\hard-tube-fittings\compact-flat-bottom-fitting\hf6-u28-20-pk-n-main.jpg","data/products/generated/fittings/hard-tube-fittings/detail/index.json","$[27]","无需处理"
"735","HF6-U28-20-PS-B","809753","HF6-U28-20-PS-B","hf6-u28-20-ps-b","fittings","正常","mainImage","/images/products/fittings/hard-tube-fittings/compact-flat-bottom-fitting/hf6-u28-20-ps-b-main.jpg","F:\WebsiteProjects\foreach-website-2026\public\images\products\fittings\hard-tube-fittings\compact-flat-bottom-fitting\hf6-u28-20-ps-b-main.jpg","data/products/generated/fittings/hard-tube-fittings/detail/index.json","$[28]","无需处理"
"736","HF6-U28-20-PV-N","809752","HF6-U28-20-PV-N","hf6-u28-20-pv-n","fittings","正常","mainImage","/images/products/fittings/hard-tube-fittings/compact-flat-bottom-fitting/hf6-u28-20-pv-n-main.jpg","F:\WebsiteProjects\foreach-website-2026\public\images\products\fittings\hard-tube-fittings\compact-flat-bottom-fitting\hf6-u28-20-pv-n-main.jpg","data/products/generated/fittings/hard-tube-fittings/detail/index.json","$[29]","无需处理"
"737","HF6-U28-25-PK-N","809721","HF6-U28-25-PK-N","hf6-u28-25-pk-n","fittings","正常","mainImage","/images/products/fittings/hard-tube-fittings/compact-flat-bottom-fitting/hf6-u28-25-pk-n-main.jpg","F:\WebsiteProjects\foreach-website-2026\public\images\products\fittings\hard-tube-fittings\compact-flat-bottom-fitting\hf6-u28-25-pk-n-main.jpg","data/products/generated/fittings/hard-tube-fittings/detail/index.json","$[30]","无需处理"
"738","HF6-U28-25-PS-B","809755","HF6-U28-25-PS-B","hf6-u28-25-ps-b","fittings","正常","mainImage","/images/products/fittings/hard-tube-fittings/compact-flat-bottom-fitting/hf6-u28-25-ps-b-main.jpg","F:\WebsiteProjects\foreach-website-2026\public\images\products\fittings\hard-tube-fittings\compact-flat-bottom-fitting\hf6-u28-25-ps-b-main.jpg","data/products/generated/fittings/hard-tube-fittings/detail/index.json","$[31]","无需处理"
"739","HF6-U28-25-PV-N","809754","HF6-U28-25-PV-N","hf6-u28-25-pv-n","fittings","正常","mainImage","/images/products/fittings/hard-tube-fittings/compact-flat-bottom-fitting/hf6-u28-25-pv-n-main.jpg","F:\WebsiteProjects\foreach-website-2026\public\images\products\fittings\hard-tube-fittings\compact-flat-bottom-fitting\hf6-u28-25-pv-n-main.jpg","data/products/generated/fittings/hard-tube-fittings/detail/index.json","$[32]","无需处理"
"740","HF6-U28-32-PK-N","809722","HF6-U28-32-PK-N","hf6-u28-32-pk-n","fittings","正常","mainImage","/images/products/fittings/hard-tube-fittings/compact-flat-bottom-fitting/hf6-u28-32-pk-n-main.jpg","F:\WebsiteProjects\foreach-website-2026\public\images\products\fittings\hard-tube-fittings\compact-flat-bottom-fitting\hf6-u28-32-pk-n-main.jpg","data/products/generated/fittings/hard-tube-fittings/detail/index.json","$[33]","无需处理"
"741","HF6-U28-32-PS-B","809757","HF6-U28-32-PS-B","hf6-u28-32-ps-b","fittings","正常","mainImage","/images/products/fittings/hard-tube-fittings/compact-flat-bottom-fitting/hf6-u28-32-ps-b-main.jpg","F:\WebsiteProjects\foreach-website-2026\public\images\products\fittings\hard-tube-fittings\compact-flat-bottom-fitting\hf6-u28-32-ps-b-main.jpg","data/products/generated/fittings/hard-tube-fittings/detail/index.json","$[34]","无需处理"
"742","HF6-U28-32-PV-N","809756","HF6-U28-32-PV-N","hf6-u28-32-pv-n","fittings","正常","mainImage","/images/products/fittings/hard-tube-fittings/compact-flat-bottom-fitting/hf6-u28-32-pv-n-main.jpg","F:\WebsiteProjects\foreach-website-2026\public\images\products\fittings\hard-tube-fittings\compact-flat-bottom-fitting\hf6-u28-32-pv-n-main.jpg","data/products/generated/fittings/hard-tube-fittings/detail/index.json","$[35]","无需处理"
"743","HFL-M6-16-PV-B","809421","HFL-M6-16-PV-B","hfl-m6-16-pv-b","fittings","正常","mainImage","/images/products/fittings/hard-tube-fittings/standard-flat-bottom-fitting/hfl-m6-16-pv-b-main.jpg","F:\WebsiteProjects\foreach-website-2026\public\images\products\fittings\hard-tube-fittings\standard-flat-bottom-fitting\hfl-m6-16-pv-b-main.jpg","data/products/generated/fittings/hard-tube-fittings/detail/index.json","$[36]","无需处理"
"744","HFL-M6-16-PV-N","809032","HFL-M6-16-PV-N","hfl-m6-16-pv-n","fittings","正常","mainImage","/images/products/fittings/hard-tube-fittings/standard-flat-bottom-fitting/hfl-m6-16-pv-n-main.jpg","F:\WebsiteProjects\foreach-website-2026\public\images\products\fittings\hard-tube-fittings\standard-flat-bottom-fitting\hfl-m6-16-pv-n-main.jpg","data/products/generated/fittings/hard-tube-fittings/detail/index.json","$[37]","无需处理"
"745","HFL-M6-20-PV-B","809044","HFL-M6-20-PV-B","hfl-m6-20-pv-b","fittings","正常","mainImage","/images/products/fittings/hard-tube-fittings/standard-flat-bottom-fitting/hfl-m6-20-pv-b-main.jpg","F:\WebsiteProjects\foreach-website-2026\public\images\products\fittings\hard-tube-fittings\standard-flat-bottom-fitting\hfl-m6-20-pv-b-main.jpg","data/products/generated/fittings/hard-tube-fittings/detail/index.json","$[38]","无需处理"
"746","HFL-M6-20-PV-N","809043","HFL-M6-20-PV-N","hfl-m6-20-pv-n","fittings","正常","mainImage","/images/products/fittings/hard-tube-fittings/standard-flat-bottom-fitting/hfl-m6-20-pv-n-main.jpg","F:\WebsiteProjects\foreach-website-2026\public\images\products\fittings\hard-tube-fittings\standard-flat-bottom-fitting\hfl-m6-20-pv-n-main.jpg","data/products/generated/fittings/hard-tube-fittings/detail/index.json","$[39]","无需处理"
"747","HFL-M6-25-PV-B","809422","HFL-M6-25-PV-B","hfl-m6-25-pv-b","fittings","正常","mainImage","/images/products/fittings/hard-tube-fittings/standard-flat-bottom-fitting/hfl-m6-25-pv-b-main.jpg","F:\WebsiteProjects\foreach-website-2026\public\images\products\fittings\hard-tube-fittings\standard-flat-bottom-fitting\hfl-m6-25-pv-b-main.jpg","data/products/generated/fittings/hard-tube-fittings/detail/index.json","$[40]","无需处理"
"748","HFL-M6-25-PV-N","809054","HFL-M6-25-PV-N","hfl-m6-25-pv-n","fittings","正常","mainImage","/images/products/fittings/hard-tube-fittings/standard-flat-bottom-fitting/hfl-m6-25-pv-n-main.jpg","F:\WebsiteProjects\foreach-website-2026\public\images\products\fittings\hard-tube-fittings\standard-flat-bottom-fitting\hfl-m6-25-pv-n-main.jpg","data/products/generated/fittings/hard-tube-fittings/detail/index.json","$[41]","无需处理"
"749","HFL-M6-30-PV-B","809049","HFL-M6-30-PV-B","hfl-m6-30-pv-b","fittings","正常","mainImage","/images/products/fittings/hard-tube-fittings/standard-flat-bottom-fitting/hfl-m6-30-pv-b-main.jpg","F:\WebsiteProjects\foreach-website-2026\public\images\products\fittings\hard-tube-fittings\standard-flat-bottom-fitting\hfl-m6-30-pv-b-main.jpg","data/products/generated/fittings/hard-tube-fittings/detail/index.json","$[42]","无需处理"
"750","HFL-M6-30-PV-N","809048","HFL-M6-30-PV-N","hfl-m6-30-pv-n","fittings","正常","mainImage","/images/products/fittings/hard-tube-fittings/standard-flat-bottom-fitting/hfl-m6-30-pv-n-main.jpg","F:\WebsiteProjects\foreach-website-2026\public\images\products\fittings\hard-tube-fittings\standard-flat-bottom-fitting\hfl-m6-30-pv-n-main.jpg","data/products/generated/fittings/hard-tube-fittings/detail/index.json","$[43]","无需处理"
"751","HFL-M6-32-PV-B","809423","HFL-M6-32-PV-B","hfl-m6-32-pv-b","fittings","正常","mainImage","/images/products/fittings/hard-tube-fittings/standard-flat-bottom-fitting/hfl-m6-32-pv-b-main.jpg","F:\WebsiteProjects\foreach-website-2026\public\images\products\fittings\hard-tube-fittings\standard-flat-bottom-fitting\hfl-m6-32-pv-b-main.jpg","data/products/generated/fittings/hard-tube-fittings/detail/index.json","$[44]","无需处理"
"752","HFL-M6-32-PV-N","809037","HFL-M6-32-PV-N","hfl-m6-32-pv-n","fittings","正常","mainImage","/images/products/fittings/hard-tube-fittings/standard-flat-bottom-fitting/hfl-m6-32-pv-n-main.jpg","F:\WebsiteProjects\foreach-website-2026\public\images\products\fittings\hard-tube-fittings\standard-flat-bottom-fitting\hfl-m6-32-pv-n-main.jpg","data/products/generated/fittings/hard-tube-fittings/detail/index.json","$[45]","无需处理"
"753","HFL-U28-16-PV-B","809391","HFL-U28-16-PV-B","hfl-u28-16-pv-b","fittings","正常","mainImage","/images/products/fittings/hard-tube-fittings/standard-flat-bottom-fitting/hfl-u28-16-pv-b-main.jpg","F:\WebsiteProjects\foreach-website-2026\public\images\products\fittings\hard-tube-fittings\standard-flat-bottom-fitting\hfl-u28-16-pv-b-main.jpg","data/products/generated/fittings/hard-tube-fittings/detail/index.json","$[46]","无需处理"
"754","HFL-U28-16-PV-N","809030","HFL-U28-16-PV-N","hfl-u28-16-pv-n","fittings","正常","mainImage","/images/products/fittings/hard-tube-fittings/standard-flat-bottom-fitting/hfl-u28-16-pv-n-main.jpg","F:\WebsiteProjects\foreach-website-2026\public\images\products\fittings\hard-tube-fittings\standard-flat-bottom-fitting\hfl-u28-16-pv-n-main.jpg","data/products/generated/fittings/hard-tube-fittings/detail/index.json","$[47]","无需处理"
"755","HFL-U28-20-PV-B","809041","HFL-U28-20-PV-B","hfl-u28-20-pv-b","fittings","正常","mainImage","/images/products/fittings/hard-tube-fittings/standard-flat-bottom-fitting/hfl-u28-20-pv-b-main.jpg","F:\WebsiteProjects\foreach-website-2026\public\images\products\fittings\hard-tube-fittings\standard-flat-bottom-fitting\hfl-u28-20-pv-b-main.jpg","data/products/generated/fittings/hard-tube-fittings/detail/index.json","$[48]","无需处理"
"756","HFL-U28-20-PV-N","809040","HFL-U28-20-PV-N","hfl-u28-20-pv-n","fittings","正常","mainImage","/images/products/fittings/hard-tube-fittings/standard-flat-bottom-fitting/hfl-u28-20-pv-n-main.jpg","F:\WebsiteProjects\foreach-website-2026\public\images\products\fittings\hard-tube-fittings\standard-flat-bottom-fitting\hfl-u28-20-pv-n-main.jpg","data/products/generated/fittings/hard-tube-fittings/detail/index.json","$[49]","无需处理"
"757","HFL-U28-25-PV-B","809392","HFL-U28-25-PV-B","hfl-u28-25-pv-b","fittings","正常","mainImage","/images/products/fittings/hard-tube-fittings/standard-flat-bottom-fitting/hfl-u28-25-pv-b-main.jpg","F:\WebsiteProjects\foreach-website-2026\public\images\products\fittings\hard-tube-fittings\standard-flat-bottom-fitting\hfl-u28-25-pv-b-main.jpg","data/products/generated/fittings/hard-tube-fittings/detail/index.json","$[50]","无需处理"
"758","HFL-U28-25-PV-N","809052","HFL-U28-25-PV-N","hfl-u28-25-pv-n","fittings","正常","mainImage","/images/products/fittings/hard-tube-fittings/standard-flat-bottom-fitting/hfl-u28-25-pv-n-main.jpg","F:\WebsiteProjects\foreach-website-2026\public\images\products\fittings\hard-tube-fittings\standard-flat-bottom-fitting\hfl-u28-25-pv-n-main.jpg","data/products/generated/fittings/hard-tube-fittings/detail/index.json","$[51]","无需处理"
"759","HFL-U28-30-PV-B","809394","HFL-U28-30-PV-B","hfl-u28-30-pv-b","fittings","正常","mainImage","/images/products/fittings/hard-tube-fittings/standard-flat-bottom-fitting/hfl-u28-30-pv-b-main.jpg","F:\WebsiteProjects\foreach-website-2026\public\images\products\fittings\hard-tube-fittings\standard-flat-bottom-fitting\hfl-u28-30-pv-b-main.jpg","data/products/generated/fittings/hard-tube-fittings/detail/index.json","$[52]","无需处理"
"760","HFL-U28-30-PV-N","809047","HFL-U28-30-PV-N","hfl-u28-30-pv-n","fittings","正常","mainImage","/images/products/fittings/hard-tube-fittings/standard-flat-bottom-fitting/hfl-u28-30-pv-n-main.jpg","F:\WebsiteProjects\foreach-website-2026\public\images\products\fittings\hard-tube-fittings\standard-flat-bottom-fitting\hfl-u28-30-pv-n-main.jpg","data/products/generated/fittings/hard-tube-fittings/detail/index.json","$[53]","无需处理"
"761","HFL-U28-32-PV-B","809393","HFL-U28-32-PV-B","hfl-u28-32-pv-b","fittings","正常","mainImage","/images/products/fittings/hard-tube-fittings/standard-flat-bottom-fitting/hfl-u28-32-pv-b-main.jpg","F:\WebsiteProjects\foreach-website-2026\public\images\products\fittings\hard-tube-fittings\standard-flat-bottom-fitting\hfl-u28-32-pv-b-main.jpg","data/products/generated/fittings/hard-tube-fittings/detail/index.json","$[54]","无需处理"
"762","HFL-U28-32-PV-N","809035","HFL-U28-32-PV-N","hfl-u28-32-pv-n","fittings","正常","mainImage","/images/products/fittings/hard-tube-fittings/standard-flat-bottom-fitting/hfl-u28-32-pv-n-main.jpg","F:\WebsiteProjects\foreach-website-2026\public\images\products\fittings\hard-tube-fittings\standard-flat-bottom-fitting\hfl-u28-32-pv-n-main.jpg","data/products/generated/fittings/hard-tube-fittings/detail/index.json","$[55]","无需处理"
"763","HFL6-M6-16-PS-B","809058","HFL6-M6-16-PS-B","hfl6-m6-16-ps-b","fittings","正常","mainImage","/images/products/fittings/hard-tube-fittings/compact-flat-bottom-fitting/hfl6-m6-16-main.jpg","F:\WebsiteProjects\foreach-website-2026\public\images\products\fittings\hard-tube-fittings\compact-flat-bottom-fitting\hfl6-m6-16-main.jpg","data/products/generated/fittings/hard-tube-fittings/detail/index.json","$[56]","无需处理"
"764","HFL6-M6-20-PS-B","809078","HFL6-M6-20-PS-B","hfl6-m6-20-ps-b","fittings","正常","mainImage","/images/products/fittings/hard-tube-fittings/compact-flat-bottom-fitting/hfl6-m6-20-main.jpg","F:\WebsiteProjects\foreach-website-2026\public\images\products\fittings\hard-tube-fittings\compact-flat-bottom-fitting\hfl6-m6-20-main.jpg","data/products/generated/fittings/hard-tube-fittings/detail/index.json","$[57]","无需处理"
"765","HFL6-M6-25-PS-B","809098","HFL6-M6-25-PS-B","hfl6-m6-25-ps-b","fittings","正常","mainImage","/images/products/fittings/hard-tube-fittings/compact-flat-bottom-fitting/hfl6-m6-25-main.jpg","F:\WebsiteProjects\foreach-website-2026\public\images\products\fittings\hard-tube-fittings\compact-flat-bottom-fitting\hfl6-m6-25-main.jpg","data/products/generated/fittings/hard-tube-fittings/detail/index.json","$[58]","无需处理"
"766","HFL6-M6-25-PS-U","809549","HFL6-M6-25-PS-U","hfl6-m6-25-ps-u","fittings","正常","mainImage","/images/products/fittings/hard-tube-fittings/compact-flat-bottom-fitting/hfl6-m6-25-main.jpg","F:\WebsiteProjects\foreach-website-2026\public\images\products\fittings\hard-tube-fittings\compact-flat-bottom-fitting\hfl6-m6-25-main.jpg","data/products/generated/fittings/hard-tube-fittings/detail/index.json","$[59]","无需处理"
"767","HFL6-M6-30-PS-B","809088","HFL6-M6-30-PS-B","hfl6-m6-30-ps-b","fittings","正常","mainImage","/images/products/fittings/hard-tube-fittings/compact-flat-bottom-fitting/hfl6-m6-30-main.jpg","F:\WebsiteProjects\foreach-website-2026\public\images\products\fittings\hard-tube-fittings\compact-flat-bottom-fitting\hfl6-m6-30-main.jpg","data/products/generated/fittings/hard-tube-fittings/detail/index.json","$[60]","无需处理"
"768","HFL6-M6-32-PS-B","809068","HFL6-M6-32-PS-B","hfl6-m6-32-ps-b","fittings","正常","mainImage","/images/products/fittings/hard-tube-fittings/compact-flat-bottom-fitting/hfl6-m6-32-main.jpg","F:\WebsiteProjects\foreach-website-2026\public\images\products\fittings\hard-tube-fittings\compact-flat-bottom-fitting\hfl6-m6-32-main.jpg","data/products/generated/fittings/hard-tube-fittings/detail/index.json","$[61]","无需处理"
"769","HFL6-U28-16-PS-B","809057","HFL6-U28-16-PS-B","hfl6-u28-16-ps-b","fittings","正常","mainImage","/images/products/fittings/hard-tube-fittings/compact-flat-bottom-fitting/hfl6-u28-16-main.jpg","F:\WebsiteProjects\foreach-website-2026\public\images\products\fittings\hard-tube-fittings\compact-flat-bottom-fitting\hfl6-u28-16-main.jpg","data/products/generated/fittings/hard-tube-fittings/detail/index.json","$[62]","无需处理"
"770","HFL6-U28-16-PS-U","809550","HFL6-U28-16-PS-U","hfl6-u28-16-ps-u","fittings","正常","mainImage","/images/products/fittings/hard-tube-fittings/compact-flat-bottom-fitting/hfl6-u28-16-main.jpg","F:\WebsiteProjects\foreach-website-2026\public\images\products\fittings\hard-tube-fittings\compact-flat-bottom-fitting\hfl6-u28-16-main.jpg","data/products/generated/fittings/hard-tube-fittings/detail/index.json","$[63]","无需处理"
"771","HFL6-U28-20-PS-B","809077","HFL6-U28-20-PS-B","hfl6-u28-20-ps-b","fittings","正常","mainImage","/images/products/fittings/hard-tube-fittings/compact-flat-bottom-fitting/hfl6-u28-20-main.jpg","F:\WebsiteProjects\foreach-website-2026\public\images\products\fittings\hard-tube-fittings\compact-flat-bottom-fitting\hfl6-u28-20-main.jpg","data/products/generated/fittings/hard-tube-fittings/detail/index.json","$[64]","无需处理"
"772","HFL6-U28-20-PS-U","809551","HFL6-U28-20-PS-U","hfl6-u28-20-ps-u","fittings","正常","mainImage","/images/products/fittings/hard-tube-fittings/compact-flat-bottom-fitting/hfl6-u28-20-main.jpg","F:\WebsiteProjects\foreach-website-2026\public\images\products\fittings\hard-tube-fittings\compact-flat-bottom-fitting\hfl6-u28-20-main.jpg","data/products/generated/fittings/hard-tube-fittings/detail/index.json","$[65]","无需处理"
"773","HFL6-U28-25-PS-B","809097","HFL6-U28-25-PS-B","hfl6-u28-25-ps-b","fittings","正常","mainImage","/images/products/fittings/hard-tube-fittings/compact-flat-bottom-fitting/hfl6-u28-25-main.jpg","F:\WebsiteProjects\foreach-website-2026\public\images\products\fittings\hard-tube-fittings\compact-flat-bottom-fitting\hfl6-u28-25-main.jpg","data/products/generated/fittings/hard-tube-fittings/detail/index.json","$[66]","无需处理"
"774","HFL6-U28-30-PS-B","809087","HFL6-U28-30-PS-B","hfl6-u28-30-ps-b","fittings","正常","mainImage","/images/products/fittings/hard-tube-fittings/compact-flat-bottom-fitting/hfl6-u28-30-main.jpg","F:\WebsiteProjects\foreach-website-2026\public\images\products\fittings\hard-tube-fittings\compact-flat-bottom-fitting\hfl6-u28-30-main.jpg","data/products/generated/fittings/hard-tube-fittings/detail/index.json","$[67]","无需处理"
"775","HFL6-U28-32-PS-B","809067","HFL6-U28-32-PS-B","hfl6-u28-32-ps-b","fittings","正常","mainImage","/images/products/fittings/hard-tube-fittings/compact-flat-bottom-fitting/hfl6-u28-32-main.jpg","F:\WebsiteProjects\foreach-website-2026\public\images\products\fittings\hard-tube-fittings\compact-flat-bottom-fitting\hfl6-u28-32-main.jpg","data/products/generated/fittings/hard-tube-fittings/detail/index.json","$[68]","无需处理"
"776","HFL6-U40-16-PK-N","809841","HFL6-U40-16-PK-N","hfl6-u40-16-pk-n","fittings","正常","mainImage","/images/logo/foreach-logo-color.svg","F:\WebsiteProjects\foreach-website-2026\public\images\logo\foreach-logo-color.svg","data/products/generated/fittings/hard-tube-fittings/detail/index.json","$[69]","无需处理"
"777","HN-M6-16-AC-B","809795","HN-M6-16-AC-B","hn-m6-16-ac-b","fittings","正常","mainImage","/images/products/fittings/hard-tube-fittings/standard-ferrule-fitting/hn-m6-16-ac-b-main.jpg","F:\WebsiteProjects\foreach-website-2026\public\images\products\fittings\hard-tube-fittings\standard-ferrule-fitting\hn-m6-16-ac-b-main.jpg","data/products/generated/fittings/hard-tube-fittings/detail/index.json","$[70]","无需处理"
"778","HN-M6-16-PK-N","809728","HN-M6-16-PK-N","hn-m6-16-pk-n","fittings","正常","mainImage","/images/products/fittings/hard-tube-fittings/standard-ferrule-fitting/hn-m6-16-pk-n-main.jpg","F:\WebsiteProjects\foreach-website-2026\public\images\products\fittings\hard-tube-fittings\standard-ferrule-fitting\hn-m6-16-pk-n-main.jpg","data/products/generated/fittings/hard-tube-fittings/detail/index.json","$[71]","无需处理"
"779","HN-M6-16-PS-B","809769","HN-M6-16-PS-B","hn-m6-16-ps-b","fittings","正常","mainImage","/images/products/fittings/hard-tube-fittings/standard-ferrule-fitting/hn-m6-16-ps-b-main.jpg","F:\WebsiteProjects\foreach-website-2026\public\images\products\fittings\hard-tube-fittings\standard-ferrule-fitting\hn-m6-16-ps-b-main.jpg","data/products/generated/fittings/hard-tube-fittings/detail/index.json","$[72]","无需处理"
"780","HN-M6-16-PV-N","809768","HN-M6-16-PV-N","hn-m6-16-pv-n","fittings","正常","mainImage","/images/products/fittings/hard-tube-fittings/standard-ferrule-fitting/hn-m6-16-pv-n-main.jpg","F:\WebsiteProjects\foreach-website-2026\public\images\products\fittings\hard-tube-fittings\standard-ferrule-fitting\hn-m6-16-pv-n-main.jpg","data/products/generated/fittings/hard-tube-fittings/detail/index.json","$[73]","无需处理"
"781","HN-M6-32-AC-B","809796","HN-M6-32-AC-B","hn-m6-32-ac-b","fittings","正常","mainImage","/images/products/fittings/hard-tube-fittings/standard-ferrule-fitting/hn-m6-32-ac-b-main.jpg","F:\WebsiteProjects\foreach-website-2026\public\images\products\fittings\hard-tube-fittings\standard-ferrule-fitting\hn-m6-32-ac-b-main.jpg","data/products/generated/fittings/hard-tube-fittings/detail/index.json","$[74]","无需处理"
"782","HN-M6-32-PK-N","809729","HN-M6-32-PK-N","hn-m6-32-pk-n","fittings","正常","mainImage","/images/products/fittings/hard-tube-fittings/standard-ferrule-fitting/hn-m6-32-pk-n-main.jpg","F:\WebsiteProjects\foreach-website-2026\public\images\products\fittings\hard-tube-fittings\standard-ferrule-fitting\hn-m6-32-pk-n-main.jpg","data/products/generated/fittings/hard-tube-fittings/detail/index.json","$[75]","无需处理"
"783","HN-M6-32-PS-B","809771","HN-M6-32-PS-B","hn-m6-32-ps-b","fittings","正常","mainImage","/images/products/fittings/hard-tube-fittings/standard-ferrule-fitting/hn-m6-32-ps-b-main.jpg","F:\WebsiteProjects\foreach-website-2026\public\images\products\fittings\hard-tube-fittings\standard-ferrule-fitting\hn-m6-32-ps-b-main.jpg","data/products/generated/fittings/hard-tube-fittings/detail/index.json","$[76]","无需处理"
"784","HN-M6-32-PV-N","809770","HN-M6-32-PV-N","hn-m6-32-pv-n","fittings","正常","mainImage","/images/products/fittings/hard-tube-fittings/standard-ferrule-fitting/hn-m6-32-pv-n-main.jpg","F:\WebsiteProjects\foreach-website-2026\public\images\products\fittings\hard-tube-fittings\standard-ferrule-fitting\hn-m6-32-pv-n-main.jpg","data/products/generated/fittings/hard-tube-fittings/detail/index.json","$[77]","无需处理"
"785","HN-U28-16-AC-B","809799","HN-U28-16-AC-B","hn-u28-16-ac-b","fittings","正常","mainImage","/images/products/fittings/hard-tube-fittings/standard-ferrule-fitting/hn-u28-16-ac-b-main.jpg","F:\WebsiteProjects\foreach-website-2026\public\images\products\fittings\hard-tube-fittings\standard-ferrule-fitting\hn-u28-16-ac-b-main.jpg","data/products/generated/fittings/hard-tube-fittings/detail/index.json","$[78]","无需处理"
"786","HN-U28-16-PK-N","809726","HN-U28-16-PK-N","hn-u28-16-pk-n","fittings","正常","mainImage","/images/products/fittings/hard-tube-fittings/standard-ferrule-fitting/hn-u28-16-pk-n-main.jpg","F:\WebsiteProjects\foreach-website-2026\public\images\products\fittings\hard-tube-fittings\standard-ferrule-fitting\hn-u28-16-pk-n-main.jpg","data/products/generated/fittings/hard-tube-fittings/detail/index.json","$[79]","无需处理"
"787","HN-U28-16-PS-B","809765","HN-U28-16-PS-B","hn-u28-16-ps-b","fittings","正常","mainImage","/images/products/fittings/hard-tube-fittings/standard-ferrule-fitting/hn-u28-16-ps-b-main.jpg","F:\WebsiteProjects\foreach-website-2026\public\images\products\fittings\hard-tube-fittings\standard-ferrule-fitting\hn-u28-16-ps-b-main.jpg","data/products/generated/fittings/hard-tube-fittings/detail/index.json","$[80]","无需处理"
"788","HN-U28-16-PV-N","809764","HN-U28-16-PV-N","hn-u28-16-pv-n","fittings","正常","mainImage","/images/products/fittings/hard-tube-fittings/standard-ferrule-fitting/hn-u28-16-pv-n-main.jpg","F:\WebsiteProjects\foreach-website-2026\public\images\products\fittings\hard-tube-fittings\standard-ferrule-fitting\hn-u28-16-pv-n-main.jpg","data/products/generated/fittings/hard-tube-fittings/detail/index.json","$[81]","无需处理"
"789","HN-U28-32-AC-B","809794","HN-U28-32-AC-B","hn-u28-32-ac-b","fittings","正常","mainImage","/images/products/fittings/hard-tube-fittings/standard-ferrule-fitting/hn-u28-32-ac-b-main.jpg","F:\WebsiteProjects\foreach-website-2026\public\images\products\fittings\hard-tube-fittings\standard-ferrule-fitting\hn-u28-32-ac-b-main.jpg","data/products/generated/fittings/hard-tube-fittings/detail/index.json","$[82]","无需处理"
"790","HN-U28-32-PK-N","809727","HN-U28-32-PK-N","hn-u28-32-pk-n","fittings","正常","mainImage","/images/products/fittings/hard-tube-fittings/standard-ferrule-fitting/hn-u28-32-pk-n-main.jpg","F:\WebsiteProjects\foreach-website-2026\public\images\products\fittings\hard-tube-fittings\standard-ferrule-fitting\hn-u28-32-pk-n-main.jpg","data/products/generated/fittings/hard-tube-fittings/detail/index.json","$[83]","无需处理"
"791","HN-U28-32-PS-B","809767","HN-U28-32-PS-B","hn-u28-32-ps-b","fittings","正常","mainImage","/images/products/fittings/hard-tube-fittings/standard-ferrule-fitting/hn-u28-32-ps-b-main.jpg","F:\WebsiteProjects\foreach-website-2026\public\images\products\fittings\hard-tube-fittings\standard-ferrule-fitting\hn-u28-32-ps-b-main.jpg","data/products/generated/fittings/hard-tube-fittings/detail/index.json","$[84]","无需处理"
"792","HN-U28-32-PV-N","809766","HN-U28-32-PV-N","hn-u28-32-pv-n","fittings","正常","mainImage","/images/products/fittings/hard-tube-fittings/standard-ferrule-fitting/hn-u28-32-pv-n-main.jpg","F:\WebsiteProjects\foreach-website-2026\public\images\products\fittings\hard-tube-fittings\standard-ferrule-fitting\hn-u28-32-pv-n-main.jpg","data/products/generated/fittings/hard-tube-fittings/detail/index.json","$[85]","无需处理"
"793","HN6-M6-16-AC-B","809797","HN6-M6-16-AC-B","hn6-m6-16-ac-b","fittings","正常","mainImage","/images/products/fittings/hard-tube-fittings/compact-ferrule-fitting/hn6-m6-16-ac-b-main.jpg","F:\WebsiteProjects\foreach-website-2026\public\images\products\fittings\hard-tube-fittings\compact-ferrule-fitting\hn6-m6-16-ac-b-main.jpg","data/products/generated/fittings/hard-tube-fittings/detail/index.json","$[86]","无需处理"
"794","HN6-M6-16-PK-N","809732","HN6-M6-16-PK-N","hn6-m6-16-pk-n","fittings","正常","mainImage","/images/products/fittings/hard-tube-fittings/compact-ferrule-fitting/hn6-m6-16-pk-n-main.jpg","F:\WebsiteProjects\foreach-website-2026\public\images\products\fittings\hard-tube-fittings\compact-ferrule-fitting\hn6-m6-16-pk-n-main.jpg","data/products/generated/fittings/hard-tube-fittings/detail/index.json","$[87]","无需处理"
"795","HN6-M6-16-PS-B","809777","HN6-M6-16-PS-B","hn6-m6-16-ps-b","fittings","正常","mainImage","/images/products/fittings/hard-tube-fittings/compact-ferrule-fitting/hn6-m6-16-ps-b-main.jpg","F:\WebsiteProjects\foreach-website-2026\public\images\products\fittings\hard-tube-fittings\compact-ferrule-fitting\hn6-m6-16-ps-b-main.jpg","data/products/generated/fittings/hard-tube-fittings/detail/index.json","$[88]","无需处理"
"796","HN6-M6-16-PV-N","809776","HN6-M6-16-PV-N","hn6-m6-16-pv-n","fittings","正常","mainImage","/images/products/fittings/hard-tube-fittings/compact-ferrule-fitting/hn6-m6-16-pv-n-main.jpg","F:\WebsiteProjects\foreach-website-2026\public\images\products\fittings\hard-tube-fittings\compact-ferrule-fitting\hn6-m6-16-pv-n-main.jpg","data/products/generated/fittings/hard-tube-fittings/detail/index.json","$[89]","无需处理"
"797","HN6-M6-32-AC-B","809798","HN6-M6-32-AC-B","hn6-m6-32-ac-b","fittings","正常","mainImage","/images/products/fittings/hard-tube-fittings/compact-ferrule-fitting/hn6-m6-32-ac-b-main.jpg","F:\WebsiteProjects\foreach-website-2026\public\images\products\fittings\hard-tube-fittings\compact-ferrule-fitting\hn6-m6-32-ac-b-main.jpg","data/products/generated/fittings/hard-tube-fittings/detail/index.json","$[90]","无需处理"
"798","HN6-M6-32-PK-N","809733","HN6-M6-32-PK-N","hn6-m6-32-pk-n","fittings","正常","mainImage","/images/products/fittings/hard-tube-fittings/compact-ferrule-fitting/hn6-m6-32-pk-n-main.jpg","F:\WebsiteProjects\foreach-website-2026\public\images\products\fittings\hard-tube-fittings\compact-ferrule-fitting\hn6-m6-32-pk-n-main.jpg","data/products/generated/fittings/hard-tube-fittings/detail/index.json","$[91]","无需处理"
"799","HN6-M6-32-PS-B","809779","HN6-M6-32-PS-B","hn6-m6-32-ps-b","fittings","正常","mainImage","/images/products/fittings/hard-tube-fittings/compact-ferrule-fitting/hn6-m6-32-ps-b-main.jpg","F:\WebsiteProjects\foreach-website-2026\public\images\products\fittings\hard-tube-fittings\compact-ferrule-fitting\hn6-m6-32-ps-b-main.jpg","data/products/generated/fittings/hard-tube-fittings/detail/index.json","$[92]","无需处理"
"800","HN6-U28-16-AC-B","809800","HN6-U28-16-AC-B","hn6-u28-16-ac-b","fittings","正常","mainImage","/images/products/fittings/hard-tube-fittings/compact-ferrule-fitting/hn6-u28-16-ac-b-main.jpg","F:\WebsiteProjects\foreach-website-2026\public\images\products\fittings\hard-tube-fittings\compact-ferrule-fitting\hn6-u28-16-ac-b-main.jpg","data/products/generated/fittings/hard-tube-fittings/detail/index.json","$[93]","无需处理"
"801","HN6-U28-16-PK-N","809730","HN6-U28-16-PK-N","hn6-u28-16-pk-n","fittings","正常","mainImage","/images/products/fittings/hard-tube-fittings/compact-ferrule-fitting/hn6-u28-16-pk-n-main.jpg","F:\WebsiteProjects\foreach-website-2026\public\images\products\fittings\hard-tube-fittings\compact-ferrule-fitting\hn6-u28-16-pk-n-main.jpg","data/products/generated/fittings/hard-tube-fittings/detail/index.json","$[94]","无需处理"
"802","HN6-U28-16-PS-B","809773","HN6-U28-16-PS-B","hn6-u28-16-ps-b","fittings","正常","mainImage","/images/products/fittings/hard-tube-fittings/compact-ferrule-fitting/hn6-u28-16-ps-b-main.jpg","F:\WebsiteProjects\foreach-website-2026\public\images\products\fittings\hard-tube-fittings\compact-ferrule-fitting\hn6-u28-16-ps-b-main.jpg","data/products/generated/fittings/hard-tube-fittings/detail/index.json","$[95]","无需处理"
"803","HN6-U28-16-PV-N","809772","HN6-U28-16-PV-N","hn6-u28-16-pv-n","fittings","正常","mainImage","/images/products/fittings/hard-tube-fittings/compact-ferrule-fitting/hn6-u28-16-pv-n-main.jpg","F:\WebsiteProjects\foreach-website-2026\public\images\products\fittings\hard-tube-fittings\compact-ferrule-fitting\hn6-u28-16-pv-n-main.jpg","data/products/generated/fittings/hard-tube-fittings/detail/index.json","$[96]","无需处理"
"804","HN6-U28-32-AC-B","809793","HN6-U28-32-AC-B","hn6-u28-32-ac-b","fittings","正常","mainImage","/images/products/fittings/hard-tube-fittings/compact-ferrule-fitting/hn6-u28-32-ac-b-main.jpg","F:\WebsiteProjects\foreach-website-2026\public\images\products\fittings\hard-tube-fittings\compact-ferrule-fitting\hn6-u28-32-ac-b-main.jpg","data/products/generated/fittings/hard-tube-fittings/detail/index.json","$[97]","无需处理"
"805","HN6-U28-32-ET-N","809935","HN6-U28-32-ET-N","hn6-u28-32-et-n","fittings","正常","mainImage","/images/products/fittings/hard-tube-fittings/compact-ferrule-fitting/hn6-u28-32-main.jpg","F:\WebsiteProjects\foreach-website-2026\public\images\products\fittings\hard-tube-fittings\compact-ferrule-fitting\hn6-u28-32-main.jpg","data/products/generated/fittings/hard-tube-fittings/detail/index.json","$[98]","无需处理"
"806","HN6-U28-32-PK-B","809923","HN6-U28-32-PK-B","hn6-u28-32-pk-b","fittings","正常","mainImage","/images/products/fittings/hard-tube-fittings/compact-ferrule-fitting/hn6-u28-32-main.jpg","F:\WebsiteProjects\foreach-website-2026\public\images\products\fittings\hard-tube-fittings\compact-ferrule-fitting\hn6-u28-32-main.jpg","data/products/generated/fittings/hard-tube-fittings/detail/index.json","$[99]","无需处理"
"807","HN6-U28-32-PS-B","809775","HN6-U28-32-PS-B","hn6-u28-32-ps-b","fittings","正常","mainImage","/images/products/fittings/hard-tube-fittings/compact-ferrule-fitting/hn6-u28-32-main.jpg","F:\WebsiteProjects\foreach-website-2026\public\images\products\fittings\hard-tube-fittings\compact-ferrule-fitting\hn6-u28-32-main.jpg","data/products/generated/fittings/hard-tube-fittings/detail/index.json","$[100]","无需处理"
"808","HN6-U28-32-PV-N","809774","HN6-U28-32-PV-N","hn6-u28-32-pv-n","fittings","正常","mainImage","/images/products/fittings/hard-tube-fittings/compact-ferrule-fitting/hn6-u28-32-main.jpg","F:\WebsiteProjects\foreach-website-2026\public\images\products\fittings\hard-tube-fittings\compact-ferrule-fitting\hn6-u28-32-main.jpg","data/products/generated/fittings/hard-tube-fittings/detail/index.json","$[101]","无需处理"
"809","HNE-U28-32-PP-N","809927","HNE-U28-32-PP-N","hne-u28-32-pp-n","fittings","正常","mainImage","/images/logo/foreach-logo-color.svg","F:\WebsiteProjects\foreach-website-2026\public\images\logo\foreach-logo-color.svg","data/products/generated/fittings/hard-tube-fittings/detail/index.json","$[102]","无需处理"
"810","HNE6-U28-32-PS-B","809922","HNE6-U28-32-PS-B","hne6-u28-32-ps-b","fittings","正常","mainImage","/images/logo/foreach-logo-color.svg","F:\WebsiteProjects\foreach-website-2026\public\images\logo\foreach-logo-color.svg","data/products/generated/fittings/hard-tube-fittings/detail/index.json","$[103]","无需处理"
"811","HNF-M6-16-PV-B","809401","HNF-M6-16-PV-B","hnf-m6-16-pv-b","fittings","正常","mainImage","/images/products/fittings/hard-tube-fittings/standard-ferrule-fitting/hnf-m6-16-pv-b-main.jpg","F:\WebsiteProjects\foreach-website-2026\public\images\products\fittings\hard-tube-fittings\standard-ferrule-fitting\hnf-m6-16-pv-b-main.jpg","data/products/generated/fittings/hard-tube-fittings/detail/index.json","$[104]","无需处理"
"812","HNF-M6-16-PV-N","809108","HNF-M6-16-PV-N","hnf-m6-16-pv-n","fittings","正常","mainImage","/images/products/fittings/hard-tube-fittings/standard-ferrule-fitting/hnf-m6-16-pv-n-main.jpg","F:\WebsiteProjects\foreach-website-2026\public\images\products\fittings\hard-tube-fittings\standard-ferrule-fitting\hnf-m6-16-pv-n-main.jpg","data/products/generated/fittings/hard-tube-fittings/detail/index.json","$[105]","无需处理"
"813","HNF-M6-20-PV-B","809415","HNF-M6-20-PV-B","hnf-m6-20-pv-b","fittings","正常","mainImage","/images/products/fittings/hard-tube-fittings/standard-ferrule-fitting/hnf-m6-20-pv-b-main.jpg","F:\WebsiteProjects\foreach-website-2026\public\images\products\fittings\hard-tube-fittings\standard-ferrule-fitting\hnf-m6-20-pv-b-main.jpg","data/products/generated/fittings/hard-tube-fittings/detail/index.json","$[106]","无需处理"
"814","HNF-M6-20-PV-N","809116","HNF-M6-20-PV-N","hnf-m6-20-pv-n","fittings","正常","mainImage","/images/products/fittings/hard-tube-fittings/standard-ferrule-fitting/hnf-m6-20-pv-n-main.jpg","F:\WebsiteProjects\foreach-website-2026\public\images\products\fittings\hard-tube-fittings\standard-ferrule-fitting\hnf-m6-20-pv-n-main.jpg","data/products/generated/fittings/hard-tube-fittings/detail/index.json","$[107]","无需处理"
"815","HNF-M6-25-PV-B","809413","HNF-M6-25-PV-B","hnf-m6-25-pv-b","fittings","正常","mainImage","/images/products/fittings/hard-tube-fittings/standard-ferrule-fitting/hnf-m6-25-pv-b-main.jpg","F:\WebsiteProjects\foreach-website-2026\public\images\products\fittings\hard-tube-fittings\standard-ferrule-fitting\hnf-m6-25-pv-b-main.jpg","data/products/generated/fittings/hard-tube-fittings/detail/index.json","$[108]","无需处理"
"816","HNF-M6-25-PV-N","809124","HNF-M6-25-PV-N","hnf-m6-25-pv-n","fittings","正常","mainImage","/images/products/fittings/hard-tube-fittings/standard-ferrule-fitting/hnf-m6-25-pv-n-main.jpg","F:\WebsiteProjects\foreach-website-2026\public\images\products\fittings\hard-tube-fittings\standard-ferrule-fitting\hnf-m6-25-pv-n-main.jpg","data/products/generated/fittings/hard-tube-fittings/detail/index.json","$[109]","无需处理"
"817","HNF-M6-30-PV-B","809416","HNF-M6-30-PV-B","hnf-m6-30-pv-b","fittings","正常","mainImage","/images/products/fittings/hard-tube-fittings/standard-ferrule-fitting/hnf-m6-30-pv-b-main.jpg","F:\WebsiteProjects\foreach-website-2026\public\images\products\fittings\hard-tube-fittings\standard-ferrule-fitting\hnf-m6-30-pv-b-main.jpg","data/products/generated/fittings/hard-tube-fittings/detail/index.json","$[110]","无需处理"
"818","HNF-M6-30-PV-N","809120","HNF-M6-30-PV-N","hnf-m6-30-pv-n","fittings","正常","mainImage","/images/products/fittings/hard-tube-fittings/standard-ferrule-fitting/hnf-m6-30-pv-n-main.jpg","F:\WebsiteProjects\foreach-website-2026\public\images\products\fittings\hard-tube-fittings\standard-ferrule-fitting\hnf-m6-30-pv-n-main.jpg","data/products/generated/fittings/hard-tube-fittings/detail/index.json","$[111]","无需处理"
"819","HNF-M6-32-PV-B","809414","HNF-M6-32-PV-B","hnf-m6-32-pv-b","fittings","正常","mainImage","/images/products/fittings/hard-tube-fittings/standard-ferrule-fitting/hnf-m6-32-pv-b-main.jpg","F:\WebsiteProjects\foreach-website-2026\public\images\products\fittings\hard-tube-fittings\standard-ferrule-fitting\hnf-m6-32-pv-b-main.jpg","data/products/generated/fittings/hard-tube-fittings/detail/index.json","$[112]","无需处理"
"820","HNF-M6-32-PV-N","809112","HNF-M6-32-PV-N","hnf-m6-32-pv-n","fittings","正常","mainImage","/images/products/fittings/hard-tube-fittings/standard-ferrule-fitting/hnf-m6-32-pv-n-main.jpg","F:\WebsiteProjects\foreach-website-2026\public\images\products\fittings\hard-tube-fittings\standard-ferrule-fitting\hnf-m6-32-pv-n-main.jpg","data/products/generated/fittings/hard-tube-fittings/detail/index.json","$[113]","无需处理"
"821","HNF-U28-16-PV-B","809395","HNF-U28-16-PV-B","hnf-u28-16-pv-b","fittings","正常","mainImage","/images/products/fittings/hard-tube-fittings/standard-ferrule-fitting/hnf-u28-16-pv-b-main.jpg","F:\WebsiteProjects\foreach-website-2026\public\images\products\fittings\hard-tube-fittings\standard-ferrule-fitting\hnf-u28-16-pv-b-main.jpg","data/products/generated/fittings/hard-tube-fittings/detail/index.json","$[114]","无需处理"
"822","HNF-U28-16-PV-N","809107","HNF-U28-16-PV-N","hnf-u28-16-pv-n","fittings","正常","mainImage","/images/products/fittings/hard-tube-fittings/standard-ferrule-fitting/hnf-u28-16-pv-n-main.jpg","F:\WebsiteProjects\foreach-website-2026\public\images\products\fittings\hard-tube-fittings\standard-ferrule-fitting\hnf-u28-16-pv-n-main.jpg","data/products/generated/fittings/hard-tube-fittings/detail/index.json","$[115]","无需处理"
"823","HNF-U28-20-PV-B","809398","HNF-U28-20-PV-B","hnf-u28-20-pv-b","fittings","正常","mainImage","/images/products/fittings/hard-tube-fittings/standard-ferrule-fitting/hnf-u28-20-pv-b-main.jpg","F:\WebsiteProjects\foreach-website-2026\public\images\products\fittings\hard-tube-fittings\standard-ferrule-fitting\hnf-u28-20-pv-b-main.jpg","data/products/generated/fittings/hard-tube-fittings/detail/index.json","$[116]","无需处理"
"824","HNF-U28-20-PV-N","809115","HNF-U28-20-PV-N","hnf-u28-20-pv-n","fittings","正常","mainImage","/images/products/fittings/hard-tube-fittings/standard-ferrule-fitting/hnf-u28-20-pv-n-main.jpg","F:\WebsiteProjects\foreach-website-2026\public\images\products\fittings\hard-tube-fittings\standard-ferrule-fitting\hnf-u28-20-pv-n-main.jpg","data/products/generated/fittings/hard-tube-fittings/detail/index.json","$[117]","无需处理"
"825","HNF-U28-25-PV-B","809396","HNF-U28-25-PV-B","hnf-u28-25-pv-b","fittings","正常","mainImage","/images/products/fittings/hard-tube-fittings/standard-ferrule-fitting/hnf-u28-25-pv-b-main.jpg","F:\WebsiteProjects\foreach-website-2026\public\images\products\fittings\hard-tube-fittings\standard-ferrule-fitting\hnf-u28-25-pv-b-main.jpg","data/products/generated/fittings/hard-tube-fittings/detail/index.json","$[118]","无需处理"
"826","HNF-U28-25-PV-N","809123","HNF-U28-25-PV-N","hnf-u28-25-pv-n","fittings","正常","mainImage","/images/products/fittings/hard-tube-fittings/standard-ferrule-fitting/hnf-u28-25-pv-n-main.jpg","F:\WebsiteProjects\foreach-website-2026\public\images\products\fittings\hard-tube-fittings\standard-ferrule-fitting\hnf-u28-25-pv-n-main.jpg","data/products/generated/fittings/hard-tube-fittings/detail/index.json","$[119]","无需处理"
"827","HNF-U28-30-PV-B","809399","HNF-U28-30-PV-B","hnf-u28-30-pv-b","fittings","正常","mainImage","/images/products/fittings/hard-tube-fittings/standard-ferrule-fitting/hnf-u28-30-pv-b-main.jpg","F:\WebsiteProjects\foreach-website-2026\public\images\products\fittings\hard-tube-fittings\standard-ferrule-fitting\hnf-u28-30-pv-b-main.jpg","data/products/generated/fittings/hard-tube-fittings/detail/index.json","$[120]","无需处理"
"828","HNF-U28-30-PV-N","809119","HNF-U28-30-PV-N","hnf-u28-30-pv-n","fittings","正常","mainImage","/images/products/fittings/hard-tube-fittings/standard-ferrule-fitting/hnf-u28-30-pv-n-main.jpg","F:\WebsiteProjects\foreach-website-2026\public\images\products\fittings\hard-tube-fittings\standard-ferrule-fitting\hnf-u28-30-pv-n-main.jpg","data/products/generated/fittings/hard-tube-fittings/detail/index.json","$[121]","无需处理"
"829","HNF-U28-32-PV-B","809397","HNF-U28-32-PV-B","hnf-u28-32-pv-b","fittings","正常","mainImage","/images/products/fittings/hard-tube-fittings/standard-ferrule-fitting/hnf-u28-32-pv-b-main.jpg","F:\WebsiteProjects\foreach-website-2026\public\images\products\fittings\hard-tube-fittings\standard-ferrule-fitting\hnf-u28-32-pv-b-main.jpg","data/products/generated/fittings/hard-tube-fittings/detail/index.json","$[122]","无需处理"
"830","HNF-U28-32-PV-N","809111","HNF-U28-32-PV-N","hnf-u28-32-pv-n","fittings","正常","mainImage","/images/products/fittings/hard-tube-fittings/standard-ferrule-fitting/hnf-u28-32-pv-n-main.jpg","F:\WebsiteProjects\foreach-website-2026\public\images\products\fittings\hard-tube-fittings\standard-ferrule-fitting\hnf-u28-32-pv-n-main.jpg","data/products/generated/fittings/hard-tube-fittings/detail/index.json","$[123]","无需处理"
"831","HNF6-M6-16-PS-B","809128","HNF6-M6-16-PS-B","hnf6-m6-16-ps-b","fittings","正常","mainImage","/images/products/fittings/hard-tube-fittings/compact-ferrule-fitting/hnf6-m6-16-main.jpg","F:\WebsiteProjects\foreach-website-2026\public\images\products\fittings\hard-tube-fittings\compact-ferrule-fitting\hnf6-m6-16-main.jpg","data/products/generated/fittings/hard-tube-fittings/detail/index.json","$[124]","无需处理"
"832","HNF6-M6-20-PS-B","809148","HNF6-M6-20-PS-B","hnf6-m6-20-ps-b","fittings","正常","mainImage","/images/products/fittings/hard-tube-fittings/compact-ferrule-fitting/hnf6-m6-20-main.jpg","F:\WebsiteProjects\foreach-website-2026\public\images\products\fittings\hard-tube-fittings\compact-ferrule-fitting\hnf6-m6-20-main.jpg","data/products/generated/fittings/hard-tube-fittings/detail/index.json","$[125]","无需处理"
"833","HNF6-M6-25-PS-B","809168","HNF6-M6-25-PS-B","hnf6-m6-25-ps-b","fittings","正常","mainImage","/images/products/fittings/hard-tube-fittings/compact-ferrule-fitting/hnf6-m6-25-main.jpg","F:\WebsiteProjects\foreach-website-2026\public\images\products\fittings\hard-tube-fittings\compact-ferrule-fitting\hnf6-m6-25-main.jpg","data/products/generated/fittings/hard-tube-fittings/detail/index.json","$[126]","无需处理"
"834","HNF6-M6-30-PS-B","809158","HNF6-M6-30-PS-B","hnf6-m6-30-ps-b","fittings","正常","mainImage","/images/products/fittings/hard-tube-fittings/compact-ferrule-fitting/hnf6-m6-30-main.jpg","F:\WebsiteProjects\foreach-website-2026\public\images\products\fittings\hard-tube-fittings\compact-ferrule-fitting\hnf6-m6-30-main.jpg","data/products/generated/fittings/hard-tube-fittings/detail/index.json","$[127]","无需处理"
"835","HNF6-M6-32-PS-B","809138","HNF6-M6-32-PS-B","hnf6-m6-32-ps-b","fittings","正常","mainImage","/images/products/fittings/hard-tube-fittings/compact-ferrule-fitting/hnf6-m6-32-main.jpg","F:\WebsiteProjects\foreach-website-2026\public\images\products\fittings\hard-tube-fittings\compact-ferrule-fitting\hnf6-m6-32-main.jpg","data/products/generated/fittings/hard-tube-fittings/detail/index.json","$[128]","无需处理"
"836","HNF6-U28-16-PS-B","809127","HNF6-U28-16-PS-B","hnf6-u28-16-ps-b","fittings","正常","mainImage","/images/products/fittings/hard-tube-fittings/compact-ferrule-fitting/hnf6-u28-16-main.jpg","F:\WebsiteProjects\foreach-website-2026\public\images\products\fittings\hard-tube-fittings\compact-ferrule-fitting\hnf6-u28-16-main.jpg","data/products/generated/fittings/hard-tube-fittings/detail/index.json","$[129]","无需处理"
"837","HNF6-U28-16-PS-U","809553","HNF6-U28-16-PS-U","hnf6-u28-16-ps-u","fittings","正常","mainImage","/images/products/fittings/hard-tube-fittings/compact-ferrule-fitting/hnf6-u28-16-main.jpg","F:\WebsiteProjects\foreach-website-2026\public\images\products\fittings\hard-tube-fittings\compact-ferrule-fitting\hnf6-u28-16-main.jpg","data/products/generated/fittings/hard-tube-fittings/detail/index.json","$[130]","无需处理"
"838","HNF6-U28-20-PS-B","809147","HNF6-U28-20-PS-B","hnf6-u28-20-ps-b","fittings","正常","mainImage","/images/products/fittings/hard-tube-fittings/compact-ferrule-fitting/hnf6-u28-20-main.jpg","F:\WebsiteProjects\foreach-website-2026\public\images\products\fittings\hard-tube-fittings\compact-ferrule-fitting\hnf6-u28-20-main.jpg","data/products/generated/fittings/hard-tube-fittings/detail/index.json","$[131]","无需处理"
"839","HNF6-U28-20-PS-U","809554","HNF6-U28-20-PS-U","hnf6-u28-20-ps-u","fittings","正常","mainImage","/images/products/fittings/hard-tube-fittings/compact-ferrule-fitting/hnf6-u28-20-main.jpg","F:\WebsiteProjects\foreach-website-2026\public\images\products\fittings\hard-tube-fittings\compact-ferrule-fitting\hnf6-u28-20-main.jpg","data/products/generated/fittings/hard-tube-fittings/detail/index.json","$[132]","无需处理"
"840","HNF6-U28-25-PS-B","809167","HNF6-U28-25-PS-B","hnf6-u28-25-ps-b","fittings","正常","mainImage","/images/products/fittings/hard-tube-fittings/compact-ferrule-fitting/hnf6-u28-25-main.jpg","F:\WebsiteProjects\foreach-website-2026\public\images\products\fittings\hard-tube-fittings\compact-ferrule-fitting\hnf6-u28-25-main.jpg","data/products/generated/fittings/hard-tube-fittings/detail/index.json","$[133]","无需处理"
"841","HNF6-U28-30-PS-B","809157","HNF6-U28-30-PS-B","hnf6-u28-30-ps-b","fittings","正常","mainImage","/images/products/fittings/hard-tube-fittings/compact-ferrule-fitting/hnf6-u28-30-main.jpg","F:\WebsiteProjects\foreach-website-2026\public\images\products\fittings\hard-tube-fittings\compact-ferrule-fitting\hnf6-u28-30-main.jpg","data/products/generated/fittings/hard-tube-fittings/detail/index.json","$[134]","无需处理"
"842","HNF6-U28-32-PS-B","809137","HNF6-U28-32-PS-B","hnf6-u28-32-ps-b","fittings","正常","mainImage","/images/products/fittings/hard-tube-fittings/compact-ferrule-fitting/hnf6-u28-32-main.jpg","F:\WebsiteProjects\foreach-website-2026\public\images\products\fittings\hard-tube-fittings\compact-ferrule-fitting\hnf6-u28-32-main.jpg","data/products/generated/fittings/hard-tube-fittings/detail/index.json","$[135]","无需处理"
"843","HSF-U28-16-PK-N","809937","HSF-U28-16-PK-N","hsf-u28-16-pk-n","fittings","正常","mainImage","/images/logo/foreach-logo-color.svg","F:\WebsiteProjects\foreach-website-2026\public\images\logo\foreach-logo-color.svg","data/products/generated/fittings/hard-tube-fittings/detail/index.json","$[136]","无需处理"
"844","HSF-U28-32-PEEK-N","809861","HSF-U28-32-PEEK-N","hsf-u28-32-peek-n","fittings","正常","mainImage","/images/logo/foreach-logo-color.svg","F:\WebsiteProjects\foreach-website-2026\public\images\logo\foreach-logo-color.svg","data/products/generated/fittings/hard-tube-fittings/detail/index.json","$[137]","无需处理"
"845","HSF6-M6-16-PS-B","809816","HSF6-M6-16-PS-B","hsf6-m6-16-ps-b","fittings","正常","mainImage","/images/logo/foreach-logo-color.svg","F:\WebsiteProjects\foreach-website-2026\public\images\logo\foreach-logo-color.svg","data/products/generated/fittings/hard-tube-fittings/detail/index.json","$[138]","无需处理"
"846","HSF6-M6-18-PS-B","809837","HSF6-M6-18-PS-B","hsf6-m6-18-ps-b","fittings","正常","mainImage","/images/logo/foreach-logo-color.svg","F:\WebsiteProjects\foreach-website-2026\public\images\logo\foreach-logo-color.svg","data/products/generated/fittings/hard-tube-fittings/detail/index.json","$[139]","无需处理"
"847","HSF6-U28-16-PK-N","809945","HSF6-U28-16-PK-N","hsf6-u28-16-pk-n","fittings","正常","mainImage","/images/logo/foreach-logo-color.svg","F:\WebsiteProjects\foreach-website-2026\public\images\logo\foreach-logo-color.svg","data/products/generated/fittings/hard-tube-fittings/detail/index.json","$[140]","无需处理"
"848","HSF6-U28-16-PS-B","809814","HSF6-U28-16-PS-B","hsf6-u28-16-ps-b","fittings","正常","mainImage","/images/logo/foreach-logo-color.svg","F:\WebsiteProjects\foreach-website-2026\public\images\logo\foreach-logo-color.svg","data/products/generated/fittings/hard-tube-fittings/detail/index.json","$[141]","无需处理"
"849","HSF6-U28-32-PK-N","809828","HSF6-U28-32-PK-N","hsf6-u28-32-pk-n","fittings","正常","mainImage","/images/logo/foreach-logo-color.svg","F:\WebsiteProjects\foreach-website-2026\public\images\logo\foreach-logo-color.svg","data/products/generated/fittings/hard-tube-fittings/detail/index.json","$[142]","无需处理"
"850","HSF6-U28-32-PS-B","809815","HSF6-U28-32-PS-B","hsf6-u28-32-ps-b","fittings","正常","mainImage","/images/logo/foreach-logo-color.svg","F:\WebsiteProjects\foreach-website-2026\public\images\logo\foreach-logo-color.svg","data/products/generated/fittings/hard-tube-fittings/detail/index.json","$[143]","无需处理"
"851","PNC-U32-16-PK-N","809791","PNC-U32-16-PK-N","pnc-u32-16-pk-n","fittings","正常","mainImage","/images/products/fittings/hard-tube-fittings/high-pressure-fitting/pnc-u32-16-pk-n-main.jpg","F:\WebsiteProjects\foreach-website-2026\public\images\products\fittings\hard-tube-fittings\high-pressure-fitting\pnc-u32-16-pk-n-main.jpg","data/products/generated/fittings/hard-tube-fittings/detail/index.json","$[144]","无需处理"
"852","PNC6-U32-16-PK-N","809661","PNC6-U32-16-PK-N","pnc6-u32-16-pk-n","fittings","正常","mainImage","/images/products/fittings/hard-tube-fittings/high-pressure-fitting/pnc6-u32-16-pk-n-main.jpg","F:\WebsiteProjects\foreach-website-2026\public\images\products\fittings\hard-tube-fittings\high-pressure-fitting\pnc6-u32-16-pk-n-main.jpg","data/products/generated/fittings/hard-tube-fittings/detail/index.json","$[145]","无需处理"
"853","PNF-U32-16-SS-N","809696","PNF-U32-16-SS-N","pnf-u32-16-ss-n","fittings","正常","mainImage","/images/logo/foreach-logo-color.svg","F:\WebsiteProjects\foreach-website-2026\public\images\logo\foreach-logo-color.svg","data/products/generated/fittings/hard-tube-fittings/detail/index.json","$[146]","无需处理"
"854","固定公鲁尔芯子","809558","LSL-16-PP-N","lsl-16-pp-n","fittings","正常","mainImage","/images/products/fittings/luer-fittings/products/LSL-16-PP-N.jpg","F:\WebsiteProjects\foreach-website-2026\public\images\products\fittings\luer-fittings\products\LSL-16-PP-N.jpg","data/products/generated/fittings/luer-fittings/detail/index.json","$[0]","无需处理"
"855","固定公鲁尔芯子","809705","LSL-16-PA-W","lsl-16-pa-w","fittings","正常","mainImage","/images/products/fittings/luer-fittings/products/LSL-16-PA-W.jpg","F:\WebsiteProjects\foreach-website-2026\public\images\products\fittings\luer-fittings\products\LSL-16-PA-W.jpg","data/products/generated/fittings/luer-fittings/detail/index.json","$[1]","无需处理"
"856","固定公鲁尔芯子","809560","LSL-24-PP-N","lsl-24-pp-n","fittings","正常","mainImage","/images/products/fittings/luer-fittings/products/LSL-24-PP-N.jpg","F:\WebsiteProjects\foreach-website-2026\public\images\products\fittings\luer-fittings\products\LSL-24-PP-N.jpg","data/products/generated/fittings/luer-fittings/detail/index.json","$[2]","无需处理"
"857","固定公鲁尔芯子","809707","LSL-24-PA-W","lsl-24-pa-w","fittings","正常","mainImage","/images/products/fittings/luer-fittings/products/LSL-24-PA-W.jpg","F:\WebsiteProjects\foreach-website-2026\public\images\products\fittings\luer-fittings\products\LSL-24-PA-W.jpg","data/products/generated/fittings/luer-fittings/detail/index.json","$[3]","无需处理"
"858","固定公鲁尔芯子","809562","LSL-32-PP-N","lsl-32-pp-n","fittings","正常","mainImage","/images/products/fittings/luer-fittings/products/LSL-32-PP-N.jpg","F:\WebsiteProjects\foreach-website-2026\public\images\products\fittings\luer-fittings\products\LSL-32-PP-N.jpg","data/products/generated/fittings/luer-fittings/detail/index.json","$[4]","无需处理"
"859","固定公鲁尔芯子","809709","LSL-32-PA-W","lsl-32-pa-w","fittings","正常","mainImage","/images/products/fittings/luer-fittings/products/LSL-32-PA-W.jpg","F:\WebsiteProjects\foreach-website-2026\public\images\products\fittings\luer-fittings\products\LSL-32-PA-W.jpg","data/products/generated/fittings/luer-fittings/detail/index.json","$[5]","无需处理"
"860","旋转公鲁尔芯子","809559","LRL-16-PP-N","lrl-16-pp-n","fittings","正常","mainImage","/images/products/fittings/luer-fittings/products/LRL-16-PP-N.jpg","F:\WebsiteProjects\foreach-website-2026\public\images\products\fittings\luer-fittings\products\LRL-16-PP-N.jpg","data/products/generated/fittings/luer-fittings/detail/index.json","$[6]","无需处理"
"861","旋转公鲁尔芯子","809706","LRL-16-PA-W","lrl-16-pa-w","fittings","正常","mainImage","/images/products/fittings/luer-fittings/products/LRL-16-PA-W.jpg","F:\WebsiteProjects\foreach-website-2026\public\images\products\fittings\luer-fittings\products\LRL-16-PA-W.jpg","data/products/generated/fittings/luer-fittings/detail/index.json","$[7]","无需处理"
"862","旋转公鲁尔芯子","809711","LRL-16-PV-N","lrl-16-pv-n","fittings","正常","mainImage","/images/products/fittings/luer-fittings/products/LRL-16-PV-N.jpg","F:\WebsiteProjects\foreach-website-2026\public\images\products\fittings\luer-fittings\products\LRL-16-PV-N.jpg","data/products/generated/fittings/luer-fittings/detail/index.json","$[8]","无需处理"
"863","旋转公鲁尔芯子","809561","LRL-24-PP-N","lrl-24-pp-n","fittings","正常","mainImage","/images/products/fittings/luer-fittings/products/LRL-24-PP-N.jpg","F:\WebsiteProjects\foreach-website-2026\public\images\products\fittings\luer-fittings\products\LRL-24-PP-N.jpg","data/products/generated/fittings/luer-fittings/detail/index.json","$[9]","无需处理"
"864","旋转公鲁尔芯子","809708","LRL-24-PA-W","lrl-24-pa-w","fittings","正常","mainImage","/images/products/fittings/luer-fittings/products/LRL-24-PA-W.jpg","F:\WebsiteProjects\foreach-website-2026\public\images\products\fittings\luer-fittings\products\LRL-24-PA-W.jpg","data/products/generated/fittings/luer-fittings/detail/index.json","$[10]","无需处理"
"865","旋转公鲁尔芯子","809712","LRL-24-PV-N","lrl-24-pv-n","fittings","正常","mainImage","/images/products/fittings/luer-fittings/products/LRL-24-PV-N.jpg","F:\WebsiteProjects\foreach-website-2026\public\images\products\fittings\luer-fittings\products\LRL-24-PV-N.jpg","data/products/generated/fittings/luer-fittings/detail/index.json","$[11]","无需处理"
"866","旋转公鲁尔芯子","809563","LRL-32-PP-N","lrl-32-pp-n","fittings","正常","mainImage","/images/products/fittings/luer-fittings/products/LRL-32-PP-N.jpg","F:\WebsiteProjects\foreach-website-2026\public\images\products\fittings\luer-fittings\products\LRL-32-PP-N.jpg","data/products/generated/fittings/luer-fittings/detail/index.json","$[12]","无需处理"
"867","旋转公鲁尔芯子","809710","LRL-32-PA-W","lrl-32-pa-w","fittings","正常","mainImage","/images/products/fittings/luer-fittings/products/LRL-32-PA-W.jpg","F:\WebsiteProjects\foreach-website-2026\public\images\products\fittings\luer-fittings\products\LRL-32-PA-W.jpg","data/products/generated/fittings/luer-fittings/detail/index.json","$[13]","无需处理"
"868","旋转公鲁尔芯子","809713","LRL-32-PV-N","lrl-32-pv-n","fittings","正常","mainImage","/images/products/fittings/luer-fittings/products/LRL-32-PV-N.jpg","F:\WebsiteProjects\foreach-website-2026\public\images\products\fittings\luer-fittings\products\LRL-32-PV-N.jpg","data/products/generated/fittings/luer-fittings/detail/index.json","$[14]","无需处理"
"869","旋转锁圈公鲁尔接头","809672","LPR-16-PP-N","lpr-16-pp-n","fittings","正常","mainImage","/images/products/fittings/luer-fittings/products/LPR-16-PP-N.jpg","F:\WebsiteProjects\foreach-website-2026\public\images\products\fittings\luer-fittings\products\LPR-16-PP-N.jpg","data/products/generated/fittings/luer-fittings/detail/index.json","$[15]","无需处理"
"870","旋转锁圈公鲁尔接头","809673","LPR-16-PP-W","lpr-16-pp-w","fittings","正常","mainImage","/images/products/fittings/luer-fittings/products/LPR-16-PP-W.jpg","F:\WebsiteProjects\foreach-website-2026\public\images\products\fittings\luer-fittings\products\LPR-16-PP-W.jpg","data/products/generated/fittings/luer-fittings/detail/index.json","$[16]","无需处理"
"871","旋转锁圈公鲁尔接头","809674","LPR-16-PP-B","lpr-16-pp-b","fittings","正常","mainImage","/images/products/fittings/luer-fittings/products/LPR-16-PP-B.jpg","F:\WebsiteProjects\foreach-website-2026\public\images\products\fittings\luer-fittings\products\LPR-16-PP-B.jpg","data/products/generated/fittings/luer-fittings/detail/index.json","$[17]","无需处理"
"872","旋转锁圈公鲁尔接头","809675","LPR-16-PP-R","lpr-16-pp-r","fittings","正常","mainImage","/images/products/fittings/luer-fittings/products/LPR-16-PP-R.jpg","F:\WebsiteProjects\foreach-website-2026\public\images\products\fittings\luer-fittings\products\LPR-16-PP-R.jpg","data/products/generated/fittings/luer-fittings/detail/index.json","$[18]","无需处理"
"873","旋转锁圈公鲁尔接头","809676","LPR-16-PP-G","lpr-16-pp-g","fittings","正常","mainImage","/images/products/fittings/luer-fittings/products/LPR-16-PP-G.jpg","F:\WebsiteProjects\foreach-website-2026\public\images\products\fittings\luer-fittings\products\LPR-16-PP-G.jpg","data/products/generated/fittings/luer-fittings/detail/index.json","$[19]","无需处理"
"874","旋转锁圈公鲁尔接头","809677","LPR-16-PP-U","lpr-16-pp-u","fittings","正常","mainImage","/images/products/fittings/luer-fittings/products/LPR-16-PP-U.jpg","F:\WebsiteProjects\foreach-website-2026\public\images\products\fittings\luer-fittings\products\LPR-16-PP-U.jpg","data/products/generated/fittings/luer-fittings/detail/index.json","$[20]","无需处理"
"875","旋转锁圈公鲁尔接头","809678","LPR-16-PP-O","lpr-16-pp-o","fittings","正常","mainImage","/images/products/fittings/luer-fittings/products/LPR-16-PP-O.jpg","F:\WebsiteProjects\foreach-website-2026\public\images\products\fittings\luer-fittings\products\LPR-16-PP-O.jpg","data/products/generated/fittings/luer-fittings/detail/index.json","$[21]","无需处理"
"876","旋转锁圈公鲁尔接头","809679","LPR-16-PP-Y","lpr-16-pp-y","fittings","正常","mainImage","/images/products/fittings/luer-fittings/products/LPR-16-PP-Y.jpg","F:\WebsiteProjects\foreach-website-2026\public\images\products\fittings\luer-fittings\products\LPR-16-PP-Y.jpg","data/products/generated/fittings/luer-fittings/detail/index.json","$[22]","无需处理"
"877","旋转锁圈公鲁尔接头","809680","LPR-24-PP-N","lpr-24-pp-n","fittings","正常","mainImage","/images/products/fittings/luer-fittings/products/LPR-24-PP-N.jpg","F:\WebsiteProjects\foreach-website-2026\public\images\products\fittings\luer-fittings\products\LPR-24-PP-N.jpg","data/products/generated/fittings/luer-fittings/detail/index.json","$[23]","无需处理"
"878","旋转锁圈公鲁尔接头","809681","LPR-24-PP-W","lpr-24-pp-w","fittings","正常","mainImage","/images/products/fittings/luer-fittings/products/LPR-24-PP-W.jpg","F:\WebsiteProjects\foreach-website-2026\public\images\products\fittings\luer-fittings\products\LPR-24-PP-W.jpg","data/products/generated/fittings/luer-fittings/detail/index.json","$[24]","无需处理"
"879","旋转锁圈公鲁尔接头","809682","LPR-24-PP-B","lpr-24-pp-b","fittings","正常","mainImage","/images/products/fittings/luer-fittings/products/LPR-24-PP-B.jpg","F:\WebsiteProjects\foreach-website-2026\public\images\products\fittings\luer-fittings\products\LPR-24-PP-B.jpg","data/products/generated/fittings/luer-fittings/detail/index.json","$[25]","无需处理"
"880","旋转锁圈公鲁尔接头","809683","LPR-24-PP-R","lpr-24-pp-r","fittings","正常","mainImage","/images/products/fittings/luer-fittings/products/LPR-24-PP-R.jpg","F:\WebsiteProjects\foreach-website-2026\public\images\products\fittings\luer-fittings\products\LPR-24-PP-R.jpg","data/products/generated/fittings/luer-fittings/detail/index.json","$[26]","无需处理"
"881","旋转锁圈公鲁尔接头","809684","LPR-24-PP-G","lpr-24-pp-g","fittings","正常","mainImage","/images/products/fittings/luer-fittings/products/LPR-24-PP-G.jpg","F:\WebsiteProjects\foreach-website-2026\public\images\products\fittings\luer-fittings\products\LPR-24-PP-G.jpg","data/products/generated/fittings/luer-fittings/detail/index.json","$[27]","无需处理"
"882","旋转锁圈公鲁尔接头","809685","LPR-24-PP-U","lpr-24-pp-u","fittings","正常","mainImage","/images/products/fittings/luer-fittings/products/LPR-24-PP-U.jpg","F:\WebsiteProjects\foreach-website-2026\public\images\products\fittings\luer-fittings\products\LPR-24-PP-U.jpg","data/products/generated/fittings/luer-fittings/detail/index.json","$[28]","无需处理"
"883","旋转锁圈公鲁尔接头","809686","LPR-24-PP-O","lpr-24-pp-o-809686","fittings","正常","mainImage","/images/products/fittings/luer-fittings/products/LPR-24-PP-O.jpg","F:\WebsiteProjects\foreach-website-2026\public\images\products\fittings\luer-fittings\products\LPR-24-PP-O.jpg","data/products/generated/fittings/luer-fittings/detail/index.json","$[29]","无需处理"
"884","旋转锁圈公鲁尔接头","809687","LPR-24-PP-Y","lpr-24-pp-y","fittings","正常","mainImage","/images/products/fittings/luer-fittings/products/LPR-24-PP-Y.jpg","F:\WebsiteProjects\foreach-website-2026\public\images\products\fittings\luer-fittings\products\LPR-24-PP-Y.jpg","data/products/generated/fittings/luer-fittings/detail/index.json","$[30]","无需处理"
"885","旋转锁圈公鲁尔接头","809688","LPR-32-PP-N","lpr-32-pp-n","fittings","正常","mainImage","/images/products/fittings/luer-fittings/products/LPR-32-PP-N.jpg","F:\WebsiteProjects\foreach-website-2026\public\images\products\fittings\luer-fittings\products\LPR-32-PP-N.jpg","data/products/generated/fittings/luer-fittings/detail/index.json","$[31]","无需处理"
"886","旋转锁圈公鲁尔接头","809689","LPR-32-PP-W","lpr-32-pp-w","fittings","正常","mainImage","/images/products/fittings/luer-fittings/products/LPR-32-PP-W.jpg","F:\WebsiteProjects\foreach-website-2026\public\images\products\fittings\luer-fittings\products\LPR-32-PP-W.jpg","data/products/generated/fittings/luer-fittings/detail/index.json","$[32]","无需处理"
"887","旋转锁圈公鲁尔接头","809690","LPR-32-PP-B","lpr-32-pp-b","fittings","正常","mainImage","/images/products/fittings/luer-fittings/products/LPR-32-PP-B.jpg","F:\WebsiteProjects\foreach-website-2026\public\images\products\fittings\luer-fittings\products\LPR-32-PP-B.jpg","data/products/generated/fittings/luer-fittings/detail/index.json","$[33]","无需处理"
"888","旋转锁圈公鲁尔接头","809691","LPR-32-PP-R","lpr-32-pp-r","fittings","正常","mainImage","/images/products/fittings/luer-fittings/products/LPR-32-PP-R.jpg","F:\WebsiteProjects\foreach-website-2026\public\images\products\fittings\luer-fittings\products\LPR-32-PP-R.jpg","data/products/generated/fittings/luer-fittings/detail/index.json","$[34]","无需处理"
"889","旋转锁圈公鲁尔接头","809693","LPR-32-PP-U","lpr-32-pp-u","fittings","正常","mainImage","/images/products/fittings/luer-fittings/products/LPR-32-PP-U.jpg","F:\WebsiteProjects\foreach-website-2026\public\images\products\fittings\luer-fittings\products\LPR-32-PP-U.jpg","data/products/generated/fittings/luer-fittings/detail/index.json","$[35]","无需处理"
"890","旋转锁圈公鲁尔接头","809694","LPR-32-PP-O","lpr-32-pp-o","fittings","正常","mainImage","/images/products/fittings/luer-fittings/products/LPR-32-PP-O.jpg","F:\WebsiteProjects\foreach-website-2026\public\images\products\fittings\luer-fittings\products\LPR-32-PP-O.jpg","data/products/generated/fittings/luer-fittings/detail/index.json","$[36]","无需处理"
"891","旋转锁圈公鲁尔接头","809695","LPR-32-PP-Y","lpr-32-pp-y","fittings","正常","mainImage","/images/products/fittings/luer-fittings/products/LPR-32-PP-Y.jpg","F:\WebsiteProjects\foreach-website-2026\public\images\products\fittings\luer-fittings\products\LPR-32-PP-Y.jpg","data/products/generated/fittings/luer-fittings/detail/index.json","$[37]","无需处理"
"892","旋转锁圈公鲁尔接头","809290","LPR-24-PA-W","lpr-24-pa-w","fittings","正常","mainImage","/images/products/fittings/luer-fittings/products/LPR-24-PA-W.jpg","F:\WebsiteProjects\foreach-website-2026\public\images\products\fittings\luer-fittings\products\LPR-24-PA-W.jpg","data/products/generated/fittings/luer-fittings/detail/index.json","$[38]","无需处理"
"893","旋转锁圈公鲁尔接头","809291","LPR-24-PA-Y","lpr-24-pa-y","fittings","正常","mainImage","/images/products/fittings/luer-fittings/products/LPR-24-PA-Y.jpg","F:\WebsiteProjects\foreach-website-2026\public\images\products\fittings\luer-fittings\products\LPR-24-PA-Y.jpg","data/products/generated/fittings/luer-fittings/detail/index.json","$[39]","无需处理"
"894","旋转锁圈公鲁尔接头","809299","LPR-32-PA-B","lpr-32-pa-b","fittings","正常","mainImage","/images/products/fittings/luer-fittings/products/LPR-32-PA-B.jpg","F:\WebsiteProjects\foreach-website-2026\public\images\products\fittings\luer-fittings\products\LPR-32-PA-B.jpg","data/products/generated/fittings/luer-fittings/detail/index.json","$[40]","无需处理"
"895","旋转锁圈公鲁尔接头","809320","LPR-16-PA-W","lpr-16-pa-w","fittings","正常","mainImage","/images/products/fittings/luer-fittings/products/LPR-16-PA-W.jpg","F:\WebsiteProjects\foreach-website-2026\public\images\products\fittings\luer-fittings\products\LPR-16-PA-W.jpg","data/products/generated/fittings/luer-fittings/detail/index.json","$[41]","无需处理"
"896","旋转锁圈公鲁尔接头","809331","LPR-16-PA-B","lpr-16-pa-b","fittings","正常","mainImage","/images/products/fittings/luer-fittings/products/LPR-16-PA-B.jpg","F:\WebsiteProjects\foreach-website-2026\public\images\products\fittings\luer-fittings\products\LPR-16-PA-B.jpg","data/products/generated/fittings/luer-fittings/detail/index.json","$[42]","无需处理"
"897","旋转锁圈公鲁尔接头","809333","LPR-16-PA-R","lpr-16-pa-r","fittings","正常","mainImage","/images/products/fittings/luer-fittings/products/LPR-16-PA-R.jpg","F:\WebsiteProjects\foreach-website-2026\public\images\products\fittings\luer-fittings\products\LPR-16-PA-R.jpg","data/products/generated/fittings/luer-fittings/detail/index.json","$[43]","无需处理"
"898","旋转锁圈公鲁尔接头","809342","LPR-16-PA-G","lpr-16-pa-g","fittings","正常","mainImage","/images/products/fittings/luer-fittings/products/LPR-16-PA-G.jpg","F:\WebsiteProjects\foreach-website-2026\public\images\products\fittings\luer-fittings\products\LPR-16-PA-G.jpg","data/products/generated/fittings/luer-fittings/detail/index.json","$[44]","无需处理"
"899","旋转锁圈公鲁尔接头","809351","LPR-16-PA-U","lpr-16-pa-u","fittings","正常","mainImage","/images/products/fittings/luer-fittings/products/LPR-16-PA-U.jpg","F:\WebsiteProjects\foreach-website-2026\public\images\products\fittings\luer-fittings\products\LPR-16-PA-U.jpg","data/products/generated/fittings/luer-fittings/detail/index.json","$[45]","无需处理"
"900","旋转锁圈公鲁尔接头","809352","LPR-16-PA-O","lpr-16-pa-o","fittings","正常","mainImage","/images/products/fittings/luer-fittings/products/LPR-16-PA-O.jpg","F:\WebsiteProjects\foreach-website-2026\public\images\products\fittings\luer-fittings\products\LPR-16-PA-O.jpg","data/products/generated/fittings/luer-fittings/detail/index.json","$[46]","无需处理"
"901","旋转锁圈公鲁尔接头","809353","LPR-16-PA-Y","lpr-16-pa-y","fittings","正常","mainImage","/images/products/fittings/luer-fittings/products/LPR-16-PA-Y.jpg","F:\WebsiteProjects\foreach-website-2026\public\images\products\fittings\luer-fittings\products\LPR-16-PA-Y.jpg","data/products/generated/fittings/luer-fittings/detail/index.json","$[47]","无需处理"
"902","旋转锁圈公鲁尔接头","809355","LPR-24-PA-B","lpr-24-pa-b","fittings","正常","mainImage","/images/products/fittings/luer-fittings/products/LPR-24-PA-B.jpg","F:\WebsiteProjects\foreach-website-2026\public\images\products\fittings\luer-fittings\products\LPR-24-PA-B.jpg","data/products/generated/fittings/luer-fittings/detail/index.json","$[48]","无需处理"
"903","旋转锁圈公鲁尔接头","809356","LPR-24-PA-R","lpr-24-pa-r","fittings","正常","mainImage","/images/products/fittings/luer-fittings/products/LPR-24-PA-R.jpg","F:\WebsiteProjects\foreach-website-2026\public\images\products\fittings\luer-fittings\products\LPR-24-PA-R.jpg","data/products/generated/fittings/luer-fittings/detail/index.json","$[49]","无需处理"
"904","旋转锁圈公鲁尔接头","809363","LPR-24-PA-G","lpr-24-pa-g","fittings","正常","mainImage","/images/products/fittings/luer-fittings/products/LPR-24-PA-G.jpg","F:\WebsiteProjects\foreach-website-2026\public\images\products\fittings\luer-fittings\products\LPR-24-PA-G.jpg","data/products/generated/fittings/luer-fittings/detail/index.json","$[50]","无需处理"
"905","旋转锁圈公鲁尔接头","809364","LPR-24-PA-U","lpr-24-pa-u","fittings","正常","mainImage","/images/products/fittings/luer-fittings/products/LPR-24-PA-U.jpg","F:\WebsiteProjects\foreach-website-2026\public\images\products\fittings\luer-fittings\products\LPR-24-PA-U.jpg","data/products/generated/fittings/luer-fittings/detail/index.json","$[51]","无需处理"
"906","旋转锁圈公鲁尔接头","809365","LPR-24-PA-O","lpr-24-pa-o","fittings","正常","mainImage","/images/products/fittings/luer-fittings/products/LPR-24-PA-O.jpg","F:\WebsiteProjects\foreach-website-2026\public\images\products\fittings\luer-fittings\products\LPR-24-PA-O.jpg","data/products/generated/fittings/luer-fittings/detail/index.json","$[52]","无需处理"
"907","旋转锁圈公鲁尔接头","809368","LPR-32-PA-R","lpr-32-pa-r","fittings","正常","mainImage","/images/products/fittings/luer-fittings/products/LPR-32-PA-R.jpg","F:\WebsiteProjects\foreach-website-2026\public\images\products\fittings\luer-fittings\products\LPR-32-PA-R.jpg","data/products/generated/fittings/luer-fittings/detail/index.json","$[53]","无需处理"
"908","旋转锁圈公鲁尔接头","809372","LPR-32-PA-G","lpr-32-pa-g","fittings","正常","mainImage","/images/products/fittings/luer-fittings/products/LPR-32-PA-G.jpg","F:\WebsiteProjects\foreach-website-2026\public\images\products\fittings\luer-fittings\products\LPR-32-PA-G.jpg","data/products/generated/fittings/luer-fittings/detail/index.json","$[54]","无需处理"
"909","旋转锁圈公鲁尔接头","809373","LPR-32-PA-U","lpr-32-pa-u","fittings","正常","mainImage","/images/products/fittings/luer-fittings/products/LPR-32-PA-U.jpg","F:\WebsiteProjects\foreach-website-2026\public\images\products\fittings\luer-fittings\products\LPR-32-PA-U.jpg","data/products/generated/fittings/luer-fittings/detail/index.json","$[55]","无需处理"
"910","旋转锁圈公鲁尔接头","809402","LPR-32-PA-O","lpr-32-pa-o","fittings","正常","mainImage","/images/products/fittings/luer-fittings/products/LPR-32-PA-O.jpg","F:\WebsiteProjects\foreach-website-2026\public\images\products\fittings\luer-fittings\products\LPR-32-PA-O.jpg","data/products/generated/fittings/luer-fittings/detail/index.json","$[56]","无需处理"
"911","旋转锁圈公鲁尔接头","809403","LPR-32-PA-Y","lpr-32-pa-y","fittings","正常","mainImage","/images/products/fittings/luer-fittings/products/LPR-32-PA-Y.jpg","F:\WebsiteProjects\foreach-website-2026\public\images\products\fittings\luer-fittings\products\LPR-32-PA-Y.jpg","data/products/generated/fittings/luer-fittings/detail/index.json","$[57]","无需处理"
"912","旋转锁圈公鲁尔接头","809866","LPR-24-PP-O","lpr-24-pp-o-809866","fittings","正常","mainImage","/images/products/fittings/luer-fittings/products/LPR-24-PP-O.jpg","F:\WebsiteProjects\foreach-website-2026\public\images\products\fittings\luer-fittings\products\LPR-24-PP-O.jpg","data/products/generated/fittings/luer-fittings/detail/index.json","$[58]","无需处理"
"913","旋转锁圈公鲁尔接头","809692","LPR-32-PP-G","lpr-32-pp-g","fittings","正常","mainImage","/images/products/fittings/luer-fittings/products/LPR-32-PP-G.jpg","F:\WebsiteProjects\foreach-website-2026\public\images\products\fittings\luer-fittings\products\LPR-32-PP-G.jpg","data/products/generated/fittings/luer-fittings/detail/index.json","$[59]","无需处理"
"914","旋转锁圈公鲁尔接头","809367","LPR-32-PA-W","lpr-32-pa-w","fittings","正常","mainImage","/images/products/fittings/luer-fittings/products/LPR-32-PA-W.jpg","F:\WebsiteProjects\foreach-website-2026\public\images\products\fittings\luer-fittings\products\LPR-32-PA-W.jpg","data/products/generated/fittings/luer-fittings/detail/index.json","$[60]","无需处理"
"915","旋转锁圈公鲁尔接头","809932","LPR-32-PV-N","lpr-32-pv-n","fittings","主图字段为空","mainImage","","","data/products/generated/fittings/luer-fittings/detail/index.json","$[61]","补充主图路径；补图前暂不发布"
"916","固定锁圈公鲁尔接头","809669","LPS-16-PP-N","lps-16-pp-n","fittings","正常","mainImage","/images/products/fittings/luer-fittings/products/LPS-16-PP-N.jpg","F:\WebsiteProjects\foreach-website-2026\public\images\products\fittings\luer-fittings\products\LPS-16-PP-N.jpg","data/products/generated/fittings/luer-fittings/detail/index.json","$[62]","无需处理"
"917","固定锁圈公鲁尔接头","809670","LPS-24-PP-N","lps-24-pp-n","fittings","正常","mainImage","/images/products/fittings/luer-fittings/products/LPS-24-PP-N.jpg","F:\WebsiteProjects\foreach-website-2026\public\images\products\fittings\luer-fittings\products\LPS-24-PP-N.jpg","data/products/generated/fittings/luer-fittings/detail/index.json","$[63]","无需处理"
"918","固定锁圈公鲁尔接头","809671","LPS-32-PP-N","lps-32-pp-n","fittings","正常","mainImage","/images/products/fittings/luer-fittings/products/LPS-32-PP-N.jpg","F:\WebsiteProjects\foreach-website-2026\public\images\products\fittings\luer-fittings\products\LPS-32-PP-N.jpg","data/products/generated/fittings/luer-fittings/detail/index.json","$[64]","无需处理"
"919","固定锁圈公鲁尔接头","809139","LPS-32-PP-B","lps-32-pp-b","fittings","正常","mainImage","/images/products/fittings/luer-fittings/products/LPS-32-PP-B.jpg","F:\WebsiteProjects\foreach-website-2026\public\images\products\fittings\luer-fittings\products\LPS-32-PP-B.jpg","data/products/generated/fittings/luer-fittings/detail/index.json","$[65]","无需处理"
"920","固定锁圈公鲁尔接头","809140","LPS-32-PP-U","lps-32-pp-u","fittings","正常","mainImage","/images/products/fittings/luer-fittings/products/LPS-32-PP-U.jpg","F:\WebsiteProjects\foreach-website-2026\public\images\products\fittings\luer-fittings\products\LPS-32-PP-U.jpg","data/products/generated/fittings/luer-fittings/detail/index.json","$[66]","无需处理"
"921","固定锁圈公鲁尔接头","809130","LPS-16-PP-W","lps-16-pp-w","fittings","正常","mainImage","/images/products/fittings/luer-fittings/products/LPS-16-PP-W.jpg","F:\WebsiteProjects\foreach-website-2026\public\images\products\fittings\luer-fittings\products\LPS-16-PP-W.jpg","data/products/generated/fittings/luer-fittings/detail/index.json","$[67]","无需处理"
"922","固定锁圈公鲁尔接头","809149","LPS-16-PP-B","lps-16-pp-b","fittings","正常","mainImage","/images/products/fittings/luer-fittings/products/LPS-16-PP-B.jpg","F:\WebsiteProjects\foreach-website-2026\public\images\products\fittings\luer-fittings\products\LPS-16-PP-B.jpg","data/products/generated/fittings/luer-fittings/detail/index.json","$[68]","无需处理"
"923","固定锁圈公鲁尔接头","809150","LPS-16-PP-R","lps-16-pp-r","fittings","正常","mainImage","/images/products/fittings/luer-fittings/products/LPS-16-PP-R.jpg","F:\WebsiteProjects\foreach-website-2026\public\images\products\fittings\luer-fittings\products\LPS-16-PP-R.jpg","data/products/generated/fittings/luer-fittings/detail/index.json","$[69]","无需处理"
"924","固定锁圈公鲁尔接头","809159","LPS-16-PP-G","lps-16-pp-g","fittings","正常","mainImage","/images/products/fittings/luer-fittings/products/LPS-16-PP-G.jpg","F:\WebsiteProjects\foreach-website-2026\public\images\products\fittings\luer-fittings\products\LPS-16-PP-G.jpg","data/products/generated/fittings/luer-fittings/detail/index.json","$[70]","无需处理"
"925","固定锁圈公鲁尔接头","809160","LPS-16-PP-U","lps-16-pp-u","fittings","正常","mainImage","/images/products/fittings/luer-fittings/products/LPS-16-PP-U.jpg","F:\WebsiteProjects\foreach-website-2026\public\images\products\fittings\luer-fittings\products\LPS-16-PP-U.jpg","data/products/generated/fittings/luer-fittings/detail/index.json","$[71]","无需处理"
"926","固定锁圈公鲁尔接头","809169","LPS-16-PP-O","lps-16-pp-o","fittings","正常","mainImage","/images/products/fittings/luer-fittings/products/LPS-16-PP-O.jpg","F:\WebsiteProjects\foreach-website-2026\public\images\products\fittings\luer-fittings\products\LPS-16-PP-O.jpg","data/products/generated/fittings/luer-fittings/detail/index.json","$[72]","无需处理"
"927","固定锁圈公鲁尔接头","809170","LPS-16-PP-Y","lps-16-pp-y","fittings","正常","mainImage","/images/products/fittings/luer-fittings/products/LPS-16-PP-Y.jpg","F:\WebsiteProjects\foreach-website-2026\public\images\products\fittings\luer-fittings\products\LPS-16-PP-Y.jpg","data/products/generated/fittings/luer-fittings/detail/index.json","$[73]","无需处理"
"928","固定锁圈公鲁尔接头","809188","LPS-24-PP-W","lps-24-pp-w","fittings","正常","mainImage","/images/products/fittings/luer-fittings/products/LPS-24-PP-W.jpg","F:\WebsiteProjects\foreach-website-2026\public\images\products\fittings\luer-fittings\products\LPS-24-PP-W.jpg","data/products/generated/fittings/luer-fittings/detail/index.json","$[74]","无需处理"
"929","固定锁圈公鲁尔接头","809260","LPS-24-PP-B","lps-24-pp-b","fittings","正常","mainImage","/images/products/fittings/luer-fittings/products/LPS-24-PP-B.jpg","F:\WebsiteProjects\foreach-website-2026\public\images\products\fittings\luer-fittings\products\LPS-24-PP-B.jpg","data/products/generated/fittings/luer-fittings/detail/index.json","$[75]","无需处理"
"930","固定锁圈公鲁尔接头","809261","LPS-24-PP-R","lps-24-pp-r","fittings","正常","mainImage","/images/products/fittings/luer-fittings/products/LPS-24-PP-R.jpg","F:\WebsiteProjects\foreach-website-2026\public\images\products\fittings\luer-fittings\products\LPS-24-PP-R.jpg","data/products/generated/fittings/luer-fittings/detail/index.json","$[76]","无需处理"
"931","固定锁圈公鲁尔接头","809270","LPS-24-PP-G","lps-24-pp-g","fittings","正常","mainImage","/images/products/fittings/luer-fittings/products/LPS-24-PP-G.jpg","F:\WebsiteProjects\foreach-website-2026\public\images\products\fittings\luer-fittings\products\LPS-24-PP-G.jpg","data/products/generated/fittings/luer-fittings/detail/index.json","$[77]","无需处理"
"932","固定锁圈公鲁尔接头","809271","LPS-24-PP-U","lps-24-pp-u","fittings","正常","mainImage","/images/products/fittings/luer-fittings/products/LPS-24-PP-U.jpg","F:\WebsiteProjects\foreach-website-2026\public\images\products\fittings\luer-fittings\products\LPS-24-PP-U.jpg","data/products/generated/fittings/luer-fittings/detail/index.json","$[78]","无需处理"
"933","固定锁圈公鲁尔接头","809272","LPS-24-PP-O","lps-24-pp-o","fittings","正常","mainImage","/images/products/fittings/luer-fittings/products/LPS-24-PP-O.jpg","F:\WebsiteProjects\foreach-website-2026\public\images\products\fittings\luer-fittings\products\LPS-24-PP-O.jpg","data/products/generated/fittings/luer-fittings/detail/index.json","$[79]","无需处理"
"934","固定锁圈公鲁尔接头","809273","LPS-24-PP-Y","lps-24-pp-y","fittings","正常","mainImage","/images/products/fittings/luer-fittings/products/LPS-24-PP-Y.jpg","F:\WebsiteProjects\foreach-website-2026\public\images\products\fittings\luer-fittings\products\LPS-24-PP-Y.jpg","data/products/generated/fittings/luer-fittings/detail/index.json","$[80]","无需处理"
"935","固定锁圈公鲁尔接头","809274","LPS-32-PP-W","lps-32-pp-w","fittings","正常","mainImage","/images/products/fittings/luer-fittings/products/LPS-32-PP-W.jpg","F:\WebsiteProjects\foreach-website-2026\public\images\products\fittings\luer-fittings\products\LPS-32-PP-W.jpg","data/products/generated/fittings/luer-fittings/detail/index.json","$[81]","无需处理"
"936","固定锁圈公鲁尔接头","809275","LPS-32-PP-R","lps-32-pp-r","fittings","正常","mainImage","/images/products/fittings/luer-fittings/products/LPS-32-PP-R.jpg","F:\WebsiteProjects\foreach-website-2026\public\images\products\fittings\luer-fittings\products\LPS-32-PP-R.jpg","data/products/generated/fittings/luer-fittings/detail/index.json","$[82]","无需处理"
"937","固定锁圈公鲁尔接头","809280","LPS-32-PP-G","lps-32-pp-g","fittings","正常","mainImage","/images/products/fittings/luer-fittings/products/LPS-32-PP-G.jpg","F:\WebsiteProjects\foreach-website-2026\public\images\products\fittings\luer-fittings\products\LPS-32-PP-G.jpg","data/products/generated/fittings/luer-fittings/detail/index.json","$[83]","无需处理"
"938","固定锁圈公鲁尔接头","809281","LPS-32-PP-O","lps-32-pp-o","fittings","正常","mainImage","/images/products/fittings/luer-fittings/products/LPS-32-PP-O.jpg","F:\WebsiteProjects\foreach-website-2026\public\images\products\fittings\luer-fittings\products\LPS-32-PP-O.jpg","data/products/generated/fittings/luer-fittings/detail/index.json","$[84]","无需处理"
"939","固定锁圈公鲁尔接头","809282","LPS-32-PP-Y","lps-32-pp-y","fittings","正常","mainImage","/images/products/fittings/luer-fittings/products/LPS-32-PP-Y.jpg","F:\WebsiteProjects\foreach-website-2026\public\images\products\fittings\luer-fittings\products\LPS-32-PP-Y.jpg","data/products/generated/fittings/luer-fittings/detail/index.json","$[85]","无需处理"
"940","一体式公鲁尔接头","809314","LP-32D-PP-N","lp-32d-pp-n","fittings","正常","mainImage","/images/products/fittings/luer-fittings/products/LP-32D-PP-N.jpg","F:\WebsiteProjects\foreach-website-2026\public\images\products\fittings\luer-fittings\products\LP-32D-PP-N.jpg","data/products/generated/fittings/luer-fittings/detail/index.json","$[86]","无需处理"
"941","一体式公鲁尔接头","809781","LP-32D-PA-W","lp-32d-pa-w","fittings","正常","mainImage","/images/products/fittings/luer-fittings/products/LP-32D-PA-W.jpg","F:\WebsiteProjects\foreach-website-2026\public\images\products\fittings\luer-fittings\products\LP-32D-PA-W.jpg","data/products/generated/fittings/luer-fittings/detail/index.json","$[87]","无需处理"
"942","一体式公鲁尔接头","809782","LP-32D-PA-B","lp-32d-pa-b","fittings","正常","mainImage","/images/products/fittings/luer-fittings/products/LP-32D-PA-B.jpg","F:\WebsiteProjects\foreach-website-2026\public\images\products\fittings\luer-fittings\products\LP-32D-PA-B.jpg","data/products/generated/fittings/luer-fittings/detail/index.json","$[88]","无需处理"
"943","一体式公鲁尔接头","809783","LP-32D-PA-R","lp-32d-pa-r","fittings","正常","mainImage","/images/products/fittings/luer-fittings/products/LP-32D-PA-R.jpg","F:\WebsiteProjects\foreach-website-2026\public\images\products\fittings\luer-fittings\products\LP-32D-PA-R.jpg","data/products/generated/fittings/luer-fittings/detail/index.json","$[89]","无需处理"
"944","一体式公鲁尔接头","809784","LP-32D-PA-G","lp-32d-pa-g","fittings","正常","mainImage","/images/products/fittings/luer-fittings/products/LP-32D-PA-G.jpg","F:\WebsiteProjects\foreach-website-2026\public\images\products\fittings\luer-fittings\products\LP-32D-PA-G.jpg","data/products/generated/fittings/luer-fittings/detail/index.json","$[90]","无需处理"
"945","一体式公鲁尔接头","809785","LP-32D-PA-U","lp-32d-pa-u","fittings","正常","mainImage","/images/products/fittings/luer-fittings/products/LP-32D-PA-U.jpg","F:\WebsiteProjects\foreach-website-2026\public\images\products\fittings\luer-fittings\products\LP-32D-PA-U.jpg","data/products/generated/fittings/luer-fittings/detail/index.json","$[91]","无需处理"
"946","一体式公鲁尔接头","809786","LP-32D-PA-O","lp-32d-pa-o","fittings","正常","mainImage","/images/products/fittings/luer-fittings/products/LP-32D-PA-O.jpg","F:\WebsiteProjects\foreach-website-2026\public\images\products\fittings\luer-fittings\products\LP-32D-PA-O.jpg","data/products/generated/fittings/luer-fittings/detail/index.json","$[92]","无需处理"
"947","一体式公鲁尔接头","809787","LP-32D-PA-Y","lp-32d-pa-y","fittings","正常","mainImage","/images/products/fittings/luer-fittings/products/LP-32D-PA-Y.jpg","F:\WebsiteProjects\foreach-website-2026\public\images\products\fittings\luer-fittings\products\LP-32D-PA-Y.jpg","data/products/generated/fittings/luer-fittings/detail/index.json","$[93]","无需处理"
"948","一体式公鲁尔接头","809667","LP-32D-PP-R","lp-32d-pp-r","fittings","正常","mainImage","/images/products/fittings/luer-fittings/products/LP-32D-PP-R.jpg","F:\WebsiteProjects\foreach-website-2026\public\images\products\fittings\luer-fittings\products\LP-32D-PP-R.jpg","data/products/generated/fittings/luer-fittings/detail/index.json","$[94]","无需处理"
"949","一体式公鲁尔接头","809668","LP-32D-PP-G","lp-32d-pp-g","fittings","正常","mainImage","/images/products/fittings/luer-fittings/products/LP-32D-PP-G.jpg","F:\WebsiteProjects\foreach-website-2026\public\images\products\fittings\luer-fittings\products\LP-32D-PP-G.jpg","data/products/generated/fittings/luer-fittings/detail/index.json","$[95]","无需处理"
"950","一体式公鲁尔接头","809789","LP-32D-PP-U","lp-32d-pp-u","fittings","正常","mainImage","/images/products/fittings/luer-fittings/products/LP-32D-PP-U.jpg","F:\WebsiteProjects\foreach-website-2026\public\images\products\fittings\luer-fittings\products\LP-32D-PP-U.jpg","data/products/generated/fittings/luer-fittings/detail/index.json","$[96]","无需处理"
"951","一体式公鲁尔接头","809830","LP-32D-PP-B","lp-32d-pp-b","fittings","正常","mainImage","/images/products/fittings/luer-fittings/products/LP-32D-PP-B.jpg","F:\WebsiteProjects\foreach-website-2026\public\images\products\fittings\luer-fittings\products\LP-32D-PP-B.jpg","data/products/generated/fittings/luer-fittings/detail/index.json","$[97]","无需处理"
"952","一体式公鲁尔接头","809312","LP-16D-PP-N","lp-16d-pp-n","fittings","正常","mainImage","/images/products/fittings/luer-fittings/products/LP-16D-PP-N.jpg","F:\WebsiteProjects\foreach-website-2026\public\images\products\fittings\luer-fittings\products\LP-16D-PP-N.jpg","data/products/generated/fittings/luer-fittings/detail/index.json","$[98]","无需处理"
"953","一体式公鲁尔接头","809255","LP-16D-PA-W","lp-16d-pa-w","fittings","正常","mainImage","/images/products/fittings/luer-fittings/products/LP-16D-PA-W.jpg","F:\WebsiteProjects\foreach-website-2026\public\images\products\fittings\luer-fittings\products\LP-16D-PA-W.jpg","data/products/generated/fittings/luer-fittings/detail/index.json","$[99]","无需处理"
"954","一体式公鲁尔接头","809256","LP-16D-PA-B","lp-16d-pa-b","fittings","正常","mainImage","/images/products/fittings/luer-fittings/products/LP-16D-PA-B.jpg","F:\WebsiteProjects\foreach-website-2026\public\images\products\fittings\luer-fittings\products\LP-16D-PA-B.jpg","data/products/generated/fittings/luer-fittings/detail/index.json","$[100]","无需处理"
"955","一体式公鲁尔接头","809257","LP-16D-PA-R","lp-16d-pa-r","fittings","正常","mainImage","/images/products/fittings/luer-fittings/products/LP-16D-PA-R.jpg","F:\WebsiteProjects\foreach-website-2026\public\images\products\fittings\luer-fittings\products\LP-16D-PA-R.jpg","data/products/generated/fittings/luer-fittings/detail/index.json","$[101]","无需处理"
"956","一体式公鲁尔接头","809259","LP-16D-PA-G","lp-16d-pa-g","fittings","正常","mainImage","/images/products/fittings/luer-fittings/products/LP-16D-PA-G.jpg","F:\WebsiteProjects\foreach-website-2026\public\images\products\fittings\luer-fittings\products\LP-16D-PA-G.jpg","data/products/generated/fittings/luer-fittings/detail/index.json","$[102]","无需处理"
"957","一体式公鲁尔接头","809319","LP-16D-PA-U","lp-16d-pa-u","fittings","正常","mainImage","/images/products/fittings/luer-fittings/products/LP-16D-PA-U.jpg","F:\WebsiteProjects\foreach-website-2026\public\images\products\fittings\luer-fittings\products\LP-16D-PA-U.jpg","data/products/generated/fittings/luer-fittings/detail/index.json","$[103]","无需处理"
"958","一体式公鲁尔接头","809344","LP-16D-PA-O","lp-16d-pa-o","fittings","正常","mainImage","/images/products/fittings/luer-fittings/products/LP-16D-PA-O.jpg","F:\WebsiteProjects\foreach-website-2026\public\images\products\fittings\luer-fittings\products\LP-16D-PA-O.jpg","data/products/generated/fittings/luer-fittings/detail/index.json","$[104]","无需处理"
"959","一体式公鲁尔接头","809354","LP-16D-PA-Y","lp-16d-pa-y","fittings","正常","mainImage","/images/products/fittings/luer-fittings/products/LP-16D-PA-Y.jpg","F:\WebsiteProjects\foreach-website-2026\public\images\products\fittings\luer-fittings\products\LP-16D-PA-Y.jpg","data/products/generated/fittings/luer-fittings/detail/index.json","$[105]","无需处理"
"960","一体式公鲁尔接头","809313","LP-24D-PP-N","lp-24d-pp-n","fittings","正常","mainImage","/images/products/fittings/luer-fittings/products/LP-24D-PP-N.jpg","F:\WebsiteProjects\foreach-website-2026\public\images\products\fittings\luer-fittings\products\LP-24D-PP-N.jpg","data/products/generated/fittings/luer-fittings/detail/index.json","$[106]","无需处理"
"961","一体式公鲁尔接头","809366","LP-24D-PA-W","lp-24d-pa-w","fittings","正常","mainImage","/images/products/fittings/luer-fittings/products/LP-24D-PA-W.jpg","F:\WebsiteProjects\foreach-website-2026\public\images\products\fittings\luer-fittings\products\LP-24D-PA-W.jpg","data/products/generated/fittings/luer-fittings/detail/index.json","$[107]","无需处理"
"962","一体式公鲁尔接头","809666","LP-24D-PA-B","lp-24d-pa-b","fittings","正常","mainImage","/images/products/fittings/luer-fittings/products/LP-24D-PA-B.jpg","F:\WebsiteProjects\foreach-website-2026\public\images\products\fittings\luer-fittings\products\LP-24D-PA-B.jpg","data/products/generated/fittings/luer-fittings/detail/index.json","$[108]","无需处理"
"963","一体式公鲁尔接头","809485","LP-24D-PA-R","lp-24d-pa-r","fittings","正常","mainImage","/images/products/fittings/luer-fittings/products/LP-24D-PA-R.jpg","F:\WebsiteProjects\foreach-website-2026\public\images\products\fittings\luer-fittings\products\LP-24D-PA-R.jpg","data/products/generated/fittings/luer-fittings/detail/index.json","$[109]","无需处理"
"964","一体式公鲁尔接头","809486","LP-24D-PA-G","lp-24d-pa-g","fittings","正常","mainImage","/images/products/fittings/luer-fittings/products/LP-24D-PA-G.jpg","F:\WebsiteProjects\foreach-website-2026\public\images\products\fittings\luer-fittings\products\LP-24D-PA-G.jpg","data/products/generated/fittings/luer-fittings/detail/index.json","$[110]","无需处理"
"965","一体式公鲁尔接头","809487","LP-24D-PA-U","lp-24d-pa-u","fittings","正常","mainImage","/images/products/fittings/luer-fittings/products/LP-24D-PA-U.jpg","F:\WebsiteProjects\foreach-website-2026\public\images\products\fittings\luer-fittings\products\LP-24D-PA-U.jpg","data/products/generated/fittings/luer-fittings/detail/index.json","$[111]","无需处理"
"966","一体式公鲁尔接头","809488","LP-24D-PA-O","lp-24d-pa-o","fittings","正常","mainImage","/images/products/fittings/luer-fittings/products/LP-24D-PA-O.jpg","F:\WebsiteProjects\foreach-website-2026\public\images\products\fittings\luer-fittings\products\LP-24D-PA-O.jpg","data/products/generated/fittings/luer-fittings/detail/index.json","$[112]","无需处理"
"967","一体式公鲁尔接头","809489","LP-24D-PA-Y","lp-24d-pa-y","fittings","正常","mainImage","/images/products/fittings/luer-fittings/products/LP-24D-PA-Y.jpg","F:\WebsiteProjects\foreach-website-2026\public\images\products\fittings\luer-fittings\products\LP-24D-PA-Y.jpg","data/products/generated/fittings/luer-fittings/detail/index.json","$[113]","无需处理"
"968","母鲁尔接头","809570","LS-16D-PP-N","ls-16d-pp-n","fittings","正常","mainImage","/images/products/fittings/luer-fittings/products/LS-16D-PP-N.jpg","F:\WebsiteProjects\foreach-website-2026\public\images\products\fittings\luer-fittings\products\LS-16D-PP-N.jpg","data/products/generated/fittings/luer-fittings/detail/index.json","$[114]","无需处理"
"969","母鲁尔接头","809699","LS-16D-PA-W","ls-16d-pa-w","fittings","正常","mainImage","/images/products/fittings/luer-fittings/products/LS-16D-PA-W.jpg","F:\WebsiteProjects\foreach-website-2026\public\images\products\fittings\luer-fittings\products\LS-16D-PA-W.jpg","data/products/generated/fittings/luer-fittings/detail/index.json","$[115]","无需处理"
"970","母鲁尔接头","809571","LS-24D-PP-N","ls-24d-pp-n","fittings","正常","mainImage","/images/products/fittings/luer-fittings/products/LS-24D-PP-N.jpg","F:\WebsiteProjects\foreach-website-2026\public\images\products\fittings\luer-fittings\products\LS-24D-PP-N.jpg","data/products/generated/fittings/luer-fittings/detail/index.json","$[116]","无需处理"
"971","母鲁尔接头","809700","LS-24D-PA-W","ls-24d-pa-w","fittings","正常","mainImage","/images/products/fittings/luer-fittings/products/LS-24D-PA-W.jpg","F:\WebsiteProjects\foreach-website-2026\public\images\products\fittings\luer-fittings\products\LS-24D-PA-W.jpg","data/products/generated/fittings/luer-fittings/detail/index.json","$[117]","无需处理"
"972","母鲁尔接头","809572","LS-32D-PP-N","ls-32d-pp-n","fittings","正常","mainImage","/images/products/fittings/luer-fittings/products/LS-32D-PP-N.jpg","F:\WebsiteProjects\foreach-website-2026\public\images\products\fittings\luer-fittings\products\LS-32D-PP-N.jpg","data/products/generated/fittings/luer-fittings/detail/index.json","$[118]","无需处理"
"973","母鲁尔接头","809701","LS-32D-PA-W","ls-32d-pa-w","fittings","正常","mainImage","/images/products/fittings/luer-fittings/products/LS-32D-PA-W.jpg","F:\WebsiteProjects\foreach-website-2026\public\images\products\fittings\luer-fittings\products\LS-32D-PA-W.jpg","data/products/generated/fittings/luer-fittings/detail/index.json","$[119]","无需处理"
"974","穿板母鲁尔接头","809576","PMLS-U28-16D-PP-N","pmls-u28-16d-pp-n","fittings","正常","mainImage","/images/products/fittings/luer-fittings/products/PMLS-U28-16D-PP-N.jpg","F:\WebsiteProjects\foreach-website-2026\public\images\products\fittings\luer-fittings\products\PMLS-U28-16D-PP-N.jpg","data/products/generated/fittings/luer-fittings/detail/index.json","$[120]","无需处理"
"975","穿板母鲁尔接头","809702","PMLS-U28-16D-PA-W","pmls-u28-16d-pa-w","fittings","正常","mainImage","/images/products/fittings/luer-fittings/products/PMLS-U28-16D-PA-W.jpg","F:\WebsiteProjects\foreach-website-2026\public\images\products\fittings\luer-fittings\products\PMLS-U28-16D-PA-W.jpg","data/products/generated/fittings/luer-fittings/detail/index.json","$[121]","无需处理"
"976","穿板母鲁尔接头","809577","PMLS-U28-24D-PP-N","pmls-u28-24d-pp-n","fittings","正常","mainImage","/images/products/fittings/luer-fittings/products/PMLS-U28-24D-PP-N.jpg","F:\WebsiteProjects\foreach-website-2026\public\images\products\fittings\luer-fittings\products\PMLS-U28-24D-PP-N.jpg","data/products/generated/fittings/luer-fittings/detail/index.json","$[122]","无需处理"
"977","穿板母鲁尔接头","809703","PMLS-U28-24D-PA-W","pmls-u28-24d-pa-w","fittings","正常","mainImage","/images/products/fittings/luer-fittings/products/PMLS-U28-24D-PA-W.jpg","F:\WebsiteProjects\foreach-website-2026\public\images\products\fittings\luer-fittings\products\PMLS-U28-24D-PA-W.jpg","data/products/generated/fittings/luer-fittings/detail/index.json","$[123]","无需处理"
"978","穿板母鲁尔接头","809578","PMLS-U28-32D-PP-N","pmls-u28-32d-pp-n","fittings","正常","mainImage","/images/products/fittings/luer-fittings/products/PMLS-U28-32D-PP-N.jpg","F:\WebsiteProjects\foreach-website-2026\public\images\products\fittings\luer-fittings\products\PMLS-U28-32D-PP-N.jpg","data/products/generated/fittings/luer-fittings/detail/index.json","$[124]","无需处理"
"979","穿板母鲁尔接头","809665","PMLS-U28-32D-PV-N","pmls-u28-32d-pv-n","fittings","正常","mainImage","/images/products/fittings/luer-fittings/products/PMLS-U28-32D-PV-N.jpg","F:\WebsiteProjects\foreach-website-2026\public\images\products\fittings\luer-fittings\products\PMLS-U28-32D-PV-N.jpg","data/products/generated/fittings/luer-fittings/detail/index.json","$[125]","无需处理"
"980","穿板母鲁尔接头","809704","PMLS-U28-32D-PA-W","pmls-u28-32d-pa-w","fittings","正常","mainImage","/images/products/fittings/luer-fittings/products/PMLS-U28-32D-PA-W.jpg","F:\WebsiteProjects\foreach-website-2026\public\images\products\fittings\luer-fittings\products\PMLS-U28-32D-PA-W.jpg","data/products/generated/fittings/luer-fittings/detail/index.json","$[126]","无需处理"
"981","鲁尔接头识别色环","809579","LCR-PP-N","lcr-pp-n","fittings","正常","mainImage","/images/products/fittings/luer-fittings/products/LCR-PP-N.jpg","F:\WebsiteProjects\foreach-website-2026\public\images\products\fittings\luer-fittings\products\LCR-PP-N.jpg","data/products/generated/fittings/luer-fittings/detail/index.json","$[127]","无需处理"
"982","鲁尔接头识别色环","809580","LCR-PA-W","lcr-pa-w","fittings","正常","mainImage","/images/products/fittings/luer-fittings/products/LCR-PA-W.jpg","F:\WebsiteProjects\foreach-website-2026\public\images\products\fittings\luer-fittings\products\LCR-PA-W.jpg","data/products/generated/fittings/luer-fittings/detail/index.json","$[128]","无需处理"
"983","鲁尔接头识别色环","809581","LCR-PA-B","lcr-pa-b","fittings","正常","mainImage","/images/products/fittings/luer-fittings/products/LCR-PA-B.jpg","F:\WebsiteProjects\foreach-website-2026\public\images\products\fittings\luer-fittings\products\LCR-PA-B.jpg","data/products/generated/fittings/luer-fittings/detail/index.json","$[129]","无需处理"
"984","鲁尔接头识别色环","809582","LCR-PA-R","lcr-pa-r","fittings","正常","mainImage","/images/products/fittings/luer-fittings/products/LCR-PA-R.jpg","F:\WebsiteProjects\foreach-website-2026\public\images\products\fittings\luer-fittings\products\LCR-PA-R.jpg","data/products/generated/fittings/luer-fittings/detail/index.json","$[130]","无需处理"
"985","鲁尔接头识别色环","809583","LCR-PA-G","lcr-pa-g","fittings","正常","mainImage","/images/products/fittings/luer-fittings/products/LCR-PA-G.jpg","F:\WebsiteProjects\foreach-website-2026\public\images\products\fittings\luer-fittings\products\LCR-PA-G.jpg","data/products/generated/fittings/luer-fittings/detail/index.json","$[131]","无需处理"
"986","鲁尔接头识别色环","809584","LCR-PA-U","lcr-pa-u","fittings","正常","mainImage","/images/products/fittings/luer-fittings/products/LCR-PA-U.jpg","F:\WebsiteProjects\foreach-website-2026\public\images\products\fittings\luer-fittings\products\LCR-PA-U.jpg","data/products/generated/fittings/luer-fittings/detail/index.json","$[132]","无需处理"
"987","鲁尔接头识别色环","809585","LCR-PA-O","lcr-pa-o","fittings","正常","mainImage","/images/products/fittings/luer-fittings/products/LCR-PA-O.jpg","F:\WebsiteProjects\foreach-website-2026\public\images\products\fittings\luer-fittings\products\LCR-PA-O.jpg","data/products/generated/fittings/luer-fittings/detail/index.json","$[133]","无需处理"
"988","鲁尔接头识别色环","809586","LCR-PA-Y","lcr-pa-y","fittings","正常","mainImage","/images/products/fittings/luer-fittings/products/LCR-PA-Y.jpg","F:\WebsiteProjects\foreach-website-2026\public\images\products\fittings\luer-fittings\products\LCR-PA-Y.jpg","data/products/generated/fittings/luer-fittings/detail/index.json","$[134]","无需处理"
"989","鲁尔内螺纹套","809587","LPT-PP-N","lpt-pp-n","fittings","正常","mainImage","/images/products/fittings/luer-fittings/products/LPT-PP-N.jpg","F:\WebsiteProjects\foreach-website-2026\public\images\products\fittings\luer-fittings\products\LPT-PP-N.jpg","data/products/generated/fittings/luer-fittings/detail/index.json","$[135]","无需处理"
"990","鲁尔内螺纹套","809588","LPT-PA-W","lpt-pa-w","fittings","正常","mainImage","/images/products/fittings/luer-fittings/products/LPT-PA-W.jpg","F:\WebsiteProjects\foreach-website-2026\public\images\products\fittings\luer-fittings\products\LPT-PA-W.jpg","data/products/generated/fittings/luer-fittings/detail/index.json","$[136]","无需处理"
"991","鲁尔内螺纹套","809589","LPT-PA-B","lpt-pa-b","fittings","正常","mainImage","/images/products/fittings/luer-fittings/products/LPT-PA-B.jpg","F:\WebsiteProjects\foreach-website-2026\public\images\products\fittings\luer-fittings\products\LPT-PA-B.jpg","data/products/generated/fittings/luer-fittings/detail/index.json","$[137]","无需处理"
"992","鲁尔内螺纹套","809590","LPT-PA-R","lpt-pa-r","fittings","正常","mainImage","/images/products/fittings/luer-fittings/products/LPT-PA-R.jpg","F:\WebsiteProjects\foreach-website-2026\public\images\products\fittings\luer-fittings\products\LPT-PA-R.jpg","data/products/generated/fittings/luer-fittings/detail/index.json","$[138]","无需处理"
"993","鲁尔内螺纹套","809591","LPT-PA-G","lpt-pa-g","fittings","正常","mainImage","/images/products/fittings/luer-fittings/products/LPT-PA-G.jpg","F:\WebsiteProjects\foreach-website-2026\public\images\products\fittings\luer-fittings\products\LPT-PA-G.jpg","data/products/generated/fittings/luer-fittings/detail/index.json","$[139]","无需处理"
"994","鲁尔内螺纹套","809592","LPT-PA-U","lpt-pa-u","fittings","正常","mainImage","/images/products/fittings/luer-fittings/products/LPT-PA-U.jpg","F:\WebsiteProjects\foreach-website-2026\public\images\products\fittings\luer-fittings\products\LPT-PA-U.jpg","data/products/generated/fittings/luer-fittings/detail/index.json","$[140]","无需处理"
"995","鲁尔内螺纹套","809593","LPT-PA-O","lpt-pa-o","fittings","正常","mainImage","/images/products/fittings/luer-fittings/products/LPT-PA-O.jpg","F:\WebsiteProjects\foreach-website-2026\public\images\products\fittings\luer-fittings\products\LPT-PA-O.jpg","data/products/generated/fittings/luer-fittings/detail/index.json","$[141]","无需处理"
"996","鲁尔内螺纹套","809594","LPT-PA-Y","lpt-pa-y","fittings","正常","mainImage","/images/products/fittings/luer-fittings/products/LPT-PA-Y.jpg","F:\WebsiteProjects\foreach-website-2026\public\images\products\fittings\luer-fittings\products\LPT-PA-Y.jpg","data/products/generated/fittings/luer-fittings/detail/index.json","$[142]","无需处理"
"997","鲁尔滚花螺母","809596","LNS-U28-PP-N","lns-u28-pp-n","fittings","正常","mainImage","/images/products/fittings/luer-fittings/products/LNS-U28-PP-N.jpg","F:\WebsiteProjects\foreach-website-2026\public\images\products\fittings\luer-fittings\products\LNS-U28-PP-N.jpg","data/products/generated/fittings/luer-fittings/detail/index.json","$[143]","无需处理"
"998","鲁尔滚花螺母","809597","LNS-U28-PA-W","lns-u28-pa-w","fittings","正常","mainImage","/images/products/fittings/luer-fittings/products/LNS-U28-PA-W.jpg","F:\WebsiteProjects\foreach-website-2026\public\images\products\fittings\luer-fittings\products\LNS-U28-PA-W.jpg","data/products/generated/fittings/luer-fittings/detail/index.json","$[144]","无需处理"
"999","鲁尔滚花螺母","809598","LNS-U28-PA-B","lns-u28-pa-b","fittings","正常","mainImage","/images/products/fittings/luer-fittings/products/LNS-U28-PA-B.jpg","F:\WebsiteProjects\foreach-website-2026\public\images\products\fittings\luer-fittings\products\LNS-U28-PA-B.jpg","data/products/generated/fittings/luer-fittings/detail/index.json","$[145]","无需处理"
"1000","鲁尔滚花螺母","809599","LNS-U28-PA-R","lns-u28-pa-r","fittings","正常","mainImage","/images/products/fittings/luer-fittings/products/LNS-U28-PA-R.jpg","F:\WebsiteProjects\foreach-website-2026\public\images\products\fittings\luer-fittings\products\LNS-U28-PA-R.jpg","data/products/generated/fittings/luer-fittings/detail/index.json","$[146]","无需处理"
"1001","鲁尔滚花螺母","809600","LNS-U28-PA-G","lns-u28-pa-g","fittings","正常","mainImage","/images/products/fittings/luer-fittings/products/LNS-U28-PA-G.jpg","F:\WebsiteProjects\foreach-website-2026\public\images\products\fittings\luer-fittings\products\LNS-U28-PA-G.jpg","data/products/generated/fittings/luer-fittings/detail/index.json","$[147]","无需处理"
"1002","鲁尔滚花螺母","809601","LNS-U28-PA-U","lns-u28-pa-u","fittings","正常","mainImage","/images/products/fittings/luer-fittings/products/LNS-U28-PA-U.jpg","F:\WebsiteProjects\foreach-website-2026\public\images\products\fittings\luer-fittings\products\LNS-U28-PA-U.jpg","data/products/generated/fittings/luer-fittings/detail/index.json","$[148]","无需处理"
"1003","鲁尔滚花螺母","809602","LNS-U28-PA-O","lns-u28-pa-o","fittings","正常","mainImage","/images/products/fittings/luer-fittings/products/LNS-U28-PA-O.jpg","F:\WebsiteProjects\foreach-website-2026\public\images\products\fittings\luer-fittings\products\LNS-U28-PA-O.jpg","data/products/generated/fittings/luer-fittings/detail/index.json","$[149]","无需处理"
"1004","鲁尔滚花螺母","809603","LNS-U28-PA-Y","lns-u28-pa-y","fittings","正常","mainImage","/images/products/fittings/luer-fittings/products/LNS-U28-PA-Y.jpg","F:\WebsiteProjects\foreach-website-2026\public\images\products\fittings\luer-fittings\products\LNS-U28-PA-Y.jpg","data/products/generated/fittings/luer-fittings/detail/index.json","$[150]","无需处理"
"1005","Q20公端直通带阀快插接头","839041","Q2001-PMV-SACN","q2001-pmv-sacn","fittings","正常","mainImage","/images/products/fittings/quick-connect-fittings/products/q2001-pmv-sacn-main.jpg","F:\WebsiteProjects\foreach-website-2026\public\images\products\fittings\quick-connect-fittings\products\q2001-pmv-sacn-main.jpg","data/products/generated/fittings/quick-connect-fittings/detail/index.json","$[0]","无需处理"
"1006","Q20公端直通带阀快插接头","839085","Q2001-PMV-SPPE","q2001-pmv-sppe","fittings","正常","mainImage","/images/products/fittings/quick-connect-fittings/products/q2001-pmv-sppe-main.jpg","F:\WebsiteProjects\foreach-website-2026\public\images\products\fittings\quick-connect-fittings\products\q2001-pmv-sppe-main.jpg","data/products/generated/fittings/quick-connect-fittings/detail/index.json","$[1]","无需处理"
"1007","Q20公端直通不带阀快插接头","839019","Q2001-PMX-SACN","q2001-pmx-sacn","fittings","正常","mainImage","/images/products/fittings/quick-connect-fittings/products/q2001-pmx-sacn-main.jpg","F:\WebsiteProjects\foreach-website-2026\public\images\products\fittings\quick-connect-fittings\products\q2001-pmx-sacn-main.jpg","data/products/generated/fittings/quick-connect-fittings/detail/index.json","$[2]","无需处理"
"1008","Q20公端直通不带阀快插接头","839063","Q2001-PMX-SPPE","q2001-pmx-sppe","fittings","正常","mainImage","/images/products/fittings/quick-connect-fittings/products/q2001-pmx-sppe-main.jpg","F:\WebsiteProjects\foreach-website-2026\public\images\products\fittings\quick-connect-fittings\products\q2001-pmx-sppe-main.jpg","data/products/generated/fittings/quick-connect-fittings/detail/index.json","$[3]","无需处理"
"1009","Q20公端直通带阀快插接头","839034","Q2001-PNV-SACN","q2001-pnv-sacn","fittings","正常","mainImage","/images/products/fittings/quick-connect-fittings/products/q2001-pnv-sacn-main.jpg","F:\WebsiteProjects\foreach-website-2026\public\images\products\fittings\quick-connect-fittings\products\q2001-pnv-sacn-main.jpg","data/products/generated/fittings/quick-connect-fittings/detail/index.json","$[4]","无需处理"
"1010","Q20公端直通带阀快插接头","839078","Q2001-PNV-SPPE","q2001-pnv-sppe","fittings","正常","mainImage","/images/products/fittings/quick-connect-fittings/products/q2001-pnv-sppe-main.jpg","F:\WebsiteProjects\foreach-website-2026\public\images\products\fittings\quick-connect-fittings\products\q2001-pnv-sppe-main.jpg","data/products/generated/fittings/quick-connect-fittings/detail/index.json","$[5]","无需处理"
"1011","Q20公端直通不带阀快插接头","839012","Q2001-PNX-SACN","q2001-pnx-sacn","fittings","正常","mainImage","/images/products/fittings/quick-connect-fittings/products/q2001-pnx-sacn-main.jpg","F:\WebsiteProjects\foreach-website-2026\public\images\products\fittings\quick-connect-fittings\products\q2001-pnx-sacn-main.jpg","data/products/generated/fittings/quick-connect-fittings/detail/index.json","$[6]","无需处理"
"1012","Q20公端直通不带阀快插接头","839056","Q2001-PNX-SPPE","q2001-pnx-sppe","fittings","正常","mainImage","/images/products/fittings/quick-connect-fittings/products/q2001-pnx-sppe-main.jpg","F:\WebsiteProjects\foreach-website-2026\public\images\products\fittings\quick-connect-fittings\products\q2001-pnx-sppe-main.jpg","data/products/generated/fittings/quick-connect-fittings/detail/index.json","$[7]","无需处理"
"1013","Q20母端直通带阀快插接头","839030","Q2001-SMV-SACN","q2001-smv-sacn","fittings","正常","mainImage","/images/products/fittings/quick-connect-fittings/products/q2001-smv-sacn-main.jpg","F:\WebsiteProjects\foreach-website-2026\public\images\products\fittings\quick-connect-fittings\products\q2001-smv-sacn-main.jpg","data/products/generated/fittings/quick-connect-fittings/detail/index.json","$[8]","无需处理"
"1014","Q20母端直通带阀快插接头","839074","Q2001-SMV-SPPE","q2001-smv-sppe","fittings","正常","mainImage","/images/products/fittings/quick-connect-fittings/products/q2001-smv-sppe-main.jpg","F:\WebsiteProjects\foreach-website-2026\public\images\products\fittings\quick-connect-fittings\products\q2001-smv-sppe-main.jpg","data/products/generated/fittings/quick-connect-fittings/detail/index.json","$[9]","无需处理"
"1015","Q20母端直通不带阀快插接头","839008","Q2001-SMX-SACN","q2001-smx-sacn","fittings","正常","mainImage","/images/products/fittings/quick-connect-fittings/products/q2001-smx-sacn-main.jpg","F:\WebsiteProjects\foreach-website-2026\public\images\products\fittings\quick-connect-fittings\products\q2001-smx-sacn-main.jpg","data/products/generated/fittings/quick-connect-fittings/detail/index.json","$[10]","无需处理"
"1016","Q20母端直通不带阀快插接头","839052","Q2001-SMX-SPPE","q2001-smx-sppe","fittings","正常","mainImage","/images/products/fittings/quick-connect-fittings/products/q2001-smx-sppe-main.jpg","F:\WebsiteProjects\foreach-website-2026\public\images\products\fittings\quick-connect-fittings\products\q2001-smx-sppe-main.jpg","data/products/generated/fittings/quick-connect-fittings/detail/index.json","$[11]","无需处理"
"1017","Q20母端直通带阀快插接头","839023","Q2001-SNV-SACN","q2001-snv-sacn","fittings","正常","mainImage","/images/products/fittings/quick-connect-fittings/products/q2001-snv-sacn-main.jpg","F:\WebsiteProjects\foreach-website-2026\public\images\products\fittings\quick-connect-fittings\products\q2001-snv-sacn-main.jpg","data/products/generated/fittings/quick-connect-fittings/detail/index.json","$[12]","无需处理"
"1018","Q20母端直通带阀快插接头","839067","Q2001-SNV-SPPE","q2001-snv-sppe","fittings","正常","mainImage","/images/products/fittings/quick-connect-fittings/products/q2001-snv-sppe-main.jpg","F:\WebsiteProjects\foreach-website-2026\public\images\products\fittings\quick-connect-fittings\products\q2001-snv-sppe-main.jpg","data/products/generated/fittings/quick-connect-fittings/detail/index.json","$[13]","无需处理"
"1019","Q20母端直通不带阀快插接头","839001","Q2001-SNX-SACN","q2001-snx-sacn","fittings","正常","mainImage","/images/products/fittings/quick-connect-fittings/products/q2001-snx-sacn-main.jpg","F:\WebsiteProjects\foreach-website-2026\public\images\products\fittings\quick-connect-fittings\products\q2001-snx-sacn-main.jpg","data/products/generated/fittings/quick-connect-fittings/detail/index.json","$[14]","无需处理"
"1020","Q20母端直通不带阀快插接头","839045","Q2001-SNX-SPPE","q2001-snx-sppe","fittings","正常","mainImage","/images/products/fittings/quick-connect-fittings/products/q2001-snx-sppe-main.jpg","F:\WebsiteProjects\foreach-website-2026\public\images\products\fittings\quick-connect-fittings\products\q2001-snx-sppe-main.jpg","data/products/generated/fittings/quick-connect-fittings/detail/index.json","$[15]","无需处理"
"1021","Q20公端直通带阀快插接头","839042","Q2002-PMV-SACN","q2002-pmv-sacn","fittings","正常","mainImage","/images/products/fittings/quick-connect-fittings/products/q2002-pmv-sacn-main.jpg","F:\WebsiteProjects\foreach-website-2026\public\images\products\fittings\quick-connect-fittings\products\q2002-pmv-sacn-main.jpg","data/products/generated/fittings/quick-connect-fittings/detail/index.json","$[16]","无需处理"
"1022","Q20公端直通带阀快插接头","839086","Q2002-PMV-SPPE","q2002-pmv-sppe","fittings","正常","mainImage","/images/products/fittings/quick-connect-fittings/products/q2002-pmv-sppe-main.jpg","F:\WebsiteProjects\foreach-website-2026\public\images\products\fittings\quick-connect-fittings\products\q2002-pmv-sppe-main.jpg","data/products/generated/fittings/quick-connect-fittings/detail/index.json","$[17]","无需处理"
"1023","Q20公端直通不带阀快插接头","839020","Q2002-PMX-SACN","q2002-pmx-sacn","fittings","正常","mainImage","/images/products/fittings/quick-connect-fittings/products/q2002-pmx-sacn-main.jpg","F:\WebsiteProjects\foreach-website-2026\public\images\products\fittings\quick-connect-fittings\products\q2002-pmx-sacn-main.jpg","data/products/generated/fittings/quick-connect-fittings/detail/index.json","$[18]","无需处理"
"1024","Q20公端直通不带阀快插接头","839064","Q2002-PMX-SPPE","q2002-pmx-sppe","fittings","正常","mainImage","/images/products/fittings/quick-connect-fittings/products/q2002-pmx-sppe-main.jpg","F:\WebsiteProjects\foreach-website-2026\public\images\products\fittings\quick-connect-fittings\products\q2002-pmx-sppe-main.jpg","data/products/generated/fittings/quick-connect-fittings/detail/index.json","$[19]","无需处理"
"1025","Q20公端L型带阀快插接头","839038","Q2002-PNV-LACN","q2002-pnv-lacn","fittings","正常","mainImage","/images/products/fittings/quick-connect-fittings/products/q2002-pnv-lacn-main.jpg","F:\WebsiteProjects\foreach-website-2026\public\images\products\fittings\quick-connect-fittings\products\q2002-pnv-lacn-main.jpg","data/products/generated/fittings/quick-connect-fittings/detail/index.json","$[20]","无需处理"
"1026","Q20公端L型带阀快插接头","839082","Q2002-PNV-LPPE","q2002-pnv-lppe","fittings","正常","mainImage","/images/products/fittings/quick-connect-fittings/products/q2002-pnv-lppe-main.jpg","F:\WebsiteProjects\foreach-website-2026\public\images\products\fittings\quick-connect-fittings\products\q2002-pnv-lppe-main.jpg","data/products/generated/fittings/quick-connect-fittings/detail/index.json","$[21]","无需处理"
"1027","Q20公端直通带阀快插接头","839091","Q2002-PNV-SACF","q2002-pnv-sacf","fittings","正常","mainImage","/images/products/FIT/Quick connector_200x200_01_v001.jpg","F:\WebsiteProjects\foreach-website-2026\public\images\products\FIT\Quick connector_200x200_01_v001.jpg","data/products/generated/fittings/quick-connect-fittings/detail/index.json","$[22]","无需处理"
"1028","Q20公端直通带阀快插接头","839035","Q2002-PNV-SACN","q2002-pnv-sacn","fittings","正常","mainImage","/images/products/fittings/quick-connect-fittings/products/q2002-pnv-sacn-main.jpg","F:\WebsiteProjects\foreach-website-2026\public\images\products\fittings\quick-connect-fittings\products\q2002-pnv-sacn-main.jpg","data/products/generated/fittings/quick-connect-fittings/detail/index.json","$[23]","无需处理"
"1029","Q20公端直通带阀快插接头","839079","Q2002-PNV-SPPE","q2002-pnv-sppe","fittings","正常","mainImage","/images/products/fittings/quick-connect-fittings/products/q2002-pnv-sppe-main.jpg","F:\WebsiteProjects\foreach-website-2026\public\images\products\fittings\quick-connect-fittings\products\q2002-pnv-sppe-main.jpg","data/products/generated/fittings/quick-connect-fittings/detail/index.json","$[24]","无需处理"
"1030","Q20公端L型不带阀快插接头","839016","Q2002-PNX-LACN","q2002-pnx-lacn","fittings","正常","mainImage","/images/products/fittings/quick-connect-fittings/products/q2002-pnx-lacn-main.jpg","F:\WebsiteProjects\foreach-website-2026\public\images\products\fittings\quick-connect-fittings\products\q2002-pnx-lacn-main.jpg","data/products/generated/fittings/quick-connect-fittings/detail/index.json","$[25]","无需处理"
"1031","Q20公端L型不带阀快插接头","839060","Q2002-PNX-LPPE","q2002-pnx-lppe","fittings","正常","mainImage","/images/products/fittings/quick-connect-fittings/products/q2002-pnx-lppe-main.jpg","F:\WebsiteProjects\foreach-website-2026\public\images\products\fittings\quick-connect-fittings\products\q2002-pnx-lppe-main.jpg","data/products/generated/fittings/quick-connect-fittings/detail/index.json","$[26]","无需处理"
"1032","Q20公端直通不带阀快插接头","839013","Q2002-PNX-SACN","q2002-pnx-sacn","fittings","正常","mainImage","/images/products/fittings/quick-connect-fittings/products/q2002-pnx-sacn-main.jpg","F:\WebsiteProjects\foreach-website-2026\public\images\products\fittings\quick-connect-fittings\products\q2002-pnx-sacn-main.jpg","data/products/generated/fittings/quick-connect-fittings/detail/index.json","$[27]","无需处理"
"1033","Q20公端直通不带阀快插接头","839057","Q2002-PNX-SPPE","q2002-pnx-sppe","fittings","正常","mainImage","/images/products/fittings/quick-connect-fittings/products/q2002-pnx-sppe-main.jpg","F:\WebsiteProjects\foreach-website-2026\public\images\products\fittings\quick-connect-fittings\products\q2002-pnx-sppe-main.jpg","data/products/generated/fittings/quick-connect-fittings/detail/index.json","$[28]","无需处理"
"1034","Q20母端直通带阀快插接头","839031","Q2002-SMV-SACN","q2002-smv-sacn","fittings","正常","mainImage","/images/products/fittings/quick-connect-fittings/products/q2002-smv-sacn-main.jpg","F:\WebsiteProjects\foreach-website-2026\public\images\products\fittings\quick-connect-fittings\products\q2002-smv-sacn-main.jpg","data/products/generated/fittings/quick-connect-fittings/detail/index.json","$[29]","无需处理"
"1035","Q20母端直通带阀快插接头","839075","Q2002-SMV-SPPE","q2002-smv-sppe","fittings","正常","mainImage","/images/products/fittings/quick-connect-fittings/products/q2002-smv-sppe-main.jpg","F:\WebsiteProjects\foreach-website-2026\public\images\products\fittings\quick-connect-fittings\products\q2002-smv-sppe-main.jpg","data/products/generated/fittings/quick-connect-fittings/detail/index.json","$[30]","无需处理"
"1036","Q20母端直通不带阀快插接头","839009","Q2002-SMX-SACN","q2002-smx-sacn","fittings","正常","mainImage","/images/products/fittings/quick-connect-fittings/products/q2002-smx-sacn-main.jpg","F:\WebsiteProjects\foreach-website-2026\public\images\products\fittings\quick-connect-fittings\products\q2002-smx-sacn-main.jpg","data/products/generated/fittings/quick-connect-fittings/detail/index.json","$[31]","无需处理"
"1037","Q20母端直通不带阀快插接头","839053","Q2002-SMX-SPPE","q2002-smx-sppe","fittings","正常","mainImage","/images/products/fittings/quick-connect-fittings/products/q2002-smx-sppe-main.jpg","F:\WebsiteProjects\foreach-website-2026\public\images\products\fittings\quick-connect-fittings\products\q2002-smx-sppe-main.jpg","data/products/generated/fittings/quick-connect-fittings/detail/index.json","$[32]","无需处理"
"1038","Q20母端L型带阀快插接头","839027","Q2002-SNV-LACN","q2002-snv-lacn","fittings","正常","mainImage","/images/products/fittings/quick-connect-fittings/products/q2002-snv-lacn-main.jpg","F:\WebsiteProjects\foreach-website-2026\public\images\products\fittings\quick-connect-fittings\products\q2002-snv-lacn-main.jpg","data/products/generated/fittings/quick-connect-fittings/detail/index.json","$[33]","无需处理"
"1039","Q20母端L型带阀快插接头","839071","Q2002-SNV-LPPE","q2002-snv-lppe","fittings","正常","mainImage","/images/products/fittings/quick-connect-fittings/products/q2002-snv-lppe-main.jpg","F:\WebsiteProjects\foreach-website-2026\public\images\products\fittings\quick-connect-fittings\products\q2002-snv-lppe-main.jpg","data/products/generated/fittings/quick-connect-fittings/detail/index.json","$[34]","无需处理"
"1040","Q20母端直通带阀快插接头","839092","Q2002-SNV-SACF","q2002-snv-sacf","fittings","正常","mainImage","/images/products/FIT/Quick connector_200x200_01_v001.jpg","F:\WebsiteProjects\foreach-website-2026\public\images\products\FIT\Quick connector_200x200_01_v001.jpg","data/products/generated/fittings/quick-connect-fittings/detail/index.json","$[35]","无需处理"
"1041","Q20母端直通带阀快插接头","839024","Q2002-SNV-SACN","q2002-snv-sacn","fittings","正常","mainImage","/images/products/fittings/quick-connect-fittings/products/q2002-snv-sacn-main.jpg","F:\WebsiteProjects\foreach-website-2026\public\images\products\fittings\quick-connect-fittings\products\q2002-snv-sacn-main.jpg","data/products/generated/fittings/quick-connect-fittings/detail/index.json","$[36]","无需处理"
"1042","Q20母端直通带阀快插接头","839068","Q2002-SNV-SPPE","q2002-snv-sppe","fittings","正常","mainImage","/images/products/fittings/quick-connect-fittings/products/q2002-snv-sppe-main.jpg","F:\WebsiteProjects\foreach-website-2026\public\images\products\fittings\quick-connect-fittings\products\q2002-snv-sppe-main.jpg","data/products/generated/fittings/quick-connect-fittings/detail/index.json","$[37]","无需处理"
"1043","Q20母端L型不带阀快插接头","839005","Q2002-SNX-LACN","q2002-snx-lacn","fittings","正常","mainImage","/images/products/fittings/quick-connect-fittings/products/q2002-snx-lacn-main.jpg","F:\WebsiteProjects\foreach-website-2026\public\images\products\fittings\quick-connect-fittings\products\q2002-snx-lacn-main.jpg","data/products/generated/fittings/quick-connect-fittings/detail/index.json","$[38]","无需处理"
"1044","Q20母端L型不带阀快插接头","839049","Q2002-SNX-LPPE","q2002-snx-lppe","fittings","正常","mainImage","/images/products/fittings/quick-connect-fittings/products/q2002-snx-lppe-main.jpg","F:\WebsiteProjects\foreach-website-2026\public\images\products\fittings\quick-connect-fittings\products\q2002-snx-lppe-main.jpg","data/products/generated/fittings/quick-connect-fittings/detail/index.json","$[39]","无需处理"
"1045","Q20母端直通不带阀快插接头","839002","Q2002-SNX-SACN","q2002-snx-sacn","fittings","正常","mainImage","/images/products/fittings/quick-connect-fittings/products/q2002-snx-sacn-main.jpg","F:\WebsiteProjects\foreach-website-2026\public\images\products\fittings\quick-connect-fittings\products\q2002-snx-sacn-main.jpg","data/products/generated/fittings/quick-connect-fittings/detail/index.json","$[40]","无需处理"
"1046","Q20母端直通不带阀快插接头","839046","Q2002-SNX-SPPE","q2002-snx-sppe","fittings","正常","mainImage","/images/products/fittings/quick-connect-fittings/products/q2002-snx-sppe-main.jpg","F:\WebsiteProjects\foreach-website-2026\public\images\products\fittings\quick-connect-fittings\products\q2002-snx-sppe-main.jpg","data/products/generated/fittings/quick-connect-fittings/detail/index.json","$[41]","无需处理"
"1047","Q20公端直通带阀快插接头","839043","Q2003-PMV-SACN","q2003-pmv-sacn","fittings","正常","mainImage","/images/products/fittings/quick-connect-fittings/products/q2003-pmv-sacn-main.jpg","F:\WebsiteProjects\foreach-website-2026\public\images\products\fittings\quick-connect-fittings\products\q2003-pmv-sacn-main.jpg","data/products/generated/fittings/quick-connect-fittings/detail/index.json","$[42]","无需处理"
"1048","Q20公端直通带阀快插接头","839087","Q2003-PMV-SPPE","q2003-pmv-sppe","fittings","正常","mainImage","/images/products/fittings/quick-connect-fittings/products/q2003-pmv-sppe-main.jpg","F:\WebsiteProjects\foreach-website-2026\public\images\products\fittings\quick-connect-fittings\products\q2003-pmv-sppe-main.jpg","data/products/generated/fittings/quick-connect-fittings/detail/index.json","$[43]","无需处理"
"1049","Q20公端直通不带阀快插接头","839021","Q2003-PMX-SACN","q2003-pmx-sacn","fittings","正常","mainImage","/images/products/fittings/quick-connect-fittings/products/q2003-pmx-sacn-main.jpg","F:\WebsiteProjects\foreach-website-2026\public\images\products\fittings\quick-connect-fittings\products\q2003-pmx-sacn-main.jpg","data/products/generated/fittings/quick-connect-fittings/detail/index.json","$[44]","无需处理"
"1050","Q20公端直通不带阀快插接头","839065","Q2003-PMX-SPPE","q2003-pmx-sppe","fittings","正常","mainImage","/images/products/fittings/quick-connect-fittings/products/q2003-pmx-sppe-main.jpg","F:\WebsiteProjects\foreach-website-2026\public\images\products\fittings\quick-connect-fittings\products\q2003-pmx-sppe-main.jpg","data/products/generated/fittings/quick-connect-fittings/detail/index.json","$[45]","无需处理"
"1051","Q20公端直通带阀快插接头","839036","Q2003-PNV-SACN","q2003-pnv-sacn","fittings","正常","mainImage","/images/products/fittings/quick-connect-fittings/products/q2003-pnv-sacn-main.jpg","F:\WebsiteProjects\foreach-website-2026\public\images\products\fittings\quick-connect-fittings\products\q2003-pnv-sacn-main.jpg","data/products/generated/fittings/quick-connect-fittings/detail/index.json","$[46]","无需处理"
"1052","Q20公端直通带阀快插接头","839080","Q2003-PNV-SPPE","q2003-pnv-sppe","fittings","正常","mainImage","/images/products/fittings/quick-connect-fittings/products/q2003-pnv-sppe-main.jpg","F:\WebsiteProjects\foreach-website-2026\public\images\products\fittings\quick-connect-fittings\products\q2003-pnv-sppe-main.jpg","data/products/generated/fittings/quick-connect-fittings/detail/index.json","$[47]","无需处理"
"1053","Q20公端直通不带阀快插接头","839014","Q2003-PNX-SACN","q2003-pnx-sacn","fittings","正常","mainImage","/images/products/fittings/quick-connect-fittings/products/q2003-pnx-sacn-main.jpg","F:\WebsiteProjects\foreach-website-2026\public\images\products\fittings\quick-connect-fittings\products\q2003-pnx-sacn-main.jpg","data/products/generated/fittings/quick-connect-fittings/detail/index.json","$[48]","无需处理"
"1054","Q20公端直通不带阀快插接头","839058","Q2003-PNX-SPPE","q2003-pnx-sppe","fittings","正常","mainImage","/images/products/fittings/quick-connect-fittings/products/q2003-pnx-sppe-main.jpg","F:\WebsiteProjects\foreach-website-2026\public\images\products\fittings\quick-connect-fittings\products\q2003-pnx-sppe-main.jpg","data/products/generated/fittings/quick-connect-fittings/detail/index.json","$[49]","无需处理"
"1055","Q20母端直通带阀快插接头","839032","Q2003-SMV-SACN","q2003-smv-sacn","fittings","正常","mainImage","/images/products/fittings/quick-connect-fittings/products/q2003-smv-sacn-main.jpg","F:\WebsiteProjects\foreach-website-2026\public\images\products\fittings\quick-connect-fittings\products\q2003-smv-sacn-main.jpg","data/products/generated/fittings/quick-connect-fittings/detail/index.json","$[50]","无需处理"
"1056","Q20母端直通带阀快插接头","839076","Q2003-SMV-SPPE","q2003-smv-sppe","fittings","正常","mainImage","/images/products/fittings/quick-connect-fittings/products/q2003-smv-sppe-main.jpg","F:\WebsiteProjects\foreach-website-2026\public\images\products\fittings\quick-connect-fittings\products\q2003-smv-sppe-main.jpg","data/products/generated/fittings/quick-connect-fittings/detail/index.json","$[51]","无需处理"
"1057","Q20母端直通不带阀快插接头","839010","Q2003-SMX-SACN","q2003-smx-sacn","fittings","正常","mainImage","/images/products/fittings/quick-connect-fittings/products/q2003-smx-sacn-main.jpg","F:\WebsiteProjects\foreach-website-2026\public\images\products\fittings\quick-connect-fittings\products\q2003-smx-sacn-main.jpg","data/products/generated/fittings/quick-connect-fittings/detail/index.json","$[52]","无需处理"
"1058","Q20母端直通不带阀快插接头","839054","Q2003-SMX-SPPE","q2003-smx-sppe","fittings","正常","mainImage","/images/products/fittings/quick-connect-fittings/products/q2003-smx-sppe-main.jpg","F:\WebsiteProjects\foreach-website-2026\public\images\products\fittings\quick-connect-fittings\products\q2003-smx-sppe-main.jpg","data/products/generated/fittings/quick-connect-fittings/detail/index.json","$[53]","无需处理"
"1059","Q20母端直通带阀快插接头","839025","Q2003-SNV-SACN","q2003-snv-sacn","fittings","正常","mainImage","/images/products/fittings/quick-connect-fittings/products/q2003-snv-sacn-main.jpg","F:\WebsiteProjects\foreach-website-2026\public\images\products\fittings\quick-connect-fittings\products\q2003-snv-sacn-main.jpg","data/products/generated/fittings/quick-connect-fittings/detail/index.json","$[54]","无需处理"
"1060","Q20母端直通带阀快插接头","839069","Q2003-SNV-SPPE","q2003-snv-sppe","fittings","正常","mainImage","/images/products/fittings/quick-connect-fittings/products/q2003-snv-sppe-main.jpg","F:\WebsiteProjects\foreach-website-2026\public\images\products\fittings\quick-connect-fittings\products\q2003-snv-sppe-main.jpg","data/products/generated/fittings/quick-connect-fittings/detail/index.json","$[55]","无需处理"
"1061","Q20母端直通不带阀快插接头","839003","Q2003-SNX-SACN","q2003-snx-sacn","fittings","正常","mainImage","/images/products/fittings/quick-connect-fittings/products/q2003-snx-sacn-main.jpg","F:\WebsiteProjects\foreach-website-2026\public\images\products\fittings\quick-connect-fittings\products\q2003-snx-sacn-main.jpg","data/products/generated/fittings/quick-connect-fittings/detail/index.json","$[56]","无需处理"
"1062","Q20母端直通不带阀快插接头","839047","Q2003-SNX-SPPE","q2003-snx-sppe","fittings","正常","mainImage","/images/products/fittings/quick-connect-fittings/products/q2003-snx-sppe-main.jpg","F:\WebsiteProjects\foreach-website-2026\public\images\products\fittings\quick-connect-fittings\products\q2003-snx-sppe-main.jpg","data/products/generated/fittings/quick-connect-fittings/detail/index.json","$[57]","无需处理"
"1063","Q20公端直通带阀快插接头","839044","Q2004-PMV-SACN","q2004-pmv-sacn","fittings","正常","mainImage","/images/products/fittings/quick-connect-fittings/products/q2004-pmv-sacn-main.jpg","F:\WebsiteProjects\foreach-website-2026\public\images\products\fittings\quick-connect-fittings\products\q2004-pmv-sacn-main.jpg","data/products/generated/fittings/quick-connect-fittings/detail/index.json","$[58]","无需处理"
"1064","Q20公端直通带阀快插接头","839088","Q2004-PMV-SPPE","q2004-pmv-sppe","fittings","正常","mainImage","/images/products/fittings/quick-connect-fittings/products/q2004-pmv-sppe-main.jpg","F:\WebsiteProjects\foreach-website-2026\public\images\products\fittings\quick-connect-fittings\products\q2004-pmv-sppe-main.jpg","data/products/generated/fittings/quick-connect-fittings/detail/index.json","$[59]","无需处理"
"1065","Q20公端直通不带阀快插接头","839022","Q2004-PMX-SACN","q2004-pmx-sacn","fittings","正常","mainImage","/images/products/fittings/quick-connect-fittings/products/q2004-pmx-sacn-main.jpg","F:\WebsiteProjects\foreach-website-2026\public\images\products\fittings\quick-connect-fittings\products\q2004-pmx-sacn-main.jpg","data/products/generated/fittings/quick-connect-fittings/detail/index.json","$[60]","无需处理"
"1066","Q20公端直通不带阀快插接头","839066","Q2004-PMX-SPPE","q2004-pmx-sppe","fittings","正常","mainImage","/images/products/fittings/quick-connect-fittings/products/q2004-pmx-sppe-main.jpg","F:\WebsiteProjects\foreach-website-2026\public\images\products\fittings\quick-connect-fittings\products\q2004-pmx-sppe-main.jpg","data/products/generated/fittings/quick-connect-fittings/detail/index.json","$[61]","无需处理"
"1067","Q20公端L型带阀快插接头","839039","Q2004-PNV-LACN","q2004-pnv-lacn","fittings","正常","mainImage","/images/products/fittings/quick-connect-fittings/products/q2004-pnv-lacn-main.jpg","F:\WebsiteProjects\foreach-website-2026\public\images\products\fittings\quick-connect-fittings\products\q2004-pnv-lacn-main.jpg","data/products/generated/fittings/quick-connect-fittings/detail/index.json","$[62]","无需处理"
"1068","Q20公端L型带阀快插接头","839083","Q2004-PNV-LPPE","q2004-pnv-lppe","fittings","正常","mainImage","/images/products/fittings/quick-connect-fittings/products/q2004-pnv-lppe-main.jpg","F:\WebsiteProjects\foreach-website-2026\public\images\products\fittings\quick-connect-fittings\products\q2004-pnv-lppe-main.jpg","data/products/generated/fittings/quick-connect-fittings/detail/index.json","$[63]","无需处理"
"1069","Q20公端直通带阀快插接头","839037","Q2004-PNV-SACN","q2004-pnv-sacn","fittings","正常","mainImage","/images/products/fittings/quick-connect-fittings/products/q2004-pnv-sacn-main.jpg","F:\WebsiteProjects\foreach-website-2026\public\images\products\fittings\quick-connect-fittings\products\q2004-pnv-sacn-main.jpg","data/products/generated/fittings/quick-connect-fittings/detail/index.json","$[64]","无需处理"
"1070","Q20公端直通带阀快插接头","839081","Q2004-PNV-SPPE","q2004-pnv-sppe","fittings","正常","mainImage","/images/products/fittings/quick-connect-fittings/products/q2004-pnv-sppe-main.jpg","F:\WebsiteProjects\foreach-website-2026\public\images\products\fittings\quick-connect-fittings\products\q2004-pnv-sppe-main.jpg","data/products/generated/fittings/quick-connect-fittings/detail/index.json","$[65]","无需处理"
"1071","Q20公端L型不带阀快插接头","839017","Q2004-PNX-LACN","q2004-pnx-lacn","fittings","正常","mainImage","/images/products/fittings/quick-connect-fittings/products/q2004-pnx-lacn-main.jpg","F:\WebsiteProjects\foreach-website-2026\public\images\products\fittings\quick-connect-fittings\products\q2004-pnx-lacn-main.jpg","data/products/generated/fittings/quick-connect-fittings/detail/index.json","$[66]","无需处理"
"1072","Q20公端L型不带阀快插接头","839061","Q2004-PNX-LPPE","q2004-pnx-lppe","fittings","正常","mainImage","/images/products/fittings/quick-connect-fittings/products/q2004-pnx-lppe-main.jpg","F:\WebsiteProjects\foreach-website-2026\public\images\products\fittings\quick-connect-fittings\products\q2004-pnx-lppe-main.jpg","data/products/generated/fittings/quick-connect-fittings/detail/index.json","$[67]","无需处理"
"1073","Q20公端直通不带阀快插接头","839015","Q2004-PNX-SACN","q2004-pnx-sacn","fittings","正常","mainImage","/images/products/fittings/quick-connect-fittings/products/q2004-pnx-sacn-main.jpg","F:\WebsiteProjects\foreach-website-2026\public\images\products\fittings\quick-connect-fittings\products\q2004-pnx-sacn-main.jpg","data/products/generated/fittings/quick-connect-fittings/detail/index.json","$[68]","无需处理"
"1074","Q20公端直通不带阀快插接头","839059","Q2004-PNX-SPPE","q2004-pnx-sppe","fittings","正常","mainImage","/images/products/fittings/quick-connect-fittings/products/q2004-pnx-sppe-main.jpg","F:\WebsiteProjects\foreach-website-2026\public\images\products\fittings\quick-connect-fittings\products\q2004-pnx-sppe-main.jpg","data/products/generated/fittings/quick-connect-fittings/detail/index.json","$[69]","无需处理"
"1075","Q20母端直通带阀快插接头","839033","Q2004-SMV-SACN","q2004-smv-sacn","fittings","正常","mainImage","/images/products/fittings/quick-connect-fittings/products/q2004-smv-sacn-main.jpg","F:\WebsiteProjects\foreach-website-2026\public\images\products\fittings\quick-connect-fittings\products\q2004-smv-sacn-main.jpg","data/products/generated/fittings/quick-connect-fittings/detail/index.json","$[70]","无需处理"
"1076","Q20母端直通带阀快插接头","839077","Q2004-SMV-SPPE","q2004-smv-sppe","fittings","正常","mainImage","/images/products/fittings/quick-connect-fittings/products/q2004-smv-sppe-main.jpg","F:\WebsiteProjects\foreach-website-2026\public\images\products\fittings\quick-connect-fittings\products\q2004-smv-sppe-main.jpg","data/products/generated/fittings/quick-connect-fittings/detail/index.json","$[71]","无需处理"
"1077","Q20母端直通不带阀快插接头","839011","Q2004-SMX-SACN","q2004-smx-sacn","fittings","正常","mainImage","/images/products/fittings/quick-connect-fittings/products/q2004-smx-sacn-main.jpg","F:\WebsiteProjects\foreach-website-2026\public\images\products\fittings\quick-connect-fittings\products\q2004-smx-sacn-main.jpg","data/products/generated/fittings/quick-connect-fittings/detail/index.json","$[72]","无需处理"
"1078","Q20母端直通不带阀快插接头","839055","Q2004-SMX-SPPE","q2004-smx-sppe","fittings","正常","mainImage","/images/products/fittings/quick-connect-fittings/products/q2004-smx-sppe-main.jpg","F:\WebsiteProjects\foreach-website-2026\public\images\products\fittings\quick-connect-fittings\products\q2004-smx-sppe-main.jpg","data/products/generated/fittings/quick-connect-fittings/detail/index.json","$[73]","无需处理"
"1079","Q20母端L型带阀快插接头","839028","Q2004-SNV-LACN","q2004-snv-lacn","fittings","正常","mainImage","/images/products/fittings/quick-connect-fittings/products/q2004-snv-lacn-main.jpg","F:\WebsiteProjects\foreach-website-2026\public\images\products\fittings\quick-connect-fittings\products\q2004-snv-lacn-main.jpg","data/products/generated/fittings/quick-connect-fittings/detail/index.json","$[74]","无需处理"
"1080","Q20母端L型带阀快插接头","839072","Q2004-SNV-LPPE","q2004-snv-lppe","fittings","正常","mainImage","/images/products/fittings/quick-connect-fittings/products/q2004-snv-lppe-main.jpg","F:\WebsiteProjects\foreach-website-2026\public\images\products\fittings\quick-connect-fittings\products\q2004-snv-lppe-main.jpg","data/products/generated/fittings/quick-connect-fittings/detail/index.json","$[75]","无需处理"
"1081","Q20母端直通带阀快插接头","839026","Q2004-SNV-SACN","q2004-snv-sacn","fittings","正常","mainImage","/images/products/fittings/quick-connect-fittings/products/q2004-snv-sacn-main.jpg","F:\WebsiteProjects\foreach-website-2026\public\images\products\fittings\quick-connect-fittings\products\q2004-snv-sacn-main.jpg","data/products/generated/fittings/quick-connect-fittings/detail/index.json","$[76]","无需处理"
"1082","Q20母端直通带阀快插接头","839070","Q2004-SNV-SPPE","q2004-snv-sppe","fittings","正常","mainImage","/images/products/fittings/quick-connect-fittings/products/q2004-snv-sppe-main.jpg","F:\WebsiteProjects\foreach-website-2026\public\images\products\fittings\quick-connect-fittings\products\q2004-snv-sppe-main.jpg","data/products/generated/fittings/quick-connect-fittings/detail/index.json","$[77]","无需处理"
"1083","Q20母端L型不带阀快插接头","839006","Q2004-SNX-LACN","q2004-snx-lacn","fittings","正常","mainImage","/images/products/fittings/quick-connect-fittings/products/q2004-snx-lacn-main.jpg","F:\WebsiteProjects\foreach-website-2026\public\images\products\fittings\quick-connect-fittings\products\q2004-snx-lacn-main.jpg","data/products/generated/fittings/quick-connect-fittings/detail/index.json","$[78]","无需处理"
"1084","Q20母端L型不带阀快插接头","839050","Q2004-SNX-LPPE","q2004-snx-lppe","fittings","正常","mainImage","/images/products/fittings/quick-connect-fittings/products/q2004-snx-lppe-main.jpg","F:\WebsiteProjects\foreach-website-2026\public\images\products\fittings\quick-connect-fittings\products\q2004-snx-lppe-main.jpg","data/products/generated/fittings/quick-connect-fittings/detail/index.json","$[79]","无需处理"
"1085","Q20母端直通不带阀快插接头","839004","Q2004-SNX-SACN","q2004-snx-sacn","fittings","正常","mainImage","/images/products/fittings/quick-connect-fittings/products/q2004-snx-sacn-main.jpg","F:\WebsiteProjects\foreach-website-2026\public\images\products\fittings\quick-connect-fittings\products\q2004-snx-sacn-main.jpg","data/products/generated/fittings/quick-connect-fittings/detail/index.json","$[80]","无需处理"
"1086","Q20母端直通不带阀快插接头","839048","Q2004-SNX-SPPE","q2004-snx-sppe","fittings","正常","mainImage","/images/products/fittings/quick-connect-fittings/products/q2004-snx-sppe-main.jpg","F:\WebsiteProjects\foreach-website-2026\public\images\products\fittings\quick-connect-fittings\products\q2004-snx-sppe-main.jpg","data/products/generated/fittings/quick-connect-fittings/detail/index.json","$[81]","无需处理"
"1087","Q20公端直通带阀快插接头","839040","Q2018N-PNV-SACN","q2018n-pnv-sacn","fittings","正常","mainImage","/images/products/fittings/quick-connect-fittings/products/q2018n-pnv-sacn-main.jpg","F:\WebsiteProjects\foreach-website-2026\public\images\products\fittings\quick-connect-fittings\products\q2018n-pnv-sacn-main.jpg","data/products/generated/fittings/quick-connect-fittings/detail/index.json","$[82]","无需处理"
"1088","Q20公端直通带阀快插接头","839084","Q2018N-PNV-SPPE","q2018n-pnv-sppe","fittings","正常","mainImage","/images/products/fittings/quick-connect-fittings/products/q2018n-pnv-sppe-main.jpg","F:\WebsiteProjects\foreach-website-2026\public\images\products\fittings\quick-connect-fittings\products\q2018n-pnv-sppe-main.jpg","data/products/generated/fittings/quick-connect-fittings/detail/index.json","$[83]","无需处理"
"1089","Q20公端直通不带阀快插接头","839018","Q2018N-PNX-SACN","q2018n-pnx-sacn","fittings","正常","mainImage","/images/products/fittings/quick-connect-fittings/products/q2018n-pnx-sacn-main.jpg","F:\WebsiteProjects\foreach-website-2026\public\images\products\fittings\quick-connect-fittings\products\q2018n-pnx-sacn-main.jpg","data/products/generated/fittings/quick-connect-fittings/detail/index.json","$[84]","无需处理"
"1090","Q20公端直通不带阀快插接头","839062","Q2018N-PNX-SPPE","q2018n-pnx-sppe","fittings","正常","mainImage","/images/products/fittings/quick-connect-fittings/products/q2018n-pnx-sppe-main.jpg","F:\WebsiteProjects\foreach-website-2026\public\images\products\fittings\quick-connect-fittings\products\q2018n-pnx-sppe-main.jpg","data/products/generated/fittings/quick-connect-fittings/detail/index.json","$[85]","无需处理"
"1091","Q20母端直通带阀快插接头","839029","Q2018N-SNV-SACN","q2018n-snv-sacn","fittings","正常","mainImage","/images/products/fittings/quick-connect-fittings/products/q2018n-snv-sacn-main.jpg","F:\WebsiteProjects\foreach-website-2026\public\images\products\fittings\quick-connect-fittings\products\q2018n-snv-sacn-main.jpg","data/products/generated/fittings/quick-connect-fittings/detail/index.json","$[86]","无需处理"
"1092","Q20母端直通带阀快插接头","839073","Q2018N-SNV-SPPE","q2018n-snv-sppe","fittings","正常","mainImage","/images/products/fittings/quick-connect-fittings/products/q2018n-snv-sppe-main.jpg","F:\WebsiteProjects\foreach-website-2026\public\images\products\fittings\quick-connect-fittings\products\q2018n-snv-sppe-main.jpg","data/products/generated/fittings/quick-connect-fittings/detail/index.json","$[87]","无需处理"
"1093","Q20母端直通不带阀快插接头","839007","Q2018N-SNX-SACN","q2018n-snx-sacn","fittings","正常","mainImage","/images/products/fittings/quick-connect-fittings/products/q2018n-snx-sacn-main.jpg","F:\WebsiteProjects\foreach-website-2026\public\images\products\fittings\quick-connect-fittings\products\q2018n-snx-sacn-main.jpg","data/products/generated/fittings/quick-connect-fittings/detail/index.json","$[88]","无需处理"
"1094","Q20母端直通不带阀快插接头","839051","Q2018N-SNX-SPPE","q2018n-snx-sppe","fittings","正常","mainImage","/images/products/fittings/quick-connect-fittings/products/q2018n-snx-sppe-main.jpg","F:\WebsiteProjects\foreach-website-2026\public\images\products\fittings\quick-connect-fittings\products\q2018n-snx-sppe-main.jpg","data/products/generated/fittings/quick-connect-fittings/detail/index.json","$[89]","无需处理"
"1095","Q20母端直通带阀快插接头","839109","Q2018T-SNV-SACN","q2018t-snv-sacn","fittings","正常","mainImage","/images/products/FIT/Quick connector_200x200_01_v001.jpg","F:\WebsiteProjects\foreach-website-2026\public\images\products\FIT\Quick connector_200x200_01_v001.jpg","data/products/generated/fittings/quick-connect-fittings/detail/index.json","$[90]","无需处理"
"1096","Q20母端直通带阀快插接头","839097","Q2018T-SNV-SPPE","q2018t-snv-sppe","fittings","正常","mainImage","/images/products/FIT/Quick connector_200x200_01_v001.jpg","F:\WebsiteProjects\foreach-website-2026\public\images\products\FIT\Quick connector_200x200_01_v001.jpg","data/products/generated/fittings/quick-connect-fittings/detail/index.json","$[91]","无需处理"
"1097","Q20母端直通不带阀快插接头","839110","Q2018T-SNX-SACN","q2018t-snx-sacn","fittings","正常","mainImage","/images/products/FIT/Quick connector_200x200_01_v001.jpg","F:\WebsiteProjects\foreach-website-2026\public\images\products\FIT\Quick connector_200x200_01_v001.jpg","data/products/generated/fittings/quick-connect-fittings/detail/index.json","$[92]","无需处理"
"1098","Q20母端直通不带阀快插接头","839104","Q2018T-SNX-SPPE","q2018t-snx-sppe","fittings","正常","mainImage","/images/products/FIT/Quick connector_200x200_01_v001.jpg","F:\WebsiteProjects\foreach-website-2026\public\images\products\FIT\Quick connector_200x200_01_v001.jpg","data/products/generated/fittings/quick-connect-fittings/detail/index.json","$[93]","无需处理"
"1099","Q20公端直通带阀快插接头","839108","Q2028U-PNV-SACN","q2028u-pnv-sacn","fittings","正常","mainImage","/images/products/FIT/Quick connector_200x200_01_v001.jpg","F:\WebsiteProjects\foreach-website-2026\public\images\products\FIT\Quick connector_200x200_01_v001.jpg","data/products/generated/fittings/quick-connect-fittings/detail/index.json","$[94]","无需处理"
"1100","Q20公端直通带阀快插接头","839106","Q2028U-PNV-SPPE","q2028u-pnv-sppe","fittings","正常","mainImage","/images/products/FIT/Quick connector_200x200_01_v001.jpg","F:\WebsiteProjects\foreach-website-2026\public\images\products\FIT\Quick connector_200x200_01_v001.jpg","data/products/generated/fittings/quick-connect-fittings/detail/index.json","$[95]","无需处理"
"1101","Q20母端直通带阀快插接头","839107","Q2028U-SMV-SACN","q2028u-smv-sacn","fittings","正常","mainImage","/images/products/FIT/Quick connector_200x200_01_v001.jpg","F:\WebsiteProjects\foreach-website-2026\public\images\products\FIT\Quick connector_200x200_01_v001.jpg","data/products/generated/fittings/quick-connect-fittings/detail/index.json","$[96]","无需处理"
"1102","Q20母端直通带阀快插接头","839105","Q2028U-SMV-SPPE","q2028u-smv-sppe","fittings","正常","mainImage","/images/products/FIT/Quick connector_200x200_01_v001.jpg","F:\WebsiteProjects\foreach-website-2026\public\images\products\FIT\Quick connector_200x200_01_v001.jpg","data/products/generated/fittings/quick-connect-fittings/detail/index.json","$[97]","无需处理"
"1103","Q40公端直通带阀快插接头","849032","Q4004-PMV-SACN","q4004-pmv-sacn","fittings","正常","mainImage","/images/products/fittings/quick-connect-fittings/products/q4004-pmv-sacn-main.jpg","F:\WebsiteProjects\foreach-website-2026\public\images\products\fittings\quick-connect-fittings\products\q4004-pmv-sacn-main.jpg","data/products/generated/fittings/quick-connect-fittings/detail/index.json","$[98]","无需处理"
"1104","Q40公端直通带阀快插接头","849066","Q4004-PMV-SPPE","q4004-pmv-sppe","fittings","正常","mainImage","/images/products/fittings/quick-connect-fittings/products/q4004-pmv-sppe-main.jpg","F:\WebsiteProjects\foreach-website-2026\public\images\products\fittings\quick-connect-fittings\products\q4004-pmv-sppe-main.jpg","data/products/generated/fittings/quick-connect-fittings/detail/index.json","$[99]","无需处理"
"1105","Q40公端直通不带阀快插接头","849015","Q4004-PMX-SACN","q4004-pmx-sacn","fittings","正常","mainImage","/images/products/fittings/quick-connect-fittings/products/q4004-pmx-sacn-main.jpg","F:\WebsiteProjects\foreach-website-2026\public\images\products\fittings\quick-connect-fittings\products\q4004-pmx-sacn-main.jpg","data/products/generated/fittings/quick-connect-fittings/detail/index.json","$[100]","无需处理"
"1106","Q40公端直通不带阀快插接头","849049","Q4004-PMX-SPPE","q4004-pmx-sppe","fittings","正常","mainImage","/images/products/fittings/quick-connect-fittings/products/q4004-pmx-sppe-main.jpg","F:\WebsiteProjects\foreach-website-2026\public\images\products\fittings\quick-connect-fittings\products\q4004-pmx-sppe-main.jpg","data/products/generated/fittings/quick-connect-fittings/detail/index.json","$[101]","无需处理"
"1107","Q40公端L型带阀快插接头","849030","Q4004-PNV-LACN","q4004-pnv-lacn","fittings","正常","mainImage","/images/products/fittings/quick-connect-fittings/products/q4004-pnv-lacn-main.jpg","F:\WebsiteProjects\foreach-website-2026\public\images\products\fittings\quick-connect-fittings\products\q4004-pnv-lacn-main.jpg","data/products/generated/fittings/quick-connect-fittings/detail/index.json","$[102]","无需处理"
"1108","Q40公端L型带阀快插接头","849064","Q4004-PNV-LPPE","q4004-pnv-lppe","fittings","正常","mainImage","/images/products/fittings/quick-connect-fittings/products/q4004-pnv-lppe-main.jpg","F:\WebsiteProjects\foreach-website-2026\public\images\products\fittings\quick-connect-fittings\products\q4004-pnv-lppe-main.jpg","data/products/generated/fittings/quick-connect-fittings/detail/index.json","$[103]","无需处理"
"1109","Q40公端直通带阀快插接头","849027","Q4004-PNV-SACN","q4004-pnv-sacn","fittings","正常","mainImage","/images/products/fittings/quick-connect-fittings/products/q4004-pnv-sacn-main.jpg","F:\WebsiteProjects\foreach-website-2026\public\images\products\fittings\quick-connect-fittings\products\q4004-pnv-sacn-main.jpg","data/products/generated/fittings/quick-connect-fittings/detail/index.json","$[104]","无需处理"
"1110","Q40公端直通带阀快插接头","849061","Q4004-PNV-SPPE","q4004-pnv-sppe","fittings","正常","mainImage","/images/products/fittings/quick-connect-fittings/products/q4004-pnv-sppe-main.jpg","F:\WebsiteProjects\foreach-website-2026\public\images\products\fittings\quick-connect-fittings\products\q4004-pnv-sppe-main.jpg","data/products/generated/fittings/quick-connect-fittings/detail/index.json","$[105]","无需处理"
"1111","Q40公端直通不带阀快插接头","849010","Q4004-PNX-SACN","q4004-pnx-sacn","fittings","正常","mainImage","/images/products/fittings/quick-connect-fittings/products/q4004-pnx-sacn-main.jpg","F:\WebsiteProjects\foreach-website-2026\public\images\products\fittings\quick-connect-fittings\products\q4004-pnx-sacn-main.jpg","data/products/generated/fittings/quick-connect-fittings/detail/index.json","$[106]","无需处理"
"1112","Q40公端直通不带阀快插接头","849044","Q4004-PNX-SPPE","q4004-pnx-sppe","fittings","正常","mainImage","/images/products/fittings/quick-connect-fittings/products/q4004-pnx-sppe-main.jpg","F:\WebsiteProjects\foreach-website-2026\public\images\products\fittings\quick-connect-fittings\products\q4004-pnx-sppe-main.jpg","data/products/generated/fittings/quick-connect-fittings/detail/index.json","$[107]","无需处理"
"1113","Q40母端直通带阀快插接头","849024","Q4004-SMV-SACN","q4004-smv-sacn","fittings","正常","mainImage","/images/products/fittings/quick-connect-fittings/products/q4004-smv-sacn-main.jpg","F:\WebsiteProjects\foreach-website-2026\public\images\products\fittings\quick-connect-fittings\products\q4004-smv-sacn-main.jpg","data/products/generated/fittings/quick-connect-fittings/detail/index.json","$[108]","无需处理"
"1114","Q40母端直通带阀快插接头","849058","Q4004-SMV-SPPE","q4004-smv-sppe","fittings","正常","mainImage","/images/products/fittings/quick-connect-fittings/products/q4004-smv-sppe-main.jpg","F:\WebsiteProjects\foreach-website-2026\public\images\products\fittings\quick-connect-fittings\products\q4004-smv-sppe-main.jpg","data/products/generated/fittings/quick-connect-fittings/detail/index.json","$[109]","无需处理"
"1115","Q40母端直通不带阀快插接头","849007","Q4004-SMX-SACN","q4004-smx-sacn","fittings","正常","mainImage","/images/products/fittings/quick-connect-fittings/products/q4004-smx-sacn-main.jpg","F:\WebsiteProjects\foreach-website-2026\public\images\products\fittings\quick-connect-fittings\products\q4004-smx-sacn-main.jpg","data/products/generated/fittings/quick-connect-fittings/detail/index.json","$[110]","无需处理"
"1116","Q40母端直通不带阀快插接头","849041","Q4004-SMX-SPPE","q4004-smx-sppe","fittings","正常","mainImage","/images/products/fittings/quick-connect-fittings/products/q4004-smx-sppe-main.jpg","F:\WebsiteProjects\foreach-website-2026\public\images\products\fittings\quick-connect-fittings\products\q4004-smx-sppe-main.jpg","data/products/generated/fittings/quick-connect-fittings/detail/index.json","$[111]","无需处理"
"1117","Q40母端直通带阀快插接头","849018","Q4004-SNV-SACN","q4004-snv-sacn","fittings","正常","mainImage","/images/products/fittings/quick-connect-fittings/products/q4004-snv-sacn-main.jpg","F:\WebsiteProjects\foreach-website-2026\public\images\products\fittings\quick-connect-fittings\products\q4004-snv-sacn-main.jpg","data/products/generated/fittings/quick-connect-fittings/detail/index.json","$[112]","无需处理"
"1118","Q40母端直通带阀快插接头","849052","Q4004-SNV-SPPE","q4004-snv-sppe","fittings","正常","mainImage","/images/products/fittings/quick-connect-fittings/products/q4004-snv-sppe-main.jpg","F:\WebsiteProjects\foreach-website-2026\public\images\products\fittings\quick-connect-fittings\products\q4004-snv-sppe-main.jpg","data/products/generated/fittings/quick-connect-fittings/detail/index.json","$[113]","无需处理"
"1119","Q40母端直通不带阀快插接头","849001","Q4004-SNX-SACN","q4004-snx-sacn","fittings","正常","mainImage","/images/products/fittings/quick-connect-fittings/products/q4004-snx-sacn-main.jpg","F:\WebsiteProjects\foreach-website-2026\public\images\products\fittings\quick-connect-fittings\products\q4004-snx-sacn-main.jpg","data/products/generated/fittings/quick-connect-fittings/detail/index.json","$[114]","无需处理"
"1120","Q40母端直通不带阀快插接头","849035","Q4004-SNX-SPPE","q4004-snx-sppe","fittings","正常","mainImage","/images/products/fittings/quick-connect-fittings/products/q4004-snx-sppe-main.jpg","F:\WebsiteProjects\foreach-website-2026\public\images\products\fittings\quick-connect-fittings\products\q4004-snx-sppe-main.jpg","data/products/generated/fittings/quick-connect-fittings/detail/index.json","$[115]","无需处理"
"1121","Q40公端直通带阀快插接头","849033","Q4005-PMV-SACN","q4005-pmv-sacn","fittings","正常","mainImage","/images/products/fittings/quick-connect-fittings/products/q4005-pmv-sacn-main.jpg","F:\WebsiteProjects\foreach-website-2026\public\images\products\fittings\quick-connect-fittings\products\q4005-pmv-sacn-main.jpg","data/products/generated/fittings/quick-connect-fittings/detail/index.json","$[116]","无需处理"
"1122","Q40公端直通带阀快插接头","849067","Q4005-PMV-SPPE","q4005-pmv-sppe","fittings","正常","mainImage","/images/products/fittings/quick-connect-fittings/products/q4005-pmv-sppe-main.jpg","F:\WebsiteProjects\foreach-website-2026\public\images\products\fittings\quick-connect-fittings\products\q4005-pmv-sppe-main.jpg","data/products/generated/fittings/quick-connect-fittings/detail/index.json","$[117]","无需处理"
"1123","Q40公端直通不带阀快插接头","849016","Q4005-PMX-SACN","q4005-pmx-sacn","fittings","正常","mainImage","/images/products/fittings/quick-connect-fittings/products/q4005-pmx-sacn-main.jpg","F:\WebsiteProjects\foreach-website-2026\public\images\products\fittings\quick-connect-fittings\products\q4005-pmx-sacn-main.jpg","data/products/generated/fittings/quick-connect-fittings/detail/index.json","$[118]","无需处理"
"1124","Q40公端直通不带阀快插接头","849050","Q4005-PMX-SPPE","q4005-pmx-sppe","fittings","正常","mainImage","/images/products/fittings/quick-connect-fittings/products/q4005-pmx-sppe-main.jpg","F:\WebsiteProjects\foreach-website-2026\public\images\products\fittings\quick-connect-fittings\products\q4005-pmx-sppe-main.jpg","data/products/generated/fittings/quick-connect-fittings/detail/index.json","$[119]","无需处理"
"1125","Q40公端直通带阀快插接头","849028","Q4005-PNV-SACN","q4005-pnv-sacn","fittings","正常","mainImage","/images/products/fittings/quick-connect-fittings/products/q4005-pnv-sacn-main.jpg","F:\WebsiteProjects\foreach-website-2026\public\images\products\fittings\quick-connect-fittings\products\q4005-pnv-sacn-main.jpg","data/products/generated/fittings/quick-connect-fittings/detail/index.json","$[120]","无需处理"
"1126","Q40公端直通带阀快插接头","849062","Q4005-PNV-SPPE","q4005-pnv-sppe","fittings","正常","mainImage","/images/products/fittings/quick-connect-fittings/products/q4005-pnv-sppe-main.jpg","F:\WebsiteProjects\foreach-website-2026\public\images\products\fittings\quick-connect-fittings\products\q4005-pnv-sppe-main.jpg","data/products/generated/fittings/quick-connect-fittings/detail/index.json","$[121]","无需处理"
"1127","Q40公端直通不带阀快插接头","849011","Q4005-PNX-SACN","q4005-pnx-sacn","fittings","正常","mainImage","/images/products/fittings/quick-connect-fittings/products/q4005-pnx-sacn-main.jpg","F:\WebsiteProjects\foreach-website-2026\public\images\products\fittings\quick-connect-fittings\products\q4005-pnx-sacn-main.jpg","data/products/generated/fittings/quick-connect-fittings/detail/index.json","$[122]","无需处理"
"1128","Q40公端直通不带阀快插接头","849045","Q4005-PNX-SPPE","q4005-pnx-sppe","fittings","正常","mainImage","/images/products/fittings/quick-connect-fittings/products/q4005-pnx-sppe-main.jpg","F:\WebsiteProjects\foreach-website-2026\public\images\products\fittings\quick-connect-fittings\products\q4005-pnx-sppe-main.jpg","data/products/generated/fittings/quick-connect-fittings/detail/index.json","$[123]","无需处理"
"1129","Q40母端直通带阀快插接头","849025","Q4005-SMV-SACN","q4005-smv-sacn","fittings","正常","mainImage","/images/products/fittings/quick-connect-fittings/products/q4005-smv-sacn-main.jpg","F:\WebsiteProjects\foreach-website-2026\public\images\products\fittings\quick-connect-fittings\products\q4005-smv-sacn-main.jpg","data/products/generated/fittings/quick-connect-fittings/detail/index.json","$[124]","无需处理"
"1130","Q40母端直通带阀快插接头","849059","Q4005-SMV-SPPE","q4005-smv-sppe","fittings","正常","mainImage","/images/products/fittings/quick-connect-fittings/products/q4005-smv-sppe-main.jpg","F:\WebsiteProjects\foreach-website-2026\public\images\products\fittings\quick-connect-fittings\products\q4005-smv-sppe-main.jpg","data/products/generated/fittings/quick-connect-fittings/detail/index.json","$[125]","无需处理"
"1131","Q40母端直通不带阀快插接头","849008","Q4005-SMX-SACN","q4005-smx-sacn","fittings","正常","mainImage","/images/products/fittings/quick-connect-fittings/products/q4005-smx-sacn-main.jpg","F:\WebsiteProjects\foreach-website-2026\public\images\products\fittings\quick-connect-fittings\products\q4005-smx-sacn-main.jpg","data/products/generated/fittings/quick-connect-fittings/detail/index.json","$[126]","无需处理"
"1132","Q40母端直通不带阀快插接头","849042","Q4005-SMX-SPPE","q4005-smx-sppe","fittings","正常","mainImage","/images/products/fittings/quick-connect-fittings/products/q4005-smx-sppe-main.jpg","F:\WebsiteProjects\foreach-website-2026\public\images\products\fittings\quick-connect-fittings\products\q4005-smx-sppe-main.jpg","data/products/generated/fittings/quick-connect-fittings/detail/index.json","$[127]","无需处理"
"1133","Q40母端直通带阀快插接头","849019","Q4005-SNV-SACN","q4005-snv-sacn","fittings","正常","mainImage","/images/products/fittings/quick-connect-fittings/products/q4005-snv-sacn-main.jpg","F:\WebsiteProjects\foreach-website-2026\public\images\products\fittings\quick-connect-fittings\products\q4005-snv-sacn-main.jpg","data/products/generated/fittings/quick-connect-fittings/detail/index.json","$[128]","无需处理"
"1134","Q40母端直通带阀快插接头","849053","Q4005-SNV-SPPE","q4005-snv-sppe","fittings","正常","mainImage","/images/products/fittings/quick-connect-fittings/products/q4005-snv-sppe-main.jpg","F:\WebsiteProjects\foreach-website-2026\public\images\products\fittings\quick-connect-fittings\products\q4005-snv-sppe-main.jpg","data/products/generated/fittings/quick-connect-fittings/detail/index.json","$[129]","无需处理"
"1135","Q40母端直通不带阀快插接头","849002","Q4005-SNX-SACN","q4005-snx-sacn","fittings","正常","mainImage","/images/products/fittings/quick-connect-fittings/products/q4005-snx-sacn-main.jpg","F:\WebsiteProjects\foreach-website-2026\public\images\products\fittings\quick-connect-fittings\products\q4005-snx-sacn-main.jpg","data/products/generated/fittings/quick-connect-fittings/detail/index.json","$[130]","无需处理"
"1136","Q40母端直通不带阀快插接头","849036","Q4005-SNX-SPPE","q4005-snx-sppe","fittings","正常","mainImage","/images/products/fittings/quick-connect-fittings/products/q4005-snx-sppe-main.jpg","F:\WebsiteProjects\foreach-website-2026\public\images\products\fittings\quick-connect-fittings\products\q4005-snx-sppe-main.jpg","data/products/generated/fittings/quick-connect-fittings/detail/index.json","$[131]","无需处理"
"1137","Q40公端直通带阀快插接头","849034","Q4006-PMV-SACN","q4006-pmv-sacn","fittings","正常","mainImage","/images/products/fittings/quick-connect-fittings/products/q4006-pmv-sacn-main.jpg","F:\WebsiteProjects\foreach-website-2026\public\images\products\fittings\quick-connect-fittings\products\q4006-pmv-sacn-main.jpg","data/products/generated/fittings/quick-connect-fittings/detail/index.json","$[132]","无需处理"
"1138","Q40公端直通带阀快插接头","849068","Q4006-PMV-SPPE","q4006-pmv-sppe","fittings","正常","mainImage","/images/products/fittings/quick-connect-fittings/products/q4006-pmv-sppe-main.jpg","F:\WebsiteProjects\foreach-website-2026\public\images\products\fittings\quick-connect-fittings\products\q4006-pmv-sppe-main.jpg","data/products/generated/fittings/quick-connect-fittings/detail/index.json","$[133]","无需处理"
"1139","Q40公端直通不带阀快插接头","849017","Q4006-PMX-SACN","q4006-pmx-sacn","fittings","正常","mainImage","/images/products/fittings/quick-connect-fittings/products/q4006-pmx-sacn-main.jpg","F:\WebsiteProjects\foreach-website-2026\public\images\products\fittings\quick-connect-fittings\products\q4006-pmx-sacn-main.jpg","data/products/generated/fittings/quick-connect-fittings/detail/index.json","$[134]","无需处理"
"1140","Q40公端直通不带阀快插接头","849051","Q4006-PMX-SPPE","q4006-pmx-sppe","fittings","正常","mainImage","/images/products/fittings/quick-connect-fittings/products/q4006-pmx-sppe-main.jpg","F:\WebsiteProjects\foreach-website-2026\public\images\products\fittings\quick-connect-fittings\products\q4006-pmx-sppe-main.jpg","data/products/generated/fittings/quick-connect-fittings/detail/index.json","$[135]","无需处理"
"1141","Q40公端直通带阀快插接头","849029","Q4006-PNV-SACN","q4006-pnv-sacn","fittings","正常","mainImage","/images/products/fittings/quick-connect-fittings/products/q4006-pnv-sacn-main.jpg","F:\WebsiteProjects\foreach-website-2026\public\images\products\fittings\quick-connect-fittings\products\q4006-pnv-sacn-main.jpg","data/products/generated/fittings/quick-connect-fittings/detail/index.json","$[136]","无需处理"
"1142","Q40公端直通带阀快插接头","849063","Q4006-PNV-SPPE","q4006-pnv-sppe","fittings","正常","mainImage","/images/products/fittings/quick-connect-fittings/products/q4006-pnv-sppe-main.jpg","F:\WebsiteProjects\foreach-website-2026\public\images\products\fittings\quick-connect-fittings\products\q4006-pnv-sppe-main.jpg","data/products/generated/fittings/quick-connect-fittings/detail/index.json","$[137]","无需处理"
"1143","Q40公端L型不带阀快插接头","849013","Q4006-PNX-LACN","q4006-pnx-lacn","fittings","正常","mainImage","/images/products/fittings/quick-connect-fittings/products/q4006-pnx-lacn-main.jpg","F:\WebsiteProjects\foreach-website-2026\public\images\products\fittings\quick-connect-fittings\products\q4006-pnx-lacn-main.jpg","data/products/generated/fittings/quick-connect-fittings/detail/index.json","$[138]","无需处理"
"1144","Q40公端L型不带阀快插接头","849047","Q4006-PNX-LPPE","q4006-pnx-lppe","fittings","正常","mainImage","/images/products/fittings/quick-connect-fittings/products/q4006-pnx-lppe-main.jpg","F:\WebsiteProjects\foreach-website-2026\public\images\products\fittings\quick-connect-fittings\products\q4006-pnx-lppe-main.jpg","data/products/generated/fittings/quick-connect-fittings/detail/index.json","$[139]","无需处理"
"1145","Q40公端直通不带阀快插接头","849012","Q4006-PNX-SACN","q4006-pnx-sacn","fittings","正常","mainImage","/images/products/fittings/quick-connect-fittings/products/q4006-pnx-sacn-main.jpg","F:\WebsiteProjects\foreach-website-2026\public\images\products\fittings\quick-connect-fittings\products\q4006-pnx-sacn-main.jpg","data/products/generated/fittings/quick-connect-fittings/detail/index.json","$[140]","无需处理"
"1146","Q40公端直通不带阀快插接头","849046","Q4006-PNX-SPPE","q4006-pnx-sppe","fittings","正常","mainImage","/images/products/fittings/quick-connect-fittings/products/q4006-pnx-sppe-main.jpg","F:\WebsiteProjects\foreach-website-2026\public\images\products\fittings\quick-connect-fittings\products\q4006-pnx-sppe-main.jpg","data/products/generated/fittings/quick-connect-fittings/detail/index.json","$[141]","无需处理"
"1147","Q40母端直通带阀快插接头","849026","Q4006-SMV-SACN","q4006-smv-sacn","fittings","正常","mainImage","/images/products/fittings/quick-connect-fittings/products/q4006-smv-sacn-main.jpg","F:\WebsiteProjects\foreach-website-2026\public\images\products\fittings\quick-connect-fittings\products\q4006-smv-sacn-main.jpg","data/products/generated/fittings/quick-connect-fittings/detail/index.json","$[142]","无需处理"
"1148","Q40母端直通带阀快插接头","849060","Q4006-SMV-SPPE","q4006-smv-sppe","fittings","正常","mainImage","/images/products/fittings/quick-connect-fittings/products/q4006-smv-sppe-main.jpg","F:\WebsiteProjects\foreach-website-2026\public\images\products\fittings\quick-connect-fittings\products\q4006-smv-sppe-main.jpg","data/products/generated/fittings/quick-connect-fittings/detail/index.json","$[143]","无需处理"
"1149","Q40母端直通不带阀快插接头","849009","Q4006-SMX-SACN","q4006-smx-sacn","fittings","正常","mainImage","/images/products/fittings/quick-connect-fittings/products/q4006-smx-sacn-main.jpg","F:\WebsiteProjects\foreach-website-2026\public\images\products\fittings\quick-connect-fittings\products\q4006-smx-sacn-main.jpg","data/products/generated/fittings/quick-connect-fittings/detail/index.json","$[144]","无需处理"
"1150","Q40母端直通不带阀快插接头","849043","Q4006-SMX-SPPE","q4006-smx-sppe","fittings","正常","mainImage","/images/products/fittings/quick-connect-fittings/products/q4006-smx-sppe-main.jpg","F:\WebsiteProjects\foreach-website-2026\public\images\products\fittings\quick-connect-fittings\products\q4006-smx-sppe-main.jpg","data/products/generated/fittings/quick-connect-fittings/detail/index.json","$[145]","无需处理"
"1151","Q40母端直通带阀快插接头","849020","Q4006-SNV-SACN","q4006-snv-sacn","fittings","正常","mainImage","/images/products/fittings/quick-connect-fittings/products/q4006-snv-sacn-main.jpg","F:\WebsiteProjects\foreach-website-2026\public\images\products\fittings\quick-connect-fittings\products\q4006-snv-sacn-main.jpg","data/products/generated/fittings/quick-connect-fittings/detail/index.json","$[146]","无需处理"
"1152","Q40母端直通带阀快插接头","849054","Q4006-SNV-SPPE","q4006-snv-sppe","fittings","正常","mainImage","/images/products/fittings/quick-connect-fittings/products/q4006-snv-sppe-main.jpg","F:\WebsiteProjects\foreach-website-2026\public\images\products\fittings\quick-connect-fittings\products\q4006-snv-sppe-main.jpg","data/products/generated/fittings/quick-connect-fittings/detail/index.json","$[147]","无需处理"
"1153","Q40母端直通不带阀快插接头","849003","Q4006-SNX-SACN","q4006-snx-sacn","fittings","正常","mainImage","/images/products/fittings/quick-connect-fittings/products/q4006-snx-sacn-main.jpg","F:\WebsiteProjects\foreach-website-2026\public\images\products\fittings\quick-connect-fittings\products\q4006-snx-sacn-main.jpg","data/products/generated/fittings/quick-connect-fittings/detail/index.json","$[148]","无需处理"
"1154","Q40母端直通不带阀快插接头","849037","Q4006-SNX-SPPE","q4006-snx-sppe","fittings","正常","mainImage","/images/products/fittings/quick-connect-fittings/products/q4006-snx-sppe-main.jpg","F:\WebsiteProjects\foreach-website-2026\public\images\products\fittings\quick-connect-fittings\products\q4006-snx-sppe-main.jpg","data/products/generated/fittings/quick-connect-fittings/detail/index.json","$[149]","无需处理"
"1155","Q40公端直通带阀快插接头","849031","Q4014N-PNV-SACN","q4014n-pnv-sacn","fittings","正常","mainImage","/images/products/fittings/quick-connect-fittings/products/q4014n-pnv-sacn-main.jpg","F:\WebsiteProjects\foreach-website-2026\public\images\products\fittings\quick-connect-fittings\products\q4014n-pnv-sacn-main.jpg","data/products/generated/fittings/quick-connect-fittings/detail/index.json","$[150]","无需处理"
"1156","Q40公端直通带阀快插接头","849065","Q4014N-PNV-SPPE","q4014n-pnv-sppe","fittings","正常","mainImage","/images/products/fittings/quick-connect-fittings/products/q4014n-pnv-sppe-main.jpg","F:\WebsiteProjects\foreach-website-2026\public\images\products\fittings\quick-connect-fittings\products\q4014n-pnv-sppe-main.jpg","data/products/generated/fittings/quick-connect-fittings/detail/index.json","$[151]","无需处理"
"1157","Q40母端直通带阀快插接头","849023","Q4014N-SNV-SACN","q4014n-snv-sacn","fittings","正常","mainImage","/images/products/fittings/quick-connect-fittings/products/q4014n-snv-sacn-main.jpg","F:\WebsiteProjects\foreach-website-2026\public\images\products\fittings\quick-connect-fittings\products\q4014n-snv-sacn-main.jpg","data/products/generated/fittings/quick-connect-fittings/detail/index.json","$[152]","无需处理"
"1158","Q40母端直通带阀快插接头","849057","Q4014N-SNV-SPPE","q4014n-snv-sppe","fittings","正常","mainImage","/images/products/fittings/quick-connect-fittings/products/q4014n-snv-sppe-main.jpg","F:\WebsiteProjects\foreach-website-2026\public\images\products\fittings\quick-connect-fittings\products\q4014n-snv-sppe-main.jpg","data/products/generated/fittings/quick-connect-fittings/detail/index.json","$[153]","无需处理"
"1159","Q40母端直通不带阀快插接头","849006","Q4014N-SNX-SACN","q4014n-snx-sacn","fittings","正常","mainImage","/images/products/fittings/quick-connect-fittings/products/q4014n-snx-sacn-main.jpg","F:\WebsiteProjects\foreach-website-2026\public\images\products\fittings\quick-connect-fittings\products\q4014n-snx-sacn-main.jpg","data/products/generated/fittings/quick-connect-fittings/detail/index.json","$[154]","无需处理"
"1160","Q40母端直通不带阀快插接头","849040","Q4014N-SNX-SPPE","q4014n-snx-sppe","fittings","正常","mainImage","/images/products/fittings/quick-connect-fittings/products/q4014n-snx-sppe-main.jpg","F:\WebsiteProjects\foreach-website-2026\public\images\products\fittings\quick-connect-fittings\products\q4014n-snx-sppe-main.jpg","data/products/generated/fittings/quick-connect-fittings/detail/index.json","$[155]","无需处理"
"1161","Q60公端L型带阀快插接头","869032","Q6006-PNV-LPPE","q6006-pnv-lppe","fittings","正常","mainImage","/images/products/fittings/quick-connect-fittings/products/q6006-pnv-lppe-main.jpg","F:\WebsiteProjects\foreach-website-2026\public\images\products\fittings\quick-connect-fittings\products\q6006-pnv-lppe-main.jpg","data/products/generated/fittings/quick-connect-fittings/detail/index.json","$[156]","无需处理"
"1162","Q60公端直通带阀快插接头","869029","Q6006-PNV-SPPE","q6006-pnv-sppe","fittings","正常","mainImage","/images/products/FIT/Quick connector_200x200_01_v001.jpg","F:\WebsiteProjects\foreach-website-2026\public\images\products\FIT\Quick connector_200x200_01_v001.jpg","data/products/generated/fittings/quick-connect-fittings/detail/index.json","$[157]","无需处理"
"1163","Q60公端L型不带阀快插接头","869012","Q6006-PNX-LPPE","q6006-pnx-lppe","fittings","正常","mainImage","/images/products/fittings/quick-connect-fittings/products/q6006-pnx-lppe-main.jpg","F:\WebsiteProjects\foreach-website-2026\public\images\products\fittings\quick-connect-fittings\products\q6006-pnx-lppe-main.jpg","data/products/generated/fittings/quick-connect-fittings/detail/index.json","$[158]","无需处理"
"1164","Q60公端直通不带阀快插接头","869009","Q6006-PNX-SPPE","q6006-pnx-sppe","fittings","正常","mainImage","/images/products/FIT/Quick connector_200x200_01_v001.jpg","F:\WebsiteProjects\foreach-website-2026\public\images\products\FIT\Quick connector_200x200_01_v001.jpg","data/products/generated/fittings/quick-connect-fittings/detail/index.json","$[159]","无需处理"
"1165","Q60母端L型带阀快插接头","869020","Q6006-SMV-LPPE","q6006-smv-lppe","fittings","正常","mainImage","/images/products/fittings/quick-connect-fittings/products/q6006-smv-lppe-main.jpg","F:\WebsiteProjects\foreach-website-2026\public\images\products\fittings\quick-connect-fittings\products\q6006-smv-lppe-main.jpg","data/products/generated/fittings/quick-connect-fittings/detail/index.json","$[160]","无需处理"
"1166","Q60母端直通带阀快插接头","869026","Q6006-SMV-SPPE","q6006-smv-sppe","fittings","正常","mainImage","/images/products/fittings/quick-connect-fittings/products/q6006-smv-sppe-main.jpg","F:\WebsiteProjects\foreach-website-2026\public\images\products\fittings\quick-connect-fittings\products\q6006-smv-sppe-main.jpg","data/products/generated/fittings/quick-connect-fittings/detail/index.json","$[161]","无需处理"
"1167","Q60母端L型不带阀快插接头","869018","Q6006-SMX-LPPE","q6006-smx-lppe","fittings","正常","mainImage","/images/products/fittings/quick-connect-fittings/products/q6006-smx-lppe-main.jpg","F:\WebsiteProjects\foreach-website-2026\public\images\products\fittings\quick-connect-fittings\products\q6006-smx-lppe-main.jpg","data/products/generated/fittings/quick-connect-fittings/detail/index.json","$[162]","无需处理"
"1168","Q60母端直通不带阀快插接头","869006","Q6006-SMX-SPPE","q6006-smx-sppe","fittings","正常","mainImage","/images/products/fittings/quick-connect-fittings/products/q6006-smx-sppe-main.jpg","F:\WebsiteProjects\foreach-website-2026\public\images\products\fittings\quick-connect-fittings\products\q6006-smx-sppe-main.jpg","data/products/generated/fittings/quick-connect-fittings/detail/index.json","$[163]","无需处理"
"1169","Q60母端直通带阀快插接头","869021","Q6006-SNV-SPPE","q6006-snv-sppe","fittings","正常","mainImage","/images/products/fittings/quick-connect-fittings/products/q6006-snv-sppe-main.jpg","F:\WebsiteProjects\foreach-website-2026\public\images\products\fittings\quick-connect-fittings\products\q6006-snv-sppe-main.jpg","data/products/generated/fittings/quick-connect-fittings/detail/index.json","$[164]","无需处理"
"1170","Q60母端直通不带阀快插接头","869001","Q6006-SNX-SPPE","q6006-snx-sppe","fittings","正常","mainImage","/images/products/fittings/quick-connect-fittings/products/q6006-snx-sppe-main.jpg","F:\WebsiteProjects\foreach-website-2026\public\images\products\fittings\quick-connect-fittings\products\q6006-snx-sppe-main.jpg","data/products/generated/fittings/quick-connect-fittings/detail/index.json","$[165]","无需处理"
"1171","Q60公端L型带阀快插接头","869033","Q6008-PNV-LPPE","q6008-pnv-lppe","fittings","正常","mainImage","/images/products/fittings/quick-connect-fittings/products/q6008-pnv-lppe-main.jpg","F:\WebsiteProjects\foreach-website-2026\public\images\products\fittings\quick-connect-fittings\products\q6008-pnv-lppe-main.jpg","data/products/generated/fittings/quick-connect-fittings/detail/index.json","$[166]","无需处理"
"1172","Q60公端直通带阀快插接头","869030","Q6008-PNV-SPPE","q6008-pnv-sppe","fittings","正常","mainImage","/images/products/fittings/quick-connect-fittings/products/q6008-pnv-sppe-main.jpg","F:\WebsiteProjects\foreach-website-2026\public\images\products\fittings\quick-connect-fittings\products\q6008-pnv-sppe-main.jpg","data/products/generated/fittings/quick-connect-fittings/detail/index.json","$[167]","无需处理"
"1173","Q60公端L型不带阀快插接头","869013","Q6008-PNX-LPPE","q6008-pnx-lppe","fittings","正常","mainImage","/images/products/fittings/quick-connect-fittings/products/q6008-pnx-lppe-main.jpg","F:\WebsiteProjects\foreach-website-2026\public\images\products\fittings\quick-connect-fittings\products\q6008-pnx-lppe-main.jpg","data/products/generated/fittings/quick-connect-fittings/detail/index.json","$[168]","无需处理"
"1174","Q60公端直通不带阀快插接头","869010","Q6008-PNX-SPPE","q6008-pnx-sppe","fittings","正常","mainImage","/images/products/fittings/quick-connect-fittings/products/q6008-pnx-sppe-main.jpg","F:\WebsiteProjects\foreach-website-2026\public\images\products\fittings\quick-connect-fittings\products\q6008-pnx-sppe-main.jpg","data/products/generated/fittings/quick-connect-fittings/detail/index.json","$[169]","无需处理"
"1175","Q60母端L型带阀快插接头","869036","Q6008-SMV-LPPE","q6008-smv-lppe","fittings","正常","mainImage","/images/products/fittings/quick-connect-fittings/products/q6008-smv-lppe-main.jpg","F:\WebsiteProjects\foreach-website-2026\public\images\products\fittings\quick-connect-fittings\products\q6008-smv-lppe-main.jpg","data/products/generated/fittings/quick-connect-fittings/detail/index.json","$[170]","无需处理"
"1176","Q60母端直通带阀快插接头","869027","Q6008-SMV-SPPE","q6008-smv-sppe","fittings","正常","mainImage","/images/products/fittings/quick-connect-fittings/products/q6008-smv-sppe-main.jpg","F:\WebsiteProjects\foreach-website-2026\public\images\products\fittings\quick-connect-fittings\products\q6008-smv-sppe-main.jpg","data/products/generated/fittings/quick-connect-fittings/detail/index.json","$[171]","无需处理"
"1177","Q60母端L型不带阀快插接头","869019","Q6008-SMX-LPPE","q6008-smx-lppe","fittings","正常","mainImage","/images/products/fittings/quick-connect-fittings/products/q6008-smx-lppe-main.jpg","F:\WebsiteProjects\foreach-website-2026\public\images\products\fittings\quick-connect-fittings\products\q6008-smx-lppe-main.jpg","data/products/generated/fittings/quick-connect-fittings/detail/index.json","$[172]","无需处理"
"1178","Q60母端直通不带阀快插接头","869007","Q6008-SMX-SPPE","q6008-smx-sppe","fittings","正常","mainImage","/images/products/fittings/quick-connect-fittings/products/q6008-smx-sppe-main.jpg","F:\WebsiteProjects\foreach-website-2026\public\images\products\fittings\quick-connect-fittings\products\q6008-smx-sppe-main.jpg","data/products/generated/fittings/quick-connect-fittings/detail/index.json","$[173]","无需处理"
"1179","Q60母端L型带阀快插接头","869041","Q6008-SNV-LPPE","q6008-snv-lppe","fittings","正常","mainImage","/images/products/fittings/quick-connect-fittings/products/q6008-snv-lppe-main.jpg","F:\WebsiteProjects\foreach-website-2026\public\images\products\fittings\quick-connect-fittings\products\q6008-snv-lppe-main.jpg","data/products/generated/fittings/quick-connect-fittings/detail/index.json","$[174]","无需处理"
"1180","Q60母端直通带阀快插接头","869022","Q6008-SNV-SPPE","q6008-snv-sppe","fittings","正常","mainImage","/images/products/fittings/quick-connect-fittings/products/q6008-snv-sppe-main.jpg","F:\WebsiteProjects\foreach-website-2026\public\images\products\fittings\quick-connect-fittings\products\q6008-snv-sppe-main.jpg","data/products/generated/fittings/quick-connect-fittings/detail/index.json","$[175]","无需处理"
"1181","Q60母端直通不带阀快插接头","869002","Q6008-SNX-SPPE","q6008-snx-sppe","fittings","正常","mainImage","/images/products/fittings/quick-connect-fittings/products/q6008-snx-sppe-main.jpg","F:\WebsiteProjects\foreach-website-2026\public\images\products\fittings\quick-connect-fittings\products\q6008-snx-sppe-main.jpg","data/products/generated/fittings/quick-connect-fittings/detail/index.json","$[176]","无需处理"
"1182","Q60公端直通带阀快插接头","869031","Q6012-PNV-SPPE","q6012-pnv-sppe","fittings","正常","mainImage","/images/products/fittings/quick-connect-fittings/products/q6012-pnv-sppe-main.jpg","F:\WebsiteProjects\foreach-website-2026\public\images\products\fittings\quick-connect-fittings\products\q6012-pnv-sppe-main.jpg","data/products/generated/fittings/quick-connect-fittings/detail/index.json","$[177]","无需处理"
"1183","Q60公端直通不带阀快插接头","869011","Q6012-PNX-SPPE","q6012-pnx-sppe","fittings","正常","mainImage","/images/products/fittings/quick-connect-fittings/products/q6012-pnx-sppe-main.jpg","F:\WebsiteProjects\foreach-website-2026\public\images\products\fittings\quick-connect-fittings\products\q6012-pnx-sppe-main.jpg","data/products/generated/fittings/quick-connect-fittings/detail/index.json","$[178]","无需处理"
"1184","Q60母端直通带阀快插接头","869028","Q6012-SMV-SPPE","q6012-smv-sppe","fittings","正常","mainImage","/images/products/fittings/quick-connect-fittings/products/q6012-smv-sppe-main.jpg","F:\WebsiteProjects\foreach-website-2026\public\images\products\fittings\quick-connect-fittings\products\q6012-smv-sppe-main.jpg","data/products/generated/fittings/quick-connect-fittings/detail/index.json","$[179]","无需处理"
"1185","Q60母端直通不带阀快插接头","869008","Q6012-SMX-SPPE","q6012-smx-sppe","fittings","正常","mainImage","/images/products/fittings/quick-connect-fittings/products/q6012-smx-sppe-main.jpg","F:\WebsiteProjects\foreach-website-2026\public\images\products\fittings\quick-connect-fittings\products\q6012-smx-sppe-main.jpg","data/products/generated/fittings/quick-connect-fittings/detail/index.json","$[180]","无需处理"
"1186","Q60母端直通带阀快插接头","869023","Q6012-SNV-SPPE","q6012-snv-sppe","fittings","正常","mainImage","/images/products/fittings/quick-connect-fittings/products/q6012-snv-sppe-main.jpg","F:\WebsiteProjects\foreach-website-2026\public\images\products\fittings\quick-connect-fittings\products\q6012-snv-sppe-main.jpg","data/products/generated/fittings/quick-connect-fittings/detail/index.json","$[181]","无需处理"
"1187","Q60母端直通不带阀快插接头","869003","Q6012-SNX-SPPE","q6012-snx-sppe","fittings","正常","mainImage","/images/products/fittings/quick-connect-fittings/products/q6012-snx-sppe-main.jpg","F:\WebsiteProjects\foreach-website-2026\public\images\products\fittings\quick-connect-fittings\products\q6012-snx-sppe-main.jpg","data/products/generated/fittings/quick-connect-fittings/detail/index.json","$[182]","无需处理"
"1188","Q60公端直通带阀快插接头","869035","Q6012N-PNV-SPPE","q6012n-pnv-sppe","fittings","正常","mainImage","/images/products/fittings/quick-connect-fittings/products/q6012n-pnv-sppe-main.jpg","F:\WebsiteProjects\foreach-website-2026\public\images\products\fittings\quick-connect-fittings\products\q6012n-pnv-sppe-main.jpg","data/products/generated/fittings/quick-connect-fittings/detail/index.json","$[183]","无需处理"
"1189","Q60公端直通不带阀快插接头","869015","Q6012N-PNX-SPPE","q6012n-pnx-sppe","fittings","正常","mainImage","/images/products/fittings/quick-connect-fittings/products/q6012n-pnx-sppe-main.jpg","F:\WebsiteProjects\foreach-website-2026\public\images\products\fittings\quick-connect-fittings\products\q6012n-pnx-sppe-main.jpg","data/products/generated/fittings/quick-connect-fittings/detail/index.json","$[184]","无需处理"
"1190","Q60母端直通带阀快插接头","869025","Q6012N-SNV-SPPE","q6012n-snv-sppe","fittings","正常","mainImage","/images/products/FIT/Quick connector_200x200_01_v001.jpg","F:\WebsiteProjects\foreach-website-2026\public\images\products\FIT\Quick connector_200x200_01_v001.jpg","data/products/generated/fittings/quick-connect-fittings/detail/index.json","$[185]","无需处理"
"1191","Q60母端直通不带阀快插接头","869005","Q6012N-SNX-SPPE","q6012n-snx-sppe","fittings","正常","mainImage","/images/products/FIT/Quick connector_200x200_01_v001.jpg","F:\WebsiteProjects\foreach-website-2026\public\images\products\FIT\Quick connector_200x200_01_v001.jpg","data/products/generated/fittings/quick-connect-fittings/detail/index.json","$[186]","无需处理"
"1192","Q60公端直通带阀快插接头","869034","Q6038N-PNV-SPPE","q6038n-pnv-sppe","fittings","正常","mainImage","/images/products/fittings/quick-connect-fittings/products/q6038n-pnv-sppe-main.jpg","F:\WebsiteProjects\foreach-website-2026\public\images\products\fittings\quick-connect-fittings\products\q6038n-pnv-sppe-main.jpg","data/products/generated/fittings/quick-connect-fittings/detail/index.json","$[187]","无需处理"
"1193","Q60公端直通不带阀快插接头","869014","Q6038N-PNX-SPPE","q6038n-pnx-sppe","fittings","正常","mainImage","/images/products/fittings/quick-connect-fittings/products/q6038n-pnx-sppe-main.jpg","F:\WebsiteProjects\foreach-website-2026\public\images\products\fittings\quick-connect-fittings\products\q6038n-pnx-sppe-main.jpg","data/products/generated/fittings/quick-connect-fittings/detail/index.json","$[188]","无需处理"
"1194","Q60母端直通带阀快插接头","869024","Q6038N-SNV-SPPE","q6038n-snv-sppe","fittings","正常","mainImage","/images/products/fittings/quick-connect-fittings/products/q6038n-snv-sppe-main.jpg","F:\WebsiteProjects\foreach-website-2026\public\images\products\fittings\quick-connect-fittings\products\q6038n-snv-sppe-main.jpg","data/products/generated/fittings/quick-connect-fittings/detail/index.json","$[189]","无需处理"
"1195","Q60母端直通不带阀快插接头","869004","Q6038N-SNX-SPPE","q6038n-snx-sppe","fittings","正常","mainImage","/images/products/fittings/quick-connect-fittings/products/q6038n-snx-sppe-main.jpg","F:\WebsiteProjects\foreach-website-2026\public\images\products\fittings\quick-connect-fittings\products\q6038n-snx-sppe-main.jpg","data/products/generated/fittings/quick-connect-fittings/detail/index.json","$[190]","无需处理"
"1196","","839041","","","快插接头","未配置主图字段","","","","data/products/generated/fittings/quick-connect-fittings/index.json","$[0]","确认该产品数据是否缺少主图字段；补图前暂不发布"
"1197","","839085","","","快插接头","未配置主图字段","","","","data/products/generated/fittings/quick-connect-fittings/index.json","$[1]","确认该产品数据是否缺少主图字段；补图前暂不发布"
"1198","","839019","","","快插接头","未配置主图字段","","","","data/products/generated/fittings/quick-connect-fittings/index.json","$[2]","确认该产品数据是否缺少主图字段；补图前暂不发布"
"1199","","839063","","","快插接头","未配置主图字段","","","","data/products/generated/fittings/quick-connect-fittings/index.json","$[3]","确认该产品数据是否缺少主图字段；补图前暂不发布"
"1200","","839034","","","快插接头","未配置主图字段","","","","data/products/generated/fittings/quick-connect-fittings/index.json","$[4]","确认该产品数据是否缺少主图字段；补图前暂不发布"
"1201","","839078","","","快插接头","未配置主图字段","","","","data/products/generated/fittings/quick-connect-fittings/index.json","$[5]","确认该产品数据是否缺少主图字段；补图前暂不发布"
"1202","","839012","","","快插接头","未配置主图字段","","","","data/products/generated/fittings/quick-connect-fittings/index.json","$[6]","确认该产品数据是否缺少主图字段；补图前暂不发布"
"1203","","839056","","","快插接头","未配置主图字段","","","","data/products/generated/fittings/quick-connect-fittings/index.json","$[7]","确认该产品数据是否缺少主图字段；补图前暂不发布"
"1204","","839030","","","快插接头","未配置主图字段","","","","data/products/generated/fittings/quick-connect-fittings/index.json","$[8]","确认该产品数据是否缺少主图字段；补图前暂不发布"
"1205","","839074","","","快插接头","未配置主图字段","","","","data/products/generated/fittings/quick-connect-fittings/index.json","$[9]","确认该产品数据是否缺少主图字段；补图前暂不发布"
"1206","","839008","","","快插接头","未配置主图字段","","","","data/products/generated/fittings/quick-connect-fittings/index.json","$[10]","确认该产品数据是否缺少主图字段；补图前暂不发布"
"1207","","839052","","","快插接头","未配置主图字段","","","","data/products/generated/fittings/quick-connect-fittings/index.json","$[11]","确认该产品数据是否缺少主图字段；补图前暂不发布"
"1208","","839023","","","快插接头","未配置主图字段","","","","data/products/generated/fittings/quick-connect-fittings/index.json","$[12]","确认该产品数据是否缺少主图字段；补图前暂不发布"
"1209","","839067","","","快插接头","未配置主图字段","","","","data/products/generated/fittings/quick-connect-fittings/index.json","$[13]","确认该产品数据是否缺少主图字段；补图前暂不发布"
"1210","","839001","","","快插接头","未配置主图字段","","","","data/products/generated/fittings/quick-connect-fittings/index.json","$[14]","确认该产品数据是否缺少主图字段；补图前暂不发布"
"1211","","839045","","","快插接头","未配置主图字段","","","","data/products/generated/fittings/quick-connect-fittings/index.json","$[15]","确认该产品数据是否缺少主图字段；补图前暂不发布"
"1212","","839042","","","快插接头","未配置主图字段","","","","data/products/generated/fittings/quick-connect-fittings/index.json","$[16]","确认该产品数据是否缺少主图字段；补图前暂不发布"
"1213","","839086","","","快插接头","未配置主图字段","","","","data/products/generated/fittings/quick-connect-fittings/index.json","$[17]","确认该产品数据是否缺少主图字段；补图前暂不发布"
"1214","","839020","","","快插接头","未配置主图字段","","","","data/products/generated/fittings/quick-connect-fittings/index.json","$[18]","确认该产品数据是否缺少主图字段；补图前暂不发布"
"1215","","839064","","","快插接头","未配置主图字段","","","","data/products/generated/fittings/quick-connect-fittings/index.json","$[19]","确认该产品数据是否缺少主图字段；补图前暂不发布"
"1216","","839038","","","快插接头","未配置主图字段","","","","data/products/generated/fittings/quick-connect-fittings/index.json","$[20]","确认该产品数据是否缺少主图字段；补图前暂不发布"
"1217","","839082","","","快插接头","未配置主图字段","","","","data/products/generated/fittings/quick-connect-fittings/index.json","$[21]","确认该产品数据是否缺少主图字段；补图前暂不发布"
"1218","","839091","","","快插接头","未配置主图字段","","","","data/products/generated/fittings/quick-connect-fittings/index.json","$[22]","确认该产品数据是否缺少主图字段；补图前暂不发布"
"1219","","839035","","","快插接头","未配置主图字段","","","","data/products/generated/fittings/quick-connect-fittings/index.json","$[23]","确认该产品数据是否缺少主图字段；补图前暂不发布"
"1220","","839079","","","快插接头","未配置主图字段","","","","data/products/generated/fittings/quick-connect-fittings/index.json","$[24]","确认该产品数据是否缺少主图字段；补图前暂不发布"
"1221","","839016","","","快插接头","未配置主图字段","","","","data/products/generated/fittings/quick-connect-fittings/index.json","$[25]","确认该产品数据是否缺少主图字段；补图前暂不发布"
"1222","","839060","","","快插接头","未配置主图字段","","","","data/products/generated/fittings/quick-connect-fittings/index.json","$[26]","确认该产品数据是否缺少主图字段；补图前暂不发布"
"1223","","839013","","","快插接头","未配置主图字段","","","","data/products/generated/fittings/quick-connect-fittings/index.json","$[27]","确认该产品数据是否缺少主图字段；补图前暂不发布"
"1224","","839057","","","快插接头","未配置主图字段","","","","data/products/generated/fittings/quick-connect-fittings/index.json","$[28]","确认该产品数据是否缺少主图字段；补图前暂不发布"
"1225","","839031","","","快插接头","未配置主图字段","","","","data/products/generated/fittings/quick-connect-fittings/index.json","$[29]","确认该产品数据是否缺少主图字段；补图前暂不发布"
"1226","","839075","","","快插接头","未配置主图字段","","","","data/products/generated/fittings/quick-connect-fittings/index.json","$[30]","确认该产品数据是否缺少主图字段；补图前暂不发布"
"1227","","839009","","","快插接头","未配置主图字段","","","","data/products/generated/fittings/quick-connect-fittings/index.json","$[31]","确认该产品数据是否缺少主图字段；补图前暂不发布"
"1228","","839053","","","快插接头","未配置主图字段","","","","data/products/generated/fittings/quick-connect-fittings/index.json","$[32]","确认该产品数据是否缺少主图字段；补图前暂不发布"
"1229","","839027","","","快插接头","未配置主图字段","","","","data/products/generated/fittings/quick-connect-fittings/index.json","$[33]","确认该产品数据是否缺少主图字段；补图前暂不发布"
"1230","","839071","","","快插接头","未配置主图字段","","","","data/products/generated/fittings/quick-connect-fittings/index.json","$[34]","确认该产品数据是否缺少主图字段；补图前暂不发布"
"1231","","839092","","","快插接头","未配置主图字段","","","","data/products/generated/fittings/quick-connect-fittings/index.json","$[35]","确认该产品数据是否缺少主图字段；补图前暂不发布"
"1232","","839024","","","快插接头","未配置主图字段","","","","data/products/generated/fittings/quick-connect-fittings/index.json","$[36]","确认该产品数据是否缺少主图字段；补图前暂不发布"
"1233","","839068","","","快插接头","未配置主图字段","","","","data/products/generated/fittings/quick-connect-fittings/index.json","$[37]","确认该产品数据是否缺少主图字段；补图前暂不发布"
"1234","","839005","","","快插接头","未配置主图字段","","","","data/products/generated/fittings/quick-connect-fittings/index.json","$[38]","确认该产品数据是否缺少主图字段；补图前暂不发布"
"1235","","839049","","","快插接头","未配置主图字段","","","","data/products/generated/fittings/quick-connect-fittings/index.json","$[39]","确认该产品数据是否缺少主图字段；补图前暂不发布"
"1236","","839002","","","快插接头","未配置主图字段","","","","data/products/generated/fittings/quick-connect-fittings/index.json","$[40]","确认该产品数据是否缺少主图字段；补图前暂不发布"
"1237","","839046","","","快插接头","未配置主图字段","","","","data/products/generated/fittings/quick-connect-fittings/index.json","$[41]","确认该产品数据是否缺少主图字段；补图前暂不发布"
"1238","","839043","","","快插接头","未配置主图字段","","","","data/products/generated/fittings/quick-connect-fittings/index.json","$[42]","确认该产品数据是否缺少主图字段；补图前暂不发布"
"1239","","839087","","","快插接头","未配置主图字段","","","","data/products/generated/fittings/quick-connect-fittings/index.json","$[43]","确认该产品数据是否缺少主图字段；补图前暂不发布"
"1240","","839021","","","快插接头","未配置主图字段","","","","data/products/generated/fittings/quick-connect-fittings/index.json","$[44]","确认该产品数据是否缺少主图字段；补图前暂不发布"
"1241","","839065","","","快插接头","未配置主图字段","","","","data/products/generated/fittings/quick-connect-fittings/index.json","$[45]","确认该产品数据是否缺少主图字段；补图前暂不发布"
"1242","","839036","","","快插接头","未配置主图字段","","","","data/products/generated/fittings/quick-connect-fittings/index.json","$[46]","确认该产品数据是否缺少主图字段；补图前暂不发布"
"1243","","839080","","","快插接头","未配置主图字段","","","","data/products/generated/fittings/quick-connect-fittings/index.json","$[47]","确认该产品数据是否缺少主图字段；补图前暂不发布"
"1244","","839014","","","快插接头","未配置主图字段","","","","data/products/generated/fittings/quick-connect-fittings/index.json","$[48]","确认该产品数据是否缺少主图字段；补图前暂不发布"
"1245","","839058","","","快插接头","未配置主图字段","","","","data/products/generated/fittings/quick-connect-fittings/index.json","$[49]","确认该产品数据是否缺少主图字段；补图前暂不发布"
"1246","","839032","","","快插接头","未配置主图字段","","","","data/products/generated/fittings/quick-connect-fittings/index.json","$[50]","确认该产品数据是否缺少主图字段；补图前暂不发布"
"1247","","839076","","","快插接头","未配置主图字段","","","","data/products/generated/fittings/quick-connect-fittings/index.json","$[51]","确认该产品数据是否缺少主图字段；补图前暂不发布"
"1248","","839010","","","快插接头","未配置主图字段","","","","data/products/generated/fittings/quick-connect-fittings/index.json","$[52]","确认该产品数据是否缺少主图字段；补图前暂不发布"
"1249","","839054","","","快插接头","未配置主图字段","","","","data/products/generated/fittings/quick-connect-fittings/index.json","$[53]","确认该产品数据是否缺少主图字段；补图前暂不发布"
"1250","","839025","","","快插接头","未配置主图字段","","","","data/products/generated/fittings/quick-connect-fittings/index.json","$[54]","确认该产品数据是否缺少主图字段；补图前暂不发布"
"1251","","839069","","","快插接头","未配置主图字段","","","","data/products/generated/fittings/quick-connect-fittings/index.json","$[55]","确认该产品数据是否缺少主图字段；补图前暂不发布"
"1252","","839003","","","快插接头","未配置主图字段","","","","data/products/generated/fittings/quick-connect-fittings/index.json","$[56]","确认该产品数据是否缺少主图字段；补图前暂不发布"
"1253","","839047","","","快插接头","未配置主图字段","","","","data/products/generated/fittings/quick-connect-fittings/index.json","$[57]","确认该产品数据是否缺少主图字段；补图前暂不发布"
"1254","","839044","","","快插接头","未配置主图字段","","","","data/products/generated/fittings/quick-connect-fittings/index.json","$[58]","确认该产品数据是否缺少主图字段；补图前暂不发布"
"1255","","839088","","","快插接头","未配置主图字段","","","","data/products/generated/fittings/quick-connect-fittings/index.json","$[59]","确认该产品数据是否缺少主图字段；补图前暂不发布"
"1256","","839022","","","快插接头","未配置主图字段","","","","data/products/generated/fittings/quick-connect-fittings/index.json","$[60]","确认该产品数据是否缺少主图字段；补图前暂不发布"
"1257","","839066","","","快插接头","未配置主图字段","","","","data/products/generated/fittings/quick-connect-fittings/index.json","$[61]","确认该产品数据是否缺少主图字段；补图前暂不发布"
"1258","","839039","","","快插接头","未配置主图字段","","","","data/products/generated/fittings/quick-connect-fittings/index.json","$[62]","确认该产品数据是否缺少主图字段；补图前暂不发布"
"1259","","839083","","","快插接头","未配置主图字段","","","","data/products/generated/fittings/quick-connect-fittings/index.json","$[63]","确认该产品数据是否缺少主图字段；补图前暂不发布"
"1260","","839037","","","快插接头","未配置主图字段","","","","data/products/generated/fittings/quick-connect-fittings/index.json","$[64]","确认该产品数据是否缺少主图字段；补图前暂不发布"
"1261","","839081","","","快插接头","未配置主图字段","","","","data/products/generated/fittings/quick-connect-fittings/index.json","$[65]","确认该产品数据是否缺少主图字段；补图前暂不发布"
"1262","","839017","","","快插接头","未配置主图字段","","","","data/products/generated/fittings/quick-connect-fittings/index.json","$[66]","确认该产品数据是否缺少主图字段；补图前暂不发布"
"1263","","839061","","","快插接头","未配置主图字段","","","","data/products/generated/fittings/quick-connect-fittings/index.json","$[67]","确认该产品数据是否缺少主图字段；补图前暂不发布"
"1264","","839015","","","快插接头","未配置主图字段","","","","data/products/generated/fittings/quick-connect-fittings/index.json","$[68]","确认该产品数据是否缺少主图字段；补图前暂不发布"
"1265","","839059","","","快插接头","未配置主图字段","","","","data/products/generated/fittings/quick-connect-fittings/index.json","$[69]","确认该产品数据是否缺少主图字段；补图前暂不发布"
"1266","","839033","","","快插接头","未配置主图字段","","","","data/products/generated/fittings/quick-connect-fittings/index.json","$[70]","确认该产品数据是否缺少主图字段；补图前暂不发布"
"1267","","839077","","","快插接头","未配置主图字段","","","","data/products/generated/fittings/quick-connect-fittings/index.json","$[71]","确认该产品数据是否缺少主图字段；补图前暂不发布"
"1268","","839011","","","快插接头","未配置主图字段","","","","data/products/generated/fittings/quick-connect-fittings/index.json","$[72]","确认该产品数据是否缺少主图字段；补图前暂不发布"
"1269","","839055","","","快插接头","未配置主图字段","","","","data/products/generated/fittings/quick-connect-fittings/index.json","$[73]","确认该产品数据是否缺少主图字段；补图前暂不发布"
"1270","","839028","","","快插接头","未配置主图字段","","","","data/products/generated/fittings/quick-connect-fittings/index.json","$[74]","确认该产品数据是否缺少主图字段；补图前暂不发布"
"1271","","839072","","","快插接头","未配置主图字段","","","","data/products/generated/fittings/quick-connect-fittings/index.json","$[75]","确认该产品数据是否缺少主图字段；补图前暂不发布"
"1272","","839026","","","快插接头","未配置主图字段","","","","data/products/generated/fittings/quick-connect-fittings/index.json","$[76]","确认该产品数据是否缺少主图字段；补图前暂不发布"
"1273","","839070","","","快插接头","未配置主图字段","","","","data/products/generated/fittings/quick-connect-fittings/index.json","$[77]","确认该产品数据是否缺少主图字段；补图前暂不发布"
"1274","","839006","","","快插接头","未配置主图字段","","","","data/products/generated/fittings/quick-connect-fittings/index.json","$[78]","确认该产品数据是否缺少主图字段；补图前暂不发布"
"1275","","839050","","","快插接头","未配置主图字段","","","","data/products/generated/fittings/quick-connect-fittings/index.json","$[79]","确认该产品数据是否缺少主图字段；补图前暂不发布"
"1276","","839004","","","快插接头","未配置主图字段","","","","data/products/generated/fittings/quick-connect-fittings/index.json","$[80]","确认该产品数据是否缺少主图字段；补图前暂不发布"
"1277","","839048","","","快插接头","未配置主图字段","","","","data/products/generated/fittings/quick-connect-fittings/index.json","$[81]","确认该产品数据是否缺少主图字段；补图前暂不发布"
"1278","","839040","","","快插接头","未配置主图字段","","","","data/products/generated/fittings/quick-connect-fittings/index.json","$[82]","确认该产品数据是否缺少主图字段；补图前暂不发布"
"1279","","839084","","","快插接头","未配置主图字段","","","","data/products/generated/fittings/quick-connect-fittings/index.json","$[83]","确认该产品数据是否缺少主图字段；补图前暂不发布"
"1280","","839018","","","快插接头","未配置主图字段","","","","data/products/generated/fittings/quick-connect-fittings/index.json","$[84]","确认该产品数据是否缺少主图字段；补图前暂不发布"
"1281","","839062","","","快插接头","未配置主图字段","","","","data/products/generated/fittings/quick-connect-fittings/index.json","$[85]","确认该产品数据是否缺少主图字段；补图前暂不发布"
"1282","","839029","","","快插接头","未配置主图字段","","","","data/products/generated/fittings/quick-connect-fittings/index.json","$[86]","确认该产品数据是否缺少主图字段；补图前暂不发布"
"1283","","839073","","","快插接头","未配置主图字段","","","","data/products/generated/fittings/quick-connect-fittings/index.json","$[87]","确认该产品数据是否缺少主图字段；补图前暂不发布"
"1284","","839007","","","快插接头","未配置主图字段","","","","data/products/generated/fittings/quick-connect-fittings/index.json","$[88]","确认该产品数据是否缺少主图字段；补图前暂不发布"
"1285","","839051","","","快插接头","未配置主图字段","","","","data/products/generated/fittings/quick-connect-fittings/index.json","$[89]","确认该产品数据是否缺少主图字段；补图前暂不发布"
"1286","","839109","","","快插接头","未配置主图字段","","","","data/products/generated/fittings/quick-connect-fittings/index.json","$[90]","确认该产品数据是否缺少主图字段；补图前暂不发布"
"1287","","839097","","","快插接头","未配置主图字段","","","","data/products/generated/fittings/quick-connect-fittings/index.json","$[91]","确认该产品数据是否缺少主图字段；补图前暂不发布"
"1288","","839110","","","快插接头","未配置主图字段","","","","data/products/generated/fittings/quick-connect-fittings/index.json","$[92]","确认该产品数据是否缺少主图字段；补图前暂不发布"
"1289","","839104","","","快插接头","未配置主图字段","","","","data/products/generated/fittings/quick-connect-fittings/index.json","$[93]","确认该产品数据是否缺少主图字段；补图前暂不发布"
"1290","","839108","","","快插接头","未配置主图字段","","","","data/products/generated/fittings/quick-connect-fittings/index.json","$[94]","确认该产品数据是否缺少主图字段；补图前暂不发布"
"1291","","839106","","","快插接头","未配置主图字段","","","","data/products/generated/fittings/quick-connect-fittings/index.json","$[95]","确认该产品数据是否缺少主图字段；补图前暂不发布"
"1292","","839107","","","快插接头","未配置主图字段","","","","data/products/generated/fittings/quick-connect-fittings/index.json","$[96]","确认该产品数据是否缺少主图字段；补图前暂不发布"
"1293","","839105","","","快插接头","未配置主图字段","","","","data/products/generated/fittings/quick-connect-fittings/index.json","$[97]","确认该产品数据是否缺少主图字段；补图前暂不发布"
"1294","","849032","","","快插接头","未配置主图字段","","","","data/products/generated/fittings/quick-connect-fittings/index.json","$[98]","确认该产品数据是否缺少主图字段；补图前暂不发布"
"1295","","849066","","","快插接头","未配置主图字段","","","","data/products/generated/fittings/quick-connect-fittings/index.json","$[99]","确认该产品数据是否缺少主图字段；补图前暂不发布"
"1296","","849015","","","快插接头","未配置主图字段","","","","data/products/generated/fittings/quick-connect-fittings/index.json","$[100]","确认该产品数据是否缺少主图字段；补图前暂不发布"
"1297","","849049","","","快插接头","未配置主图字段","","","","data/products/generated/fittings/quick-connect-fittings/index.json","$[101]","确认该产品数据是否缺少主图字段；补图前暂不发布"
"1298","","849030","","","快插接头","未配置主图字段","","","","data/products/generated/fittings/quick-connect-fittings/index.json","$[102]","确认该产品数据是否缺少主图字段；补图前暂不发布"
"1299","","849064","","","快插接头","未配置主图字段","","","","data/products/generated/fittings/quick-connect-fittings/index.json","$[103]","确认该产品数据是否缺少主图字段；补图前暂不发布"
"1300","","849027","","","快插接头","未配置主图字段","","","","data/products/generated/fittings/quick-connect-fittings/index.json","$[104]","确认该产品数据是否缺少主图字段；补图前暂不发布"
"1301","","849061","","","快插接头","未配置主图字段","","","","data/products/generated/fittings/quick-connect-fittings/index.json","$[105]","确认该产品数据是否缺少主图字段；补图前暂不发布"
"1302","","849010","","","快插接头","未配置主图字段","","","","data/products/generated/fittings/quick-connect-fittings/index.json","$[106]","确认该产品数据是否缺少主图字段；补图前暂不发布"
"1303","","849044","","","快插接头","未配置主图字段","","","","data/products/generated/fittings/quick-connect-fittings/index.json","$[107]","确认该产品数据是否缺少主图字段；补图前暂不发布"
"1304","","849024","","","快插接头","未配置主图字段","","","","data/products/generated/fittings/quick-connect-fittings/index.json","$[108]","确认该产品数据是否缺少主图字段；补图前暂不发布"
"1305","","849058","","","快插接头","未配置主图字段","","","","data/products/generated/fittings/quick-connect-fittings/index.json","$[109]","确认该产品数据是否缺少主图字段；补图前暂不发布"
"1306","","849007","","","快插接头","未配置主图字段","","","","data/products/generated/fittings/quick-connect-fittings/index.json","$[110]","确认该产品数据是否缺少主图字段；补图前暂不发布"
"1307","","849041","","","快插接头","未配置主图字段","","","","data/products/generated/fittings/quick-connect-fittings/index.json","$[111]","确认该产品数据是否缺少主图字段；补图前暂不发布"
"1308","","849018","","","快插接头","未配置主图字段","","","","data/products/generated/fittings/quick-connect-fittings/index.json","$[112]","确认该产品数据是否缺少主图字段；补图前暂不发布"
"1309","","849052","","","快插接头","未配置主图字段","","","","data/products/generated/fittings/quick-connect-fittings/index.json","$[113]","确认该产品数据是否缺少主图字段；补图前暂不发布"
"1310","","849001","","","快插接头","未配置主图字段","","","","data/products/generated/fittings/quick-connect-fittings/index.json","$[114]","确认该产品数据是否缺少主图字段；补图前暂不发布"
"1311","","849035","","","快插接头","未配置主图字段","","","","data/products/generated/fittings/quick-connect-fittings/index.json","$[115]","确认该产品数据是否缺少主图字段；补图前暂不发布"
"1312","","849033","","","快插接头","未配置主图字段","","","","data/products/generated/fittings/quick-connect-fittings/index.json","$[116]","确认该产品数据是否缺少主图字段；补图前暂不发布"
"1313","","849067","","","快插接头","未配置主图字段","","","","data/products/generated/fittings/quick-connect-fittings/index.json","$[117]","确认该产品数据是否缺少主图字段；补图前暂不发布"
"1314","","849016","","","快插接头","未配置主图字段","","","","data/products/generated/fittings/quick-connect-fittings/index.json","$[118]","确认该产品数据是否缺少主图字段；补图前暂不发布"
"1315","","849050","","","快插接头","未配置主图字段","","","","data/products/generated/fittings/quick-connect-fittings/index.json","$[119]","确认该产品数据是否缺少主图字段；补图前暂不发布"
"1316","","849028","","","快插接头","未配置主图字段","","","","data/products/generated/fittings/quick-connect-fittings/index.json","$[120]","确认该产品数据是否缺少主图字段；补图前暂不发布"
"1317","","849062","","","快插接头","未配置主图字段","","","","data/products/generated/fittings/quick-connect-fittings/index.json","$[121]","确认该产品数据是否缺少主图字段；补图前暂不发布"
"1318","","849011","","","快插接头","未配置主图字段","","","","data/products/generated/fittings/quick-connect-fittings/index.json","$[122]","确认该产品数据是否缺少主图字段；补图前暂不发布"
"1319","","849045","","","快插接头","未配置主图字段","","","","data/products/generated/fittings/quick-connect-fittings/index.json","$[123]","确认该产品数据是否缺少主图字段；补图前暂不发布"
"1320","","849025","","","快插接头","未配置主图字段","","","","data/products/generated/fittings/quick-connect-fittings/index.json","$[124]","确认该产品数据是否缺少主图字段；补图前暂不发布"
"1321","","849059","","","快插接头","未配置主图字段","","","","data/products/generated/fittings/quick-connect-fittings/index.json","$[125]","确认该产品数据是否缺少主图字段；补图前暂不发布"
"1322","","849008","","","快插接头","未配置主图字段","","","","data/products/generated/fittings/quick-connect-fittings/index.json","$[126]","确认该产品数据是否缺少主图字段；补图前暂不发布"
"1323","","849042","","","快插接头","未配置主图字段","","","","data/products/generated/fittings/quick-connect-fittings/index.json","$[127]","确认该产品数据是否缺少主图字段；补图前暂不发布"
"1324","","849019","","","快插接头","未配置主图字段","","","","data/products/generated/fittings/quick-connect-fittings/index.json","$[128]","确认该产品数据是否缺少主图字段；补图前暂不发布"
"1325","","849053","","","快插接头","未配置主图字段","","","","data/products/generated/fittings/quick-connect-fittings/index.json","$[129]","确认该产品数据是否缺少主图字段；补图前暂不发布"
"1326","","849002","","","快插接头","未配置主图字段","","","","data/products/generated/fittings/quick-connect-fittings/index.json","$[130]","确认该产品数据是否缺少主图字段；补图前暂不发布"
"1327","","849036","","","快插接头","未配置主图字段","","","","data/products/generated/fittings/quick-connect-fittings/index.json","$[131]","确认该产品数据是否缺少主图字段；补图前暂不发布"
"1328","","849034","","","快插接头","未配置主图字段","","","","data/products/generated/fittings/quick-connect-fittings/index.json","$[132]","确认该产品数据是否缺少主图字段；补图前暂不发布"
"1329","","849068","","","快插接头","未配置主图字段","","","","data/products/generated/fittings/quick-connect-fittings/index.json","$[133]","确认该产品数据是否缺少主图字段；补图前暂不发布"
"1330","","849017","","","快插接头","未配置主图字段","","","","data/products/generated/fittings/quick-connect-fittings/index.json","$[134]","确认该产品数据是否缺少主图字段；补图前暂不发布"
"1331","","849051","","","快插接头","未配置主图字段","","","","data/products/generated/fittings/quick-connect-fittings/index.json","$[135]","确认该产品数据是否缺少主图字段；补图前暂不发布"
"1332","","849029","","","快插接头","未配置主图字段","","","","data/products/generated/fittings/quick-connect-fittings/index.json","$[136]","确认该产品数据是否缺少主图字段；补图前暂不发布"
"1333","","849063","","","快插接头","未配置主图字段","","","","data/products/generated/fittings/quick-connect-fittings/index.json","$[137]","确认该产品数据是否缺少主图字段；补图前暂不发布"
"1334","","849013","","","快插接头","未配置主图字段","","","","data/products/generated/fittings/quick-connect-fittings/index.json","$[138]","确认该产品数据是否缺少主图字段；补图前暂不发布"
"1335","","849047","","","快插接头","未配置主图字段","","","","data/products/generated/fittings/quick-connect-fittings/index.json","$[139]","确认该产品数据是否缺少主图字段；补图前暂不发布"
"1336","","849012","","","快插接头","未配置主图字段","","","","data/products/generated/fittings/quick-connect-fittings/index.json","$[140]","确认该产品数据是否缺少主图字段；补图前暂不发布"
"1337","","849046","","","快插接头","未配置主图字段","","","","data/products/generated/fittings/quick-connect-fittings/index.json","$[141]","确认该产品数据是否缺少主图字段；补图前暂不发布"
"1338","","849026","","","快插接头","未配置主图字段","","","","data/products/generated/fittings/quick-connect-fittings/index.json","$[142]","确认该产品数据是否缺少主图字段；补图前暂不发布"
"1339","","849060","","","快插接头","未配置主图字段","","","","data/products/generated/fittings/quick-connect-fittings/index.json","$[143]","确认该产品数据是否缺少主图字段；补图前暂不发布"
"1340","","849009","","","快插接头","未配置主图字段","","","","data/products/generated/fittings/quick-connect-fittings/index.json","$[144]","确认该产品数据是否缺少主图字段；补图前暂不发布"
"1341","","849043","","","快插接头","未配置主图字段","","","","data/products/generated/fittings/quick-connect-fittings/index.json","$[145]","确认该产品数据是否缺少主图字段；补图前暂不发布"
"1342","","849020","","","快插接头","未配置主图字段","","","","data/products/generated/fittings/quick-connect-fittings/index.json","$[146]","确认该产品数据是否缺少主图字段；补图前暂不发布"
"1343","","849054","","","快插接头","未配置主图字段","","","","data/products/generated/fittings/quick-connect-fittings/index.json","$[147]","确认该产品数据是否缺少主图字段；补图前暂不发布"
"1344","","849003","","","快插接头","未配置主图字段","","","","data/products/generated/fittings/quick-connect-fittings/index.json","$[148]","确认该产品数据是否缺少主图字段；补图前暂不发布"
"1345","","849037","","","快插接头","未配置主图字段","","","","data/products/generated/fittings/quick-connect-fittings/index.json","$[149]","确认该产品数据是否缺少主图字段；补图前暂不发布"
"1346","","849031","","","快插接头","未配置主图字段","","","","data/products/generated/fittings/quick-connect-fittings/index.json","$[150]","确认该产品数据是否缺少主图字段；补图前暂不发布"
"1347","","849065","","","快插接头","未配置主图字段","","","","data/products/generated/fittings/quick-connect-fittings/index.json","$[151]","确认该产品数据是否缺少主图字段；补图前暂不发布"
"1348","","849023","","","快插接头","未配置主图字段","","","","data/products/generated/fittings/quick-connect-fittings/index.json","$[152]","确认该产品数据是否缺少主图字段；补图前暂不发布"
"1349","","849057","","","快插接头","未配置主图字段","","","","data/products/generated/fittings/quick-connect-fittings/index.json","$[153]","确认该产品数据是否缺少主图字段；补图前暂不发布"
"1350","","849006","","","快插接头","未配置主图字段","","","","data/products/generated/fittings/quick-connect-fittings/index.json","$[154]","确认该产品数据是否缺少主图字段；补图前暂不发布"
"1351","","849040","","","快插接头","未配置主图字段","","","","data/products/generated/fittings/quick-connect-fittings/index.json","$[155]","确认该产品数据是否缺少主图字段；补图前暂不发布"
"1352","","869032","","","快插接头","未配置主图字段","","","","data/products/generated/fittings/quick-connect-fittings/index.json","$[156]","确认该产品数据是否缺少主图字段；补图前暂不发布"
"1353","","869029","","","快插接头","未配置主图字段","","","","data/products/generated/fittings/quick-connect-fittings/index.json","$[157]","确认该产品数据是否缺少主图字段；补图前暂不发布"
"1354","","869012","","","快插接头","未配置主图字段","","","","data/products/generated/fittings/quick-connect-fittings/index.json","$[158]","确认该产品数据是否缺少主图字段；补图前暂不发布"
"1355","","869009","","","快插接头","未配置主图字段","","","","data/products/generated/fittings/quick-connect-fittings/index.json","$[159]","确认该产品数据是否缺少主图字段；补图前暂不发布"
"1356","","869020","","","快插接头","未配置主图字段","","","","data/products/generated/fittings/quick-connect-fittings/index.json","$[160]","确认该产品数据是否缺少主图字段；补图前暂不发布"
"1357","","869026","","","快插接头","未配置主图字段","","","","data/products/generated/fittings/quick-connect-fittings/index.json","$[161]","确认该产品数据是否缺少主图字段；补图前暂不发布"
"1358","","869018","","","快插接头","未配置主图字段","","","","data/products/generated/fittings/quick-connect-fittings/index.json","$[162]","确认该产品数据是否缺少主图字段；补图前暂不发布"
"1359","","869006","","","快插接头","未配置主图字段","","","","data/products/generated/fittings/quick-connect-fittings/index.json","$[163]","确认该产品数据是否缺少主图字段；补图前暂不发布"
"1360","","869021","","","快插接头","未配置主图字段","","","","data/products/generated/fittings/quick-connect-fittings/index.json","$[164]","确认该产品数据是否缺少主图字段；补图前暂不发布"
"1361","","869001","","","快插接头","未配置主图字段","","","","data/products/generated/fittings/quick-connect-fittings/index.json","$[165]","确认该产品数据是否缺少主图字段；补图前暂不发布"
"1362","","869033","","","快插接头","未配置主图字段","","","","data/products/generated/fittings/quick-connect-fittings/index.json","$[166]","确认该产品数据是否缺少主图字段；补图前暂不发布"
"1363","","869030","","","快插接头","未配置主图字段","","","","data/products/generated/fittings/quick-connect-fittings/index.json","$[167]","确认该产品数据是否缺少主图字段；补图前暂不发布"
"1364","","869013","","","快插接头","未配置主图字段","","","","data/products/generated/fittings/quick-connect-fittings/index.json","$[168]","确认该产品数据是否缺少主图字段；补图前暂不发布"
"1365","","869010","","","快插接头","未配置主图字段","","","","data/products/generated/fittings/quick-connect-fittings/index.json","$[169]","确认该产品数据是否缺少主图字段；补图前暂不发布"
"1366","","869036","","","快插接头","未配置主图字段","","","","data/products/generated/fittings/quick-connect-fittings/index.json","$[170]","确认该产品数据是否缺少主图字段；补图前暂不发布"
"1367","","869027","","","快插接头","未配置主图字段","","","","data/products/generated/fittings/quick-connect-fittings/index.json","$[171]","确认该产品数据是否缺少主图字段；补图前暂不发布"
"1368","","869019","","","快插接头","未配置主图字段","","","","data/products/generated/fittings/quick-connect-fittings/index.json","$[172]","确认该产品数据是否缺少主图字段；补图前暂不发布"
"1369","","869007","","","快插接头","未配置主图字段","","","","data/products/generated/fittings/quick-connect-fittings/index.json","$[173]","确认该产品数据是否缺少主图字段；补图前暂不发布"
"1370","","869041","","","快插接头","未配置主图字段","","","","data/products/generated/fittings/quick-connect-fittings/index.json","$[174]","确认该产品数据是否缺少主图字段；补图前暂不发布"
"1371","","869022","","","快插接头","未配置主图字段","","","","data/products/generated/fittings/quick-connect-fittings/index.json","$[175]","确认该产品数据是否缺少主图字段；补图前暂不发布"
"1372","","869002","","","快插接头","未配置主图字段","","","","data/products/generated/fittings/quick-connect-fittings/index.json","$[176]","确认该产品数据是否缺少主图字段；补图前暂不发布"
"1373","","869031","","","快插接头","未配置主图字段","","","","data/products/generated/fittings/quick-connect-fittings/index.json","$[177]","确认该产品数据是否缺少主图字段；补图前暂不发布"
"1374","","869011","","","快插接头","未配置主图字段","","","","data/products/generated/fittings/quick-connect-fittings/index.json","$[178]","确认该产品数据是否缺少主图字段；补图前暂不发布"
"1375","","869028","","","快插接头","未配置主图字段","","","","data/products/generated/fittings/quick-connect-fittings/index.json","$[179]","确认该产品数据是否缺少主图字段；补图前暂不发布"
"1376","","869008","","","快插接头","未配置主图字段","","","","data/products/generated/fittings/quick-connect-fittings/index.json","$[180]","确认该产品数据是否缺少主图字段；补图前暂不发布"
"1377","","869023","","","快插接头","未配置主图字段","","","","data/products/generated/fittings/quick-connect-fittings/index.json","$[181]","确认该产品数据是否缺少主图字段；补图前暂不发布"
"1378","","869003","","","快插接头","未配置主图字段","","","","data/products/generated/fittings/quick-connect-fittings/index.json","$[182]","确认该产品数据是否缺少主图字段；补图前暂不发布"
"1379","","869035","","","快插接头","未配置主图字段","","","","data/products/generated/fittings/quick-connect-fittings/index.json","$[183]","确认该产品数据是否缺少主图字段；补图前暂不发布"
"1380","","869015","","","快插接头","未配置主图字段","","","","data/products/generated/fittings/quick-connect-fittings/index.json","$[184]","确认该产品数据是否缺少主图字段；补图前暂不发布"
"1381","","869025","","","快插接头","未配置主图字段","","","","data/products/generated/fittings/quick-connect-fittings/index.json","$[185]","确认该产品数据是否缺少主图字段；补图前暂不发布"
"1382","","869005","","","快插接头","未配置主图字段","","","","data/products/generated/fittings/quick-connect-fittings/index.json","$[186]","确认该产品数据是否缺少主图字段；补图前暂不发布"
"1383","","869034","","","快插接头","未配置主图字段","","","","data/products/generated/fittings/quick-connect-fittings/index.json","$[187]","确认该产品数据是否缺少主图字段；补图前暂不发布"
"1384","","869014","","","快插接头","未配置主图字段","","","","data/products/generated/fittings/quick-connect-fittings/index.json","$[188]","确认该产品数据是否缺少主图字段；补图前暂不发布"
"1385","","869024","","","快插接头","未配置主图字段","","","","data/products/generated/fittings/quick-connect-fittings/index.json","$[189]","确认该产品数据是否缺少主图字段；补图前暂不发布"
"1386","","869004","","","快插接头","未配置主图字段","","","","data/products/generated/fittings/quick-connect-fittings/index.json","$[190]","确认该产品数据是否缺少主图字段；补图前暂不发布"
"1387","直通螺纹密封螺纹转倒刺接头","809268","SA-U32-24F-PP-N","sa-u32-24f-pp-n","fittings","主图字段为空","mainImage","","","data/products/generated/fittings/thread-to-barbed-fittings/detail/index.json","$[0]","补充主图路径；补图前暂不发布"
"1388","直通螺纹密封螺纹转倒刺接头","809269","SA-U32-32F-PP-N","sa-u32-32f-pp-n","fittings","正常","mainImage","/images/products/fittings/thread-to-barbed-fittings/details/sa-u32-32f-pp-n.jpg","F:\WebsiteProjects\foreach-website-2026\public\images\products\fittings\thread-to-barbed-fittings\details\sa-u32-32f-pp-n.jpg","data/products/generated/fittings/thread-to-barbed-fittings/detail/index.json","$[1]","无需处理"
"1389","直通螺纹密封螺纹转倒刺接头","809323","SA-U32-24F-PA-W","sa-u32-24f-pa-w","fittings","主图字段为空","mainImage","","","data/products/generated/fittings/thread-to-barbed-fittings/detail/index.json","$[2]","补充主图路径；补图前暂不发布"
"1390","直通螺纹密封螺纹转倒刺接头","809339","SA-U32-16F-PA-W","sa-u32-16f-pa-w","fittings","主图字段为空","mainImage","","","data/products/generated/fittings/thread-to-barbed-fittings/detail/index.json","$[3]","补充主图路径；补图前暂不发布"
"1391","直通螺纹密封螺纹转倒刺接头","809340","SA-U32-32F-PA-W","sa-u32-32f-pa-w","fittings","正常","mainImage","/images/products/fittings/thread-to-barbed-fittings/details/sa-u32-32f-pa-w.jpg","F:\WebsiteProjects\foreach-website-2026\public\images\products\fittings\thread-to-barbed-fittings\details\sa-u32-32f-pa-w.jpg","data/products/generated/fittings/thread-to-barbed-fittings/detail/index.json","$[4]","无需处理"
"1392","L型螺纹密封螺纹转倒刺接头","809382","SAL-U32-16D-PP-N","sal-u32-16d-pp-n","fittings","正常","mainImage","/images/products/fittings/thread-to-barbed-fittings/details/sal-u32-16d-pp-n.jpg","F:\WebsiteProjects\foreach-website-2026\public\images\products\fittings\thread-to-barbed-fittings\details\sal-u32-16d-pp-n.jpg","data/products/generated/fittings/thread-to-barbed-fittings/detail/index.json","$[5]","无需处理"
"1393","L型螺纹密封螺纹转倒刺接头","809383","SAL-U32-16D-PA-W","sal-u32-16d-pa-w","fittings","正常","mainImage","/images/products/fittings/thread-to-barbed-fittings/details/sal-u32-16d-pa-w.jpg","F:\WebsiteProjects\foreach-website-2026\public\images\products\fittings\thread-to-barbed-fittings\details\sal-u32-16d-pa-w.jpg","data/products/generated/fittings/thread-to-barbed-fittings/detail/index.json","$[6]","无需处理"
"1394","L型螺纹密封螺纹转倒刺接头","809384","SAL-U32-32D-PP-N","sal-u32-32d-pp-n","fittings","正常","mainImage","/images/products/fittings/thread-to-barbed-fittings/details/sal-u32-32d-pp-n.jpg","F:\WebsiteProjects\foreach-website-2026\public\images\products\fittings\thread-to-barbed-fittings\details\sal-u32-32d-pp-n.jpg","data/products/generated/fittings/thread-to-barbed-fittings/detail/index.json","$[7]","无需处理"
"1395","L型螺纹密封螺纹转倒刺接头","809385","SAL-U32-32D-PA-W","sal-u32-32d-pa-w","fittings","正常","mainImage","/images/products/fittings/thread-to-barbed-fittings/details/sal-u32-32d-pa-w.jpg","F:\WebsiteProjects\foreach-website-2026\public\images\products\fittings\thread-to-barbed-fittings\details\sal-u32-32d-pa-w.jpg","data/products/generated/fittings/thread-to-barbed-fittings/detail/index.json","$[8]","无需处理"
"1396","L型螺纹密封螺纹转倒刺接头","809386","SAL-U28-16D-PP-N","sal-u28-16d-pp-n","fittings","正常","mainImage","/images/products/fittings/thread-to-barbed-fittings/details/sal-u28-16d-pp-n.jpg","F:\WebsiteProjects\foreach-website-2026\public\images\products\fittings\thread-to-barbed-fittings\details\sal-u28-16d-pp-n.jpg","data/products/generated/fittings/thread-to-barbed-fittings/detail/index.json","$[9]","无需处理"
"1397","L型螺纹密封螺纹转倒刺接头","809387","SAL-U28-16D-PA-W","sal-u28-16d-pa-w","fittings","正常","mainImage","/images/products/fittings/thread-to-barbed-fittings/details/sal-u28-16d-pa-w.jpg","F:\WebsiteProjects\foreach-website-2026\public\images\products\fittings\thread-to-barbed-fittings\details\sal-u28-16d-pa-w.jpg","data/products/generated/fittings/thread-to-barbed-fittings/detail/index.json","$[10]","无需处理"
"1398","L型螺纹密封螺纹转倒刺接头","809388","SAL-U28-32D-PP-N","sal-u28-32d-pp-n","fittings","正常","mainImage","/images/products/fittings/thread-to-barbed-fittings/details/sal-u28-32d-pp-n.jpg","F:\WebsiteProjects\foreach-website-2026\public\images\products\fittings\thread-to-barbed-fittings\details\sal-u28-32d-pp-n.jpg","data/products/generated/fittings/thread-to-barbed-fittings/detail/index.json","$[11]","无需处理"
"1399","L型螺纹密封螺纹转倒刺接头","809389","SAL-U28-32D-PA-W","sal-u28-32d-pa-w","fittings","正常","mainImage","/images/products/fittings/thread-to-barbed-fittings/details/sal-u28-32d-pa-w.jpg","F:\WebsiteProjects\foreach-website-2026\public\images\products\fittings\thread-to-barbed-fittings\details\sal-u28-32d-pa-w.jpg","data/products/generated/fittings/thread-to-barbed-fittings/detail/index.json","$[12]","无需处理"
"1400","直通螺纹密封螺纹转倒刺接头","809465","SA-U28-16D-PP-N","sa-u28-16d-pp-n","fittings","正常","mainImage","/images/products/fittings/thread-to-barbed-fittings/details/sa-u28-16d-pp-n.jpg","F:\WebsiteProjects\foreach-website-2026\public\images\products\fittings\thread-to-barbed-fittings\details\sa-u28-16d-pp-n.jpg","data/products/generated/fittings/thread-to-barbed-fittings/detail/index.json","$[13]","无需处理"
"1401","直通螺纹密封螺纹转倒刺接头","809466","SA-U28-24D-PP-N","sa-u28-24d-pp-n","fittings","正常","mainImage","/images/products/fittings/thread-to-barbed-fittings/details/sa-u28-24d-pp-n.jpg","F:\WebsiteProjects\foreach-website-2026\public\images\products\fittings\thread-to-barbed-fittings\details\sa-u28-24d-pp-n.jpg","data/products/generated/fittings/thread-to-barbed-fittings/detail/index.json","$[14]","无需处理"
"1402","直通螺纹密封螺纹转倒刺接头","809467","SA-U28-32D-PP-N","sa-u28-32d-pp-n","fittings","正常","mainImage","/images/products/fittings/thread-to-barbed-fittings/details/sa-u28-32d-pp-n.jpg","F:\WebsiteProjects\foreach-website-2026\public\images\products\fittings\thread-to-barbed-fittings\details\sa-u28-32d-pp-n.jpg","data/products/generated/fittings/thread-to-barbed-fittings/detail/index.json","$[15]","无需处理"
"1403","直通螺纹密封螺纹转倒刺接头","809468","SA-U28-40D-PP-N","sa-u28-40d-pp-n","fittings","正常","mainImage","/images/products/fittings/thread-to-barbed-fittings/details/sa-u28-40d-pp-n.jpg","F:\WebsiteProjects\foreach-website-2026\public\images\products\fittings\thread-to-barbed-fittings\details\sa-u28-40d-pp-n.jpg","data/products/generated/fittings/thread-to-barbed-fittings/detail/index.json","$[16]","无需处理"
"1404","直通螺纹密封螺纹转倒刺接头","809469","SA-U28-48D-PP-N","sa-u28-48d-pp-n","fittings","正常","mainImage","/images/products/fittings/thread-to-barbed-fittings/details/sa-u28-48d-pp-n.jpg","F:\WebsiteProjects\foreach-website-2026\public\images\products\fittings\thread-to-barbed-fittings\details\sa-u28-48d-pp-n.jpg","data/products/generated/fittings/thread-to-barbed-fittings/detail/index.json","$[17]","无需处理"
"1405","直通螺纹密封螺纹转倒刺接头","809470","SA-1/8NPT-24C-PP-N","sa-1-8npt-24c-pp-n","fittings","正常","mainImage","/images/products/fittings/thread-to-barbed-fittings/details/sa-1-8npt-24c-pp-n.jpg","F:\WebsiteProjects\foreach-website-2026\public\images\products\fittings\thread-to-barbed-fittings\details\sa-1-8npt-24c-pp-n.jpg","data/products/generated/fittings/thread-to-barbed-fittings/detail/index.json","$[18]","无需处理"
"1406","直通螺纹密封螺纹转倒刺接头","809471","SA-1/8NPT-32C-PP-N","sa-1-8npt-32c-pp-n","fittings","正常","mainImage","/images/products/fittings/thread-to-barbed-fittings/details/sa-1-8npt-32c-pp-n.jpg","F:\WebsiteProjects\foreach-website-2026\public\images\products\fittings\thread-to-barbed-fittings\details\sa-1-8npt-32c-pp-n.jpg","data/products/generated/fittings/thread-to-barbed-fittings/detail/index.json","$[19]","无需处理"
"1407","直通螺纹密封螺纹转倒刺接头","809472","SA-1/8NPT-40C-PP-N","sa-1-8npt-40c-pp-n","fittings","正常","mainImage","/images/products/fittings/thread-to-barbed-fittings/details/sa-1-8npt-40c-pp-n.jpg","F:\WebsiteProjects\foreach-website-2026\public\images\products\fittings\thread-to-barbed-fittings\details\sa-1-8npt-40c-pp-n.jpg","data/products/generated/fittings/thread-to-barbed-fittings/detail/index.json","$[20]","无需处理"
"1408","直通螺纹密封螺纹转倒刺接头","809473","SA-1/8NPT-48C-PP-N","sa-1-8npt-48c-pp-n","fittings","正常","mainImage","/images/products/fittings/thread-to-barbed-fittings/details/sa-1-8npt-48c-pp-n.jpg","F:\WebsiteProjects\foreach-website-2026\public\images\products\fittings\thread-to-barbed-fittings\details\sa-1-8npt-48c-pp-n.jpg","data/products/generated/fittings/thread-to-barbed-fittings/detail/index.json","$[21]","无需处理"
"1409","直通螺纹密封螺纹转倒刺接头","809474","SA-1/8NPT-64C-PP-N","sa-1-8npt-64c-pp-n","fittings","正常","mainImage","/images/products/fittings/thread-to-barbed-fittings/details/sa-1-8npt-64c-pp-n.jpg","F:\WebsiteProjects\foreach-website-2026\public\images\products\fittings\thread-to-barbed-fittings\details\sa-1-8npt-64c-pp-n.jpg","data/products/generated/fittings/thread-to-barbed-fittings/detail/index.json","$[22]","无需处理"
"1410","L型螺纹密封螺纹转倒刺接头","809475","SAL-1/8NPT-64D-PP-N","sal-1-8npt-64d-pp-n","fittings","正常","mainImage","/images/products/fittings/thread-to-barbed-fittings/details/sal-1-8npt-64d-pp-n.jpg","F:\WebsiteProjects\foreach-website-2026\public\images\products\fittings\thread-to-barbed-fittings\details\sal-1-8npt-64d-pp-n.jpg","data/products/generated/fittings/thread-to-barbed-fittings/detail/index.json","$[23]","无需处理"
"1411","直通螺纹密封螺纹转倒刺接头","809476","SA-1/4NPT-32D-PP-N","sa-1-4npt-32d-pp-n","fittings","正常","mainImage","/images/products/fittings/thread-to-barbed-fittings/details/sa-1-4npt-32d-pp-n.jpg","F:\WebsiteProjects\foreach-website-2026\public\images\products\fittings\thread-to-barbed-fittings\details\sa-1-4npt-32d-pp-n.jpg","data/products/generated/fittings/thread-to-barbed-fittings/detail/index.json","$[24]","无需处理"
"1412","直通螺纹密封螺纹转倒刺接头","809477","SA-1/4NPT-64D-PP-N","sa-1-4npt-64d-pp-n","fittings","正常","mainImage","/images/products/fittings/thread-to-barbed-fittings/details/sa-1-4npt-64d-pp-n.jpg","F:\WebsiteProjects\foreach-website-2026\public\images\products\fittings\thread-to-barbed-fittings\details\sa-1-4npt-64d-pp-n.jpg","data/products/generated/fittings/thread-to-barbed-fittings/detail/index.json","$[25]","无需处理"
"1413","直通螺纹密封螺纹转倒刺接头","809478","SA-1/4NPT-95D-PP-N","sa-1-4npt-95d-pp-n","fittings","正常","mainImage","/images/products/fittings/thread-to-barbed-fittings/details/sa-1-4npt-95d-pp-n.jpg","F:\WebsiteProjects\foreach-website-2026\public\images\products\fittings\thread-to-barbed-fittings\details\sa-1-4npt-95d-pp-n.jpg","data/products/generated/fittings/thread-to-barbed-fittings/detail/index.json","$[26]","无需处理"
"1414","直通螺纹密封螺纹转倒刺接头","809494","SA-U28-24D-PA-W","sa-u28-24d-pa-w","fittings","正常","mainImage","/images/products/fittings/thread-to-barbed-fittings/details/sa-u28-24d-pa-w.jpg","F:\WebsiteProjects\foreach-website-2026\public\images\products\fittings\thread-to-barbed-fittings\details\sa-u28-24d-pa-w.jpg","data/products/generated/fittings/thread-to-barbed-fittings/detail/index.json","$[27]","无需处理"
"1415","直通螺纹密封螺纹转倒刺接头","809495","SA-U28-40D-PA-W","sa-u28-40d-pa-w","fittings","正常","mainImage","/images/products/fittings/thread-to-barbed-fittings/details/sa-u28-40d-pa-w.jpg","F:\WebsiteProjects\foreach-website-2026\public\images\products\fittings\thread-to-barbed-fittings\details\sa-u28-40d-pa-w.jpg","data/products/generated/fittings/thread-to-barbed-fittings/detail/index.json","$[28]","无需处理"
"1416","直通螺纹密封螺纹转倒刺接头","809500","SA-U28-32D-PA-W","sa-u28-32d-pa-w","fittings","正常","mainImage","/images/products/fittings/thread-to-barbed-fittings/details/sa-u28-32d-pa-w.jpg","F:\WebsiteProjects\foreach-website-2026\public\images\products\fittings\thread-to-barbed-fittings\details\sa-u28-32d-pa-w.jpg","data/products/generated/fittings/thread-to-barbed-fittings/detail/index.json","$[29]","无需处理"
"1417","直通螺纹密封螺纹转倒刺接头","809501","SA-U28-48D-PA-W","sa-u28-48d-pa-w","fittings","正常","mainImage","/images/products/fittings/thread-to-barbed-fittings/details/sa-u28-48d-pa-w.jpg","F:\WebsiteProjects\foreach-website-2026\public\images\products\fittings\thread-to-barbed-fittings\details\sa-u28-48d-pa-w.jpg","data/products/generated/fittings/thread-to-barbed-fittings/detail/index.json","$[30]","无需处理"
"1418","直通螺纹密封螺纹转倒刺接头","809502","SA-1/8NPT-24C-PA-W","sa-1-8npt-24c-pa-w","fittings","正常","mainImage","/images/products/fittings/thread-to-barbed-fittings/details/sa-1-8npt-24c-pa-w.jpg","F:\WebsiteProjects\foreach-website-2026\public\images\products\fittings\thread-to-barbed-fittings\details\sa-1-8npt-24c-pa-w.jpg","data/products/generated/fittings/thread-to-barbed-fittings/detail/index.json","$[31]","无需处理"
"1419","直通螺纹密封螺纹转倒刺接头","809503","SA-1/8NPT-32C-PA-W","sa-1-8npt-32c-pa-w","fittings","正常","mainImage","/images/products/fittings/thread-to-barbed-fittings/details/sa-1-8npt-32c-pa-w.jpg","F:\WebsiteProjects\foreach-website-2026\public\images\products\fittings\thread-to-barbed-fittings\details\sa-1-8npt-32c-pa-w.jpg","data/products/generated/fittings/thread-to-barbed-fittings/detail/index.json","$[32]","无需处理"
"1420","直通螺纹密封螺纹转倒刺接头","809504","SA-1/8NPT-40C-PA-W","sa-1-8npt-40c-pa-w","fittings","正常","mainImage","/images/products/fittings/thread-to-barbed-fittings/details/sa-1-8npt-40c-pa-w.jpg","F:\WebsiteProjects\foreach-website-2026\public\images\products\fittings\thread-to-barbed-fittings\details\sa-1-8npt-40c-pa-w.jpg","data/products/generated/fittings/thread-to-barbed-fittings/detail/index.json","$[33]","无需处理"
"1421","直通螺纹密封螺纹转倒刺接头","809505","SA-1/8NPT-48C-PA-W","sa-1-8npt-48c-pa-w","fittings","正常","mainImage","/images/products/fittings/thread-to-barbed-fittings/details/sa-1-8npt-48c-pa-w.jpg","F:\WebsiteProjects\foreach-website-2026\public\images\products\fittings\thread-to-barbed-fittings\details\sa-1-8npt-48c-pa-w.jpg","data/products/generated/fittings/thread-to-barbed-fittings/detail/index.json","$[34]","无需处理"
"1422","直通螺纹密封螺纹转倒刺接头","809506","SA-1/8NPT-64C-PA-W","sa-1-8npt-64c-pa-w","fittings","正常","mainImage","/images/products/fittings/thread-to-barbed-fittings/details/sa-1-8npt-64c-pa-w.jpg","F:\WebsiteProjects\foreach-website-2026\public\images\products\fittings\thread-to-barbed-fittings\details\sa-1-8npt-64c-pa-w.jpg","data/products/generated/fittings/thread-to-barbed-fittings/detail/index.json","$[35]","无需处理"
"1423","L型螺纹密封螺纹转倒刺接头","809507","SAL-1/8NPT-64D-PA-W","sal-1-8npt-64d-pa-w","fittings","正常","mainImage","/images/products/fittings/thread-to-barbed-fittings/details/sal-1-8npt-64d-pa-w.jpg","F:\WebsiteProjects\foreach-website-2026\public\images\products\fittings\thread-to-barbed-fittings\details\sal-1-8npt-64d-pa-w.jpg","data/products/generated/fittings/thread-to-barbed-fittings/detail/index.json","$[36]","无需处理"
"1424","直通螺纹密封螺纹转倒刺接头","809509","SA-1/4NPT-64D-PA-W","sa-1-4npt-64d-pa-w","fittings","正常","mainImage","/images/products/fittings/thread-to-barbed-fittings/details/sa-1-4npt-64d-pa-w.jpg","F:\WebsiteProjects\foreach-website-2026\public\images\products\fittings\thread-to-barbed-fittings\details\sa-1-4npt-64d-pa-w.jpg","data/products/generated/fittings/thread-to-barbed-fittings/detail/index.json","$[37]","无需处理"
"1425","直通螺纹密封螺纹转倒刺接头","809510","SA-1/4NPT-95D-PA-W","sa-1-4npt-95d-pa-w","fittings","正常","mainImage","/images/products/fittings/thread-to-barbed-fittings/details/sa-1-4npt-95d-pa-w.jpg","F:\WebsiteProjects\foreach-website-2026\public\images\products\fittings\thread-to-barbed-fittings\details\sa-1-4npt-95d-pa-w.jpg","data/products/generated/fittings/thread-to-barbed-fittings/detail/index.json","$[38]","无需处理"
"1426","直通螺纹密封螺纹转倒刺接头","809826","SA-U32-24F-PV-N","sa-u32-24f-pv-n","fittings","主图字段为空","mainImage","","","data/products/generated/fittings/thread-to-barbed-fittings/detail/index.json","$[39]","补充主图路径；补图前暂不发布"
"1427","直通螺纹密封螺纹转倒刺接头","809835","SA-X32-32D-PA-W","sa-x32-32d-pa-w","fittings","正常","mainImage","/images/products/fittings/thread-to-barbed-fittings/details/sa-x32-32d-pa-w.jpg","F:\WebsiteProjects\foreach-website-2026\public\images\products\fittings\thread-to-barbed-fittings\details\sa-x32-32d-pa-w.jpg","data/products/generated/fittings/thread-to-barbed-fittings/detail/index.json","$[40]","无需处理"
"1428","直通螺纹密封螺纹转倒刺接头","809836","SA-X32-24D-PP-N","sa-x32-24d-pp-n","fittings","正常","mainImage","/images/products/fittings/thread-to-barbed-fittings/details/sa-x32-24d-pp-n.jpg","F:\WebsiteProjects\foreach-website-2026\public\images\products\fittings\thread-to-barbed-fittings\details\sa-x32-24d-pp-n.jpg","data/products/generated/fittings/thread-to-barbed-fittings/detail/index.json","$[41]","无需处理"
"1429","直通螺纹密封螺纹转倒刺接头","809847","SA-X32-24D-PA-W","sa-x32-24d-pa-w","fittings","正常","mainImage","/images/products/fittings/thread-to-barbed-fittings/details/sa-x32-24d-pa-w.jpg","F:\WebsiteProjects\foreach-website-2026\public\images\products\fittings\thread-to-barbed-fittings\details\sa-x32-24d-pa-w.jpg","data/products/generated/fittings/thread-to-barbed-fittings/detail/index.json","$[42]","无需处理"
"1430","直通螺纹密封螺纹转倒刺接头","809848","SA-X32-32D-PP-N","sa-x32-32d-pp-n","fittings","正常","mainImage","/images/products/fittings/thread-to-barbed-fittings/details/sa-x32-32d-pp-n.jpg","F:\WebsiteProjects\foreach-website-2026\public\images\products\fittings\thread-to-barbed-fittings\details\sa-x32-32d-pp-n.jpg","data/products/generated/fittings/thread-to-barbed-fittings/detail/index.json","$[43]","无需处理"
"1431","直通螺纹密封螺纹转倒刺接头","839936","SA-3/8NPT-127-PP-N","sa-3-8npt-127-pp-n","fittings","主图字段为空","mainImage","","","data/products/generated/fittings/thread-to-barbed-fittings/detail/index.json","$[44]","补充主图路径；补图前暂不发布"
"1432","直通螺纹密封螺纹转倒刺接头","809948","SA-U32-16D-PP-N","sa-u32-16d-pp-n","fittings","主图字段为空","mainImage","","","data/products/generated/fittings/thread-to-barbed-fittings/detail/index.json","$[45]","补充主图路径；补图前暂不发布"
"1433","直通螺纹密封螺纹转倒刺接头","809952","SA-U32-16D-PA-W","sa-u32-16d-pa-w","fittings","主图字段为空","mainImage","","","data/products/generated/fittings/thread-to-barbed-fittings/detail/index.json","$[46]","补充主图路径；补图前暂不发布"
"1434","直通螺纹密封螺纹转倒刺接头","809490","SA-G1/8-40C-PV-N","sa-g1-8-40c-pv-n","fittings","主图字段为空","mainImage","","","data/products/generated/fittings/thread-to-barbed-fittings/detail/index.json","$[47]","补充主图路径；补图前暂不发布"
"1435","直通螺纹密封螺纹转倒刺接头","809546","SA-G1/8-40C-PV-N(O圈FKM)","sa-g1-8-40c-pv-n-o-ringfkm","fittings","主图字段为空","mainImage","","","data/products/generated/fittings/thread-to-barbed-fittings/detail/index.json","$[48]","补充主图路径；补图前暂不发布"
"1436","直通螺纹密封螺纹转倒刺接头","809034","SA-G1/8-64C-PP-N（带O圈）","sa-g1-8-64c-pp-n-o-ring-809034","fittings","主图字段为空","mainImage","","","data/products/generated/fittings/thread-to-barbed-fittings/detail/index.json","$[49]","补充主图路径；补图前暂不发布"
"1437","直通螺纹密封螺纹转倒刺接头","809867","SA-G1/8-40C-PV-N（带O圈）","sa-g1-8-40c-pv-n-o-ring","fittings","主图字段为空","mainImage","","","data/products/generated/fittings/thread-to-barbed-fittings/detail/index.json","$[50]","补充主图路径；补图前暂不发布"
"1438","直通螺纹密封螺纹转倒刺接头","809868","SA-G1/8-40C-PP-N（带O圈）","sa-g1-8-40c-pp-n-o-ring","fittings","主图字段为空","mainImage","","","data/products/generated/fittings/thread-to-barbed-fittings/detail/index.json","$[51]","补充主图路径；补图前暂不发布"
"1439","直通螺纹密封螺纹转倒刺接头","809873","SA-G1/8-64C-PV-N（带O圈）","sa-g1-8-64c-pv-n-o-ring","fittings","主图字段为空","mainImage","","","data/products/generated/fittings/thread-to-barbed-fittings/detail/index.json","$[52]","补充主图路径；补图前暂不发布"
"1440","直通螺纹密封螺纹转倒刺接头","809924","SA-G1/8-64C-PP-N（带O圈）","sa-g1-8-64c-pp-n-o-ring-809924","fittings","主图字段为空","mainImage","","","data/products/generated/fittings/thread-to-barbed-fittings/detail/index.json","$[53]","补充主图路径；补图前暂不发布"
"1441","直通螺纹密封螺纹转倒刺接头","809953","SA-G1/8-64C-PK-N（带o圈）","sa-g1-8-64c-pk-n-o-ring","fittings","主图字段为空","mainImage","","","data/products/generated/fittings/thread-to-barbed-fittings/detail/index.json","$[54]","补充主图路径；补图前暂不发布"
"1442","直通底面密封螺纹转倒刺接头","809003","SB-U28-16-PP-N","sb-u28-16-pp-n","fittings","正常","mainImage","/images/products/fittings/thread-to-barbed-fittings/details/sb-u28-16-pp-n.jpg","F:\WebsiteProjects\foreach-website-2026\public\images\products\fittings\thread-to-barbed-fittings\details\sb-u28-16-pp-n.jpg","data/products/generated/fittings/thread-to-barbed-fittings/detail/index.json","$[55]","无需处理"
"1443","直通底面密封螺纹转倒刺接头","809007","SB-U28-24-PP-N","sb-u28-24-pp-n","fittings","正常","mainImage","/images/products/fittings/thread-to-barbed-fittings/details/sb-u28-24-pp-n.jpg","F:\WebsiteProjects\foreach-website-2026\public\images\products\fittings\thread-to-barbed-fittings\details\sb-u28-24-pp-n.jpg","data/products/generated/fittings/thread-to-barbed-fittings/detail/index.json","$[56]","无需处理"
"1444","直通底面密封螺纹转倒刺接头","809010","SB-U28-32-PP-N","sb-u28-32-pp-n","fittings","正常","mainImage","/images/products/fittings/thread-to-barbed-fittings/details/sb-u28-32-pp-n.jpg","F:\WebsiteProjects\foreach-website-2026\public\images\products\fittings\thread-to-barbed-fittings\details\sb-u28-32-pp-n.jpg","data/products/generated/fittings/thread-to-barbed-fittings/detail/index.json","$[57]","无需处理"
"1445","直通底面密封螺纹转倒刺接头","809014","SB-U28-40-PP-N","sb-u28-40-pp-n","fittings","正常","mainImage","/images/products/fittings/thread-to-barbed-fittings/details/sb-u28-40-pp-n.jpg","F:\WebsiteProjects\foreach-website-2026\public\images\products\fittings\thread-to-barbed-fittings\details\sb-u28-40-pp-n.jpg","data/products/generated/fittings/thread-to-barbed-fittings/detail/index.json","$[58]","无需处理"
"1446","直通底面密封螺纹转倒刺接头","809017","SB-M6-16-PP-N","sb-m6-16-pp-n","fittings","正常","mainImage","/images/products/fittings/thread-to-barbed-fittings/details/sb-m6-16-pp-n.jpg","F:\WebsiteProjects\foreach-website-2026\public\images\products\fittings\thread-to-barbed-fittings\details\sb-m6-16-pp-n.jpg","data/products/generated/fittings/thread-to-barbed-fittings/detail/index.json","$[59]","无需处理"
"1447","直通底面密封螺纹转倒刺接头","809021","SB-M6-24-PP-N","sb-m6-24-pp-n","fittings","正常","mainImage","/images/products/fittings/thread-to-barbed-fittings/details/sb-m6-24-pp-n.jpg","F:\WebsiteProjects\foreach-website-2026\public\images\products\fittings\thread-to-barbed-fittings\details\sb-m6-24-pp-n.jpg","data/products/generated/fittings/thread-to-barbed-fittings/detail/index.json","$[60]","无需处理"
"1448","直通底面密封螺纹转倒刺接头","809024","SB-M6-32-PP-N","sb-m6-32-pp-n","fittings","正常","mainImage","/images/products/fittings/thread-to-barbed-fittings/details/sb-m6-32-pp-n.jpg","F:\WebsiteProjects\foreach-website-2026\public\images\products\fittings\thread-to-barbed-fittings\details\sb-m6-32-pp-n.jpg","data/products/generated/fittings/thread-to-barbed-fittings/detail/index.json","$[61]","无需处理"
"1449","直通底面密封螺纹转倒刺接头","809028","SB-M6-40-PP-N","sb-m6-40-pp-n","fittings","正常","mainImage","/images/products/fittings/thread-to-barbed-fittings/details/sb-m6-40-pp-n.jpg","F:\WebsiteProjects\foreach-website-2026\public\images\products\fittings\thread-to-barbed-fittings\details\sb-m6-40-pp-n.jpg","data/products/generated/fittings/thread-to-barbed-fittings/detail/index.json","$[62]","无需处理"
"1450","直通底面密封螺纹转倒刺接头","809002","SB-U28-16-AC-B","sb-u28-16-ac-b","fittings","正常","mainImage","/images/products/fittings/thread-to-barbed-fittings/details/sb-u28-16-ac-b.jpg","F:\WebsiteProjects\foreach-website-2026\public\images\products\fittings\thread-to-barbed-fittings\details\sb-u28-16-ac-b.jpg","data/products/generated/fittings/thread-to-barbed-fittings/detail/index.json","$[63]","无需处理"
"1451","直通底面密封螺纹转倒刺接头","809006","SB-U28-24-AC-B","sb-u28-24-ac-b","fittings","正常","mainImage","/images/products/fittings/thread-to-barbed-fittings/details/sb-u28-24-ac-b.jpg","F:\WebsiteProjects\foreach-website-2026\public\images\products\fittings\thread-to-barbed-fittings\details\sb-u28-24-ac-b.jpg","data/products/generated/fittings/thread-to-barbed-fittings/detail/index.json","$[64]","无需处理"
"1452","直通底面密封螺纹转倒刺接头","809009","SB-U28-32-AC-B","sb-u28-32-ac-b","fittings","正常","mainImage","/images/products/fittings/thread-to-barbed-fittings/details/sb-u28-32-ac-b.jpg","F:\WebsiteProjects\foreach-website-2026\public\images\products\fittings\thread-to-barbed-fittings\details\sb-u28-32-ac-b.jpg","data/products/generated/fittings/thread-to-barbed-fittings/detail/index.json","$[65]","无需处理"
"1453","直通底面密封螺纹转倒刺接头","809013","SB-U28-40-AC-B","sb-u28-40-ac-b","fittings","正常","mainImage","/images/products/fittings/thread-to-barbed-fittings/details/sb-u28-40-ac-b.jpg","F:\WebsiteProjects\foreach-website-2026\public\images\products\fittings\thread-to-barbed-fittings\details\sb-u28-40-ac-b.jpg","data/products/generated/fittings/thread-to-barbed-fittings/detail/index.json","$[66]","无需处理"
"1454","直通底面密封螺纹转倒刺接头","809020","SB-M6-24-AC-B","sb-m6-24-ac-b","fittings","正常","mainImage","/images/products/fittings/thread-to-barbed-fittings/details/sb-m6-24-ac-b.jpg","F:\WebsiteProjects\foreach-website-2026\public\images\products\fittings\thread-to-barbed-fittings\details\sb-m6-24-ac-b.jpg","data/products/generated/fittings/thread-to-barbed-fittings/detail/index.json","$[67]","无需处理"
"1455","直通底面密封螺纹转倒刺接头","809027","SB-M6-40-AC-B","sb-m6-40-ac-b","fittings","正常","mainImage","/images/products/fittings/thread-to-barbed-fittings/details/sb-m6-40-ac-b.jpg","F:\WebsiteProjects\foreach-website-2026\public\images\products\fittings\thread-to-barbed-fittings\details\sb-m6-40-ac-b.jpg","data/products/generated/fittings/thread-to-barbed-fittings/detail/index.json","$[68]","无需处理"
"1456","直通底面密封螺纹转倒刺接头","809001","SB-U28-16-PV-N","sb-u28-16-pv-n","fittings","正常","mainImage","/images/products/fittings/thread-to-barbed-fittings/details/sb-u28-16-pv-n.jpg","F:\WebsiteProjects\foreach-website-2026\public\images\products\fittings\thread-to-barbed-fittings\details\sb-u28-16-pv-n.jpg","data/products/generated/fittings/thread-to-barbed-fittings/detail/index.json","$[69]","无需处理"
"1457","直通底面密封螺纹转倒刺接头","809005","SB-U28-24-PV-N","sb-u28-24-pv-n","fittings","正常","mainImage","/images/products/fittings/thread-to-barbed-fittings/details/sb-u28-24-pv-n.jpg","F:\WebsiteProjects\foreach-website-2026\public\images\products\fittings\thread-to-barbed-fittings\details\sb-u28-24-pv-n.jpg","data/products/generated/fittings/thread-to-barbed-fittings/detail/index.json","$[70]","无需处理"
"1458","直通底面密封螺纹转倒刺接头","809008","SB-U28-32-PV-N","sb-u28-32-pv-n","fittings","正常","mainImage","/images/products/fittings/thread-to-barbed-fittings/details/sb-u28-32-pv-n.jpg","F:\WebsiteProjects\foreach-website-2026\public\images\products\fittings\thread-to-barbed-fittings\details\sb-u28-32-pv-n.jpg","data/products/generated/fittings/thread-to-barbed-fittings/detail/index.json","$[71]","无需处理"
"1459","直通底面密封螺纹转倒刺接头","809012","SB-U28-40-PV-N","sb-u28-40-pv-n","fittings","正常","mainImage","/images/products/fittings/thread-to-barbed-fittings/details/sb-u28-40-pv-n.jpg","F:\WebsiteProjects\foreach-website-2026\public\images\products\fittings\thread-to-barbed-fittings\details\sb-u28-40-pv-n.jpg","data/products/generated/fittings/thread-to-barbed-fittings/detail/index.json","$[72]","无需处理"
"1460","直通底面密封螺纹转倒刺接头","809015","SB-M6-16-PV-N","sb-m6-16-pv-n","fittings","正常","mainImage","/images/products/fittings/thread-to-barbed-fittings/details/sb-m6-16-pv-n.jpg","F:\WebsiteProjects\foreach-website-2026\public\images\products\fittings\thread-to-barbed-fittings\details\sb-m6-16-pv-n.jpg","data/products/generated/fittings/thread-to-barbed-fittings/detail/index.json","$[73]","无需处理"
"1461","直通底面密封螺纹转倒刺接头","809019","SB-M6-24-PV-N","sb-m6-24-pv-n","fittings","正常","mainImage","/images/products/fittings/thread-to-barbed-fittings/details/sb-m6-24-pv-n.jpg","F:\WebsiteProjects\foreach-website-2026\public\images\products\fittings\thread-to-barbed-fittings\details\sb-m6-24-pv-n.jpg","data/products/generated/fittings/thread-to-barbed-fittings/detail/index.json","$[74]","无需处理"
"1462","直通底面密封螺纹转倒刺接头","809022","SB-M6-32-PV-N","sb-m6-32-pv-n","fittings","正常","mainImage","/images/products/fittings/thread-to-barbed-fittings/details/sb-m6-32-pv-n.jpg","F:\WebsiteProjects\foreach-website-2026\public\images\products\fittings\thread-to-barbed-fittings\details\sb-m6-32-pv-n.jpg","data/products/generated/fittings/thread-to-barbed-fittings/detail/index.json","$[75]","无需处理"
"1463","直通底面密封螺纹转倒刺接头","809026","SB-M6-40-PV-N","sb-m6-40-pv-n","fittings","正常","mainImage","/images/products/fittings/thread-to-barbed-fittings/details/sb-m6-40-pv-n.jpg","F:\WebsiteProjects\foreach-website-2026\public\images\products\fittings\thread-to-barbed-fittings\details\sb-m6-40-pv-n.jpg","data/products/generated/fittings/thread-to-barbed-fittings/detail/index.json","$[76]","无需处理"
"1464","直通底面密封螺纹转倒刺接头","809004","SB-U28-16-PP-W","sb-u28-16-pp-w","fittings","主图字段为空","mainImage","","","data/products/generated/fittings/thread-to-barbed-fittings/detail/index.json","$[77]","补充主图路径；补图前暂不发布"
"1465","直通底面密封螺纹转倒刺接头","809011","SB-U28-32-PP-W","sb-u28-32-pp-w","fittings","主图字段为空","mainImage","","","data/products/generated/fittings/thread-to-barbed-fittings/detail/index.json","$[78]","补充主图路径；补图前暂不发布"
"1466","直通底面密封螺纹转倒刺接头","809018","SB-M6-16-PP-W","sb-m6-16-pp-w","fittings","主图字段为空","mainImage","","","data/products/generated/fittings/thread-to-barbed-fittings/detail/index.json","$[79]","补充主图路径；补图前暂不发布"
"1467","直通底面密封螺纹转倒刺接头","809025","SB-M6-32-PP-W","sb-m6-32-pp-w","fittings","主图字段为空","mainImage","","","data/products/generated/fittings/thread-to-barbed-fittings/detail/index.json","$[80]","补充主图路径；补图前暂不发布"
"1468","直通底面密封螺纹转倒刺接头","809479","SB-M5-24D-PP-N","sb-m5-24d-pp-n","fittings","正常","mainImage","/images/products/fittings/thread-to-barbed-fittings/details/sb-m5-24d-pp-n.jpg","F:\WebsiteProjects\foreach-website-2026\public\images\products\fittings\thread-to-barbed-fittings\details\sb-m5-24d-pp-n.jpg","data/products/generated/fittings/thread-to-barbed-fittings/detail/index.json","$[81]","无需处理"
"1469","直通底面密封螺纹转倒刺接头","809480","SB-M5-32D-PP-N","sb-m5-32d-pp-n","fittings","正常","mainImage","/images/products/fittings/thread-to-barbed-fittings/details/sb-m5-32d-pp-n.jpg","F:\WebsiteProjects\foreach-website-2026\public\images\products\fittings\thread-to-barbed-fittings\details\sb-m5-32d-pp-n.jpg","data/products/generated/fittings/thread-to-barbed-fittings/detail/index.json","$[82]","无需处理"
"1470","直通底面密封螺纹转倒刺接头","809481","SB-M5-40D-PP-N","sb-m5-40d-pp-n","fittings","正常","mainImage","/images/products/fittings/thread-to-barbed-fittings/details/sb-m5-40d-pp-n.jpg","F:\WebsiteProjects\foreach-website-2026\public\images\products\fittings\thread-to-barbed-fittings\details\sb-m5-40d-pp-n.jpg","data/products/generated/fittings/thread-to-barbed-fittings/detail/index.json","$[83]","无需处理"
"1471","直通底面密封螺纹转倒刺接头","809511","SB-M5-24D-PA-W","sb-m5-24d-pa-w","fittings","正常","mainImage","/images/products/fittings/thread-to-barbed-fittings/details/sb-m5-24d-pa-w.jpg","F:\WebsiteProjects\foreach-website-2026\public\images\products\fittings\thread-to-barbed-fittings\details\sb-m5-24d-pa-w.jpg","data/products/generated/fittings/thread-to-barbed-fittings/detail/index.json","$[84]","无需处理"
"1472","直通底面密封螺纹转倒刺接头","809512","SB-M5-32D-PA-W","sb-m5-32d-pa-w","fittings","正常","mainImage","/images/products/fittings/thread-to-barbed-fittings/details/sb-m5-32d-pa-w.jpg","F:\WebsiteProjects\foreach-website-2026\public\images\products\fittings\thread-to-barbed-fittings\details\sb-m5-32d-pa-w.jpg","data/products/generated/fittings/thread-to-barbed-fittings/detail/index.json","$[85]","无需处理"
"1473","直通底面密封螺纹转倒刺接头","809513","SB-M5-40D-PA-W","sb-m5-40d-pa-w","fittings","正常","mainImage","/images/products/fittings/thread-to-barbed-fittings/details/sb-m5-40d-pa-w.jpg","F:\WebsiteProjects\foreach-website-2026\public\images\products\fittings\thread-to-barbed-fittings\details\sb-m5-40d-pa-w.jpg","data/products/generated/fittings/thread-to-barbed-fittings/detail/index.json","$[86]","无需处理"
"1474","直通底面密封螺纹转倒刺接头","809647","SB-M5-16D-PP-N","sb-m5-16d-pp-n","fittings","正常","mainImage","/images/products/fittings/thread-to-barbed-fittings/details/sb-m5-16d-pp-n.jpg","F:\WebsiteProjects\foreach-website-2026\public\images\products\fittings\thread-to-barbed-fittings\details\sb-m5-16d-pp-n.jpg","data/products/generated/fittings/thread-to-barbed-fittings/detail/index.json","$[87]","无需处理"
"1475","直通底面密封螺纹转倒刺接头","809301","SB-M5-16D-PA-W","sb-m5-16d-pa-w","fittings","正常","mainImage","/images/products/fittings/thread-to-barbed-fittings/details/sb-m5-16d-pa-w.jpg","F:\WebsiteProjects\foreach-website-2026\public\images\products\fittings\thread-to-barbed-fittings\details\sb-m5-16d-pa-w.jpg","data/products/generated/fittings/thread-to-barbed-fittings/detail/index.json","$[88]","无需处理"
"1476","直通底面密封螺纹转倒刺接头","809302","SBS-M6-24D-PP-N","sbs-m6-24d-pp-n","fittings","正常","mainImage","/images/products/fittings/thread-to-barbed-fittings/details/sbs-m6-24d-pp-n.jpg","F:\WebsiteProjects\foreach-website-2026\public\images\products\fittings\thread-to-barbed-fittings\details\sbs-m6-24d-pp-n.jpg","data/products/generated/fittings/thread-to-barbed-fittings/detail/index.json","$[89]","无需处理"
"1477","直通底面密封螺纹转倒刺接头","809303","SBS-M6-32D-PP-N","sbs-m6-32d-pp-n","fittings","正常","mainImage","/images/products/fittings/thread-to-barbed-fittings/details/sbs-m6-32d-pp-n.jpg","F:\WebsiteProjects\foreach-website-2026\public\images\products\fittings\thread-to-barbed-fittings\details\sbs-m6-32d-pp-n.jpg","data/products/generated/fittings/thread-to-barbed-fittings/detail/index.json","$[90]","无需处理"
"1478","直通底面密封螺纹转倒刺接头","809535","SBS-M6-24D-PA-W","sbs-m6-24d-pa-w","fittings","正常","mainImage","/images/products/fittings/thread-to-barbed-fittings/details/sbs-m6-24d-pa-w.jpg","F:\WebsiteProjects\foreach-website-2026\public\images\products\fittings\thread-to-barbed-fittings\details\sbs-m6-24d-pa-w.jpg","data/products/generated/fittings/thread-to-barbed-fittings/detail/index.json","$[91]","无需处理"
"1479","直通底面密封螺纹转倒刺接头","809536","SBS-M6-32D-PA-W","sbs-m6-32d-pa-w","fittings","正常","mainImage","/images/products/fittings/thread-to-barbed-fittings/details/sbs-m6-32d-pa-w.jpg","F:\WebsiteProjects\foreach-website-2026\public\images\products\fittings\thread-to-barbed-fittings\details\sbs-m6-32d-pa-w.jpg","data/products/generated/fittings/thread-to-barbed-fittings/detail/index.json","$[92]","无需处理"
"1480","可旋转底面密封螺纹转倒刺接头","809528","SBR-U28-16-PP-N","sbr-u28-16-pp-n","fittings","正常","mainImage","/images/products/fittings/thread-to-barbed-fittings/details/sbr-u28-16-pp-n.jpg","F:\WebsiteProjects\foreach-website-2026\public\images\products\fittings\thread-to-barbed-fittings\details\sbr-u28-16-pp-n.jpg","data/products/generated/fittings/thread-to-barbed-fittings/detail/index.json","$[93]","无需处理"
"1481","可旋转底面密封螺纹转倒刺接头","809529","SBR-U28-24-PP-N","sbr-u28-24-pp-n","fittings","正常","mainImage","/images/products/fittings/thread-to-barbed-fittings/details/sbr-u28-24-pp-n.jpg","F:\WebsiteProjects\foreach-website-2026\public\images\products\fittings\thread-to-barbed-fittings\details\sbr-u28-24-pp-n.jpg","data/products/generated/fittings/thread-to-barbed-fittings/detail/index.json","$[94]","无需处理"
"1482","可旋转底面密封螺纹转倒刺接头","809530","SBR-U28-32-PP-N","sbr-u28-32-pp-n","fittings","正常","mainImage","/images/products/fittings/thread-to-barbed-fittings/details/sbr-u28-32-pp-n.jpg","F:\WebsiteProjects\foreach-website-2026\public\images\products\fittings\thread-to-barbed-fittings\details\sbr-u28-32-pp-n.jpg","data/products/generated/fittings/thread-to-barbed-fittings/detail/index.json","$[95]","无需处理"
"1483","直通内螺纹转倒刺接头","809522","SC-U28-16D-PP-N","sc-u28-16d-pp-n","fittings","正常","mainImage","/images/products/fittings/thread-to-barbed-fittings/details/sc-u28-16d-pp-n.jpg","F:\WebsiteProjects\foreach-website-2026\public\images\products\fittings\thread-to-barbed-fittings\details\sc-u28-16d-pp-n.jpg","data/products/generated/fittings/thread-to-barbed-fittings/detail/index.json","$[96]","无需处理"
"1484","直通内螺纹转倒刺接头","809523","SC-U28-24D-PP-N","sc-u28-24d-pp-n","fittings","正常","mainImage","/images/products/fittings/thread-to-barbed-fittings/details/sc-u28-24d-pp-n.jpg","F:\WebsiteProjects\foreach-website-2026\public\images\products\fittings\thread-to-barbed-fittings\details\sc-u28-24d-pp-n.jpg","data/products/generated/fittings/thread-to-barbed-fittings/detail/index.json","$[97]","无需处理"
"1485","直通内螺纹转倒刺接头","809524","SC-U28-32D-PP-N","sc-u28-32d-pp-n","fittings","正常","mainImage","/images/products/fittings/thread-to-barbed-fittings/details/sc-u28-32d-pp-n.jpg","F:\WebsiteProjects\foreach-website-2026\public\images\products\fittings\thread-to-barbed-fittings\details\sc-u28-32d-pp-n.jpg","data/products/generated/fittings/thread-to-barbed-fittings/detail/index.json","$[98]","无需处理"
"1486","直通内螺纹转倒刺接头","809292","SC-M6-16-PP-N","sc-m6-16-pp-n","fittings","正常","mainImage","/images/products/fittings/thread-to-barbed-fittings/details/sc-m6-16-pp-n.jpg","F:\WebsiteProjects\foreach-website-2026\public\images\products\fittings\thread-to-barbed-fittings\details\sc-m6-16-pp-n.jpg","data/products/generated/fittings/thread-to-barbed-fittings/detail/index.json","$[99]","无需处理"
"1487","直通内螺纹转倒刺接头","809293","SC-M6-32-PP-N","sc-m6-32-pp-n","fittings","正常","mainImage","/images/products/fittings/thread-to-barbed-fittings/details/sc-m6-32-pp-n.jpg","F:\WebsiteProjects\foreach-website-2026\public\images\products\fittings\thread-to-barbed-fittings\details\sc-m6-32-pp-n.jpg","data/products/generated/fittings/thread-to-barbed-fittings/detail/index.json","$[100]","无需处理"
"1488","采样针系列","","采样针系列","sampling-probes","","正常","mainImage","/images/products/probes/sampling-probes/foreach-sampling-probe-main.webp","F:\WebsiteProjects\foreach-website-2026\public\images\products\probes\sampling-probes\foreach-sampling-probe-main.webp","data/products/generated/probes/detail/index.json","$[0]","无需处理"
"1489","穿刺针系列","","穿刺针系列","piercing-probes","","正常","mainImage","/images/products/probes/piercing-probes/foreach-piercing-probe-main.webp","F:\WebsiteProjects\foreach-website-2026\public\images\products\probes\piercing-probes\foreach-piercing-probe-main.webp","data/products/generated/probes/detail/index.json","$[1]","无需处理"
"1490","清洗针系列","","清洗针系列","wash-probes","","正常","mainImage","/images/products/probes/wash-probes/foreach-wash-probe-main.webp","F:\WebsiteProjects\foreach-website-2026\public\images\products\probes\wash-probes\foreach-wash-probe-main.webp","data/products/generated/probes/detail/index.json","$[2]","无需处理"
"1491","搅拌桨系列","","搅拌桨系列","stirring-paddles","","正常","mainImage","/images/products/probes/stirring-paddles/foreach-stirring-paddle-main.webp","F:\WebsiteProjects\foreach-website-2026\public\images\products\probes\stirring-paddles\foreach-stirring-paddle-main.webp","data/products/generated/probes/detail/index.json","$[3]","无需处理"
"1492","DPGL800 气液混合隔膜泵","","","dpgl800-gas-liquid-diaphragm-pump","气液混合隔膜泵","未配置主图字段","","","","data/products/generated/pumps/diaphragm-pumps/detail/dpgl800-gas-liquid-diaphragm-pump.json","$","确认该产品数据是否缺少主图字段；补图前暂不发布"
"1493","DPGL800 无刷气液混合隔膜泵｜6 L/min｜FOREACH","","","dpgl800-brushless-gas-liquid-diaphragm-pump","配置预留页","未配置主图字段","","","","data/products/generated/pumps/diaphragm-pumps/detail/dpgl800-gas-liquid-diaphragm-pump.json","$.seo","确认该产品数据是否缺少主图字段；补图前暂不发布"
"1494","","","DPGL800-24BS6-EP/PS","","气液混合隔膜泵","未配置主图字段","","","","data/products/generated/pumps/diaphragm-pumps/detail/dpgl800-gas-liquid-diaphragm-pump.json","$.modelConfigurations[0]","确认该产品数据是否缺少主图字段；补图前暂不发布"
"1495","","","DPGL800-24BS6-FF/PS","","气液混合隔膜泵","未配置主图字段","","","","data/products/generated/pumps/diaphragm-pumps/detail/dpgl800-gas-liquid-diaphragm-pump.json","$.modelConfigurations[1]","确认该产品数据是否缺少主图字段；补图前暂不发布"
"1496","","","DPGL800-24BSC-EP/PS","","气液混合隔膜泵","未配置主图字段","","","","data/products/generated/pumps/diaphragm-pumps/detail/dpgl800-gas-liquid-diaphragm-pump.json","$.modelConfigurations[2]","确认该产品数据是否缺少主图字段；补图前暂不发布"
"1497","DPL30 液体隔膜泵","","","dpl30-liquid-diaphragm-pump","液体隔膜泵","未配置主图字段","","","","data/products/generated/pumps/diaphragm-pumps/detail/dpl30-liquid-diaphragm-pump.json","$","确认该产品数据是否缺少主图字段；补图前暂不发布"
"1498","DPL30 无刷液体隔膜泵｜300 mL/min 100 kPa｜FOREACH","","","dpl30-brushless-liquid-diaphragm-pump","配置预留页","未配置主图字段","","","","data/products/generated/pumps/diaphragm-pumps/detail/dpl30-liquid-diaphragm-pump.json","$.seo","确认该产品数据是否缺少主图字段；补图前暂不发布"
"1499","","","DPL30-24DB-EP/PS","","液体隔膜泵","未配置主图字段","","","","data/products/generated/pumps/diaphragm-pumps/detail/dpl30-liquid-diaphragm-pump.json","$.modelConfigurations[0]","确认该产品数据是否缺少主图字段；补图前暂不发布"
"1500","","","DPL30-24BB-EP/PS","","液体隔膜泵","未配置主图字段","","","","data/products/generated/pumps/diaphragm-pumps/detail/dpl30-liquid-diaphragm-pump.json","$.modelConfigurations[1]","确认该产品数据是否缺少主图字段；补图前暂不发布"
"1501","","","DPL30-12DB-EP/PS","","液体隔膜泵","未配置主图字段","","","","data/products/generated/pumps/diaphragm-pumps/detail/dpl30-liquid-diaphragm-pump.json","$.modelConfigurations[2]","确认该产品数据是否缺少主图字段；补图前暂不发布"
"1502","","","DPL30-12BB-EP/PS","","液体隔膜泵","未配置主图字段","","","","data/products/generated/pumps/diaphragm-pumps/detail/dpl30-liquid-diaphragm-pump.json","$.modelConfigurations[3]","确认该产品数据是否缺少主图字段；补图前暂不发布"
"1503","","","DPL30-24DB-FF/PS","","液体隔膜泵","未配置主图字段","","","","data/products/generated/pumps/diaphragm-pumps/detail/dpl30-liquid-diaphragm-pump.json","$.modelConfigurations[4]","确认该产品数据是否缺少主图字段；补图前暂不发布"
"1504","","","DPL30-24BB-FF/PS","","液体隔膜泵","未配置主图字段","","","","data/products/generated/pumps/diaphragm-pumps/detail/dpl30-liquid-diaphragm-pump.json","$.modelConfigurations[5]","确认该产品数据是否缺少主图字段；补图前暂不发布"
"1505","","","DPL30-12DB-FF/PS","","液体隔膜泵","未配置主图字段","","","","data/products/generated/pumps/diaphragm-pumps/detail/dpl30-liquid-diaphragm-pump.json","$.modelConfigurations[6]","确认该产品数据是否缺少主图字段；补图前暂不发布"
"1506","","","DPL30-12BB-FF/PS","","液体隔膜泵","未配置主图字段","","","","data/products/generated/pumps/diaphragm-pumps/detail/dpl30-liquid-diaphragm-pump.json","$.modelConfigurations[7]","确认该产品数据是否缺少主图字段；补图前暂不发布"
"1507","DPL30H 液体隔膜泵","","","dpl30h-liquid-diaphragm-pump","液体隔膜泵","未配置主图字段","","","","data/products/generated/pumps/diaphragm-pumps/detail/dpl30h-liquid-diaphragm-pump.json","$","确认该产品数据是否缺少主图字段；补图前暂不发布"
"1508","DPL30H 无刷液体隔膜泵｜300 mL/min 600 kPa｜FOREACH","","","dpl30h-brushless-liquid-diaphragm-pump","配置预留页","未配置主图字段","","","","data/products/generated/pumps/diaphragm-pumps/detail/dpl30h-liquid-diaphragm-pump.json","$.seo","确认该产品数据是否缺少主图字段；补图前暂不发布"
"1509","","","DPL30H-24DS-EP/PS","","液体隔膜泵","未配置主图字段","","","","data/products/generated/pumps/diaphragm-pumps/detail/dpl30h-liquid-diaphragm-pump.json","$.modelConfigurations[0]","确认该产品数据是否缺少主图字段；补图前暂不发布"
"1510","","","DPL30H-24BS-EP/PS","","液体隔膜泵","未配置主图字段","","","","data/products/generated/pumps/diaphragm-pumps/detail/dpl30h-liquid-diaphragm-pump.json","$.modelConfigurations[1]","确认该产品数据是否缺少主图字段；补图前暂不发布"
"1511","","","DPL30H-12DS-EP/PS","","液体隔膜泵","未配置主图字段","","","","data/products/generated/pumps/diaphragm-pumps/detail/dpl30h-liquid-diaphragm-pump.json","$.modelConfigurations[2]","确认该产品数据是否缺少主图字段；补图前暂不发布"
"1512","","","DPL30H-12BS-EP/PS","","液体隔膜泵","未配置主图字段","","","","data/products/generated/pumps/diaphragm-pumps/detail/dpl30h-liquid-diaphragm-pump.json","$.modelConfigurations[3]","确认该产品数据是否缺少主图字段；补图前暂不发布"
"1513","","","DPL30H-24DS-FF/PS","","液体隔膜泵","未配置主图字段","","","","data/products/generated/pumps/diaphragm-pumps/detail/dpl30h-liquid-diaphragm-pump.json","$.modelConfigurations[4]","确认该产品数据是否缺少主图字段；补图前暂不发布"
"1514","","","DPL30H-24BS-FF/PS","","液体隔膜泵","未配置主图字段","","","","data/products/generated/pumps/diaphragm-pumps/detail/dpl30h-liquid-diaphragm-pump.json","$.modelConfigurations[5]","确认该产品数据是否缺少主图字段；补图前暂不发布"
"1515","","","DPL30H-12DS-FF/PS","","液体隔膜泵","未配置主图字段","","","","data/products/generated/pumps/diaphragm-pumps/detail/dpl30h-liquid-diaphragm-pump.json","$.modelConfigurations[6]","确认该产品数据是否缺少主图字段；补图前暂不发布"
"1516","","","DPL30H-12BS-FF/PS","","液体隔膜泵","未配置主图字段","","","","data/products/generated/pumps/diaphragm-pumps/detail/dpl30h-liquid-diaphragm-pump.json","$.modelConfigurations[7]","确认该产品数据是否缺少主图字段；补图前暂不发布"
"1517","DPL60 液体隔膜泵","","","dpl60-liquid-diaphragm-pump","液体隔膜泵","未配置主图字段","","","","data/products/generated/pumps/diaphragm-pumps/detail/dpl60-liquid-diaphragm-pump.json","$","确认该产品数据是否缺少主图字段；补图前暂不发布"
"1518","DPL60 无刷液体隔膜泵｜600 mL/min 100 kPa｜FOREACH","","","dpl60-brushless-liquid-diaphragm-pump","配置预留页","未配置主图字段","","","","data/products/generated/pumps/diaphragm-pumps/detail/dpl60-liquid-diaphragm-pump.json","$.seo","确认该产品数据是否缺少主图字段；补图前暂不发布"
"1519","","","DPL60-24DB-EP/PS","","液体隔膜泵","未配置主图字段","","","","data/products/generated/pumps/diaphragm-pumps/detail/dpl60-liquid-diaphragm-pump.json","$.modelConfigurations[0]","确认该产品数据是否缺少主图字段；补图前暂不发布"
"1520","","","DPL60-24BB-EP/PS","","液体隔膜泵","未配置主图字段","","","","data/products/generated/pumps/diaphragm-pumps/detail/dpl60-liquid-diaphragm-pump.json","$.modelConfigurations[1]","确认该产品数据是否缺少主图字段；补图前暂不发布"
"1521","","","DPL60-12DB-EP/PS","","液体隔膜泵","未配置主图字段","","","","data/products/generated/pumps/diaphragm-pumps/detail/dpl60-liquid-diaphragm-pump.json","$.modelConfigurations[2]","确认该产品数据是否缺少主图字段；补图前暂不发布"
"1522","","","DPL60-12BB-EP/PS","","液体隔膜泵","未配置主图字段","","","","data/products/generated/pumps/diaphragm-pumps/detail/dpl60-liquid-diaphragm-pump.json","$.modelConfigurations[3]","确认该产品数据是否缺少主图字段；补图前暂不发布"
"1523","","","DPL60-24DB-FF/PS","","液体隔膜泵","未配置主图字段","","","","data/products/generated/pumps/diaphragm-pumps/detail/dpl60-liquid-diaphragm-pump.json","$.modelConfigurations[4]","确认该产品数据是否缺少主图字段；补图前暂不发布"
"1524","","","DPL60-24BB-FF/PS","","液体隔膜泵","未配置主图字段","","","","data/products/generated/pumps/diaphragm-pumps/detail/dpl60-liquid-diaphragm-pump.json","$.modelConfigurations[5]","确认该产品数据是否缺少主图字段；补图前暂不发布"
"1525","","","DPL60-12DB-FF/PS","","液体隔膜泵","未配置主图字段","","","","data/products/generated/pumps/diaphragm-pumps/detail/dpl60-liquid-diaphragm-pump.json","$.modelConfigurations[6]","确认该产品数据是否缺少主图字段；补图前暂不发布"
"1526","","","DPL60-12BB-FF/PS","","液体隔膜泵","未配置主图字段","","","","data/products/generated/pumps/diaphragm-pumps/detail/dpl60-liquid-diaphragm-pump.json","$.modelConfigurations[7]","确认该产品数据是否缺少主图字段；补图前暂不发布"
"1527","DPL30 液体隔膜泵","","","dpl30-liquid-diaphragm-pump","液体隔膜泵","未配置主图字段","","","","data/products/generated/pumps/diaphragm-pumps/detail/index.json","$[0]","确认该产品数据是否缺少主图字段；补图前暂不发布"
"1528","DPL30 无刷液体隔膜泵｜300 mL/min 100 kPa｜FOREACH","","","dpl30-brushless-liquid-diaphragm-pump","配置预留页","未配置主图字段","","","","data/products/generated/pumps/diaphragm-pumps/detail/index.json","$[0].seo","确认该产品数据是否缺少主图字段；补图前暂不发布"
"1529","","","DPL30-24DB-EP/PS","","液体隔膜泵","未配置主图字段","","","","data/products/generated/pumps/diaphragm-pumps/detail/index.json","$[0].modelConfigurations[0]","确认该产品数据是否缺少主图字段；补图前暂不发布"
"1530","","","DPL30-24BB-EP/PS","","液体隔膜泵","未配置主图字段","","","","data/products/generated/pumps/diaphragm-pumps/detail/index.json","$[0].modelConfigurations[1]","确认该产品数据是否缺少主图字段；补图前暂不发布"
"1531","","","DPL30-12DB-EP/PS","","液体隔膜泵","未配置主图字段","","","","data/products/generated/pumps/diaphragm-pumps/detail/index.json","$[0].modelConfigurations[2]","确认该产品数据是否缺少主图字段；补图前暂不发布"
"1532","","","DPL30-12BB-EP/PS","","液体隔膜泵","未配置主图字段","","","","data/products/generated/pumps/diaphragm-pumps/detail/index.json","$[0].modelConfigurations[3]","确认该产品数据是否缺少主图字段；补图前暂不发布"
"1533","","","DPL30-24DB-FF/PS","","液体隔膜泵","未配置主图字段","","","","data/products/generated/pumps/diaphragm-pumps/detail/index.json","$[0].modelConfigurations[4]","确认该产品数据是否缺少主图字段；补图前暂不发布"
"1534","","","DPL30-24BB-FF/PS","","液体隔膜泵","未配置主图字段","","","","data/products/generated/pumps/diaphragm-pumps/detail/index.json","$[0].modelConfigurations[5]","确认该产品数据是否缺少主图字段；补图前暂不发布"
"1535","","","DPL30-12DB-FF/PS","","液体隔膜泵","未配置主图字段","","","","data/products/generated/pumps/diaphragm-pumps/detail/index.json","$[0].modelConfigurations[6]","确认该产品数据是否缺少主图字段；补图前暂不发布"
"1536","","","DPL30-12BB-FF/PS","","液体隔膜泵","未配置主图字段","","","","data/products/generated/pumps/diaphragm-pumps/detail/index.json","$[0].modelConfigurations[7]","确认该产品数据是否缺少主图字段；补图前暂不发布"
"1537","DPL60 液体隔膜泵","","","dpl60-liquid-diaphragm-pump","液体隔膜泵","未配置主图字段","","","","data/products/generated/pumps/diaphragm-pumps/detail/index.json","$[1]","确认该产品数据是否缺少主图字段；补图前暂不发布"
"1538","DPL60 无刷液体隔膜泵｜600 mL/min 100 kPa｜FOREACH","","","dpl60-brushless-liquid-diaphragm-pump","配置预留页","未配置主图字段","","","","data/products/generated/pumps/diaphragm-pumps/detail/index.json","$[1].seo","确认该产品数据是否缺少主图字段；补图前暂不发布"
"1539","","","DPL60-24DB-EP/PS","","液体隔膜泵","未配置主图字段","","","","data/products/generated/pumps/diaphragm-pumps/detail/index.json","$[1].modelConfigurations[0]","确认该产品数据是否缺少主图字段；补图前暂不发布"
"1540","","","DPL60-24BB-EP/PS","","液体隔膜泵","未配置主图字段","","","","data/products/generated/pumps/diaphragm-pumps/detail/index.json","$[1].modelConfigurations[1]","确认该产品数据是否缺少主图字段；补图前暂不发布"
"1541","","","DPL60-12DB-EP/PS","","液体隔膜泵","未配置主图字段","","","","data/products/generated/pumps/diaphragm-pumps/detail/index.json","$[1].modelConfigurations[2]","确认该产品数据是否缺少主图字段；补图前暂不发布"
"1542","","","DPL60-12BB-EP/PS","","液体隔膜泵","未配置主图字段","","","","data/products/generated/pumps/diaphragm-pumps/detail/index.json","$[1].modelConfigurations[3]","确认该产品数据是否缺少主图字段；补图前暂不发布"
"1543","","","DPL60-24DB-FF/PS","","液体隔膜泵","未配置主图字段","","","","data/products/generated/pumps/diaphragm-pumps/detail/index.json","$[1].modelConfigurations[4]","确认该产品数据是否缺少主图字段；补图前暂不发布"
"1544","","","DPL60-24BB-FF/PS","","液体隔膜泵","未配置主图字段","","","","data/products/generated/pumps/diaphragm-pumps/detail/index.json","$[1].modelConfigurations[5]","确认该产品数据是否缺少主图字段；补图前暂不发布"
"1545","","","DPL60-12DB-FF/PS","","液体隔膜泵","未配置主图字段","","","","data/products/generated/pumps/diaphragm-pumps/detail/index.json","$[1].modelConfigurations[6]","确认该产品数据是否缺少主图字段；补图前暂不发布"
"1546","","","DPL60-12BB-FF/PS","","液体隔膜泵","未配置主图字段","","","","data/products/generated/pumps/diaphragm-pumps/detail/index.json","$[1].modelConfigurations[7]","确认该产品数据是否缺少主图字段；补图前暂不发布"
"1547","DPL30H 液体隔膜泵","","","dpl30h-liquid-diaphragm-pump","液体隔膜泵","未配置主图字段","","","","data/products/generated/pumps/diaphragm-pumps/detail/index.json","$[2]","确认该产品数据是否缺少主图字段；补图前暂不发布"
"1548","DPL30H 无刷液体隔膜泵｜300 mL/min 600 kPa｜FOREACH","","","dpl30h-brushless-liquid-diaphragm-pump","配置预留页","未配置主图字段","","","","data/products/generated/pumps/diaphragm-pumps/detail/index.json","$[2].seo","确认该产品数据是否缺少主图字段；补图前暂不发布"
"1549","","","DPL30H-24DS-EP/PS","","液体隔膜泵","未配置主图字段","","","","data/products/generated/pumps/diaphragm-pumps/detail/index.json","$[2].modelConfigurations[0]","确认该产品数据是否缺少主图字段；补图前暂不发布"
"1550","","","DPL30H-24BS-EP/PS","","液体隔膜泵","未配置主图字段","","","","data/products/generated/pumps/diaphragm-pumps/detail/index.json","$[2].modelConfigurations[1]","确认该产品数据是否缺少主图字段；补图前暂不发布"
"1551","","","DPL30H-12DS-EP/PS","","液体隔膜泵","未配置主图字段","","","","data/products/generated/pumps/diaphragm-pumps/detail/index.json","$[2].modelConfigurations[2]","确认该产品数据是否缺少主图字段；补图前暂不发布"
"1552","","","DPL30H-12BS-EP/PS","","液体隔膜泵","未配置主图字段","","","","data/products/generated/pumps/diaphragm-pumps/detail/index.json","$[2].modelConfigurations[3]","确认该产品数据是否缺少主图字段；补图前暂不发布"
"1553","","","DPL30H-24DS-FF/PS","","液体隔膜泵","未配置主图字段","","","","data/products/generated/pumps/diaphragm-pumps/detail/index.json","$[2].modelConfigurations[4]","确认该产品数据是否缺少主图字段；补图前暂不发布"
"1554","","","DPL30H-24BS-FF/PS","","液体隔膜泵","未配置主图字段","","","","data/products/generated/pumps/diaphragm-pumps/detail/index.json","$[2].modelConfigurations[5]","确认该产品数据是否缺少主图字段；补图前暂不发布"
"1555","","","DPL30H-12DS-FF/PS","","液体隔膜泵","未配置主图字段","","","","data/products/generated/pumps/diaphragm-pumps/detail/index.json","$[2].modelConfigurations[6]","确认该产品数据是否缺少主图字段；补图前暂不发布"
"1556","","","DPL30H-12BS-FF/PS","","液体隔膜泵","未配置主图字段","","","","data/products/generated/pumps/diaphragm-pumps/detail/index.json","$[2].modelConfigurations[7]","确认该产品数据是否缺少主图字段；补图前暂不发布"
"1557","DPGL800 气液混合隔膜泵","","","dpgl800-gas-liquid-diaphragm-pump","气液混合隔膜泵","未配置主图字段","","","","data/products/generated/pumps/diaphragm-pumps/detail/index.json","$[3]","确认该产品数据是否缺少主图字段；补图前暂不发布"
"1558","DPGL800 无刷气液混合隔膜泵｜6 L/min｜FOREACH","","","dpgl800-brushless-gas-liquid-diaphragm-pump","配置预留页","未配置主图字段","","","","data/products/generated/pumps/diaphragm-pumps/detail/index.json","$[3].seo","确认该产品数据是否缺少主图字段；补图前暂不发布"
"1559","","","DPGL800-24BS6-EP/PS","","气液混合隔膜泵","未配置主图字段","","","","data/products/generated/pumps/diaphragm-pumps/detail/index.json","$[3].modelConfigurations[0]","确认该产品数据是否缺少主图字段；补图前暂不发布"
"1560","","","DPGL800-24BS6-FF/PS","","气液混合隔膜泵","未配置主图字段","","","","data/products/generated/pumps/diaphragm-pumps/detail/index.json","$[3].modelConfigurations[1]","确认该产品数据是否缺少主图字段；补图前暂不发布"
"1561","","","DPGL800-24BSC-EP/PS","","气液混合隔膜泵","未配置主图字段","","","","data/products/generated/pumps/diaphragm-pumps/detail/index.json","$[3].modelConfigurations[2]","确认该产品数据是否缺少主图字段；补图前暂不发布"
"1562","DPL30-24DB-EP/PS 液体隔膜泵","","","dpl30-24db-ep-ps-liquid-diaphragm-pump","液体隔膜泵","未配置主图字段","","","","data/products/generated/pumps/diaphragm-pumps/detail/index.json","$[4]","确认该产品数据是否缺少主图字段；补图前暂不发布"
"1563","DPL30-24DB-EP/PS 液体隔膜泵 | FOREACH","","","dpl30-brushless-liquid-diaphragm-pump","配置预留页","未配置主图字段","","","","data/products/generated/pumps/diaphragm-pumps/detail/index.json","$[4].seo","确认该产品数据是否缺少主图字段；补图前暂不发布"
"1564","","","DPL30-24DB-EP/PS","","液体隔膜泵","未配置主图字段","","","","data/products/generated/pumps/diaphragm-pumps/detail/index.json","$[4].modelConfigurations[0]","确认该产品数据是否缺少主图字段；补图前暂不发布"
"1565","DPL30-24BB-EP/PS 液体隔膜泵","","","dpl30-24bb-ep-ps-liquid-diaphragm-pump","液体隔膜泵","未配置主图字段","","","","data/products/generated/pumps/diaphragm-pumps/detail/index.json","$[5]","确认该产品数据是否缺少主图字段；补图前暂不发布"
"1566","DPL30-24BB-EP/PS 液体隔膜泵 | FOREACH","","","dpl30-brushless-liquid-diaphragm-pump","配置预留页","未配置主图字段","","","","data/products/generated/pumps/diaphragm-pumps/detail/index.json","$[5].seo","确认该产品数据是否缺少主图字段；补图前暂不发布"
"1567","","","DPL30-24BB-EP/PS","","液体隔膜泵","未配置主图字段","","","","data/products/generated/pumps/diaphragm-pumps/detail/index.json","$[5].modelConfigurations[0]","确认该产品数据是否缺少主图字段；补图前暂不发布"
"1568","DPL60-24DB-EP/PS 液体隔膜泵","","","dpl60-24db-ep-ps-liquid-diaphragm-pump","液体隔膜泵","未配置主图字段","","","","data/products/generated/pumps/diaphragm-pumps/detail/index.json","$[6]","确认该产品数据是否缺少主图字段；补图前暂不发布"
"1569","DPL60-24DB-EP/PS 液体隔膜泵 | FOREACH","","","dpl60-brushless-liquid-diaphragm-pump","配置预留页","未配置主图字段","","","","data/products/generated/pumps/diaphragm-pumps/detail/index.json","$[6].seo","确认该产品数据是否缺少主图字段；补图前暂不发布"
"1570","","","DPL60-24DB-EP/PS","","液体隔膜泵","未配置主图字段","","","","data/products/generated/pumps/diaphragm-pumps/detail/index.json","$[6].modelConfigurations[0]","确认该产品数据是否缺少主图字段；补图前暂不发布"
"1571","DPL60-24BB-EP/PS 液体隔膜泵","","","dpl60-24bb-ep-ps-liquid-diaphragm-pump","液体隔膜泵","未配置主图字段","","","","data/products/generated/pumps/diaphragm-pumps/detail/index.json","$[7]","确认该产品数据是否缺少主图字段；补图前暂不发布"
"1572","DPL60-24BB-EP/PS 液体隔膜泵 | FOREACH","","","dpl60-brushless-liquid-diaphragm-pump","配置预留页","未配置主图字段","","","","data/products/generated/pumps/diaphragm-pumps/detail/index.json","$[7].seo","确认该产品数据是否缺少主图字段；补图前暂不发布"
"1573","","","DPL60-24BB-EP/PS","","液体隔膜泵","未配置主图字段","","","","data/products/generated/pumps/diaphragm-pumps/detail/index.json","$[7].modelConfigurations[0]","确认该产品数据是否缺少主图字段；补图前暂不发布"
"1574","DPL30H-24DS-EP/PS 液体隔膜泵","","","dpl30h-24ds-ep-ps-liquid-diaphragm-pump","液体隔膜泵","未配置主图字段","","","","data/products/generated/pumps/diaphragm-pumps/detail/index.json","$[8]","确认该产品数据是否缺少主图字段；补图前暂不发布"
"1575","DPL30H-24DS-EP/PS 液体隔膜泵 | FOREACH","","","dpl30h-brushless-liquid-diaphragm-pump","配置预留页","未配置主图字段","","","","data/products/generated/pumps/diaphragm-pumps/detail/index.json","$[8].seo","确认该产品数据是否缺少主图字段；补图前暂不发布"
"1576","","","DPL30H-24DS-EP/PS","","液体隔膜泵","未配置主图字段","","","","data/products/generated/pumps/diaphragm-pumps/detail/index.json","$[8].modelConfigurations[0]","确认该产品数据是否缺少主图字段；补图前暂不发布"
"1577","DPL30H-24BS-EP/PS 液体隔膜泵","","","dpl30h-24bs-ep-ps-liquid-diaphragm-pump","液体隔膜泵","未配置主图字段","","","","data/products/generated/pumps/diaphragm-pumps/detail/index.json","$[9]","确认该产品数据是否缺少主图字段；补图前暂不发布"
"1578","DPL30H-24BS-EP/PS 液体隔膜泵 | FOREACH","","","dpl30h-brushless-liquid-diaphragm-pump","配置预留页","未配置主图字段","","","","data/products/generated/pumps/diaphragm-pumps/detail/index.json","$[9].seo","确认该产品数据是否缺少主图字段；补图前暂不发布"
"1579","","","DPL30H-24BS-EP/PS","","液体隔膜泵","未配置主图字段","","","","data/products/generated/pumps/diaphragm-pumps/detail/index.json","$[9].modelConfigurations[0]","确认该产品数据是否缺少主图字段；补图前暂不发布"
"1580","DPGL800-24BS6-EP/PS 气液混合隔膜泵","","","dpgl800-24bs6-ep-ps-gas-liquid-diaphragm-pump","气液混合隔膜泵","未配置主图字段","","","","data/products/generated/pumps/diaphragm-pumps/detail/index.json","$[10]","确认该产品数据是否缺少主图字段；补图前暂不发布"
"1581","DPGL800-24BS6-EP/PS 气液混合隔膜泵 | FOREACH","","","dpgl800-brushless-gas-liquid-diaphragm-pump","配置预留页","未配置主图字段","","","","data/products/generated/pumps/diaphragm-pumps/detail/index.json","$[10].seo","确认该产品数据是否缺少主图字段；补图前暂不发布"
"1582","","","DPGL800-24BS6-EP/PS","","气液混合隔膜泵","未配置主图字段","","","","data/products/generated/pumps/diaphragm-pumps/detail/index.json","$[10].modelConfigurations[0]","确认该产品数据是否缺少主图字段；补图前暂不发布"
"1583","DPGL800-24BS6-FF/PS 气液混合隔膜泵","","","dpgl800-24bs6-ff-ps-gas-liquid-diaphragm-pump","气液混合隔膜泵","未配置主图字段","","","","data/products/generated/pumps/diaphragm-pumps/detail/index.json","$[11]","确认该产品数据是否缺少主图字段；补图前暂不发布"
"1584","DPGL800-24BS6-FF/PS 气液混合隔膜泵 | FOREACH","","","dpgl800-brushless-gas-liquid-diaphragm-pump","配置预留页","未配置主图字段","","","","data/products/generated/pumps/diaphragm-pumps/detail/index.json","$[11].seo","确认该产品数据是否缺少主图字段；补图前暂不发布"
"1585","","","DPGL800-24BS6-FF/PS","","气液混合隔膜泵","未配置主图字段","","","","data/products/generated/pumps/diaphragm-pumps/detail/index.json","$[11].modelConfigurations[0]","确认该产品数据是否缺少主图字段；补图前暂不发布"
"1586","DPL30-24DB-EP/PS","","","","液体隔膜泵","未配置主图字段","","","","data/products/generated/pumps/diaphragm-pumps/selection/cards.json","$[0]","确认该产品数据是否缺少主图字段；补图前暂不发布"
"1587","DPL30-24BB-EP/PS","","","","液体隔膜泵","未配置主图字段","","","","data/products/generated/pumps/diaphragm-pumps/selection/cards.json","$[1]","确认该产品数据是否缺少主图字段；补图前暂不发布"
"1588","DPL60-24DB-EP/PS","","","","液体隔膜泵","未配置主图字段","","","","data/products/generated/pumps/diaphragm-pumps/selection/cards.json","$[2]","确认该产品数据是否缺少主图字段；补图前暂不发布"
"1589","DPL60-24BB-EP/PS","","","","液体隔膜泵","未配置主图字段","","","","data/products/generated/pumps/diaphragm-pumps/selection/cards.json","$[3]","确认该产品数据是否缺少主图字段；补图前暂不发布"
"1590","DPL30H-24DS-EP/PS","","","","液体隔膜泵","未配置主图字段","","","","data/products/generated/pumps/diaphragm-pumps/selection/cards.json","$[4]","确认该产品数据是否缺少主图字段；补图前暂不发布"
"1591","DPL30H-24BS-EP/PS","","","","液体隔膜泵","未配置主图字段","","","","data/products/generated/pumps/diaphragm-pumps/selection/cards.json","$[5]","确认该产品数据是否缺少主图字段；补图前暂不发布"
"1592","DPGL800-24BS6-EP/PS","","","","气液混合隔膜泵","未配置主图字段","","","","data/products/generated/pumps/diaphragm-pumps/selection/cards.json","$[6]","确认该产品数据是否缺少主图字段；补图前暂不发布"
"1593","DPGL800-24BS6-FF/PS","","","","气液混合隔膜泵","未配置主图字段","","","","data/products/generated/pumps/diaphragm-pumps/selection/cards.json","$[7]","确认该产品数据是否缺少主图字段；补图前暂不发布"
"1594","DPL30 液体隔膜泵","","","dpl30-liquid-diaphragm-pump","","未配置主图字段","","","","data/products/generated/pumps/diaphragm-pumps/summary/summary.json","$.series[0]","确认该产品数据是否缺少主图字段；补图前暂不发布"
"1595","DPL60 液体隔膜泵","","","dpl60-liquid-diaphragm-pump","","未配置主图字段","","","","data/products/generated/pumps/diaphragm-pumps/summary/summary.json","$.series[1]","确认该产品数据是否缺少主图字段；补图前暂不发布"
"1596","DPL30H 液体隔膜泵","","","dpl30h-liquid-diaphragm-pump","","未配置主图字段","","","","data/products/generated/pumps/diaphragm-pumps/summary/summary.json","$.series[2]","确认该产品数据是否缺少主图字段；补图前暂不发布"
"1597","DPGL800 气液混合隔膜泵","","","dpgl800-gas-liquid-diaphragm-pump","","未配置主图字段","","","","data/products/generated/pumps/diaphragm-pumps/summary/summary.json","$.series[3]","确认该产品数据是否缺少主图字段；补图前暂不发布"
"1598","SMTP2 1000μL 可编程气体置换式移液泵","SMTP2-1000μL","SMTP2 1000μL 可编程气体置换式移液泵","smtp2-1000ul","pumps","正常","mainImage","/images/products/pumps/pipetting-pumps/foreach-smtp2-1000ul-programmable-gas-displacement-pipetting-pump.webp","F:\WebsiteProjects\foreach-website-2026\public\images\products\pumps\pipetting-pumps\foreach-smtp2-1000ul-programmable-gas-displacement-pipetting-pump.webp","data/products/generated/pumps/pipetting-pumps/detail/index.json","$[0]","无需处理"
"1599","SMTP4 100μL 气体置换式移液泵","SMTP4-100μL","SMTP4 100μL 气体置换式移液泵","smtp4-100ul","pumps","正常","mainImage","/images/products/pumps/pipetting-pumps/foreach-smtp4-100ul-gas-displacement-pipetting-pump.webp","F:\WebsiteProjects\foreach-website-2026\public\images\products\pumps\pipetting-pumps\foreach-smtp4-100ul-gas-displacement-pipetting-pump.webp","data/products/generated/pumps/pipetting-pumps/detail/index.json","$[1]","无需处理"
"1600","SMTP4 500μL 气体置换式移液泵","SMTP4-500μL","SMTP4 500μL 气体置换式移液泵","smtp4-500ul","pumps","正常","mainImage","/images/products/pumps/pipetting-pumps/foreach-smtp4-500ul-gas-displacement-pipetting-pump.webp","F:\WebsiteProjects\foreach-website-2026\public\images\products\pumps\pipetting-pumps\foreach-smtp4-500ul-gas-displacement-pipetting-pump.webp","data/products/generated/pumps/pipetting-pumps/detail/index.json","$[2]","无需处理"
"1601","","","SMTP2-1000 μL","smtp2-1000ul","移液泵","正常","imagePath","/images/products/pumps/pipetting-pumps/smtp2-1000ul.webp","F:\WebsiteProjects\foreach-website-2026\public\images\products\pumps\pipetting-pumps\smtp2-1000ul.webp","data/products/generated/pumps/pipetting-pumps/selection.generated.ts","第 30 行","无需处理"
"1602","","","SMTP4-100 μL","smtp4-100ul","移液泵","正常","imagePath","/images/products/pumps/pipetting-pumps/smtp4-100ul.webp","F:\WebsiteProjects\foreach-website-2026\public\images\products\pumps\pipetting-pumps\smtp4-100ul.webp","data/products/generated/pumps/pipetting-pumps/selection.generated.ts","第 46 行","无需处理"
"1603","","","SMTP4-500 μL","smtp4-500ul","移液泵","正常","imagePath","/images/products/pumps/pipetting-pumps/smtp4-500ul.webp","F:\WebsiteProjects\foreach-website-2026\public\images\products\pumps\pipetting-pumps\smtp4-500ul.webp","data/products/generated/pumps/pipetting-pumps/selection.generated.ts","第 62 行","无需处理"
"1604","100 μL PMMA 泵头常规柱塞泵","","","","","主图字段为空","images[0]","","","data/products/generated/pumps/pump-series.detail.generated.ts","第 25 行","补充主图路径；补图前暂不发布"
"1605","100 µL PMMA Pump Head Standard Plunger Pump","","","","","主图字段为空","images[0]","","","data/products/generated/pumps/pump-series.detail.generated.ts","第 416 行","补充主图路径；补图前暂不发布"
"1606","100 μL PEEK 泵头常规柱塞泵","","","","","主图字段为空","images[0]","","","data/products/generated/pumps/pump-series.detail.generated.ts","第 900 行","补充主图路径；补图前暂不发布"
"1607","100 µL PEEK Pump Head Standard Plunger Pump","","","","","主图字段为空","images[0]","","","data/products/generated/pumps/pump-series.detail.generated.ts","第 1291 行","补充主图路径；补图前暂不发布"
"1608","250 μL PMMA 泵头常规柱塞泵","","","","","主图字段为空","images[0]","","","data/products/generated/pumps/pump-series.detail.generated.ts","第 1775 行","补充主图路径；补图前暂不发布"
"1609","250 µL PMMA Pump Head Standard Plunger Pump","","","","","主图字段为空","images[0]","","","data/products/generated/pumps/pump-series.detail.generated.ts","第 2166 行","补充主图路径；补图前暂不发布"
"1610","250 μL PEEK 泵头常规柱塞泵","","","","","主图字段为空","images[0]","","","data/products/generated/pumps/pump-series.detail.generated.ts","第 2650 行","补充主图路径；补图前暂不发布"
"1611","250 µL PEEK Pump Head Standard Plunger Pump","","","","","主图字段为空","images[0]","","","data/products/generated/pumps/pump-series.detail.generated.ts","第 3041 行","补充主图路径；补图前暂不发布"
"1612","500 μL PMMA 泵头常规柱塞泵","","","","","主图字段为空","images[0]","","","data/products/generated/pumps/pump-series.detail.generated.ts","第 3525 行","补充主图路径；补图前暂不发布"
"1613","500 µL PMMA Pump Head Standard Plunger Pump","","","","","主图字段为空","images[0]","","","data/products/generated/pumps/pump-series.detail.generated.ts","第 3916 行","补充主图路径；补图前暂不发布"
"1614","500 μL PEEK 泵头常规柱塞泵","","","","","主图字段为空","images[0]","","","data/products/generated/pumps/pump-series.detail.generated.ts","第 4400 行","补充主图路径；补图前暂不发布"
"1615","500 µL PEEK Pump Head Standard Plunger Pump","","","","","主图字段为空","images[0]","","","data/products/generated/pumps/pump-series.detail.generated.ts","第 4791 行","补充主图路径；补图前暂不发布"
"1616","1000 μL PMMA 泵头常规柱塞泵","","","","","主图字段为空","images[0]","","","data/products/generated/pumps/pump-series.detail.generated.ts","第 5275 行","补充主图路径；补图前暂不发布"
"1617","1000 µL PMMA Pump Head Standard Plunger Pump","","","","","主图字段为空","images[0]","","","data/products/generated/pumps/pump-series.detail.generated.ts","第 5666 行","补充主图路径；补图前暂不发布"
"1618","1000 μL PEEK 泵头常规柱塞泵","","","","","主图字段为空","images[0]","","","data/products/generated/pumps/pump-series.detail.generated.ts","第 6150 行","补充主图路径；补图前暂不发布"
"1619","1000 µL PEEK Pump Head Standard Plunger Pump","","","","","主图字段为空","images[0]","","","data/products/generated/pumps/pump-series.detail.generated.ts","第 6541 行","补充主图路径；补图前暂不发布"
"1620","2500 μL PMMA 泵头常规柱塞泵","","","","","主图字段为空","images[0]","","","data/products/generated/pumps/pump-series.detail.generated.ts","第 7025 行","补充主图路径；补图前暂不发布"
"1621","2500 µL PMMA Pump Head Standard Plunger Pump","","","","","主图字段为空","images[0]","","","data/products/generated/pumps/pump-series.detail.generated.ts","第 7416 行","补充主图路径；补图前暂不发布"
"1622","2500 μL PEEK 泵头常规柱塞泵","","","","","主图字段为空","images[0]","","","data/products/generated/pumps/pump-series.detail.generated.ts","第 7900 行","补充主图路径；补图前暂不发布"
"1623","2500 µL PEEK Pump Head Standard Plunger Pump","","","","","主图字段为空","images[0]","","","data/products/generated/pumps/pump-series.detail.generated.ts","第 8291 行","补充主图路径；补图前暂不发布"
"1624","5000 μL PMMA 泵头常规柱塞泵","","","","","主图字段为空","images[0]","","","data/products/generated/pumps/pump-series.detail.generated.ts","第 8775 行","补充主图路径；补图前暂不发布"
"1625","5000 µL PMMA Pump Head Standard Plunger Pump","","","","","主图字段为空","images[0]","","","data/products/generated/pumps/pump-series.detail.generated.ts","第 9166 行","补充主图路径；补图前暂不发布"
"1626","5000 μL PEEK 泵头常规柱塞泵","","","","","主图字段为空","images[0]","","","data/products/generated/pumps/pump-series.detail.generated.ts","第 9650 行","补充主图路径；补图前暂不发布"
"1627","5000 µL PEEK Pump Head Standard Plunger Pump","","","","","主图字段为空","images[0]","","","data/products/generated/pumps/pump-series.detail.generated.ts","第 10041 行","补充主图路径；补图前暂不发布"
"1628","10000 μL PMMA 泵头常规柱塞泵","","","","","主图字段为空","images[0]","","","data/products/generated/pumps/pump-series.detail.generated.ts","第 10525 行","补充主图路径；补图前暂不发布"
"1629","10000 µL PMMA Pump Head Standard Plunger Pump","","","","","主图字段为空","images[0]","","","data/products/generated/pumps/pump-series.detail.generated.ts","第 10916 行","补充主图路径；补图前暂不发布"
"1630","10000 μL PEEK 泵头常规柱塞泵","","","","","主图字段为空","images[0]","","","data/products/generated/pumps/pump-series.detail.generated.ts","第 11400 行","补充主图路径；补图前暂不发布"
"1631","10000 µL PEEK Pump Head Standard Plunger Pump","","","","","主图字段为空","images[0]","","","data/products/generated/pumps/pump-series.detail.generated.ts","第 11791 行","补充主图路径；补图前暂不发布"
"1632","50 μL PMMA 泵头微型柱塞泵","","","","","主图字段为空","images[0]","","","data/products/generated/pumps/pump-series.detail.generated.ts","第 12275 行","补充主图路径；补图前暂不发布"
"1633","50 µL PMMA Pump Head Miniature Plunger Pump","","","","","主图字段为空","images[0]","","","data/products/generated/pumps/pump-series.detail.generated.ts","第 12658 行","补充主图路径；补图前暂不发布"
"1634","100 μL PMMA 泵头微型柱塞泵","","","","","主图字段为空","images[0]","","","data/products/generated/pumps/pump-series.detail.generated.ts","第 13134 行","补充主图路径；补图前暂不发布"
"1635","100 µL PMMA Pump Head Miniature Plunger Pump","","","","","主图字段为空","images[0]","","","data/products/generated/pumps/pump-series.detail.generated.ts","第 13517 行","补充主图路径；补图前暂不发布"
"1636","100 μL PEEK 泵头微型柱塞泵","","","","","主图字段为空","images[0]","","","data/products/generated/pumps/pump-series.detail.generated.ts","第 13993 行","补充主图路径；补图前暂不发布"
"1637","100 µL PEEK Pump Head Miniature Plunger Pump","","","","","主图字段为空","images[0]","","","data/products/generated/pumps/pump-series.detail.generated.ts","第 14376 行","补充主图路径；补图前暂不发布"
"1638","250 μL PMMA 泵头微型柱塞泵","","","","","主图字段为空","images[0]","","","data/products/generated/pumps/pump-series.detail.generated.ts","第 14852 行","补充主图路径；补图前暂不发布"
"1639","250 µL PMMA Pump Head Miniature Plunger Pump","","","","","主图字段为空","images[0]","","","data/products/generated/pumps/pump-series.detail.generated.ts","第 15235 行","补充主图路径；补图前暂不发布"
"1640","250 μL PEEK 泵头微型柱塞泵","","","","","主图字段为空","images[0]","","","data/products/generated/pumps/pump-series.detail.generated.ts","第 15711 行","补充主图路径；补图前暂不发布"
"1641","250 µL PEEK Pump Head Miniature Plunger Pump","","","","","主图字段为空","images[0]","","","data/products/generated/pumps/pump-series.detail.generated.ts","第 16094 行","补充主图路径；补图前暂不发布"
"1642","500 μL PMMA 泵头微型柱塞泵","","","","","主图字段为空","images[0]","","","data/products/generated/pumps/pump-series.detail.generated.ts","第 16570 行","补充主图路径；补图前暂不发布"
"1643","500 µL PMMA Pump Head Miniature Plunger Pump","","","","","主图字段为空","images[0]","","","data/products/generated/pumps/pump-series.detail.generated.ts","第 16953 行","补充主图路径；补图前暂不发布"
"1644","1000 μL PMMA 泵头微型柱塞泵","","","","","主图字段为空","images[0]","","","data/products/generated/pumps/pump-series.detail.generated.ts","第 17429 行","补充主图路径；补图前暂不发布"
"1645","1000 µL PMMA Pump Head Miniature Plunger Pump","","","","","主图字段为空","images[0]","","","data/products/generated/pumps/pump-series.detail.generated.ts","第 17812 行","补充主图路径；补图前暂不发布"
"1646","50 μL PMMA 泵头超紧凑柱塞泵","","","","","主图字段为空","images[0]","","","data/products/generated/pumps/pump-series.detail.generated.ts","第 18288 行","补充主图路径；补图前暂不发布"
"1647","50 µL PMMA Pump Head Ultra-Compact Plunger Pump","","","","","主图字段为空","images[0]","","","data/products/generated/pumps/pump-series.detail.generated.ts","第 18671 行","补充主图路径；补图前暂不发布"
"1648","100 μL PMMA 泵头超紧凑柱塞泵","","","","","主图字段为空","images[0]","","","data/products/generated/pumps/pump-series.detail.generated.ts","第 19147 行","补充主图路径；补图前暂不发布"
"1649","100 µL PMMA Pump Head Ultra-Compact Plunger Pump","","","","","主图字段为空","images[0]","","","data/products/generated/pumps/pump-series.detail.generated.ts","第 19530 行","补充主图路径；补图前暂不发布"
"1650","250 μL PMMA 泵头超紧凑柱塞泵","","","","","主图字段为空","images[0]","","","data/products/generated/pumps/pump-series.detail.generated.ts","第 20006 行","补充主图路径；补图前暂不发布"
"1651","250 µL PMMA Pump Head Ultra-Compact Plunger Pump","","","","","主图字段为空","images[0]","","","data/products/generated/pumps/pump-series.detail.generated.ts","第 20389 行","补充主图路径；补图前暂不发布"
"1652","500 μL PMMA 泵头超紧凑柱塞泵","","","","","主图字段为空","images[0]","","","data/products/generated/pumps/pump-series.detail.generated.ts","第 20865 行","补充主图路径；补图前暂不发布"
"1653","500 µL PMMA Pump Head Ultra-Compact Plunger Pump","","","","","主图字段为空","images[0]","","","data/products/generated/pumps/pump-series.detail.generated.ts","第 21248 行","补充主图路径；补图前暂不发布"
"1654","HMD3 30mm 电磁阀注射泵","","HMD3 30mm 电磁阀注射泵","hmd3-30mm-solenoid-syringe-pump","pumps","正常","imagePath","/images/products/pumps/syringe-pumps/foreach-hmd3-solenoid-valve-syringe-pump.webp","F:\WebsiteProjects\foreach-website-2026\public\images\products\pumps\syringe-pumps\foreach-hmd3-solenoid-valve-syringe-pump.webp","data/products/generated/pumps/syringe-pumps/detail/index.json","$[0]","无需处理"
"1655","HMD6 60mm 电磁阀注射泵","","HMD6 60mm 电磁阀注射泵","hmd6-60mm-solenoid-syringe-pump","pumps","正常","imagePath","/images/products/pumps/syringe-pumps/foreach-hmd6-solenoid-valve-syringe-pump.webp","F:\WebsiteProjects\foreach-website-2026\public\images\products\pumps\syringe-pumps\foreach-hmd6-solenoid-valve-syringe-pump.webp","data/products/generated/pumps/syringe-pumps/detail/index.json","$[1]","无需处理"
"1656","HLD3 30mm 旋转阀注射泵","","HLD3 30mm 旋转阀注射泵","hld3-30mm-rotary-valve-syringe-pump","pumps","正常","imagePath","/images/products/pumps/syringe-pumps/foreach-hld3-rotary-valve-syringe-pump.webp","F:\WebsiteProjects\foreach-website-2026\public\images\products\pumps\syringe-pumps\foreach-hld3-rotary-valve-syringe-pump.webp","data/products/generated/pumps/syringe-pumps/detail/index.json","$[2]","无需处理"
"1657","HLD6 60mm 旋转阀注射泵","","HLD6 60mm 旋转阀注射泵","hld6-60mm-rotary-valve-syringe-pump","pumps","正常","imagePath","/images/products/pumps/syringe-pumps/foreach-hld6-rotary-valve-syringe-pump.webp","F:\WebsiteProjects\foreach-website-2026\public\images\products\pumps\syringe-pumps\foreach-hld6-rotary-valve-syringe-pump.webp","data/products/generated/pumps/syringe-pumps/detail/index.json","$[3]","无需处理"
"1658","RPL-P4 12–80 μL/rev 小量程无阀泵","RPL-P4","RPL-P4 12–80 μL/rev 小量程无阀泵","rpl-p4","pumps","正常","mainImage","/images/products/pumps/valveless-pumps/foreach-rpl-p4-valveless-pump.webp","F:\WebsiteProjects\foreach-website-2026\public\images\products\pumps\valveless-pumps\foreach-rpl-p4-valveless-pump.webp","data/products/generated/pumps/valveless-pumps/detail/index.json","$[0]","无需处理"
"1659","RPL-P6.35 50–300 μL/rev 中小量程无阀泵","RPL-P6.35","RPL-P6.35 50–300 μL/rev 中小量程无阀泵","rpl-p635","pumps","正常","mainImage","/images/products/pumps/valveless-pumps/foreach-rpl-p635-valveless-pump.webp","F:\WebsiteProjects\foreach-website-2026\public\images\products\pumps\valveless-pumps\foreach-rpl-p635-valveless-pump.webp","data/products/generated/pumps/valveless-pumps/detail/index.json","$[1]","无需处理"
"1660","RPL-P15 300–1200 μL/rev 中大量程无阀泵","RPL-P15","RPL-P15 300–1200 μL/rev 中大量程无阀泵","rpl-p15","pumps","正常","mainImage","/images/products/pumps/valveless-pumps/foreach-rpl-p15-valveless-pump.webp","F:\WebsiteProjects\foreach-website-2026\public\images\products\pumps\valveless-pumps\foreach-rpl-p15-valveless-pump.webp","data/products/generated/pumps/valveless-pumps/detail/index.json","$[2]","无需处理"
"1661","DRPL-0109 稀释比1:9 双头无阀泵","DRPL-0109-0100","DRPL-0109 稀释比1:9 双头无阀泵","drpl-0109","pumps","正常","mainImage","/images/products/pumps/valveless-pumps/foreach-drpl-0109-dual-head-valveless-pump.webp","F:\WebsiteProjects\foreach-website-2026\public\images\products\pumps\valveless-pumps\foreach-drpl-0109-dual-head-valveless-pump.webp","data/products/generated/pumps/valveless-pumps/detail/index.json","$[3]","无需处理"
"1662","DRPL-0119 稀释比1:19 双头无阀泵","DRPL-0119-0060","DRPL-0119 稀释比1:19 双头无阀泵","drpl-0119","pumps","正常","mainImage","/images/products/pumps/valveless-pumps/foreach-drpl-0119-dual-head-valveless-pump.webp","F:\WebsiteProjects\foreach-website-2026\public\images\products\pumps\valveless-pumps\foreach-drpl-0119-dual-head-valveless-pump.webp","data/products/generated/pumps/valveless-pumps/detail/index.json","$[4]","无需处理"
"1663","RPL-P4 无阀泵","","","rpl-p4","RPL 无阀泵","正常","image","/images/products/pumps/valveless-pumps/foreach-rpl-p4-valveless-pump.webp","F:\WebsiteProjects\foreach-website-2026\public\images\products\pumps\valveless-pumps\foreach-rpl-p4-valveless-pump.webp","data/products/generated/pumps/valveless-pumps/selection/index.json","$.cards[0]","无需处理"
"1664","RPL-P6.35 无阀泵","","","rpl-p635","RPL 无阀泵","正常","image","/images/products/pumps/valveless-pumps/foreach-rpl-p635-valveless-pump.webp","F:\WebsiteProjects\foreach-website-2026\public\images\products\pumps\valveless-pumps\foreach-rpl-p635-valveless-pump.webp","data/products/generated/pumps/valveless-pumps/selection/index.json","$.cards[1]","无需处理"
"1665","RPL-P15 无阀泵","","","rpl-p15","RPL 无阀泵","正常","image","/images/products/pumps/valveless-pumps/foreach-rpl-p15-valveless-pump.webp","F:\WebsiteProjects\foreach-website-2026\public\images\products\pumps\valveless-pumps\foreach-rpl-p15-valveless-pump.webp","data/products/generated/pumps/valveless-pumps/selection/index.json","$.cards[2]","无需处理"
"1666","DRPL 双头无阀泵","","","drpl","DRPL 双头无阀泵","正常","image","/images/products/pumps/valveless-pumps/foreach-drpl-dual-head-valveless-pump.webp","F:\WebsiteProjects\foreach-website-2026\public\images\products\pumps\valveless-pumps\foreach-drpl-dual-head-valveless-pump.webp","data/products/generated/pumps/valveless-pumps/selection/index.json","$.cards[3]","无需处理"
"1667","PVC 管","","PVC 管","pvc-tubing","tubing","正常","mainImage","/images/products/tubing/pvc-tubing/pvc-tubing-main.webp","F:\WebsiteProjects\foreach-website-2026\public\images\products\tubing\pvc-tubing\pvc-tubing-main.webp","data/products/generated/tubing/detail/index.json","$[0]","无需处理"
"1668","TPU 管","","TPU 管","tpu-tubing","tubing","正常","mainImage","/images/products/tubing/tpu-tubing/tpu-tubing-main.webp","F:\WebsiteProjects\foreach-website-2026\public\images\products\tubing\tpu-tubing\tpu-tubing-main.webp","data/products/generated/tubing/detail/index.json","$[1]","无需处理"
"1669","FEP 管","","FEP 管","fep-tubing","tubing","正常","mainImage","/images/products/tubing/fep-tubing/fep-tubing-main.webp","F:\WebsiteProjects\foreach-website-2026\public\images\products\tubing\fep-tubing\fep-tubing-main.webp","data/products/generated/tubing/detail/index.json","$[2]","无需处理"
"1670","PTFE 管","","PTFE 管","ptfe-tubing","tubing","正常","mainImage","/images/products/tubing/ptfe-tubing/ptfe-tubing-main.webp","F:\WebsiteProjects\foreach-website-2026\public\images\products\tubing\ptfe-tubing\ptfe-tubing-main.webp","data/products/generated/tubing/detail/index.json","$[3]","无需处理"
"1671","PEEK 管","","PEEK 管","peek-tubing","tubing","正常","mainImage","/images/products/tubing/peek-tubing/peek-tubing-main.webp","F:\WebsiteProjects\foreach-website-2026\public\images\products\tubing\peek-tubing\peek-tubing-main.webp","data/products/generated/tubing/detail/index.json","$[4]","无需处理"
"1672","PFA 管","","PFA 管","pfa-tubing","tubing","正常","mainImage","/images/products/tubing/pfa-tubing/pfa-tubing-main.webp","F:\WebsiteProjects\foreach-website-2026\public\images\products\tubing\pfa-tubing\pfa-tubing-main.webp","data/products/generated/tubing/detail/index.json","$[5]","无需处理"
"1673","MRV3 陶瓷多通道旋转阀","","MRV3 陶瓷多通道旋转阀","rotary-valves","","正常","mainImage","/images/products/valves/rotary-valves/foreach-rotary-valve-main.webp","F:\WebsiteProjects\foreach-website-2026\public\images\products\valves\rotary-valves\foreach-rotary-valve-main.webp","data/products/generated/valves/detail/index.json","$[0]","无需处理"
"1674","HP 二位六通带排气高压旋转阀","","HP 二位六通带排气高压旋转阀","high-pressure-valves","","正常","mainImage","/images/products/valves/high-pressure-valves/foreach-high-pressure-valve-main.webp","F:\WebsiteProjects\foreach-website-2026\public\images\products\valves\high-pressure-valves\foreach-high-pressure-valve-main.webp","data/products/generated/valves/detail/index.json","$[1]","无需处理"
"1675","6010 系列电磁阀","","6010 系列电磁阀","solenoid-valves","","正常","mainImage","/images/products/valves/solenoid-valves/foreach-solenoid-valve-main.webp","F:\WebsiteProjects\foreach-website-2026\public\images\products\valves\solenoid-valves\foreach-solenoid-valve-main.webp","data/products/generated/valves/detail/index.json","$[2]","无需处理"
"1676","","","","ba-16c-pa-w","","正常","mainImage","/images/products/fittings/barbed-fittings/products/ba-16c-pa-w-main.jpg","F:\WebsiteProjects\foreach-website-2026\public\images\products\fittings\barbed-fittings\products\ba-16c-pa-w-main.jpg","data/products/selection/barbed-fitting-image-map.generated.json","$.items.BA-16C-PA-W","无需处理"
"1677","","","","ba-16c-pp-n","","正常","mainImage","/images/products/fittings/barbed-fittings/products/ba-16c-pp-n-main.jpg","F:\WebsiteProjects\foreach-website-2026\public\images\products\fittings\barbed-fittings\products\ba-16c-pp-n-main.jpg","data/products/selection/barbed-fitting-image-map.generated.json","$.items.BA-16C-PP-N","无需处理"
"1678","","","","ba-16d-24d-pa-w","","正常","mainImage","/images/products/fittings/barbed-fittings/products/ba-16d-24d-pa-w-main.jpg","F:\WebsiteProjects\foreach-website-2026\public\images\products\fittings\barbed-fittings\products\ba-16d-24d-pa-w-main.jpg","data/products/selection/barbed-fitting-image-map.generated.json","$.items.BA-16D-24D-PA-W","无需处理"
"1679","","","","ba-16d-24d-pp-n","","正常","mainImage","/images/products/fittings/barbed-fittings/products/ba-16d-24d-pp-n-main.jpg","F:\WebsiteProjects\foreach-website-2026\public\images\products\fittings\barbed-fittings\products\ba-16d-24d-pp-n-main.jpg","data/products/selection/barbed-fitting-image-map.generated.json","$.items.BA-16D-24D-PP-N","无需处理"
"1680","","","","ba-16d-32d-pa-w","","正常","mainImage","/images/products/fittings/barbed-fittings/products/ba-16d-32d-pa-w-main.jpg","F:\WebsiteProjects\foreach-website-2026\public\images\products\fittings\barbed-fittings\products\ba-16d-32d-pa-w-main.jpg","data/products/selection/barbed-fitting-image-map.generated.json","$.items.BA-16D-32D-PA-W","无需处理"
"1681","","","","ba-16d-32d-pp-n","","正常","mainImage","/images/products/fittings/barbed-fittings/products/ba-16d-32d-pp-n-main.jpg","F:\WebsiteProjects\foreach-website-2026\public\images\products\fittings\barbed-fittings\products\ba-16d-32d-pp-n-main.jpg","data/products/selection/barbed-fitting-image-map.generated.json","$.items.BA-16D-32D-PP-N","无需处理"
"1682","","","","ba-16f-24f-pa-w","","正常","mainImage","/images/products/fittings/barbed-fittings/products/ba-16f-24f-pa-w-main.jpg","F:\WebsiteProjects\foreach-website-2026\public\images\products\fittings\barbed-fittings\products\ba-16f-24f-pa-w-main.jpg","data/products/selection/barbed-fitting-image-map.generated.json","$.items.BA-16F-24F-PA-W","无需处理"
"1683","","","","ba-16f-24f-pp-n","","正常","mainImage","/images/products/fittings/barbed-fittings/products/ba-16f-24f-pp-n-main.jpg","F:\WebsiteProjects\foreach-website-2026\public\images\products\fittings\barbed-fittings\products\ba-16f-24f-pp-n-main.jpg","data/products/selection/barbed-fitting-image-map.generated.json","$.items.BA-16F-24F-PP-N","无需处理"
"1684","","","","ba-16f-24f-pv-n","","正常","mainImage","/images/products/fittings/barbed-fittings/products/ba-16f-24f-pv-n-main.jpg","F:\WebsiteProjects\foreach-website-2026\public\images\products\fittings\barbed-fittings\products\ba-16f-24f-pv-n-main.jpg","data/products/selection/barbed-fitting-image-map.generated.json","$.items.BA-16F-24F-PV-N","无需处理"
"1685","","","","ba-16f-32f-pa-w","","正常","mainImage","/images/products/fittings/barbed-fittings/products/ba-16f-32f-pa-w-main.jpg","F:\WebsiteProjects\foreach-website-2026\public\images\products\fittings\barbed-fittings\products\ba-16f-32f-pa-w-main.jpg","data/products/selection/barbed-fitting-image-map.generated.json","$.items.BA-16F-32F-PA-W","无需处理"
"1686","","","","ba-16f-32f-pp-n","","正常","mainImage","/images/products/fittings/barbed-fittings/products/ba-16f-32f-pp-n-main.jpg","F:\WebsiteProjects\foreach-website-2026\public\images\products\fittings\barbed-fittings\products\ba-16f-32f-pp-n-main.jpg","data/products/selection/barbed-fitting-image-map.generated.json","$.items.BA-16F-32F-PP-N","无需处理"
"1687","","","","ba-16f-pa-w","","正常","mainImage","/images/products/fittings/barbed-fittings/products/ba-16f-pa-w-main.jpg","F:\WebsiteProjects\foreach-website-2026\public\images\products\fittings\barbed-fittings\products\ba-16f-pa-w-main.jpg","data/products/selection/barbed-fitting-image-map.generated.json","$.items.BA-16F-PA-W","无需处理"
"1688","","","","ba-16f-pp-n","","正常","mainImage","/images/products/fittings/barbed-fittings/products/ba-16f-pp-n-main.jpg","F:\WebsiteProjects\foreach-website-2026\public\images\products\fittings\barbed-fittings\products\ba-16f-pp-n-main.jpg","data/products/selection/barbed-fitting-image-map.generated.json","$.items.BA-16F-PP-N","无需处理"
"1689","","","","ba-16v-40v-pa-w","","正常","mainImage","/images/products/fittings/barbed-fittings/products/ba-16v-40v-pa-w-main.jpg","F:\WebsiteProjects\foreach-website-2026\public\images\products\fittings\barbed-fittings\products\ba-16v-40v-pa-w-main.jpg","data/products/selection/barbed-fitting-image-map.generated.json","$.items.BA-16V-40V-PA-W","无需处理"
"1690","","","","ba-16v-40v-pp-n","","正常","mainImage","/images/products/fittings/barbed-fittings/products/ba-16v-40v-pp-n-main.jpg","F:\WebsiteProjects\foreach-website-2026\public\images\products\fittings\barbed-fittings\products\ba-16v-40v-pp-n-main.jpg","data/products/selection/barbed-fitting-image-map.generated.json","$.items.BA-16V-40V-PP-N","无需处理"
"1691","","","","ba-24c-48c-pa-w","","正常","mainImage","/images/products/fittings/barbed-fittings/products/ba-24c-48c-pa-w-main.jpg","F:\WebsiteProjects\foreach-website-2026\public\images\products\fittings\barbed-fittings\products\ba-24c-48c-pa-w-main.jpg","data/products/selection/barbed-fitting-image-map.generated.json","$.items.BA-24C-48C-PA-W","无需处理"
"1692","","","","ba-24c-48c-pp-n","","正常","mainImage","/images/products/fittings/barbed-fittings/products/ba-24c-48c-pp-n-main.jpg","F:\WebsiteProjects\foreach-website-2026\public\images\products\fittings\barbed-fittings\products\ba-24c-48c-pp-n-main.jpg","data/products/selection/barbed-fitting-image-map.generated.json","$.items.BA-24C-48C-PP-N","无需处理"
"1693","","","","ba-24d-32d-pa-w","","正常","mainImage","/images/products/fittings/barbed-fittings/products/ba-24d-32d-pa-w-main.jpg","F:\WebsiteProjects\foreach-website-2026\public\images\products\fittings\barbed-fittings\products\ba-24d-32d-pa-w-main.jpg","data/products/selection/barbed-fitting-image-map.generated.json","$.items.BA-24D-32D-PA-W","无需处理"
"1694","","","","ba-24d-32d-pp-n","","正常","mainImage","/images/products/fittings/barbed-fittings/products/ba-24d-32d-pp-n-main.jpg","F:\WebsiteProjects\foreach-website-2026\public\images\products\fittings\barbed-fittings\products\ba-24d-32d-pp-n-main.jpg","data/products/selection/barbed-fitting-image-map.generated.json","$.items.BA-24D-32D-PP-N","无需处理"
"1695","","","","ba-24d-pa-w","","正常","mainImage","/images/products/fittings/barbed-fittings/products/ba-24d-pa-w-main.jpg","F:\WebsiteProjects\foreach-website-2026\public\images\products\fittings\barbed-fittings\products\ba-24d-pa-w-main.jpg","data/products/selection/barbed-fitting-image-map.generated.json","$.items.BA-24D-PA-W","无需处理"
"1696","","","","ba-24d-pp-n","","正常","mainImage","/images/products/fittings/barbed-fittings/products/ba-24d-pp-n-main.jpg","F:\WebsiteProjects\foreach-website-2026\public\images\products\fittings\barbed-fittings\products\ba-24d-pp-n-main.jpg","data/products/selection/barbed-fitting-image-map.generated.json","$.items.BA-24D-PP-N","无需处理"
"1697","","","","ba-24f-32f-pa-w","","正常","mainImage","/images/products/fittings/barbed-fittings/products/ba-24f-32f-pa-w-main.jpg","F:\WebsiteProjects\foreach-website-2026\public\images\products\fittings\barbed-fittings\products\ba-24f-32f-pa-w-main.jpg","data/products/selection/barbed-fitting-image-map.generated.json","$.items.BA-24F-32F-PA-W","无需处理"
"1698","","","","ba-24f-32f-pp-n","","正常","mainImage","/images/products/fittings/barbed-fittings/products/ba-24f-32f-pp-n-main.jpg","F:\WebsiteProjects\foreach-website-2026\public\images\products\fittings\barbed-fittings\products\ba-24f-32f-pp-n-main.jpg","data/products/selection/barbed-fitting-image-map.generated.json","$.items.BA-24F-32F-PP-N","无需处理"
"1699","","","","ba-24f-pa-w","","正常","mainImage","/images/products/fittings/barbed-fittings/products/ba-24f-pa-w-main.jpg","F:\WebsiteProjects\foreach-website-2026\public\images\products\fittings\barbed-fittings\products\ba-24f-pa-w-main.jpg","data/products/selection/barbed-fitting-image-map.generated.json","$.items.BA-24F-PA-W","无需处理"
"1700","","","","ba-24f-pp-n","","正常","mainImage","/images/products/fittings/barbed-fittings/products/ba-24f-pp-n-main.jpg","F:\WebsiteProjects\foreach-website-2026\public\images\products\fittings\barbed-fittings\products\ba-24f-pp-n-main.jpg","data/products/selection/barbed-fitting-image-map.generated.json","$.items.BA-24F-PP-N","无需处理"
"1701","","","","ba-24v-40v-pa-w","","正常","mainImage","/images/products/fittings/barbed-fittings/products/ba-24v-40v-pa-w-main.jpg","F:\WebsiteProjects\foreach-website-2026\public\images\products\fittings\barbed-fittings\products\ba-24v-40v-pa-w-main.jpg","data/products/selection/barbed-fitting-image-map.generated.json","$.items.BA-24V-40V-PA-W","无需处理"
"1702","","","","ba-24v-40v-pp-n","","正常","mainImage","/images/products/fittings/barbed-fittings/products/ba-24v-40v-pp-n-main.jpg","F:\WebsiteProjects\foreach-website-2026\public\images\products\fittings\barbed-fittings\products\ba-24v-40v-pp-n-main.jpg","data/products/selection/barbed-fitting-image-map.generated.json","$.items.BA-24V-40V-PP-N","无需处理"
"1703","","","","ba-32c-64c-pa-w","","正常","mainImage","/images/products/fittings/barbed-fittings/products/ba-32c-64c-pa-w-main.jpg","F:\WebsiteProjects\foreach-website-2026\public\images\products\fittings\barbed-fittings\products\ba-32c-64c-pa-w-main.jpg","data/products/selection/barbed-fitting-image-map.generated.json","$.items.BA-32C-64C-PA-W","无需处理"
"1704","","","","ba-32c-64c-pp-n","","正常","mainImage","/images/products/fittings/barbed-fittings/products/ba-32c-64c-pp-n-main.jpg","F:\WebsiteProjects\foreach-website-2026\public\images\products\fittings\barbed-fittings\products\ba-32c-64c-pp-n-main.jpg","data/products/selection/barbed-fitting-image-map.generated.json","$.items.BA-32C-64C-PP-N","无需处理"
"1705","","","","ba-32d-pa-w","","正常","mainImage","/images/products/fittings/barbed-fittings/products/ba-32d-pa-w-main.jpg","F:\WebsiteProjects\foreach-website-2026\public\images\products\fittings\barbed-fittings\products\ba-32d-pa-w-main.jpg","data/products/selection/barbed-fitting-image-map.generated.json","$.items.BA-32D-PA-W","无需处理"
"1706","","","","ba-32d-pp-n","","正常","mainImage","/images/products/fittings/barbed-fittings/products/ba-32d-pp-n-main.jpg","F:\WebsiteProjects\foreach-website-2026\public\images\products\fittings\barbed-fittings\products\ba-32d-pp-n-main.jpg","data/products/selection/barbed-fitting-image-map.generated.json","$.items.BA-32D-PP-N","无需处理"
"1707","","","","ba-32f-pa-w","","正常","mainImage","/images/products/fittings/barbed-fittings/products/ba-32f-pa-w-main.jpg","F:\WebsiteProjects\foreach-website-2026\public\images\products\fittings\barbed-fittings\products\ba-32f-pa-w-main.jpg","data/products/selection/barbed-fitting-image-map.generated.json","$.items.BA-32F-PA-W","无需处理"
"1708","","","","ba-32f-pp-n","","正常","mainImage","/images/products/fittings/barbed-fittings/products/ba-32f-pp-n-main.jpg","F:\WebsiteProjects\foreach-website-2026\public\images\products\fittings\barbed-fittings\products\ba-32f-pp-n-main.jpg","data/products/selection/barbed-fitting-image-map.generated.json","$.items.BA-32F-PP-N","无需处理"
"1709","","","","ba-32v-40v-pa-w","","正常","mainImage","/images/products/fittings/barbed-fittings/products/ba-32v-40v-pa-w-main.jpg","F:\WebsiteProjects\foreach-website-2026\public\images\products\fittings\barbed-fittings\products\ba-32v-40v-pa-w-main.jpg","data/products/selection/barbed-fitting-image-map.generated.json","$.items.BA-32V-40V-PA-W","无需处理"
"1710","","","","ba-32v-40v-pp-n","","正常","mainImage","/images/products/fittings/barbed-fittings/products/ba-32v-40v-pp-n-main.jpg","F:\WebsiteProjects\foreach-website-2026\public\images\products\fittings\barbed-fittings\products\ba-32v-40v-pp-n-main.jpg","data/products/selection/barbed-fitting-image-map.generated.json","$.items.BA-32V-40V-PP-N","无需处理"
"1711","","","","ba-40f-pa-w","","正常","mainImage","/images/products/fittings/barbed-fittings/products/ba-40f-pa-w-main.jpg","F:\WebsiteProjects\foreach-website-2026\public\images\products\fittings\barbed-fittings\products\ba-40f-pa-w-main.jpg","data/products/selection/barbed-fitting-image-map.generated.json","$.items.BA-40F-PA-W","无需处理"
"1712","","","","ba-40f-pp-n","","正常","mainImage","/images/products/fittings/barbed-fittings/products/ba-40f-pp-n-main.jpg","F:\WebsiteProjects\foreach-website-2026\public\images\products\fittings\barbed-fittings\products\ba-40f-pp-n-main.jpg","data/products/selection/barbed-fitting-image-map.generated.json","$.items.BA-40F-PP-N","无需处理"
"1713","","","","ba-64c-pa-w","","正常","mainImage","/images/products/fittings/barbed-fittings/products/ba-64c-pa-w-main.jpg","F:\WebsiteProjects\foreach-website-2026\public\images\products\fittings\barbed-fittings\products\ba-64c-pa-w-main.jpg","data/products/selection/barbed-fitting-image-map.generated.json","$.items.BA-64C-PA-W","无需处理"
"1714","","","","ba-64c-pp-n","","正常","mainImage","/images/products/fittings/barbed-fittings/products/ba-64c-pp-n-main.jpg","F:\WebsiteProjects\foreach-website-2026\public\images\products\fittings\barbed-fittings\products\ba-64c-pp-n-main.jpg","data/products/selection/barbed-fitting-image-map.generated.json","$.items.BA-64C-PP-N","无需处理"
"1715","","","","ba-64v-79v-pa-w","","正常","mainImage","/images/products/fittings/barbed-fittings/products/ba-64v-79v-pa-w-main.jpg","F:\WebsiteProjects\foreach-website-2026\public\images\products\fittings\barbed-fittings\products\ba-64v-79v-pa-w-main.jpg","data/products/selection/barbed-fitting-image-map.generated.json","$.items.BA-64V-79V-PA-W","无需处理"
"1716","","","","ba-64v-79v-pp-n","","正常","mainImage","/images/products/fittings/barbed-fittings/products/ba-64v-79v-pp-n-main.jpg","F:\WebsiteProjects\foreach-website-2026\public\images\products\fittings\barbed-fittings\products\ba-64v-79v-pp-n-main.jpg","data/products/selection/barbed-fitting-image-map.generated.json","$.items.BA-64V-79V-PP-N","无需处理"
"1717","","","","ba-64v-95v-pa-w","","正常","mainImage","/images/products/fittings/barbed-fittings/products/ba-64v-95v-pa-w-main.jpg","F:\WebsiteProjects\foreach-website-2026\public\images\products\fittings\barbed-fittings\products\ba-64v-95v-pa-w-main.jpg","data/products/selection/barbed-fitting-image-map.generated.json","$.items.BA-64V-95V-PA-W","无需处理"
"1718","","","","ba-64v-95v-pp-n","","正常","mainImage","/images/products/fittings/barbed-fittings/products/ba-64v-95v-pp-n-main.jpg","F:\WebsiteProjects\foreach-website-2026\public\images\products\fittings\barbed-fittings\products\ba-64v-95v-pp-n-main.jpg","data/products/selection/barbed-fitting-image-map.generated.json","$.items.BA-64V-95V-PP-N","无需处理"
"1719","","","","ba-64x-127x-pa-w","","正常","mainImage","/images/products/fittings/barbed-fittings/products/ba-64x-127x-pa-w-main.jpg","F:\WebsiteProjects\foreach-website-2026\public\images\products\fittings\barbed-fittings\products\ba-64x-127x-pa-w-main.jpg","data/products/selection/barbed-fitting-image-map.generated.json","$.items.BA-64X-127X-PA-W","无需处理"
"1720","","","","ba-64x-127x-pp-n","","正常","mainImage","/images/products/fittings/barbed-fittings/products/ba-64x-127x-pp-n-main.jpg","F:\WebsiteProjects\foreach-website-2026\public\images\products\fittings\barbed-fittings\products\ba-64x-127x-pp-n-main.jpg","data/products/selection/barbed-fitting-image-map.generated.json","$.items.BA-64X-127X-PP-N","无需处理"
"1721","","","","bbl-16d-pa-w","","正常","mainImage","/images/products/fittings/barbed-fittings/products/bbl-16d-pa-w-main.jpg","F:\WebsiteProjects\foreach-website-2026\public\images\products\fittings\barbed-fittings\products\bbl-16d-pa-w-main.jpg","data/products/selection/barbed-fitting-image-map.generated.json","$.items.BBL-16D-PA-W","无需处理"
"1722","","","","bbl-16d-pp-n","","正常","mainImage","/images/products/fittings/barbed-fittings/products/bbl-16d-pp-n-main.jpg","F:\WebsiteProjects\foreach-website-2026\public\images\products\fittings\barbed-fittings\products\bbl-16d-pp-n-main.jpg","data/products/selection/barbed-fitting-image-map.generated.json","$.items.BBL-16D-PP-N","无需处理"
"1723","","","","bbl-24d-pa-w","","正常","mainImage","/images/products/fittings/barbed-fittings/products/bbl-24d-pa-w-main.jpg","F:\WebsiteProjects\foreach-website-2026\public\images\products\fittings\barbed-fittings\products\bbl-24d-pa-w-main.jpg","data/products/selection/barbed-fitting-image-map.generated.json","$.items.BBL-24D-PA-W","无需处理"
"1724","","","","bbl-24d-pp-n","","正常","mainImage","/images/products/fittings/barbed-fittings/products/bbl-24d-pp-n-main.jpg","F:\WebsiteProjects\foreach-website-2026\public\images\products\fittings\barbed-fittings\products\bbl-24d-pp-n-main.jpg","data/products/selection/barbed-fitting-image-map.generated.json","$.items.BBL-24D-PP-N","无需处理"
"1725","","","","bbl-32d-pa-w","","正常","mainImage","/images/products/fittings/barbed-fittings/products/bbl-32d-pa-w-main.jpg","F:\WebsiteProjects\foreach-website-2026\public\images\products\fittings\barbed-fittings\products\bbl-32d-pa-w-main.jpg","data/products/selection/barbed-fitting-image-map.generated.json","$.items.BBL-32D-PA-W","无需处理"
"1726","","","","bbl-32d-pp-n","","正常","mainImage","/images/products/fittings/barbed-fittings/products/bbl-32d-pp-n-main.jpg","F:\WebsiteProjects\foreach-website-2026\public\images\products\fittings\barbed-fittings\products\bbl-32d-pp-n-main.jpg","data/products/selection/barbed-fitting-image-map.generated.json","$.items.BBL-32D-PP-N","无需处理"
"1727","","","","bl-127v-pp-n","","正常","mainImage","/images/products/fittings/barbed-fittings/products/bl-127v-pp-n-main.jpg","F:\WebsiteProjects\foreach-website-2026\public\images\products\fittings\barbed-fittings\products\bl-127v-pp-n-main.jpg","data/products/selection/barbed-fitting-image-map.generated.json","$.items.BL-127V-PP-N","无需处理"
"1728","","","","bl-16d-24d-pa-w","","正常","mainImage","/images/products/fittings/barbed-fittings/products/bl-16d-24d-pa-w-main.jpg","F:\WebsiteProjects\foreach-website-2026\public\images\products\fittings\barbed-fittings\products\bl-16d-24d-pa-w-main.jpg","data/products/selection/barbed-fitting-image-map.generated.json","$.items.BL-16D-24D-PA-W","无需处理"
"1729","","","","bl-16d-24d-pp-n","","正常","mainImage","/images/products/fittings/barbed-fittings/products/bl-16d-24d-pp-n-main.jpg","F:\WebsiteProjects\foreach-website-2026\public\images\products\fittings\barbed-fittings\products\bl-16d-24d-pp-n-main.jpg","data/products/selection/barbed-fitting-image-map.generated.json","$.items.BL-16D-24D-PP-N","无需处理"
"1730","","","","bl-16d-32d-pa-w","","正常","mainImage","/images/products/fittings/barbed-fittings/products/bl-16d-32d-pa-w-main.jpg","F:\WebsiteProjects\foreach-website-2026\public\images\products\fittings\barbed-fittings\products\bl-16d-32d-pa-w-main.jpg","data/products/selection/barbed-fitting-image-map.generated.json","$.items.BL-16D-32D-PA-W","无需处理"
"1731","","","","bl-16d-32d-pp-n","","正常","mainImage","/images/products/fittings/barbed-fittings/products/bl-16d-32d-pp-n-main.jpg","F:\WebsiteProjects\foreach-website-2026\public\images\products\fittings\barbed-fittings\products\bl-16d-32d-pp-n-main.jpg","data/products/selection/barbed-fitting-image-map.generated.json","$.items.BL-16D-32D-PP-N","无需处理"
"1732","","","","bl-16d-pa-w","","正常","mainImage","/images/products/fittings/barbed-fittings/products/bl-16d-pa-w-main.jpg","F:\WebsiteProjects\foreach-website-2026\public\images\products\fittings\barbed-fittings\products\bl-16d-pa-w-main.jpg","data/products/selection/barbed-fitting-image-map.generated.json","$.items.BL-16D-PA-W","无需处理"
"1733","","","","bl-16d-pp-n","","正常","mainImage","/images/products/fittings/barbed-fittings/products/bl-16d-pp-n-main.jpg","F:\WebsiteProjects\foreach-website-2026\public\images\products\fittings\barbed-fittings\products\bl-16d-pp-n-main.jpg","data/products/selection/barbed-fitting-image-map.generated.json","$.items.BL-16D-PP-N","无需处理"
"1734","","","","bl-16f-pa-w","","正常","mainImage","/images/products/fittings/barbed-fittings/products/bl-16f-pa-w-main.jpg","F:\WebsiteProjects\foreach-website-2026\public\images\products\fittings\barbed-fittings\products\bl-16f-pa-w-main.jpg","data/products/selection/barbed-fitting-image-map.generated.json","$.items.BL-16F-PA-W","无需处理"
"1735","","","","bl-16f-pp-n","","正常","mainImage","/images/products/fittings/barbed-fittings/products/bl-16f-pp-n-main.jpg","F:\WebsiteProjects\foreach-website-2026\public\images\products\fittings\barbed-fittings\products\bl-16f-pp-n-main.jpg","data/products/selection/barbed-fitting-image-map.generated.json","$.items.BL-16F-PP-N","无需处理"
"1736","","","","bl-24d-32d-pa-w","","正常","mainImage","/images/products/fittings/barbed-fittings/products/bl-24d-32d-pa-w-main.jpg","F:\WebsiteProjects\foreach-website-2026\public\images\products\fittings\barbed-fittings\products\bl-24d-32d-pa-w-main.jpg","data/products/selection/barbed-fitting-image-map.generated.json","$.items.BL-24D-32D-PA-W","无需处理"
"1737","","","","bl-24d-32d-pp-n","","正常","mainImage","/images/products/fittings/barbed-fittings/products/bl-24d-32d-pp-n-main.jpg","F:\WebsiteProjects\foreach-website-2026\public\images\products\fittings\barbed-fittings\products\bl-24d-32d-pp-n-main.jpg","data/products/selection/barbed-fitting-image-map.generated.json","$.items.BL-24D-32D-PP-N","无需处理"
"1738","","","","bl-24d-pa-w","","正常","mainImage","/images/products/fittings/barbed-fittings/products/bl-24d-pa-w-main.jpg","F:\WebsiteProjects\foreach-website-2026\public\images\products\fittings\barbed-fittings\products\bl-24d-pa-w-main.jpg","data/products/selection/barbed-fitting-image-map.generated.json","$.items.BL-24D-PA-W","无需处理"
"1739","","","","bl-24d-pp-n","","正常","mainImage","/images/products/fittings/barbed-fittings/products/bl-24d-pp-n-main.jpg","F:\WebsiteProjects\foreach-website-2026\public\images\products\fittings\barbed-fittings\products\bl-24d-pp-n-main.jpg","data/products/selection/barbed-fitting-image-map.generated.json","$.items.BL-24D-PP-N","无需处理"
"1740","","","","bl-24f-pa-w","","正常","mainImage","/images/products/fittings/barbed-fittings/products/bl-24f-pa-w-main.jpg","F:\WebsiteProjects\foreach-website-2026\public\images\products\fittings\barbed-fittings\products\bl-24f-pa-w-main.jpg","data/products/selection/barbed-fitting-image-map.generated.json","$.items.BL-24F-PA-W","无需处理"
"1741","","","","bl-24f-pp-n","","正常","mainImage","/images/products/fittings/barbed-fittings/products/bl-24f-pp-n-main.jpg","F:\WebsiteProjects\foreach-website-2026\public\images\products\fittings\barbed-fittings\products\bl-24f-pp-n-main.jpg","data/products/selection/barbed-fitting-image-map.generated.json","$.items.BL-24F-PP-N","无需处理"
"1742","","","","bl-32d-pa-w","","正常","mainImage","/images/products/fittings/barbed-fittings/products/bl-32d-pa-w-main.jpg","F:\WebsiteProjects\foreach-website-2026\public\images\products\fittings\barbed-fittings\products\bl-32d-pa-w-main.jpg","data/products/selection/barbed-fitting-image-map.generated.json","$.items.BL-32D-PA-W","无需处理"
"1743","","","","bl-32d-pp-n","","正常","mainImage","/images/products/fittings/barbed-fittings/products/bl-32d-pp-n-main.jpg","F:\WebsiteProjects\foreach-website-2026\public\images\products\fittings\barbed-fittings\products\bl-32d-pp-n-main.jpg","data/products/selection/barbed-fitting-image-map.generated.json","$.items.BL-32D-PP-N","无需处理"
"1744","","","","bl-32f-pa-w","","正常","mainImage","/images/products/fittings/barbed-fittings/products/bl-32f-pa-w-main.jpg","F:\WebsiteProjects\foreach-website-2026\public\images\products\fittings\barbed-fittings\products\bl-32f-pa-w-main.jpg","data/products/selection/barbed-fitting-image-map.generated.json","$.items.BL-32F-PA-W","无需处理"
"1745","","","","bl-32f-pp-n","","正常","mainImage","/images/products/fittings/barbed-fittings/products/bl-32f-pp-n-main.jpg","F:\WebsiteProjects\foreach-website-2026\public\images\products\fittings\barbed-fittings\products\bl-32f-pp-n-main.jpg","data/products/selection/barbed-fitting-image-map.generated.json","$.items.BL-32F-PP-N","无需处理"
"1746","","","","bl-40f-pa-w","","正常","mainImage","/images/products/fittings/barbed-fittings/products/bl-40f-pa-w-main.jpg","F:\WebsiteProjects\foreach-website-2026\public\images\products\fittings\barbed-fittings\products\bl-40f-pa-w-main.jpg","data/products/selection/barbed-fitting-image-map.generated.json","$.items.BL-40F-PA-W","无需处理"
"1747","","","","bl-40f-pp-n","","正常","mainImage","/images/products/fittings/barbed-fittings/products/bl-40f-pp-n-main.jpg","F:\WebsiteProjects\foreach-website-2026\public\images\products\fittings\barbed-fittings\products\bl-40f-pp-n-main.jpg","data/products/selection/barbed-fitting-image-map.generated.json","$.items.BL-40F-PP-N","无需处理"
"1748","","","","bl-64f-pa-w","","正常","mainImage","/images/products/fittings/barbed-fittings/products/bl-64f-pa-w-main.jpg","F:\WebsiteProjects\foreach-website-2026\public\images\products\fittings\barbed-fittings\products\bl-64f-pa-w-main.jpg","data/products/selection/barbed-fitting-image-map.generated.json","$.items.BL-64F-PA-W","无需处理"
"1749","","","","bl-64f-pp-n","","正常","mainImage","/images/products/fittings/barbed-fittings/products/bl-64f-pp-n-main.jpg","F:\WebsiteProjects\foreach-website-2026\public\images\products\fittings\barbed-fittings\products\bl-64f-pp-n-main.jpg","data/products/selection/barbed-fitting-image-map.generated.json","$.items.BL-64F-PP-N","无需处理"
"1750","","","","bl-95d-pa-w","","正常","mainImage","/images/products/fittings/barbed-fittings/products/bl-95d-pa-w-main.jpg","F:\WebsiteProjects\foreach-website-2026\public\images\products\fittings\barbed-fittings\products\bl-95d-pa-w-main.jpg","data/products/selection/barbed-fitting-image-map.generated.json","$.items.BL-95D-PA-W","无需处理"
"1751","","","","bl-95d-pp-n","","正常","mainImage","/images/products/fittings/barbed-fittings/products/bl-95d-pp-n-main.jpg","F:\WebsiteProjects\foreach-website-2026\public\images\products\fittings\barbed-fittings\products\bl-95d-pp-n-main.jpg","data/products/selection/barbed-fitting-image-map.generated.json","$.items.BL-95D-PP-N","无需处理"
"1752","","","","bt-127v-pp-n","","正常","mainImage","/images/products/fittings/barbed-fittings/products/bt-127v-pp-n-main.jpg","F:\WebsiteProjects\foreach-website-2026\public\images\products\fittings\barbed-fittings\products\bt-127v-pp-n-main.jpg","data/products/selection/barbed-fitting-image-map.generated.json","$.items.BT-127V-PP-N","无需处理"
"1753","","","","bt-16d-24d-24d-pa-w","","正常","mainImage","/images/products/fittings/barbed-fittings/products/bt-16d-24d-24d-pa-w-main.jpg","F:\WebsiteProjects\foreach-website-2026\public\images\products\fittings\barbed-fittings\products\bt-16d-24d-24d-pa-w-main.jpg","data/products/selection/barbed-fitting-image-map.generated.json","$.items.BT-16D-24D-24D-PA-W","无需处理"
"1754","","","","bt-16d-24d-24d-pp-n","","正常","mainImage","/images/products/fittings/barbed-fittings/products/bt-16d-24d-24d-pp-n-main.jpg","F:\WebsiteProjects\foreach-website-2026\public\images\products\fittings\barbed-fittings\products\bt-16d-24d-24d-pp-n-main.jpg","data/products/selection/barbed-fitting-image-map.generated.json","$.items.BT-16D-24D-24D-PP-N","无需处理"
"1755","","","","bt-16d-32d-32d-pa-w","","正常","mainImage","/images/products/fittings/barbed-fittings/products/bt-16d-32d-32d-pa-w-main.jpg","F:\WebsiteProjects\foreach-website-2026\public\images\products\fittings\barbed-fittings\products\bt-16d-32d-32d-pa-w-main.jpg","data/products/selection/barbed-fitting-image-map.generated.json","$.items.BT-16D-32D-32D-PA-W","无需处理"
"1756","","","","bt-16d-32d-32d-pp-n","","正常","mainImage","/images/products/fittings/barbed-fittings/products/bt-16d-32d-32d-pp-n-main.jpg","F:\WebsiteProjects\foreach-website-2026\public\images\products\fittings\barbed-fittings\products\bt-16d-32d-32d-pp-n-main.jpg","data/products/selection/barbed-fitting-image-map.generated.json","$.items.BT-16D-32D-32D-PP-N","无需处理"
"1757","","","","bt-16d-pa-w","","正常","mainImage","/images/products/fittings/barbed-fittings/products/bt-16d-pa-w-main.jpg","F:\WebsiteProjects\foreach-website-2026\public\images\products\fittings\barbed-fittings\products\bt-16d-pa-w-main.jpg","data/products/selection/barbed-fitting-image-map.generated.json","$.items.BT-16D-PA-W","无需处理"
"1758","","","","bt-16d-pp-n","","正常","mainImage","/images/products/fittings/barbed-fittings/products/bt-16d-pp-n-main.jpg","F:\WebsiteProjects\foreach-website-2026\public\images\products\fittings\barbed-fittings\products\bt-16d-pp-n-main.jpg","data/products/selection/barbed-fitting-image-map.generated.json","$.items.BT-16D-PP-N","无需处理"
"1759","","","","bt-16f-pa-w","","正常","mainImage","/images/products/fittings/barbed-fittings/products/bt-16f-pa-w-main.jpg","F:\WebsiteProjects\foreach-website-2026\public\images\products\fittings\barbed-fittings\products\bt-16f-pa-w-main.jpg","data/products/selection/barbed-fitting-image-map.generated.json","$.items.BT-16F-PA-W","无需处理"
"1760","","","","bt-16f-pp-n","","正常","mainImage","/images/products/fittings/barbed-fittings/products/bt-16f-pp-n-main.jpg","F:\WebsiteProjects\foreach-website-2026\public\images\products\fittings\barbed-fittings\products\bt-16f-pp-n-main.jpg","data/products/selection/barbed-fitting-image-map.generated.json","$.items.BT-16F-PP-N","无需处理"
"1761","","","","bt-24d-24d-16d-pa-w","","正常","mainImage","/images/products/fittings/barbed-fittings/products/bt-24d-24d-16d-pa-w-main.jpg","F:\WebsiteProjects\foreach-website-2026\public\images\products\fittings\barbed-fittings\products\bt-24d-24d-16d-pa-w-main.jpg","data/products/selection/barbed-fitting-image-map.generated.json","$.items.BT-24D-24D-16D-PA-W","无需处理"
"1762","","","","bt-24d-24d-16d-pp-n","","正常","mainImage","/images/products/fittings/barbed-fittings/products/bt-24d-24d-16d-pp-n-main.jpg","F:\WebsiteProjects\foreach-website-2026\public\images\products\fittings\barbed-fittings\products\bt-24d-24d-16d-pp-n-main.jpg","data/products/selection/barbed-fitting-image-map.generated.json","$.items.BT-24D-24D-16D-PP-N","无需处理"
"1763","","","","bt-24d-32d-32d-pa-w","","正常","mainImage","/images/products/fittings/barbed-fittings/products/bt-24d-32d-32d-pa-w-main.jpg","F:\WebsiteProjects\foreach-website-2026\public\images\products\fittings\barbed-fittings\products\bt-24d-32d-32d-pa-w-main.jpg","data/products/selection/barbed-fitting-image-map.generated.json","$.items.BT-24D-32D-32D-PA-W","无需处理"
"1764","","","","bt-24d-32d-32d-pp-n","","正常","mainImage","/images/products/fittings/barbed-fittings/products/bt-24d-32d-32d-pp-n-main.jpg","F:\WebsiteProjects\foreach-website-2026\public\images\products\fittings\barbed-fittings\products\bt-24d-32d-32d-pp-n-main.jpg","data/products/selection/barbed-fitting-image-map.generated.json","$.items.BT-24D-32D-32D-PP-N","无需处理"
"1765","","","","bt-24d-pa-w","","正常","mainImage","/images/products/fittings/barbed-fittings/products/bt-24d-pa-w-main.jpg","F:\WebsiteProjects\foreach-website-2026\public\images\products\fittings\barbed-fittings\products\bt-24d-pa-w-main.jpg","data/products/selection/barbed-fitting-image-map.generated.json","$.items.BT-24D-PA-W","无需处理"
"1766","","","","bt-24d-pp-n","","正常","mainImage","/images/products/fittings/barbed-fittings/products/bt-24d-pp-n-main.jpg","F:\WebsiteProjects\foreach-website-2026\public\images\products\fittings\barbed-fittings\products\bt-24d-pp-n-main.jpg","data/products/selection/barbed-fitting-image-map.generated.json","$.items.BT-24D-PP-N","无需处理"
"1767","","","","bt-24f-pa-w","","正常","mainImage","/images/products/fittings/barbed-fittings/products/bt-24f-pa-w-main.jpg","F:\WebsiteProjects\foreach-website-2026\public\images\products\fittings\barbed-fittings\products\bt-24f-pa-w-main.jpg","data/products/selection/barbed-fitting-image-map.generated.json","$.items.BT-24F-PA-W","无需处理"
"1768","","","","bt-24f-pp-n","","正常","mainImage","/images/products/fittings/barbed-fittings/products/bt-24f-pp-n-main.jpg","F:\WebsiteProjects\foreach-website-2026\public\images\products\fittings\barbed-fittings\products\bt-24f-pp-n-main.jpg","data/products/selection/barbed-fitting-image-map.generated.json","$.items.BT-24F-PP-N","无需处理"
"1769","","","","bt-32d-16d-16d-pa-w","","正常","mainImage","/images/products/fittings/barbed-fittings/products/bt-32d-16d-16d-pa-w-main.jpg","F:\WebsiteProjects\foreach-website-2026\public\images\products\fittings\barbed-fittings\products\bt-32d-16d-16d-pa-w-main.jpg","data/products/selection/barbed-fitting-image-map.generated.json","$.items.BT-32D-16D-16D-PA-W","无需处理"
"1770","","","","bt-32d-16d-16d-pp-n","","正常","mainImage","/images/products/fittings/barbed-fittings/products/bt-32d-16d-16d-pp-n-main.jpg","F:\WebsiteProjects\foreach-website-2026\public\images\products\fittings\barbed-fittings\products\bt-32d-16d-16d-pp-n-main.jpg","data/products/selection/barbed-fitting-image-map.generated.json","$.items.BT-32D-16D-16D-PP-N","无需处理"
"1771","","","","bt-32d-24d-24d-pa-w","","正常","mainImage","/images/products/fittings/barbed-fittings/products/bt-32d-24d-24d-pa-w-main.jpg","F:\WebsiteProjects\foreach-website-2026\public\images\products\fittings\barbed-fittings\products\bt-32d-24d-24d-pa-w-main.jpg","data/products/selection/barbed-fitting-image-map.generated.json","$.items.BT-32D-24D-24D-PA-W","无需处理"
"1772","","","","bt-32d-24d-24d-pp-n","","正常","mainImage","/images/products/fittings/barbed-fittings/products/bt-32d-24d-24d-pp-n-main.jpg","F:\WebsiteProjects\foreach-website-2026\public\images\products\fittings\barbed-fittings\products\bt-32d-24d-24d-pp-n-main.jpg","data/products/selection/barbed-fitting-image-map.generated.json","$.items.BT-32D-24D-24D-PP-N","无需处理"
"1773","","","","bt-32d-32d-16d-pa-w","","正常","mainImage","/images/products/fittings/barbed-fittings/products/bt-32d-32d-16d-pa-w-main.jpg","F:\WebsiteProjects\foreach-website-2026\public\images\products\fittings\barbed-fittings\products\bt-32d-32d-16d-pa-w-main.jpg","data/products/selection/barbed-fitting-image-map.generated.json","$.items.BT-32D-32D-16D-PA-W","无需处理"
"1774","","","","bt-32d-32d-16d-pp-n","","正常","mainImage","/images/products/fittings/barbed-fittings/products/bt-32d-32d-16d-pp-n-main.jpg","F:\WebsiteProjects\foreach-website-2026\public\images\products\fittings\barbed-fittings\products\bt-32d-32d-16d-pp-n-main.jpg","data/products/selection/barbed-fitting-image-map.generated.json","$.items.BT-32D-32D-16D-PP-N","无需处理"
"1775","","","","bt-32d-32d-24d-pa-w","","正常","mainImage","/images/products/fittings/barbed-fittings/products/bt-32d-32d-24d-pa-w-main.jpg","F:\WebsiteProjects\foreach-website-2026\public\images\products\fittings\barbed-fittings\products\bt-32d-32d-24d-pa-w-main.jpg","data/products/selection/barbed-fitting-image-map.generated.json","$.items.BT-32D-32D-24D-PA-W","无需处理"
"1776","","","","bt-32d-32d-24d-pp-n","","正常","mainImage","/images/products/fittings/barbed-fittings/products/bt-32d-32d-24d-pp-n-main.jpg","F:\WebsiteProjects\foreach-website-2026\public\images\products\fittings\barbed-fittings\products\bt-32d-32d-24d-pp-n-main.jpg","data/products/selection/barbed-fitting-image-map.generated.json","$.items.BT-32D-32D-24D-PP-N","无需处理"
"1777","","","","bt-32d-64t-64t-pa-w","","正常","mainImage","/images/products/fittings/barbed-fittings/products/bt-32d-64t-64t-pa-w-main.jpg","F:\WebsiteProjects\foreach-website-2026\public\images\products\fittings\barbed-fittings\products\bt-32d-64t-64t-pa-w-main.jpg","data/products/selection/barbed-fitting-image-map.generated.json","$.items.BT-32D-64T-64T-PA-W","无需处理"
"1778","","","","bt-32d-64t-64t-pp-n","","正常","mainImage","/images/products/fittings/barbed-fittings/products/bt-32d-64t-64t-pp-n-main.jpg","F:\WebsiteProjects\foreach-website-2026\public\images\products\fittings\barbed-fittings\products\bt-32d-64t-64t-pp-n-main.jpg","data/products/selection/barbed-fitting-image-map.generated.json","$.items.BT-32D-64T-64T-PP-N","无需处理"
"1779","","","","bt-32d-pa-w","","正常","mainImage","/images/products/fittings/barbed-fittings/products/bt-32d-pa-w-main.jpg","F:\WebsiteProjects\foreach-website-2026\public\images\products\fittings\barbed-fittings\products\bt-32d-pa-w-main.jpg","data/products/selection/barbed-fitting-image-map.generated.json","$.items.BT-32D-PA-W","无需处理"
"1780","","","","bt-32d-pp-n","","正常","mainImage","/images/products/fittings/barbed-fittings/products/bt-32d-pp-n-main.jpg","F:\WebsiteProjects\foreach-website-2026\public\images\products\fittings\barbed-fittings\products\bt-32d-pp-n-main.jpg","data/products/selection/barbed-fitting-image-map.generated.json","$.items.BT-32D-PP-N","无需处理"
"1781","","","","bt-32f-pa-w","","正常","mainImage","/images/products/fittings/barbed-fittings/products/bt-32f-pa-w-main.jpg","F:\WebsiteProjects\foreach-website-2026\public\images\products\fittings\barbed-fittings\products\bt-32f-pa-w-main.jpg","data/products/selection/barbed-fitting-image-map.generated.json","$.items.BT-32F-PA-W","无需处理"
"1782","","","","bt-32f-pp-n","","正常","mainImage","/images/products/fittings/barbed-fittings/products/bt-32f-pp-n-main.jpg","F:\WebsiteProjects\foreach-website-2026\public\images\products\fittings\barbed-fittings\products\bt-32f-pp-n-main.jpg","data/products/selection/barbed-fitting-image-map.generated.json","$.items.BT-32F-PP-N","无需处理"
"1783","","","","bt-40c-pa-w","","正常","mainImage","/images/products/fittings/barbed-fittings/products/bt-40c-pa-w-main.jpg","F:\WebsiteProjects\foreach-website-2026\public\images\products\fittings\barbed-fittings\products\bt-40c-pa-w-main.jpg","data/products/selection/barbed-fitting-image-map.generated.json","$.items.BT-40C-PA-W","无需处理"
"1784","","","","bt-40c-pp-n","","正常","mainImage","/images/products/fittings/barbed-fittings/products/bt-40c-pp-n-main.jpg","F:\WebsiteProjects\foreach-website-2026\public\images\products\fittings\barbed-fittings\products\bt-40c-pp-n-main.jpg","data/products/selection/barbed-fitting-image-map.generated.json","$.items.BT-40C-PP-N","无需处理"
"1785","","","","bt-64c-pa-w","","正常","mainImage","/images/products/fittings/barbed-fittings/products/bt-64c-pa-w-main.jpg","F:\WebsiteProjects\foreach-website-2026\public\images\products\fittings\barbed-fittings\products\bt-64c-pa-w-main.jpg","data/products/selection/barbed-fitting-image-map.generated.json","$.items.BT-64C-PA-W","无需处理"
"1786","","","","bt-64c-pp-n","","正常","mainImage","/images/products/fittings/barbed-fittings/products/bt-64c-pp-n-main.jpg","F:\WebsiteProjects\foreach-website-2026\public\images\products\fittings\barbed-fittings\products\bt-64c-pp-n-main.jpg","data/products/selection/barbed-fitting-image-map.generated.json","$.items.BT-64C-PP-N","无需处理"
"1787","","","","bt-64d-64d-32d-pa-w","","正常","mainImage","/images/products/fittings/barbed-fittings/products/bt-64d-64d-32d-pa-w-main.jpg","F:\WebsiteProjects\foreach-website-2026\public\images\products\fittings\barbed-fittings\products\bt-64d-64d-32d-pa-w-main.jpg","data/products/selection/barbed-fitting-image-map.generated.json","$.items.BT-64D-64D-32D-PA-W","无需处理"
"1788","","","","bt-64d-64d-32d-pp-n","","正常","mainImage","/images/products/fittings/barbed-fittings/products/bt-64d-64d-32d-pp-n-main.jpg","F:\WebsiteProjects\foreach-website-2026\public\images\products\fittings\barbed-fittings\products\bt-64d-64d-32d-pp-n-main.jpg","data/products/selection/barbed-fitting-image-map.generated.json","$.items.BT-64D-64D-32D-PP-N","无需处理"
"1789","","","","bt-64v-95v-95v-pa-w","","正常","mainImage","/images/products/fittings/barbed-fittings/products/bt-64v-95v-95v-pa-w-main.jpg","F:\WebsiteProjects\foreach-website-2026\public\images\products\fittings\barbed-fittings\products\bt-64v-95v-95v-pa-w-main.jpg","data/products/selection/barbed-fitting-image-map.generated.json","$.items.BT-64V-95V-95V-PA-W","无需处理"
"1790","","","","bt-64v-95v-95v-pp-n","","正常","mainImage","/images/products/fittings/barbed-fittings/products/bt-64v-95v-95v-pp-n-main.jpg","F:\WebsiteProjects\foreach-website-2026\public\images\products\fittings\barbed-fittings\products\bt-64v-95v-95v-pp-n-main.jpg","data/products/selection/barbed-fitting-image-map.generated.json","$.items.BT-64V-95V-95V-PP-N","无需处理"
"1791","","","","bt-95x-pa-w","","正常","mainImage","/images/products/fittings/barbed-fittings/products/bt-95x-pa-w-main.jpg","F:\WebsiteProjects\foreach-website-2026\public\images\products\fittings\barbed-fittings\products\bt-95x-pa-w-main.jpg","data/products/selection/barbed-fitting-image-map.generated.json","$.items.BT-95X-PA-W","无需处理"
"1792","","","","bt-95x-pp-n","","正常","mainImage","/images/products/fittings/barbed-fittings/products/bt-95x-pp-n-main.jpg","F:\WebsiteProjects\foreach-website-2026\public\images\products\fittings\barbed-fittings\products\bt-95x-pp-n-main.jpg","data/products/selection/barbed-fitting-image-map.generated.json","$.items.BT-95X-PP-N","无需处理"
"1793","","","","by-127v-pp-n","","正常","mainImage","/images/products/fittings/barbed-fittings/products/by-127v-pp-n-main.jpg","F:\WebsiteProjects\foreach-website-2026\public\images\products\fittings\barbed-fittings\products\by-127v-pp-n-main.jpg","data/products/selection/barbed-fitting-image-map.generated.json","$.items.BY-127V-PP-N","无需处理"
"1794","","","","by-16d-pa-w","","正常","mainImage","/images/products/fittings/barbed-fittings/products/by-16d-pa-w-main.jpg","F:\WebsiteProjects\foreach-website-2026\public\images\products\fittings\barbed-fittings\products\by-16d-pa-w-main.jpg","data/products/selection/barbed-fitting-image-map.generated.json","$.items.BY-16D-PA-W","无需处理"
"1795","","","","by-16d-pp-n","","正常","mainImage","/images/products/fittings/barbed-fittings/products/by-16d-pp-n-main.jpg","F:\WebsiteProjects\foreach-website-2026\public\images\products\fittings\barbed-fittings\products\by-16d-pp-n-main.jpg","data/products/selection/barbed-fitting-image-map.generated.json","$.items.BY-16D-PP-N","无需处理"
"1796","","","","by-16f-pa-w","","正常","mainImage","/images/products/fittings/barbed-fittings/products/by-16f-pa-w-main.jpg","F:\WebsiteProjects\foreach-website-2026\public\images\products\fittings\barbed-fittings\products\by-16f-pa-w-main.jpg","data/products/selection/barbed-fitting-image-map.generated.json","$.items.BY-16F-PA-W","无需处理"
"1797","","","","by-16f-pp-n","","正常","mainImage","/images/products/fittings/barbed-fittings/products/by-16f-pp-n-main.jpg","F:\WebsiteProjects\foreach-website-2026\public\images\products\fittings\barbed-fittings\products\by-16f-pp-n-main.jpg","data/products/selection/barbed-fitting-image-map.generated.json","$.items.BY-16F-PP-N","无需处理"
"1798","","","","by-24d-16d-16d-pa-w","","正常","mainImage","/images/products/fittings/barbed-fittings/products/by-24d-16d-16d-pa-w-main.jpg","F:\WebsiteProjects\foreach-website-2026\public\images\products\fittings\barbed-fittings\products\by-24d-16d-16d-pa-w-main.jpg","data/products/selection/barbed-fitting-image-map.generated.json","$.items.BY-24D-16D-16D-PA-W","无需处理"
"1799","","","","by-24d-16d-16d-pp-n","","正常","mainImage","/images/products/fittings/barbed-fittings/products/by-24d-16d-16d-pp-n-main.jpg","F:\WebsiteProjects\foreach-website-2026\public\images\products\fittings\barbed-fittings\products\by-24d-16d-16d-pp-n-main.jpg","data/products/selection/barbed-fitting-image-map.generated.json","$.items.BY-24D-16D-16D-PP-N","无需处理"
"1800","","","","by-24d-pa-w","","正常","mainImage","/images/products/fittings/barbed-fittings/products/by-24d-pa-w-main.jpg","F:\WebsiteProjects\foreach-website-2026\public\images\products\fittings\barbed-fittings\products\by-24d-pa-w-main.jpg","data/products/selection/barbed-fitting-image-map.generated.json","$.items.BY-24D-PA-W","无需处理"
"1801","","","","by-24d-pp-n","","正常","mainImage","/images/products/fittings/barbed-fittings/products/by-24d-pp-n-main.jpg","F:\WebsiteProjects\foreach-website-2026\public\images\products\fittings\barbed-fittings\products\by-24d-pp-n-main.jpg","data/products/selection/barbed-fitting-image-map.generated.json","$.items.BY-24D-PP-N","无需处理"
"1802","","","","by-24f-pa-w","","正常","mainImage","/images/products/fittings/barbed-fittings/products/by-24f-pa-w-main.jpg","F:\WebsiteProjects\foreach-website-2026\public\images\products\fittings\barbed-fittings\products\by-24f-pa-w-main.jpg","data/products/selection/barbed-fitting-image-map.generated.json","$.items.BY-24F-PA-W","无需处理"
"1803","","","","by-24f-pp-n","","正常","mainImage","/images/products/fittings/barbed-fittings/products/by-24f-pp-n-main.jpg","F:\WebsiteProjects\foreach-website-2026\public\images\products\fittings\barbed-fittings\products\by-24f-pp-n-main.jpg","data/products/selection/barbed-fitting-image-map.generated.json","$.items.BY-24F-PP-N","无需处理"
"1804","","","","by-32d-16d-16d-pa-w","","正常","mainImage","/images/products/fittings/barbed-fittings/products/by-32d-16d-16d-pa-w-main.jpg","F:\WebsiteProjects\foreach-website-2026\public\images\products\fittings\barbed-fittings\products\by-32d-16d-16d-pa-w-main.jpg","data/products/selection/barbed-fitting-image-map.generated.json","$.items.BY-32D-16D-16D-PA-W","无需处理"
"1805","","","","by-32d-16d-16d-pp-n","","正常","mainImage","/images/products/fittings/barbed-fittings/products/by-32d-16d-16d-pp-n-main.jpg","F:\WebsiteProjects\foreach-website-2026\public\images\products\fittings\barbed-fittings\products\by-32d-16d-16d-pp-n-main.jpg","data/products/selection/barbed-fitting-image-map.generated.json","$.items.BY-32D-16D-16D-PP-N","无需处理"
"1806","","","","by-32d-pa-w","","正常","mainImage","/images/products/fittings/barbed-fittings/products/by-32d-pa-w-main.jpg","F:\WebsiteProjects\foreach-website-2026\public\images\products\fittings\barbed-fittings\products\by-32d-pa-w-main.jpg","data/products/selection/barbed-fitting-image-map.generated.json","$.items.BY-32D-PA-W","无需处理"
"1807","","","","by-32d-pp-n","","正常","mainImage","/images/products/fittings/barbed-fittings/products/by-32d-pp-n-main.jpg","F:\WebsiteProjects\foreach-website-2026\public\images\products\fittings\barbed-fittings\products\by-32d-pp-n-main.jpg","data/products/selection/barbed-fitting-image-map.generated.json","$.items.BY-32D-PP-N","无需处理"
"1808","","","","by-32f-pa-w","","正常","mainImage","/images/products/fittings/barbed-fittings/products/by-32f-pa-w-main.jpg","F:\WebsiteProjects\foreach-website-2026\public\images\products\fittings\barbed-fittings\products\by-32f-pa-w-main.jpg","data/products/selection/barbed-fitting-image-map.generated.json","$.items.BY-32F-PA-W","无需处理"
"1809","","","","by-32f-pp-n","","正常","mainImage","/images/products/fittings/barbed-fittings/products/by-32f-pp-n-main.jpg","F:\WebsiteProjects\foreach-website-2026\public\images\products\fittings\barbed-fittings\products\by-32f-pp-n-main.jpg","data/products/selection/barbed-fitting-image-map.generated.json","$.items.BY-32F-PP-N","无需处理"
"1810","","","","by-40d-pa-w","","正常","mainImage","/images/products/fittings/barbed-fittings/products/by-40d-pa-w-main.jpg","F:\WebsiteProjects\foreach-website-2026\public\images\products\fittings\barbed-fittings\products\by-40d-pa-w-main.jpg","data/products/selection/barbed-fitting-image-map.generated.json","$.items.BY-40D-PA-W","无需处理"
"1811","","","","by-40d-pp-n","","正常","mainImage","/images/products/fittings/barbed-fittings/products/by-40d-pp-n-main.jpg","F:\WebsiteProjects\foreach-website-2026\public\images\products\fittings\barbed-fittings\products\by-40d-pp-n-main.jpg","data/products/selection/barbed-fitting-image-map.generated.json","$.items.BY-40D-PP-N","无需处理"
"1812","","","","by-48f-pa-w","","正常","mainImage","/images/products/fittings/barbed-fittings/products/by-48f-pa-w-main.jpg","F:\WebsiteProjects\foreach-website-2026\public\images\products\fittings\barbed-fittings\products\by-48f-pa-w-main.jpg","data/products/selection/barbed-fitting-image-map.generated.json","$.items.BY-48F-PA-W","无需处理"
"1813","","","","by-48f-pp-n","","正常","mainImage","/images/products/fittings/barbed-fittings/products/by-48f-pp-n-main.jpg","F:\WebsiteProjects\foreach-website-2026\public\images\products\fittings\barbed-fittings\products\by-48f-pp-n-main.jpg","data/products/selection/barbed-fitting-image-map.generated.json","$.items.BY-48F-PP-N","无需处理"
"1814","","","","by-64d-32d-32d-pa-w","","正常","mainImage","/images/products/fittings/barbed-fittings/products/by-64d-32d-32d-pa-w-main.jpg","F:\WebsiteProjects\foreach-website-2026\public\images\products\fittings\barbed-fittings\products\by-64d-32d-32d-pa-w-main.jpg","data/products/selection/barbed-fitting-image-map.generated.json","$.items.BY-64D-32D-32D-PA-W","无需处理"
"1815","","","","by-64d-32d-32d-pp-n","","正常","mainImage","/images/products/fittings/barbed-fittings/products/by-64d-32d-32d-pp-n-main.jpg","F:\WebsiteProjects\foreach-website-2026\public\images\products\fittings\barbed-fittings\products\by-64d-32d-32d-pp-n-main.jpg","data/products/selection/barbed-fitting-image-map.generated.json","$.items.BY-64D-32D-32D-PP-N","无需处理"
"1816","","","","by-64f-pa-w","","正常","mainImage","/images/products/fittings/barbed-fittings/products/by-64f-pa-w-main.jpg","F:\WebsiteProjects\foreach-website-2026\public\images\products\fittings\barbed-fittings\products\by-64f-pa-w-main.jpg","data/products/selection/barbed-fitting-image-map.generated.json","$.items.BY-64F-PA-W","无需处理"
"1817","","","","by-64f-pp-n","","正常","mainImage","/images/products/fittings/barbed-fittings/products/by-64f-pp-n-main.jpg","F:\WebsiteProjects\foreach-website-2026\public\images\products\fittings\barbed-fittings\products\by-64f-pp-n-main.jpg","data/products/selection/barbed-fitting-image-map.generated.json","$.items.BY-64F-PP-N","无需处理"
"1818","","","","by-95x-pa-w","","正常","mainImage","/images/products/fittings/barbed-fittings/products/by-95x-pa-w-main.jpg","F:\WebsiteProjects\foreach-website-2026\public\images\products\fittings\barbed-fittings\products\by-95x-pa-w-main.jpg","data/products/selection/barbed-fitting-image-map.generated.json","$.items.BY-95X-PA-W","无需处理"
"1819","","","","by-95x-pp-n","","正常","mainImage","/images/products/fittings/barbed-fittings/products/by-95x-pp-n-main.jpg","F:\WebsiteProjects\foreach-website-2026\public\images\products\fittings\barbed-fittings\products\by-95x-pp-n-main.jpg","data/products/selection/barbed-fitting-image-map.generated.json","$.items.BY-95X-PP-N","无需处理"
"1820","","809276","BA-16F-PP-N","","直通型倒刺接头","未配置主图字段","","","","data/products/selection/barbed-fitting-selection.generated.ts","第 15 行","确认该产品数据是否缺少主图字段；补图前暂不发布"
"1821","","809277","BA-24F-PP-N","","直通型倒刺接头","未配置主图字段","","","","data/products/selection/barbed-fitting-selection.generated.ts","第 73 行","确认该产品数据是否缺少主图字段；补图前暂不发布"
"1822","","809278","BA-32F-PP-N","","直通型倒刺接头","未配置主图字段","","","","data/products/selection/barbed-fitting-selection.generated.ts","第 131 行","确认该产品数据是否缺少主图字段；补图前暂不发布"
"1823","","809279","BA-40F-PP-N","","直通型倒刺接头","未配置主图字段","","","","data/products/selection/barbed-fitting-selection.generated.ts","第 189 行","确认该产品数据是否缺少主图字段；补图前暂不发布"
"1824","","809288","BA-16F-24F-PP-N","","直通型倒刺接头","未配置主图字段","","","","data/products/selection/barbed-fitting-selection.generated.ts","第 247 行","确认该产品数据是否缺少主图字段；补图前暂不发布"
"1825","","809289","BA-24F-32F-PP-N","","直通型倒刺接头","未配置主图字段","","","","data/products/selection/barbed-fitting-selection.generated.ts","第 305 行","确认该产品数据是否缺少主图字段；补图前暂不发布"
"1826","","809321","BA-16F-PA-W","","直通型倒刺接头","未配置主图字段","","","","data/products/selection/barbed-fitting-selection.generated.ts","第 363 行","确认该产品数据是否缺少主图字段；补图前暂不发布"
"1827","","809322","BA-16F-24F-PA-W","","直通型倒刺接头","未配置主图字段","","","","data/products/selection/barbed-fitting-selection.generated.ts","第 421 行","确认该产品数据是否缺少主图字段；补图前暂不发布"
"1828","","809324","BA-24F-PA-W","","直通型倒刺接头","未配置主图字段","","","","data/products/selection/barbed-fitting-selection.generated.ts","第 479 行","确认该产品数据是否缺少主图字段；补图前暂不发布"
"1829","","809325","BA-24F-32F-PA-W","","直通型倒刺接头","未配置主图字段","","","","data/products/selection/barbed-fitting-selection.generated.ts","第 537 行","确认该产品数据是否缺少主图字段；补图前暂不发布"
"1830","","809328","BA-32F-PA-W","","直通型倒刺接头","未配置主图字段","","","","data/products/selection/barbed-fitting-selection.generated.ts","第 595 行","确认该产品数据是否缺少主图字段；补图前暂不发布"
"1831","","809329","BA-40F-PA-W","","直通型倒刺接头","未配置主图字段","","","","data/products/selection/barbed-fitting-selection.generated.ts","第 653 行","确认该产品数据是否缺少主图字段；补图前暂不发布"
"1832","","809330","BA-16F-32F-PP-N","","直通型倒刺接头","未配置主图字段","","","","data/products/selection/barbed-fitting-selection.generated.ts","第 711 行","确认该产品数据是否缺少主图字段；补图前暂不发布"
"1833","","809332","BA-16F-32F-PA-W","","直通型倒刺接头","未配置主图字段","","","","data/products/selection/barbed-fitting-selection.generated.ts","第 769 行","确认该产品数据是否缺少主图字段；补图前暂不发布"
"1834","","809371","BA-32C-64C-PA-W","","直通型倒刺接头","未配置主图字段","","","","data/products/selection/barbed-fitting-selection.generated.ts","第 827 行","确认该产品数据是否缺少主图字段；补图前暂不发布"
"1835","","809370","BA-32C-64C-PP-N","","直通型倒刺接头","未配置主图字段","","","","data/products/selection/barbed-fitting-selection.generated.ts","第 885 行","确认该产品数据是否缺少主图字段；补图前暂不发布"
"1836","","809374","BA-32V-40V-PP-N","","直通型倒刺接头","未配置主图字段","","","","data/products/selection/barbed-fitting-selection.generated.ts","第 943 行","确认该产品数据是否缺少主图字段；补图前暂不发布"
"1837","","809375","BA-32V-40V-PA-W","","直通型倒刺接头","未配置主图字段","","","","data/products/selection/barbed-fitting-selection.generated.ts","第 1001 行","确认该产品数据是否缺少主图字段；补图前暂不发布"
"1838","","809376","BA-24V-40V-PP-N","","直通型倒刺接头","未配置主图字段","","","","data/products/selection/barbed-fitting-selection.generated.ts","第 1059 行","确认该产品数据是否缺少主图字段；补图前暂不发布"
"1839","","809377","BA-24V-40V-PA-W","","直通型倒刺接头","未配置主图字段","","","","data/products/selection/barbed-fitting-selection.generated.ts","第 1117 行","确认该产品数据是否缺少主图字段；补图前暂不发布"
"1840","","809378","BA-64V-79V-PP-N","","直通型倒刺接头","未配置主图字段","","","","data/products/selection/barbed-fitting-selection.generated.ts","第 1175 行","确认该产品数据是否缺少主图字段；补图前暂不发布"
"1841","","809379","BA-64V-79V-PA-W","","直通型倒刺接头","未配置主图字段","","","","data/products/selection/barbed-fitting-selection.generated.ts","第 1233 行","确认该产品数据是否缺少主图字段；补图前暂不发布"
"1842","","809424","BA-64C-PP-N","","直通型倒刺接头","未配置主图字段","","","","data/products/selection/barbed-fitting-selection.generated.ts","第 1291 行","确认该产品数据是否缺少主图字段；补图前暂不发布"
"1843","","809425","BA-64C-PA-W","","直通型倒刺接头","未配置主图字段","","","","data/products/selection/barbed-fitting-selection.generated.ts","第 1349 行","确认该产品数据是否缺少主图字段；补图前暂不发布"
"1844","","809426","BA-64V-95V-PP-N","","直通型倒刺接头","未配置主图字段","","","","data/products/selection/barbed-fitting-selection.generated.ts","第 1407 行","确认该产品数据是否缺少主图字段；补图前暂不发布"
"1845","","809427","BA-64V-95V-PA-W","","直通型倒刺接头","未配置主图字段","","","","data/products/selection/barbed-fitting-selection.generated.ts","第 1465 行","确认该产品数据是否缺少主图字段；补图前暂不发布"
"1846","","809428","BA-64X-127X-PP-N","","直通型倒刺接头","未配置主图字段","","","","data/products/selection/barbed-fitting-selection.generated.ts","第 1523 行","确认该产品数据是否缺少主图字段；补图前暂不发布"
"1847","","809429","BA-64X-127X-PA-W","","直通型倒刺接头","未配置主图字段","","","","data/products/selection/barbed-fitting-selection.generated.ts","第 1581 行","确认该产品数据是否缺少主图字段；补图前暂不发布"
"1848","","809547","BA-16C-PP-N","","直通型倒刺接头","未配置主图字段","","","","data/products/selection/barbed-fitting-selection.generated.ts","第 1639 行","确认该产品数据是否缺少主图字段；补图前暂不发布"
"1849","","809604","BA-16D-24D-PP-N","","直通型倒刺接头","未配置主图字段","","","","data/products/selection/barbed-fitting-selection.generated.ts","第 1697 行","确认该产品数据是否缺少主图字段；补图前暂不发布"
"1850","","809605","BA-16D-24D-PA-W","","直通型倒刺接头","未配置主图字段","","","","data/products/selection/barbed-fitting-selection.generated.ts","第 1755 行","确认该产品数据是否缺少主图字段；补图前暂不发布"
"1851","","809606","BA-24D-32D-PP-N","","直通型倒刺接头","未配置主图字段","","","","data/products/selection/barbed-fitting-selection.generated.ts","第 1813 行","确认该产品数据是否缺少主图字段；补图前暂不发布"
"1852","","809607","BA-24D-32D-PA-W","","直通型倒刺接头","未配置主图字段","","","","data/products/selection/barbed-fitting-selection.generated.ts","第 1871 行","确认该产品数据是否缺少主图字段；补图前暂不发布"
"1853","","809625","BA-24D-PP-N","","直通型倒刺接头","未配置主图字段","","","","data/products/selection/barbed-fitting-selection.generated.ts","第 1929 行","确认该产品数据是否缺少主图字段；补图前暂不发布"
"1854","","809626","BA-24D-PA-W","","直通型倒刺接头","未配置主图字段","","","","data/products/selection/barbed-fitting-selection.generated.ts","第 1987 行","确认该产品数据是否缺少主图字段；补图前暂不发布"
"1855","","809627","BA-32D-PP-N","","直通型倒刺接头","未配置主图字段","","","","data/products/selection/barbed-fitting-selection.generated.ts","第 2045 行","确认该产品数据是否缺少主图字段；补图前暂不发布"
"1856","","809628","BA-32D-PA-W","","直通型倒刺接头","未配置主图字段","","","","data/products/selection/barbed-fitting-selection.generated.ts","第 2103 行","确认该产品数据是否缺少主图字段；补图前暂不发布"
"1857","","809629","BA-16D-32D-PP-N","","直通型倒刺接头","未配置主图字段","","","","data/products/selection/barbed-fitting-selection.generated.ts","第 2161 行","确认该产品数据是否缺少主图字段；补图前暂不发布"
"1858","","809630","BA-16D-32D-PA-W","","直通型倒刺接头","未配置主图字段","","","","data/products/selection/barbed-fitting-selection.generated.ts","第 2219 行","确认该产品数据是否缺少主图字段；补图前暂不发布"
"1859","","809300","BA-16C-PA-W","","直通型倒刺接头","未配置主图字段","","","","data/products/selection/barbed-fitting-selection.generated.ts","第 2277 行","确认该产品数据是否缺少主图字段；补图前暂不发布"
"1860","","809788","BA-16F-24F-PV-N","","直通型倒刺接头","未配置主图字段","","","","data/products/selection/barbed-fitting-selection.generated.ts","第 2335 行","确认该产品数据是否缺少主图字段；补图前暂不发布"
"1861","","809519","BA-24C-48C-PP-N","","直通型倒刺接头","未配置主图字段","","","","data/products/selection/barbed-fitting-selection.generated.ts","第 2393 行","确认该产品数据是否缺少主图字段；补图前暂不发布"
"1862","","809520","BA-24C-48C-PA-W","","直通型倒刺接头","未配置主图字段","","","","data/products/selection/barbed-fitting-selection.generated.ts","第 2451 行","确认该产品数据是否缺少主图字段；补图前暂不发布"
"1863","","809843","BA-16V-40V-PA-W","","直通型倒刺接头","未配置主图字段","","","","data/products/selection/barbed-fitting-selection.generated.ts","第 2509 行","确认该产品数据是否缺少主图字段；补图前暂不发布"
"1864","","809854","BA-16V-40V-PP-N","","直通型倒刺接头","未配置主图字段","","","","data/products/selection/barbed-fitting-selection.generated.ts","第 2567 行","确认该产品数据是否缺少主图字段；补图前暂不发布"
"1865","","809862","BA-40D-64D-PP-N","","直通型倒刺接头","未配置主图字段","","","","data/products/selection/barbed-fitting-selection.generated.ts","第 2625 行","确认该产品数据是否缺少主图字段；补图前暂不发布"
"1866","","806037","BA-40-64-PP-N","","直通型倒刺接头","未配置主图字段","","","","data/products/selection/barbed-fitting-selection.generated.ts","第 2683 行","确认该产品数据是否缺少主图字段；补图前暂不发布"
"1867","","806148","BA-32-95-PP-N","","直通型倒刺接头","未配置主图字段","","","","data/products/selection/barbed-fitting-selection.generated.ts","第 2741 行","确认该产品数据是否缺少主图字段；补图前暂不发布"
"1868","","806276","BA-48-95-PP-N","","直通型倒刺接头","未配置主图字段","","","","data/products/selection/barbed-fitting-selection.generated.ts","第 2799 行","确认该产品数据是否缺少主图字段；补图前暂不发布"
"1869","","806036","BA-24-40-PP-N","","直通型倒刺接头","未配置主图字段","","","","data/products/selection/barbed-fitting-selection.generated.ts","第 2857 行","确认该产品数据是否缺少主图字段；补图前暂不发布"
"1870","","806033","BA-32-64-PP-N","","直通型倒刺接头","未配置主图字段","","","","data/products/selection/barbed-fitting-selection.generated.ts","第 2915 行","确认该产品数据是否缺少主图字段；补图前暂不发布"
"1871","","806201","BA-127-PP-N","","直通型倒刺接头","未配置主图字段","","","","data/products/selection/barbed-fitting-selection.generated.ts","第 2973 行","确认该产品数据是否缺少主图字段；补图前暂不发布"
"1872","","806256","BA-95-127-PP-N","","直通型倒刺接头","未配置主图字段","","","","data/products/selection/barbed-fitting-selection.generated.ts","第 3031 行","确认该产品数据是否缺少主图字段；补图前暂不发布"
"1873","","806272","BA-40-79-AC-W","","直通型倒刺接头","未配置主图字段","","","","data/products/selection/barbed-fitting-selection.generated.ts","第 3089 行","确认该产品数据是否缺少主图字段；补图前暂不发布"
"1874","","806147","BA-32-48-PP-N","","直通型倒刺接头","未配置主图字段","","","","data/products/selection/barbed-fitting-selection.generated.ts","第 3147 行","确认该产品数据是否缺少主图字段；补图前暂不发布"
"1875","","809345","BL-16F-PA-W","","L型倒刺接头","未配置主图字段","","","","data/products/selection/barbed-fitting-selection.generated.ts","第 3205 行","确认该产品数据是否缺少主图字段；补图前暂不发布"
"1876","","809346","BL-24F-PA-W","","L型倒刺接头","未配置主图字段","","","","data/products/selection/barbed-fitting-selection.generated.ts","第 3263 行","确认该产品数据是否缺少主图字段；补图前暂不发布"
"1877","","809347","BL-32F-PA-W","","L型倒刺接头","未配置主图字段","","","","data/products/selection/barbed-fitting-selection.generated.ts","第 3321 行","确认该产品数据是否缺少主图字段；补图前暂不发布"
"1878","","809348","BL-40F-PA-W","","L型倒刺接头","未配置主图字段","","","","data/products/selection/barbed-fitting-selection.generated.ts","第 3379 行","确认该产品数据是否缺少主图字段；补图前暂不发布"
"1879","","809349","BL-64F-PA-W","","L型倒刺接头","未配置主图字段","","","","data/products/selection/barbed-fitting-selection.generated.ts","第 3437 行","确认该产品数据是否缺少主图字段；补图前暂不发布"
"1880","","809350","BL-95D-PA-W","","L型倒刺接头","未配置主图字段","","","","data/products/selection/barbed-fitting-selection.generated.ts","第 3495 行","确认该产品数据是否缺少主图字段；补图前暂不发布"
"1881","","809357","BL-16F-PP-N","","L型倒刺接头","未配置主图字段","","","","data/products/selection/barbed-fitting-selection.generated.ts","第 3553 行","确认该产品数据是否缺少主图字段；补图前暂不发布"
"1882","","809358","BL-24F-PP-N","","L型倒刺接头","未配置主图字段","","","","data/products/selection/barbed-fitting-selection.generated.ts","第 3611 行","确认该产品数据是否缺少主图字段；补图前暂不发布"
"1883","","809359","BL-32F-PP-N","","L型倒刺接头","未配置主图字段","","","","data/products/selection/barbed-fitting-selection.generated.ts","第 3669 行","确认该产品数据是否缺少主图字段；补图前暂不发布"
"1884","","809360","BL-40F-PP-N","","L型倒刺接头","未配置主图字段","","","","data/products/selection/barbed-fitting-selection.generated.ts","第 3727 行","确认该产品数据是否缺少主图字段；补图前暂不发布"
"1885","","809361","BL-64F-PP-N","","L型倒刺接头","未配置主图字段","","","","data/products/selection/barbed-fitting-selection.generated.ts","第 3785 行","确认该产品数据是否缺少主图字段；补图前暂不发布"
"1886","","809362","BL-95D-PP-N","","L型倒刺接头","未配置主图字段","","","","data/products/selection/barbed-fitting-selection.generated.ts","第 3843 行","确认该产品数据是否缺少主图字段；补图前暂不发布"
"1887","","809632","BL-16D-PP-N","","L型倒刺接头","未配置主图字段","","","","data/products/selection/barbed-fitting-selection.generated.ts","第 3901 行","确认该产品数据是否缺少主图字段；补图前暂不发布"
"1888","","809633","BL-16D-PA-W","","L型倒刺接头","未配置主图字段","","","","data/products/selection/barbed-fitting-selection.generated.ts","第 3959 行","确认该产品数据是否缺少主图字段；补图前暂不发布"
"1889","","809634","BL-24D-PP-N","","L型倒刺接头","未配置主图字段","","","","data/products/selection/barbed-fitting-selection.generated.ts","第 4017 行","确认该产品数据是否缺少主图字段；补图前暂不发布"
"1890","","809635","BL-24D-PA-W","","L型倒刺接头","未配置主图字段","","","","data/products/selection/barbed-fitting-selection.generated.ts","第 4075 行","确认该产品数据是否缺少主图字段；补图前暂不发布"
"1891","","809636","BL-32D-PP-N","","L型倒刺接头","未配置主图字段","","","","data/products/selection/barbed-fitting-selection.generated.ts","第 4133 行","确认该产品数据是否缺少主图字段；补图前暂不发布"
"1892","","809637","BL-32D-PA-W","","L型倒刺接头","未配置主图字段","","","","data/products/selection/barbed-fitting-selection.generated.ts","第 4191 行","确认该产品数据是否缺少主图字段；补图前暂不发布"
"1893","","809638","BL-16D-24D-PP-N","","L型倒刺接头","未配置主图字段","","","","data/products/selection/barbed-fitting-selection.generated.ts","第 4249 行","确认该产品数据是否缺少主图字段；补图前暂不发布"
"1894","","809639","BL-16D-24D-PA-W","","L型倒刺接头","未配置主图字段","","","","data/products/selection/barbed-fitting-selection.generated.ts","第 4307 行","确认该产品数据是否缺少主图字段；补图前暂不发布"
"1895","","809640","BL-24D-32D-PP-N","","L型倒刺接头","未配置主图字段","","","","data/products/selection/barbed-fitting-selection.generated.ts","第 4365 行","确认该产品数据是否缺少主图字段；补图前暂不发布"
"1896","","809641","BL-24D-32D-PA-W","","L型倒刺接头","未配置主图字段","","","","data/products/selection/barbed-fitting-selection.generated.ts","第 4423 行","确认该产品数据是否缺少主图字段；补图前暂不发布"
"1897","","809642","BL-16D-32D-PP-N","","L型倒刺接头","未配置主图字段","","","","data/products/selection/barbed-fitting-selection.generated.ts","第 4481 行","确认该产品数据是否缺少主图字段；补图前暂不发布"
"1898","","809643","BL-16D-32D-PA-W","","L型倒刺接头","未配置主图字段","","","","data/products/selection/barbed-fitting-selection.generated.ts","第 4539 行","确认该产品数据是否缺少主图字段；补图前暂不发布"
"1899","","809645","BL-127V-PP-N","","L型倒刺接头","未配置主图字段","","","","data/products/selection/barbed-fitting-selection.generated.ts","第 4597 行","确认该产品数据是否缺少主图字段；补图前暂不发布"
"1900","","809881","BL-160-PP-N","","L型倒刺接头","未配置主图字段","","","","data/products/selection/barbed-fitting-selection.generated.ts","第 4655 行","确认该产品数据是否缺少主图字段；补图前暂不发布"
"1901","","809309","BT-16F-PP-N","","T型倒刺接头","未配置主图字段","","","","data/products/selection/barbed-fitting-selection.generated.ts","第 4713 行","确认该产品数据是否缺少主图字段；补图前暂不发布"
"1902","","809310","BT-24F-PP-N","","T型倒刺接头","未配置主图字段","","","","data/products/selection/barbed-fitting-selection.generated.ts","第 4772 行","确认该产品数据是否缺少主图字段；补图前暂不发布"
"1903","","809311","BT-32F-PP-N","","T型倒刺接头","未配置主图字段","","","","data/products/selection/barbed-fitting-selection.generated.ts","第 4831 行","确认该产品数据是否缺少主图字段；补图前暂不发布"
"1904","","809327","BT-24F-PA-W","","T型倒刺接头","未配置主图字段","","","","data/products/selection/barbed-fitting-selection.generated.ts","第 4890 行","确认该产品数据是否缺少主图字段；补图前暂不发布"
"1905","","809337","BT-16F-PA-W","","T型倒刺接头","未配置主图字段","","","","data/products/selection/barbed-fitting-selection.generated.ts","第 4949 行","确认该产品数据是否缺少主图字段；补图前暂不发布"
"1906","","809338","BT-32F-PA-W","","T型倒刺接头","未配置主图字段","","","","data/products/selection/barbed-fitting-selection.generated.ts","第 5008 行","确认该产品数据是否缺少主图字段；补图前暂不发布"
"1907","","809438","BT-40C-PP-N","","T型倒刺接头","未配置主图字段","","","","data/products/selection/barbed-fitting-selection.generated.ts","第 5067 行","确认该产品数据是否缺少主图字段；补图前暂不发布"
"1908","","809439","BT-40C-PA-W","","T型倒刺接头","未配置主图字段","","","","data/products/selection/barbed-fitting-selection.generated.ts","第 5126 行","确认该产品数据是否缺少主图字段；补图前暂不发布"
"1909","","809440","BT-64C-PP-N","","T型倒刺接头","未配置主图字段","","","","data/products/selection/barbed-fitting-selection.generated.ts","第 5185 行","确认该产品数据是否缺少主图字段；补图前暂不发布"
"1910","","809441","BT-64C-PA-W","","T型倒刺接头","未配置主图字段","","","","data/products/selection/barbed-fitting-selection.generated.ts","第 5244 行","确认该产品数据是否缺少主图字段；补图前暂不发布"
"1911","","809442","BT-95X-PP-N","","T型倒刺接头","未配置主图字段","","","","data/products/selection/barbed-fitting-selection.generated.ts","第 5303 行","确认该产品数据是否缺少主图字段；补图前暂不发布"
"1912","","809443","BT-95X-PA-W","","T型倒刺接头","未配置主图字段","","","","data/products/selection/barbed-fitting-selection.generated.ts","第 5362 行","确认该产品数据是否缺少主图字段；补图前暂不发布"
"1913","","809444","BT-32D-32D-16D-PP-N","","T型倒刺接头","未配置主图字段","","","","data/products/selection/barbed-fitting-selection.generated.ts","第 5421 行","确认该产品数据是否缺少主图字段；补图前暂不发布"
"1914","","809445","BT-32D-32D-16D-PA-W","","T型倒刺接头","未配置主图字段","","","","data/products/selection/barbed-fitting-selection.generated.ts","第 5480 行","确认该产品数据是否缺少主图字段；补图前暂不发布"
"1915","","809446","BT-24D-24D-16D-PP-N","","T型倒刺接头","未配置主图字段","","","","data/products/selection/barbed-fitting-selection.generated.ts","第 5539 行","确认该产品数据是否缺少主图字段；补图前暂不发布"
"1916","","809447","BT-24D-24D-16D-PA-W","","T型倒刺接头","未配置主图字段","","","","data/products/selection/barbed-fitting-selection.generated.ts","第 5598 行","确认该产品数据是否缺少主图字段；补图前暂不发布"
"1917","","809448","BT-32D-32D-24D-PP-N","","T型倒刺接头","未配置主图字段","","","","data/products/selection/barbed-fitting-selection.generated.ts","第 5657 行","确认该产品数据是否缺少主图字段；补图前暂不发布"
"1918","","809449","BT-32D-32D-24D-PA-W","","T型倒刺接头","未配置主图字段","","","","data/products/selection/barbed-fitting-selection.generated.ts","第 5716 行","确认该产品数据是否缺少主图字段；补图前暂不发布"
"1919","","809450","BT-64D-64D-32D-PP-N","","T型倒刺接头","未配置主图字段","","","","data/products/selection/barbed-fitting-selection.generated.ts","第 5775 行","确认该产品数据是否缺少主图字段；补图前暂不发布"
"1920","","809451","BT-64D-64D-32D-PA-W","","T型倒刺接头","未配置主图字段","","","","data/products/selection/barbed-fitting-selection.generated.ts","第 5834 行","确认该产品数据是否缺少主图字段；补图前暂不发布"
"1921","","809452","BT-24D-32D-32D-PP-N","","T型倒刺接头","未配置主图字段","","","","data/products/selection/barbed-fitting-selection.generated.ts","第 5893 行","确认该产品数据是否缺少主图字段；补图前暂不发布"
"1922","","809453","BT-24D-32D-32D-PA-W","","T型倒刺接头","未配置主图字段","","","","data/products/selection/barbed-fitting-selection.generated.ts","第 5952 行","确认该产品数据是否缺少主图字段；补图前暂不发布"
"1923","","809454","BT-32D-16D-16D-PP-N","","T型倒刺接头","未配置主图字段","","","","data/products/selection/barbed-fitting-selection.generated.ts","第 6011 行","确认该产品数据是否缺少主图字段；补图前暂不发布"
"1924","","809455","BT-32D-16D-16D-PA-W","","T型倒刺接头","未配置主图字段","","","","data/products/selection/barbed-fitting-selection.generated.ts","第 6070 行","确认该产品数据是否缺少主图字段；补图前暂不发布"
"1925","","809456","BT-32D-24D-24D-PP-N","","T型倒刺接头","未配置主图字段","","","","data/products/selection/barbed-fitting-selection.generated.ts","第 6129 行","确认该产品数据是否缺少主图字段；补图前暂不发布"
"1926","","809457","BT-32D-24D-24D-PA-W","","T型倒刺接头","未配置主图字段","","","","data/products/selection/barbed-fitting-selection.generated.ts","第 6188 行","确认该产品数据是否缺少主图字段；补图前暂不发布"
"1927","","809458","BT-32D-64T-64T-PP-N","","T型倒刺接头","未配置主图字段","","","","data/products/selection/barbed-fitting-selection.generated.ts","第 6247 行","确认该产品数据是否缺少主图字段；补图前暂不发布"
"1928","","809459","BT-32D-64T-64T-PA-W","","T型倒刺接头","未配置主图字段","","","","data/products/selection/barbed-fitting-selection.generated.ts","第 6306 行","确认该产品数据是否缺少主图字段；补图前暂不发布"
"1929","","809460","BT-64V-95V-95V-PP-N","","T型倒刺接头","未配置主图字段","","","","data/products/selection/barbed-fitting-selection.generated.ts","第 6365 行","确认该产品数据是否缺少主图字段；补图前暂不发布"
"1930","","809461","BT-64V-95V-95V-PA-W","","T型倒刺接头","未配置主图字段","","","","data/products/selection/barbed-fitting-selection.generated.ts","第 6424 行","确认该产品数据是否缺少主图字段；补图前暂不发布"
"1931","","806197","BT-24-16-16-PP-N","","T型倒刺接头","未配置主图字段","","","","data/products/selection/barbed-fitting-selection.generated.ts","第 6483 行","确认该产品数据是否缺少主图字段；补图前暂不发布"
"1932","","809521","BT-16D-PP-N","","T型倒刺接头","未配置主图字段","","","","data/products/selection/barbed-fitting-selection.generated.ts","第 6542 行","确认该产品数据是否缺少主图字段；补图前暂不发布"
"1933","","809545","BT-16D-PA-W","","T型倒刺接头","未配置主图字段","","","","data/products/selection/barbed-fitting-selection.generated.ts","第 6601 行","确认该产品数据是否缺少主图字段；补图前暂不发布"
"1934","","809610","BT-24D-PP-N","","T型倒刺接头","未配置主图字段","","","","data/products/selection/barbed-fitting-selection.generated.ts","第 6660 行","确认该产品数据是否缺少主图字段；补图前暂不发布"
"1935","","809611","BT-24D-PA-W","","T型倒刺接头","未配置主图字段","","","","data/products/selection/barbed-fitting-selection.generated.ts","第 6719 行","确认该产品数据是否缺少主图字段；补图前暂不发布"
"1936","","809621","BT-32D-PP-N","","T型倒刺接头","未配置主图字段","","","","data/products/selection/barbed-fitting-selection.generated.ts","第 6778 行","确认该产品数据是否缺少主图字段；补图前暂不发布"
"1937","","809622","BT-32D-PA-W","","T型倒刺接头","未配置主图字段","","","","data/products/selection/barbed-fitting-selection.generated.ts","第 6837 行","确认该产品数据是否缺少主图字段；补图前暂不发布"
"1938","","809644","BT-127V-PP-N","","T型倒刺接头","未配置主图字段","","","","data/products/selection/barbed-fitting-selection.generated.ts","第 6896 行","确认该产品数据是否缺少主图字段；补图前暂不发布"
"1939","","809287","BT-16D-24D-24D-PP-N","","T型倒刺接头","未配置主图字段","","","","data/products/selection/barbed-fitting-selection.generated.ts","第 6955 行","确认该产品数据是否缺少主图字段；补图前暂不发布"
"1940","","809410","BT-16D-24D-24D-PA-W","","T型倒刺接头","未配置主图字段","","","","data/products/selection/barbed-fitting-selection.generated.ts","第 7014 行","确认该产品数据是否缺少主图字段；补图前暂不发布"
"1941","","809842","BT-16D-32D-32D-PA-W","","T型倒刺接头","未配置主图字段","","","","data/products/selection/barbed-fitting-selection.generated.ts","第 7073 行","确认该产品数据是否缺少主图字段；补图前暂不发布"
"1942","","809851","BT-16D-32D-32D-PP-N","","T型倒刺接头","未配置主图字段","","","","data/products/selection/barbed-fitting-selection.generated.ts","第 7132 行","确认该产品数据是否缺少主图字段；补图前暂不发布"
"1943","","809863","BT-48D-PP-N","","T型倒刺接头","未配置主图字段","","","","data/products/selection/barbed-fitting-selection.generated.ts","第 7191 行","确认该产品数据是否缺少主图字段；补图前暂不发布"
"1944","","809865","BT-79D-PP-N","","T型倒刺接头","未配置主图字段","","","","data/products/selection/barbed-fitting-selection.generated.ts","第 7250 行","确认该产品数据是否缺少主图字段；补图前暂不发布"
"1945","","809294","BY-16F-PP-N","","Y型倒刺接头","未配置主图字段","","","","data/products/selection/barbed-fitting-selection.generated.ts","第 7309 行","确认该产品数据是否缺少主图字段；补图前暂不发布"
"1946","","809295","BY-24F-PP-N","","Y型倒刺接头","未配置主图字段","","","","data/products/selection/barbed-fitting-selection.generated.ts","第 7368 行","确认该产品数据是否缺少主图字段；补图前暂不发布"
"1947","","809296","BY-32F-PP-N","","Y型倒刺接头","未配置主图字段","","","","data/products/selection/barbed-fitting-selection.generated.ts","第 7427 行","确认该产品数据是否缺少主图字段；补图前暂不发布"
"1948","","809297","BY-40D-PP-N","","Y型倒刺接头","未配置主图字段","","","","data/products/selection/barbed-fitting-selection.generated.ts","第 7486 行","确认该产品数据是否缺少主图字段；补图前暂不发布"
"1949","","809298","BY-64F-PP-N","","Y型倒刺接头","未配置主图字段","","","","data/products/selection/barbed-fitting-selection.generated.ts","第 7545 行","确认该产品数据是否缺少主图字段；补图前暂不发布"
"1950","","809326","BY-24F-PA-W","","Y型倒刺接头","未配置主图字段","","","","data/products/selection/barbed-fitting-selection.generated.ts","第 7604 行","确认该产品数据是否缺少主图字段；补图前暂不发布"
"1951","","809334","BY-16F-PA-W","","Y型倒刺接头","未配置主图字段","","","","data/products/selection/barbed-fitting-selection.generated.ts","第 7663 行","确认该产品数据是否缺少主图字段；补图前暂不发布"
"1952","","809335","BY-32F-PA-W","","Y型倒刺接头","未配置主图字段","","","","data/products/selection/barbed-fitting-selection.generated.ts","第 7722 行","确认该产品数据是否缺少主图字段；补图前暂不发布"
"1953","","809336","BY-64F-PA-W","","Y型倒刺接头","未配置主图字段","","","","data/products/selection/barbed-fitting-selection.generated.ts","第 7781 行","确认该产品数据是否缺少主图字段；补图前暂不发布"
"1954","","809341","BY-48F-PP-N","","Y型倒刺接头","未配置主图字段","","","","data/products/selection/barbed-fitting-selection.generated.ts","第 7840 行","确认该产品数据是否缺少主图字段；补图前暂不发布"
"1955","","809343","BY-48F-PA-W","","Y型倒刺接头","未配置主图字段","","","","data/products/selection/barbed-fitting-selection.generated.ts","第 7899 行","确认该产品数据是否缺少主图字段；补图前暂不发布"
"1956","","809369","BY-40D-PA-W","","Y型倒刺接头","未配置主图字段","","","","data/products/selection/barbed-fitting-selection.generated.ts","第 7958 行","确认该产品数据是否缺少主图字段；补图前暂不发布"
"1957","","809380","BY-24D-16D-16D-PP-N","","Y型倒刺接头","未配置主图字段","","","","data/products/selection/barbed-fitting-selection.generated.ts","第 8017 行","确认该产品数据是否缺少主图字段；补图前暂不发布"
"1958","","809381","BY-24D-16D-16D-PA-W","","Y型倒刺接头","未配置主图字段","","","","data/products/selection/barbed-fitting-selection.generated.ts","第 8076 行","确认该产品数据是否缺少主图字段；补图前暂不发布"
"1959","","809430","BY-32D-PP-N","","Y型倒刺接头","未配置主图字段","","","","data/products/selection/barbed-fitting-selection.generated.ts","第 8135 行","确认该产品数据是否缺少主图字段；补图前暂不发布"
"1960","","809431","BY-32D-PA-W","","Y型倒刺接头","未配置主图字段","","","","data/products/selection/barbed-fitting-selection.generated.ts","第 8194 行","确认该产品数据是否缺少主图字段；补图前暂不发布"
"1961","","809432","BY-95X-PP-N","","Y型倒刺接头","未配置主图字段","","","","data/products/selection/barbed-fitting-selection.generated.ts","第 8253 行","确认该产品数据是否缺少主图字段；补图前暂不发布"
"1962","","809433","BY-95X-PA-W","","Y型倒刺接头","未配置主图字段","","","","data/products/selection/barbed-fitting-selection.generated.ts","第 8312 行","确认该产品数据是否缺少主图字段；补图前暂不发布"
"1963","","809434","BY-32D-16D-16D-PP-N","","Y型倒刺接头","未配置主图字段","","","","data/products/selection/barbed-fitting-selection.generated.ts","第 8371 行","确认该产品数据是否缺少主图字段；补图前暂不发布"
"1964","","809435","BY-32D-16D-16D-PA-W","","Y型倒刺接头","未配置主图字段","","","","data/products/selection/barbed-fitting-selection.generated.ts","第 8430 行","确认该产品数据是否缺少主图字段；补图前暂不发布"
"1965","","809436","BY-64D-32D-32D-PP-N","","Y型倒刺接头","未配置主图字段","","","","data/products/selection/barbed-fitting-selection.generated.ts","第 8489 行","确认该产品数据是否缺少主图字段；补图前暂不发布"
"1966","","809437","BY-64D-32D-32D-PA-W","","Y型倒刺接头","未配置主图字段","","","","data/products/selection/barbed-fitting-selection.generated.ts","第 8548 行","确认该产品数据是否缺少主图字段；补图前暂不发布"
"1967","","809608","BY-24D-PP-N","","Y型倒刺接头","未配置主图字段","","","","data/products/selection/barbed-fitting-selection.generated.ts","第 8607 行","确认该产品数据是否缺少主图字段；补图前暂不发布"
"1968","","809609","BY-24D-PA-W","","Y型倒刺接头","未配置主图字段","","","","data/products/selection/barbed-fitting-selection.generated.ts","第 8666 行","确认该产品数据是否缺少主图字段；补图前暂不发布"
"1969","","809623","BY-16D-PP-N","","Y型倒刺接头","未配置主图字段","","","","data/products/selection/barbed-fitting-selection.generated.ts","第 8725 行","确认该产品数据是否缺少主图字段；补图前暂不发布"
"1970","","809624","BY-16D-PA-W","","Y型倒刺接头","未配置主图字段","","","","data/products/selection/barbed-fitting-selection.generated.ts","第 8784 行","确认该产品数据是否缺少主图字段；补图前暂不发布"
"1971","","809646","BY-127V-PP-N","","Y型倒刺接头","未配置主图字段","","","","data/products/selection/barbed-fitting-selection.generated.ts","第 8843 行","确认该产品数据是否缺少主图字段；补图前暂不发布"
"1972","","806208","BY-64-40-40-PP-N","","Y型倒刺接头","未配置主图字段","","","","data/products/selection/barbed-fitting-selection.generated.ts","第 8902 行","确认该产品数据是否缺少主图字段；补图前暂不发布"
"1973","","806282","BY-79-PP-N","","Y型倒刺接头","未配置主图字段","","","","data/products/selection/barbed-fitting-selection.generated.ts","第 8961 行","确认该产品数据是否缺少主图字段；补图前暂不发布"
"1974","","806224","BF4-16-PP-N","","π型倒刺接头","未配置主图字段","","","","data/products/selection/barbed-fitting-selection.generated.ts","第 9020 行","确认该产品数据是否缺少主图字段；补图前暂不发布"
"1975","","806055","BF4-24-PP-N","","π型倒刺接头","未配置主图字段","","","","data/products/selection/barbed-fitting-selection.generated.ts","第 9077 行","确认该产品数据是否缺少主图字段；补图前暂不发布"
"1976","","806189","BF4-32-PP-N","","π型倒刺接头","未配置主图字段","","","","data/products/selection/barbed-fitting-selection.generated.ts","第 9134 行","确认该产品数据是否缺少主图字段；补图前暂不发布"
"1977","","806220","BX4-16-PP-N","","十字型倒刺接头","未配置主图字段","","","","data/products/selection/barbed-fitting-selection.generated.ts","第 9191 行","确认该产品数据是否缺少主图字段；补图前暂不发布"
"1978","","806192","BX4-24-PP-N","","十字型倒刺接头","未配置主图字段","","","","data/products/selection/barbed-fitting-selection.generated.ts","第 9248 行","确认该产品数据是否缺少主图字段；补图前暂不发布"
"1979","","806221","BX4-32-PP-N","","十字型倒刺接头","未配置主图字段","","","","data/products/selection/barbed-fitting-selection.generated.ts","第 9305 行","确认该产品数据是否缺少主图字段；补图前暂不发布"
"1980","","809283","BBL-16D-PP-N","","倒刺堵头","未配置主图字段","","","","data/products/selection/barbed-fitting-selection.generated.ts","第 9362 行","确认该产品数据是否缺少主图字段；补图前暂不发布"
"1981","","809284","BBL-24D-PP-N","","倒刺堵头","未配置主图字段","","","","data/products/selection/barbed-fitting-selection.generated.ts","第 9419 行","确认该产品数据是否缺少主图字段；补图前暂不发布"
"1982","","809285","BBL-32D-PP-N","","倒刺堵头","未配置主图字段","","","","data/products/selection/barbed-fitting-selection.generated.ts","第 9476 行","确认该产品数据是否缺少主图字段；补图前暂不发布"
"1983","","809406","BBL-16D-PA-W","","倒刺堵头","未配置主图字段","","","","data/products/selection/barbed-fitting-selection.generated.ts","第 9533 行","确认该产品数据是否缺少主图字段；补图前暂不发布"
"1984","","809407","BBL-24D-PA-W","","倒刺堵头","未配置主图字段","","","","data/products/selection/barbed-fitting-selection.generated.ts","第 9590 行","确认该产品数据是否缺少主图字段；补图前暂不发布"
"1985","","809408","BBL-32D-PA-W","","倒刺堵头","未配置主图字段","","","","data/products/selection/barbed-fitting-selection.generated.ts","第 9647 行","确认该产品数据是否缺少主图字段；补图前暂不发布"
"1986","","809462","PMB-U28-24D-PP-N","","fittings","正常","imageUrl","/images/products/fittings/bulkhead-barbed-fittings/products/pmb-u28-24d-pp-n-main.jpg","F:\WebsiteProjects\foreach-website-2026\public\images\products\fittings\bulkhead-barbed-fittings\products\pmb-u28-24d-pp-n-main.jpg","data/products/selection/bulkhead-barbed-fitting-selection.generated.ts","第 9 行","无需处理"
"1987","","809463","PMB-U28-32D-PP-N","","fittings","正常","imageUrl","/images/products/fittings/bulkhead-barbed-fittings/products/pmb-u28-32d-pp-n-main.jpg","F:\WebsiteProjects\foreach-website-2026\public\images\products\fittings\bulkhead-barbed-fittings\products\pmb-u28-32d-pp-n-main.jpg","data/products/selection/bulkhead-barbed-fitting-selection.generated.ts","第 129 行","无需处理"
"1988","","809496","PMB-U28-24D-PA-W","","fittings","正常","imageUrl","/images/products/fittings/bulkhead-barbed-fittings/products/pmb-u28-24d-pa-w-main.jpg","F:\WebsiteProjects\foreach-website-2026\public\images\products\fittings\bulkhead-barbed-fittings\products\pmb-u28-24d-pa-w-main.jpg","data/products/selection/bulkhead-barbed-fitting-selection.generated.ts","第 249 行","无需处理"
"1989","","809497","PMB-U28-32D-PA-W","","fittings","正常","imageUrl","/images/products/fittings/bulkhead-barbed-fittings/products/pmb-u28-32d-pa-w-main.jpg","F:\WebsiteProjects\foreach-website-2026\public\images\products\fittings\bulkhead-barbed-fittings\products\pmb-u28-32d-pa-w-main.jpg","data/products/selection/bulkhead-barbed-fitting-selection.generated.ts","第 369 行","无需处理"
"1990","","809304","PMB-U28-16D-PP-N","","fittings","正常","imageUrl","/images/products/fittings/bulkhead-barbed-fittings/products/pmb-u28-16d-pp-n-main.jpg","F:\WebsiteProjects\foreach-website-2026\public\images\products\fittings\bulkhead-barbed-fittings\products\pmb-u28-16d-pp-n-main.jpg","data/products/selection/bulkhead-barbed-fitting-selection.generated.ts","第 489 行","无需处理"
"1991","","809517","PMB-U28-16D-PA-W","","fittings","正常","imageUrl","/images/products/fittings/bulkhead-barbed-fittings/products/pmb-u28-16d-pa-w-main.jpg","F:\WebsiteProjects\foreach-website-2026\public\images\products\fittings\bulkhead-barbed-fittings\products\pmb-u28-16d-pa-w-main.jpg","data/products/selection/bulkhead-barbed-fitting-selection.generated.ts","第 609 行","无需处理"
"1992","","809498","PMBSN-U28-PA-W","","fittings","正常","imageUrl","/images/products/fittings/bulkhead-barbed-fittings/products/pmbsn-u28-pa-w-main.jpg","F:\WebsiteProjects\foreach-website-2026\public\images\products\fittings\bulkhead-barbed-fittings\products\pmbsn-u28-pa-w-main.jpg","data/products/selection/bulkhead-barbed-fitting-selection.generated.ts","第 729 行","无需处理"
"1993","","809464","PMBSN-U28-PP-N","","fittings","正常","imageUrl","/images/products/fittings/bulkhead-barbed-fittings/products/pmbsn-u28-pp-n-main.jpg","F:\WebsiteProjects\foreach-website-2026\public\images\products\fittings\bulkhead-barbed-fittings\products\pmbsn-u28-pp-n-main.jpg","data/products/selection/bulkhead-barbed-fitting-selection.generated.ts","第 848 行","无需处理"
"1994","","136009","F-PE-10-24-PP-N","","PE系列过滤器","未配置主图字段","","","","data/products/selection/filter-check-valve-selection.generated.ts","第 15 行","确认该产品数据是否缺少主图字段；补图前暂不发布"
"1995","","139001","F-PE-100-32-PP-N","","PE系列过滤器","未配置主图字段","","","","data/products/selection/filter-check-valve-selection.generated.ts","第 87 行","确认该产品数据是否缺少主图字段；补图前暂不发布"
"1996","","139002","F-PE-100-32-PV-N","","PE系列过滤器","未配置主图字段","","","","data/products/selection/filter-check-valve-selection.generated.ts","第 159 行","确认该产品数据是否缺少主图字段；补图前暂不发布"
"1997","","139003","F-PE-60-32-PP-N","","PE系列过滤器","未配置主图字段","","","","data/products/selection/filter-check-valve-selection.generated.ts","第 231 行","确认该产品数据是否缺少主图字段；补图前暂不发布"
"1998","","139012","F-PA-150-32-PP-N","","PA系列过滤器","未配置主图字段","","","","data/products/selection/filter-check-valve-selection.generated.ts","第 303 行","确认该产品数据是否缺少主图字段；补图前暂不发布"
"1999","","139014","F-PA-250-32D-PA-N","","PA系列过滤器","未配置主图字段","","","","data/products/selection/filter-check-valve-selection.generated.ts","第 375 行","确认该产品数据是否缺少主图字段；补图前暂不发布"
"2000","","139005","F-SS-150-127-AC-N","","水循环过滤器","未配置主图字段","","","","data/products/selection/filter-check-valve-selection.generated.ts","第 447 行","确认该产品数据是否缺少主图字段；补图前暂不发布"
"2001","","139006","F-SS-150-127D-AC-N","","水循环过滤器","未配置主图字段","","","","data/products/selection/filter-check-valve-selection.generated.ts","第 519 行","确认该产品数据是否缺少主图字段；补图前暂不发布"
"2002","","139007","F-SS-150-127-PP-N","","水循环过滤器","未配置主图字段","","","","data/products/selection/filter-check-valve-selection.generated.ts","第 591 行","确认该产品数据是否缺少主图字段；补图前暂不发布"
"2003","","139008","F-SS-150-127D-PP-N","","水循环过滤器","未配置主图字段","","","","data/products/selection/filter-check-valve-selection.generated.ts","第 663 行","确认该产品数据是否缺少主图字段；补图前暂不发布"
"2004","","139011","F-SS-150-79D-PP-N","","水循环过滤器","未配置主图字段","","","","data/products/selection/filter-check-valve-selection.generated.ts","第 736 行","确认该产品数据是否缺少主图字段；补图前暂不发布"
"2005","","139013","F-SS-150-95D-PP-N","","水循环过滤器","未配置主图字段","","","","data/products/selection/filter-check-valve-selection.generated.ts","第 808 行","确认该产品数据是否缺少主图字段；补图前暂不发布"
"2006","","139015","F-SS-150-191-PP-N","","水循环过滤器","未配置主图字段","","","","data/products/selection/filter-check-valve-selection.generated.ts","第 882 行","确认该产品数据是否缺少主图字段；补图前暂不发布"
"2007","","139009","139009","","水循环过滤器组件","未配置主图字段","","","","data/products/selection/filter-check-valve-selection.generated.ts","第 954 行","确认该产品数据是否缺少主图字段；补图前暂不发布"
"2008","","139010","139010","","水循环过滤器组件","未配置主图字段","","","","data/products/selection/filter-check-valve-selection.generated.ts","第 1026 行","确认该产品数据是否缺少主图字段；补图前暂不发布"
"2009","","126006","CV-DE-16-PV-N","","鸭嘴式单向阀","未配置主图字段","","","","data/products/selection/filter-check-valve-selection.generated.ts","第 1098 行","确认该产品数据是否缺少主图字段；补图前暂不发布"
"2010","","126007","CV-BV-32-PP-N","","膜片式单向阀","未配置主图字段","","","","data/products/selection/filter-check-valve-selection.generated.ts","第 1170 行","确认该产品数据是否缺少主图字段；补图前暂不发布"
"2011","","126009","CV-BV-48-PP-N","","膜片式单向阀","未配置主图字段","","","","data/products/selection/filter-check-valve-selection.generated.ts","第 1244 行","确认该产品数据是否缺少主图字段；补图前暂不发布"
"2012","","126011","CV-BV-64-PP-N","","膜片式单向阀","未配置主图字段","","","","data/products/selection/filter-check-valve-selection.generated.ts","第 1320 行","确认该产品数据是否缺少主图字段；补图前暂不发布"
"2013","","126012","CV-BE-64-PP-N","","膜片式单向阀","未配置主图字段","","","","data/products/selection/filter-check-valve-selection.generated.ts","第 1394 行","确认该产品数据是否缺少主图字段；补图前暂不发布"
"2014","","126013","CV-BV-79-PP-N","","膜片式单向阀","未配置主图字段","","","","data/products/selection/filter-check-valve-selection.generated.ts","第 1466 行","确认该产品数据是否缺少主图字段；补图前暂不发布"
"2015","","126014","CV-BE-79-PP-N","","膜片式单向阀","未配置主图字段","","","","data/products/selection/filter-check-valve-selection.generated.ts","第 1538 行","确认该产品数据是否缺少主图字段；补图前暂不发布"
"2016","","126016","CV-BE-95-PP-N","","膜片式单向阀","未配置主图字段","","","","data/products/selection/filter-check-valve-selection.generated.ts","第 1610 行","确认该产品数据是否缺少主图字段；补图前暂不发布"
"2017","","126025","CV-BF-16-PV-N","","膜片式单向阀","未配置主图字段","","","","data/products/selection/filter-check-valve-selection.generated.ts","第 1682 行","确认该产品数据是否缺少主图字段；补图前暂不发布"
"2018","","126026","CV-DE-24-PV-N","","鸭嘴式单向阀","未配置主图字段","","","","data/products/selection/filter-check-valve-selection.generated.ts","第 1754 行","确认该产品数据是否缺少主图字段；补图前暂不发布"
"2019","","126027","CV-DE-32-PV-N","","鸭嘴式单向阀","未配置主图字段","","","","data/products/selection/filter-check-valve-selection.generated.ts","第 1826 行","确认该产品数据是否缺少主图字段；补图前暂不发布"
"2020","","129001","CV-BE-32-PP-N","","膜片式单向阀","未配置主图字段","","","","data/products/selection/filter-check-valve-selection.generated.ts","第 1898 行","确认该产品数据是否缺少主图字段；补图前暂不发布"
"2021","","129002","CV-BE-32-PV-N","","膜片式单向阀","未配置主图字段","","","","data/products/selection/filter-check-valve-selection.generated.ts","第 1970 行","确认该产品数据是否缺少主图字段；补图前暂不发布"
"2022","","129003","CV-BF-32-PP-N","","膜片式单向阀","未配置主图字段","","","","data/products/selection/filter-check-valve-selection.generated.ts","第 2042 行","确认该产品数据是否缺少主图字段；补图前暂不发布"
"2023","","129004","CV-BE-24-PP-N","","膜片式单向阀","未配置主图字段","","","","data/products/selection/filter-check-valve-selection.generated.ts","第 2114 行","确认该产品数据是否缺少主图字段；补图前暂不发布"
"2024","","129005","CV-BF-32-PP-B","","膜片式单向阀","未配置主图字段","","","","data/products/selection/filter-check-valve-selection.generated.ts","第 2186 行","确认该产品数据是否缺少主图字段；补图前暂不发布"
"2025","","809130","LPS-16-PP-W","lps-16-pp-w","LPS","未配置主图字段","","","","data/products/selection/luer-fitting-asset-map.generated.json","$.809130","确认该产品数据是否缺少主图字段；补图前暂不发布"
"2026","","809139","LPS-32-PP-B","lps-32-pp-b","LPS","未配置主图字段","","","","data/products/selection/luer-fitting-asset-map.generated.json","$.809139","确认该产品数据是否缺少主图字段；补图前暂不发布"
"2027","","809140","LPS-32-PP-U","lps-32-pp-u","LPS","未配置主图字段","","","","data/products/selection/luer-fitting-asset-map.generated.json","$.809140","确认该产品数据是否缺少主图字段；补图前暂不发布"
"2028","","809149","LPS-16-PP-B","lps-16-pp-b","LPS","未配置主图字段","","","","data/products/selection/luer-fitting-asset-map.generated.json","$.809149","确认该产品数据是否缺少主图字段；补图前暂不发布"
"2029","","809150","LPS-16-PP-R","lps-16-pp-r","LPS","未配置主图字段","","","","data/products/selection/luer-fitting-asset-map.generated.json","$.809150","确认该产品数据是否缺少主图字段；补图前暂不发布"
"2030","","809159","LPS-16-PP-G","lps-16-pp-g","LPS","未配置主图字段","","","","data/products/selection/luer-fitting-asset-map.generated.json","$.809159","确认该产品数据是否缺少主图字段；补图前暂不发布"
"2031","","809160","LPS-16-PP-U","lps-16-pp-u","LPS","未配置主图字段","","","","data/products/selection/luer-fitting-asset-map.generated.json","$.809160","确认该产品数据是否缺少主图字段；补图前暂不发布"
"2032","","809169","LPS-16-PP-O","lps-16-pp-o","LPS","未配置主图字段","","","","data/products/selection/luer-fitting-asset-map.generated.json","$.809169","确认该产品数据是否缺少主图字段；补图前暂不发布"
"2033","","809170","LPS-16-PP-Y","lps-16-pp-y","LPS","未配置主图字段","","","","data/products/selection/luer-fitting-asset-map.generated.json","$.809170","确认该产品数据是否缺少主图字段；补图前暂不发布"
"2034","","809188","LPS-24-PP-W","lps-24-pp-w","LPS","未配置主图字段","","","","data/products/selection/luer-fitting-asset-map.generated.json","$.809188","确认该产品数据是否缺少主图字段；补图前暂不发布"
"2035","","809255","LP-16D-PA-W","lp-16d-pa-w","LP","未配置主图字段","","","","data/products/selection/luer-fitting-asset-map.generated.json","$.809255","确认该产品数据是否缺少主图字段；补图前暂不发布"
"2036","","809256","LP-16D-PA-B","lp-16d-pa-b","LP","未配置主图字段","","","","data/products/selection/luer-fitting-asset-map.generated.json","$.809256","确认该产品数据是否缺少主图字段；补图前暂不发布"
"2037","","809257","LP-16D-PA-R","lp-16d-pa-r","LP","未配置主图字段","","","","data/products/selection/luer-fitting-asset-map.generated.json","$.809257","确认该产品数据是否缺少主图字段；补图前暂不发布"
"2038","","809259","LP-16D-PA-G","lp-16d-pa-g","LP","未配置主图字段","","","","data/products/selection/luer-fitting-asset-map.generated.json","$.809259","确认该产品数据是否缺少主图字段；补图前暂不发布"
"2039","","809260","LPS-24-PP-B","lps-24-pp-b","LPS","未配置主图字段","","","","data/products/selection/luer-fitting-asset-map.generated.json","$.809260","确认该产品数据是否缺少主图字段；补图前暂不发布"
"2040","","809261","LPS-24-PP-R","lps-24-pp-r","LPS","未配置主图字段","","","","data/products/selection/luer-fitting-asset-map.generated.json","$.809261","确认该产品数据是否缺少主图字段；补图前暂不发布"
"2041","","809270","LPS-24-PP-G","lps-24-pp-g","LPS","未配置主图字段","","","","data/products/selection/luer-fitting-asset-map.generated.json","$.809270","确认该产品数据是否缺少主图字段；补图前暂不发布"
"2042","","809271","LPS-24-PP-U","lps-24-pp-u","LPS","未配置主图字段","","","","data/products/selection/luer-fitting-asset-map.generated.json","$.809271","确认该产品数据是否缺少主图字段；补图前暂不发布"
"2043","","809272","LPS-24-PP-O","lps-24-pp-o","LPS","未配置主图字段","","","","data/products/selection/luer-fitting-asset-map.generated.json","$.809272","确认该产品数据是否缺少主图字段；补图前暂不发布"
"2044","","809273","LPS-24-PP-Y","lps-24-pp-y","LPS","未配置主图字段","","","","data/products/selection/luer-fitting-asset-map.generated.json","$.809273","确认该产品数据是否缺少主图字段；补图前暂不发布"
"2045","","809274","LPS-32-PP-W","lps-32-pp-w","LPS","未配置主图字段","","","","data/products/selection/luer-fitting-asset-map.generated.json","$.809274","确认该产品数据是否缺少主图字段；补图前暂不发布"
"2046","","809275","LPS-32-PP-R","lps-32-pp-r","LPS","未配置主图字段","","","","data/products/selection/luer-fitting-asset-map.generated.json","$.809275","确认该产品数据是否缺少主图字段；补图前暂不发布"
"2047","","809280","LPS-32-PP-G","lps-32-pp-g","LPS","未配置主图字段","","","","data/products/selection/luer-fitting-asset-map.generated.json","$.809280","确认该产品数据是否缺少主图字段；补图前暂不发布"
"2048","","809281","LPS-32-PP-O","lps-32-pp-o","LPS","未配置主图字段","","","","data/products/selection/luer-fitting-asset-map.generated.json","$.809281","确认该产品数据是否缺少主图字段；补图前暂不发布"
"2049","","809282","LPS-32-PP-Y","lps-32-pp-y","LPS","未配置主图字段","","","","data/products/selection/luer-fitting-asset-map.generated.json","$.809282","确认该产品数据是否缺少主图字段；补图前暂不发布"
"2050","","809290","LPR-24-PA-W","lpr-24-pa-w","LPR","未配置主图字段","","","","data/products/selection/luer-fitting-asset-map.generated.json","$.809290","确认该产品数据是否缺少主图字段；补图前暂不发布"
"2051","","809291","LPR-24-PA-Y","lpr-24-pa-y","LPR","未配置主图字段","","","","data/products/selection/luer-fitting-asset-map.generated.json","$.809291","确认该产品数据是否缺少主图字段；补图前暂不发布"
"2052","","809299","LPR-32-PA-B","lpr-32-pa-b","LPR","未配置主图字段","","","","data/products/selection/luer-fitting-asset-map.generated.json","$.809299","确认该产品数据是否缺少主图字段；补图前暂不发布"
"2053","","809312","LP-16D-PP-N","lp-16d-pp-n","LP","未配置主图字段","","","","data/products/selection/luer-fitting-asset-map.generated.json","$.809312","确认该产品数据是否缺少主图字段；补图前暂不发布"
"2054","","809313","LP-24D-PP-N","lp-24d-pp-n","LP","未配置主图字段","","","","data/products/selection/luer-fitting-asset-map.generated.json","$.809313","确认该产品数据是否缺少主图字段；补图前暂不发布"
"2055","","809314","LP-32D-PP-N","lp-32d-pp-n","LP","未配置主图字段","","","","data/products/selection/luer-fitting-asset-map.generated.json","$.809314","确认该产品数据是否缺少主图字段；补图前暂不发布"
"2056","","809319","LP-16D-PA-U","lp-16d-pa-u","LP","未配置主图字段","","","","data/products/selection/luer-fitting-asset-map.generated.json","$.809319","确认该产品数据是否缺少主图字段；补图前暂不发布"
"2057","","809320","LPR-16-PA-W","lpr-16-pa-w","LPR","未配置主图字段","","","","data/products/selection/luer-fitting-asset-map.generated.json","$.809320","确认该产品数据是否缺少主图字段；补图前暂不发布"
"2058","","809331","LPR-16-PA-B","lpr-16-pa-b","LPR","未配置主图字段","","","","data/products/selection/luer-fitting-asset-map.generated.json","$.809331","确认该产品数据是否缺少主图字段；补图前暂不发布"
"2059","","809333","LPR-16-PA-R","lpr-16-pa-r","LPR","未配置主图字段","","","","data/products/selection/luer-fitting-asset-map.generated.json","$.809333","确认该产品数据是否缺少主图字段；补图前暂不发布"
"2060","","809342","LPR-16-PA-G","lpr-16-pa-g","LPR","未配置主图字段","","","","data/products/selection/luer-fitting-asset-map.generated.json","$.809342","确认该产品数据是否缺少主图字段；补图前暂不发布"
"2061","","809344","LP-16D-PA-O","lp-16d-pa-o","LP","未配置主图字段","","","","data/products/selection/luer-fitting-asset-map.generated.json","$.809344","确认该产品数据是否缺少主图字段；补图前暂不发布"
"2062","","809351","LPR-16-PA-U","lpr-16-pa-u","LPR","未配置主图字段","","","","data/products/selection/luer-fitting-asset-map.generated.json","$.809351","确认该产品数据是否缺少主图字段；补图前暂不发布"
"2063","","809352","LPR-16-PA-O","lpr-16-pa-o","LPR","未配置主图字段","","","","data/products/selection/luer-fitting-asset-map.generated.json","$.809352","确认该产品数据是否缺少主图字段；补图前暂不发布"
"2064","","809353","LPR-16-PA-Y","lpr-16-pa-y","LPR","未配置主图字段","","","","data/products/selection/luer-fitting-asset-map.generated.json","$.809353","确认该产品数据是否缺少主图字段；补图前暂不发布"
"2065","","809354","LP-16D-PA-Y","lp-16d-pa-y","LP","未配置主图字段","","","","data/products/selection/luer-fitting-asset-map.generated.json","$.809354","确认该产品数据是否缺少主图字段；补图前暂不发布"
"2066","","809355","LPR-24-PA-B","lpr-24-pa-b","LPR","未配置主图字段","","","","data/products/selection/luer-fitting-asset-map.generated.json","$.809355","确认该产品数据是否缺少主图字段；补图前暂不发布"
"2067","","809356","LPR-24-PA-R","lpr-24-pa-r","LPR","未配置主图字段","","","","data/products/selection/luer-fitting-asset-map.generated.json","$.809356","确认该产品数据是否缺少主图字段；补图前暂不发布"
"2068","","809363","LPR-24-PA-G","lpr-24-pa-g","LPR","未配置主图字段","","","","data/products/selection/luer-fitting-asset-map.generated.json","$.809363","确认该产品数据是否缺少主图字段；补图前暂不发布"
"2069","","809364","LPR-24-PA-U","lpr-24-pa-u","LPR","未配置主图字段","","","","data/products/selection/luer-fitting-asset-map.generated.json","$.809364","确认该产品数据是否缺少主图字段；补图前暂不发布"
"2070","","809365","LPR-24-PA-O","lpr-24-pa-o","LPR","未配置主图字段","","","","data/products/selection/luer-fitting-asset-map.generated.json","$.809365","确认该产品数据是否缺少主图字段；补图前暂不发布"
"2071","","809366","LP-24D-PA-W","lp-24d-pa-w","LP","未配置主图字段","","","","data/products/selection/luer-fitting-asset-map.generated.json","$.809366","确认该产品数据是否缺少主图字段；补图前暂不发布"
"2072","","809367","LPR-32-PA-W","lpr-32-pa-w","LPR","未配置主图字段","","","","data/products/selection/luer-fitting-asset-map.generated.json","$.809367","确认该产品数据是否缺少主图字段；补图前暂不发布"
"2073","","809368","LPR-32-PA-R","lpr-32-pa-r","LPR","未配置主图字段","","","","data/products/selection/luer-fitting-asset-map.generated.json","$.809368","确认该产品数据是否缺少主图字段；补图前暂不发布"
"2074","","809372","LPR-32-PA-G","lpr-32-pa-g","LPR","未配置主图字段","","","","data/products/selection/luer-fitting-asset-map.generated.json","$.809372","确认该产品数据是否缺少主图字段；补图前暂不发布"
"2075","","809373","LPR-32-PA-U","lpr-32-pa-u","LPR","未配置主图字段","","","","data/products/selection/luer-fitting-asset-map.generated.json","$.809373","确认该产品数据是否缺少主图字段；补图前暂不发布"
"2076","","809402","LPR-32-PA-O","lpr-32-pa-o","LPR","未配置主图字段","","","","data/products/selection/luer-fitting-asset-map.generated.json","$.809402","确认该产品数据是否缺少主图字段；补图前暂不发布"
"2077","","809403","LPR-32-PA-Y","lpr-32-pa-y","LPR","未配置主图字段","","","","data/products/selection/luer-fitting-asset-map.generated.json","$.809403","确认该产品数据是否缺少主图字段；补图前暂不发布"
"2078","","809485","LP-24D-PA-R","lp-24d-pa-r","LP","未配置主图字段","","","","data/products/selection/luer-fitting-asset-map.generated.json","$.809485","确认该产品数据是否缺少主图字段；补图前暂不发布"
"2079","","809486","LP-24D-PA-G","lp-24d-pa-g","LP","未配置主图字段","","","","data/products/selection/luer-fitting-asset-map.generated.json","$.809486","确认该产品数据是否缺少主图字段；补图前暂不发布"
"2080","","809487","LP-24D-PA-U","lp-24d-pa-u","LP","未配置主图字段","","","","data/products/selection/luer-fitting-asset-map.generated.json","$.809487","确认该产品数据是否缺少主图字段；补图前暂不发布"
"2081","","809488","LP-24D-PA-O","lp-24d-pa-o","LP","未配置主图字段","","","","data/products/selection/luer-fitting-asset-map.generated.json","$.809488","确认该产品数据是否缺少主图字段；补图前暂不发布"
"2082","","809489","LP-24D-PA-Y","lp-24d-pa-y","LP","未配置主图字段","","","","data/products/selection/luer-fitting-asset-map.generated.json","$.809489","确认该产品数据是否缺少主图字段；补图前暂不发布"
"2083","","809558","LSL-16-PP-N","lsl-16-pp-n","LSL","未配置主图字段","","","","data/products/selection/luer-fitting-asset-map.generated.json","$.809558","确认该产品数据是否缺少主图字段；补图前暂不发布"
"2084","","809559","LRL-16-PP-N","lrl-16-pp-n","LRL","未配置主图字段","","","","data/products/selection/luer-fitting-asset-map.generated.json","$.809559","确认该产品数据是否缺少主图字段；补图前暂不发布"
"2085","","809560","LSL-24-PP-N","lsl-24-pp-n","LSL","未配置主图字段","","","","data/products/selection/luer-fitting-asset-map.generated.json","$.809560","确认该产品数据是否缺少主图字段；补图前暂不发布"
"2086","","809561","LRL-24-PP-N","lrl-24-pp-n","LRL","未配置主图字段","","","","data/products/selection/luer-fitting-asset-map.generated.json","$.809561","确认该产品数据是否缺少主图字段；补图前暂不发布"
"2087","","809562","LSL-32-PP-N","lsl-32-pp-n","LSL","未配置主图字段","","","","data/products/selection/luer-fitting-asset-map.generated.json","$.809562","确认该产品数据是否缺少主图字段；补图前暂不发布"
"2088","","809563","LRL-32-PP-N","lrl-32-pp-n","LRL","未配置主图字段","","","","data/products/selection/luer-fitting-asset-map.generated.json","$.809563","确认该产品数据是否缺少主图字段；补图前暂不发布"
"2089","","809570","LS-16D-PP-N","ls-16d-pp-n","LS","未配置主图字段","","","","data/products/selection/luer-fitting-asset-map.generated.json","$.809570","确认该产品数据是否缺少主图字段；补图前暂不发布"
"2090","","809571","LS-24D-PP-N","ls-24d-pp-n","LS","未配置主图字段","","","","data/products/selection/luer-fitting-asset-map.generated.json","$.809571","确认该产品数据是否缺少主图字段；补图前暂不发布"
"2091","","809572","LS-32D-PP-N","ls-32d-pp-n","LS","未配置主图字段","","","","data/products/selection/luer-fitting-asset-map.generated.json","$.809572","确认该产品数据是否缺少主图字段；补图前暂不发布"
"2092","","809576","PMLS-U28-16D-PP-N","pmls-u28-16d-pp-n","PMLS","未配置主图字段","","","","data/products/selection/luer-fitting-asset-map.generated.json","$.809576","确认该产品数据是否缺少主图字段；补图前暂不发布"
"2093","","809577","PMLS-U28-24D-PP-N","pmls-u28-24d-pp-n","PMLS","未配置主图字段","","","","data/products/selection/luer-fitting-asset-map.generated.json","$.809577","确认该产品数据是否缺少主图字段；补图前暂不发布"
"2094","","809578","PMLS-U28-32D-PP-N","pmls-u28-32d-pp-n","PMLS","未配置主图字段","","","","data/products/selection/luer-fitting-asset-map.generated.json","$.809578","确认该产品数据是否缺少主图字段；补图前暂不发布"
"2095","","809579","LCR-PP-N","lcr-pp-n","LCR","未配置主图字段","","","","data/products/selection/luer-fitting-asset-map.generated.json","$.809579","确认该产品数据是否缺少主图字段；补图前暂不发布"
"2096","","809580","LCR-PA-W","lcr-pa-w","LCR","未配置主图字段","","","","data/products/selection/luer-fitting-asset-map.generated.json","$.809580","确认该产品数据是否缺少主图字段；补图前暂不发布"
"2097","","809581","LCR-PA-B","lcr-pa-b","LCR","未配置主图字段","","","","data/products/selection/luer-fitting-asset-map.generated.json","$.809581","确认该产品数据是否缺少主图字段；补图前暂不发布"
"2098","","809582","LCR-PA-R","lcr-pa-r","LCR","未配置主图字段","","","","data/products/selection/luer-fitting-asset-map.generated.json","$.809582","确认该产品数据是否缺少主图字段；补图前暂不发布"
"2099","","809583","LCR-PA-G","lcr-pa-g","LCR","未配置主图字段","","","","data/products/selection/luer-fitting-asset-map.generated.json","$.809583","确认该产品数据是否缺少主图字段；补图前暂不发布"
"2100","","809584","LCR-PA-U","lcr-pa-u","LCR","未配置主图字段","","","","data/products/selection/luer-fitting-asset-map.generated.json","$.809584","确认该产品数据是否缺少主图字段；补图前暂不发布"
"2101","","809585","LCR-PA-O","lcr-pa-o","LCR","未配置主图字段","","","","data/products/selection/luer-fitting-asset-map.generated.json","$.809585","确认该产品数据是否缺少主图字段；补图前暂不发布"
"2102","","809586","LCR-PA-Y","lcr-pa-y","LCR","未配置主图字段","","","","data/products/selection/luer-fitting-asset-map.generated.json","$.809586","确认该产品数据是否缺少主图字段；补图前暂不发布"
"2103","","809587","LPT-PP-N","lpt-pp-n","LPT","未配置主图字段","","","","data/products/selection/luer-fitting-asset-map.generated.json","$.809587","确认该产品数据是否缺少主图字段；补图前暂不发布"
"2104","","809588","LPT-PA-W","lpt-pa-w","LPT","未配置主图字段","","","","data/products/selection/luer-fitting-asset-map.generated.json","$.809588","确认该产品数据是否缺少主图字段；补图前暂不发布"
"2105","","809589","LPT-PA-B","lpt-pa-b","LPT","未配置主图字段","","","","data/products/selection/luer-fitting-asset-map.generated.json","$.809589","确认该产品数据是否缺少主图字段；补图前暂不发布"
"2106","","809590","LPT-PA-R","lpt-pa-r","LPT","未配置主图字段","","","","data/products/selection/luer-fitting-asset-map.generated.json","$.809590","确认该产品数据是否缺少主图字段；补图前暂不发布"
"2107","","809591","LPT-PA-G","lpt-pa-g","LPT","未配置主图字段","","","","data/products/selection/luer-fitting-asset-map.generated.json","$.809591","确认该产品数据是否缺少主图字段；补图前暂不发布"
"2108","","809592","LPT-PA-U","lpt-pa-u","LPT","未配置主图字段","","","","data/products/selection/luer-fitting-asset-map.generated.json","$.809592","确认该产品数据是否缺少主图字段；补图前暂不发布"
"2109","","809593","LPT-PA-O","lpt-pa-o","LPT","未配置主图字段","","","","data/products/selection/luer-fitting-asset-map.generated.json","$.809593","确认该产品数据是否缺少主图字段；补图前暂不发布"
"2110","","809594","LPT-PA-Y","lpt-pa-y","LPT","未配置主图字段","","","","data/products/selection/luer-fitting-asset-map.generated.json","$.809594","确认该产品数据是否缺少主图字段；补图前暂不发布"
"2111","","809596","LNS-U28-PP-N","lns-u28-pp-n","LNS","未配置主图字段","","","","data/products/selection/luer-fitting-asset-map.generated.json","$.809596","确认该产品数据是否缺少主图字段；补图前暂不发布"
"2112","","809597","LNS-U28-PA-W","lns-u28-pa-w","LNS","未配置主图字段","","","","data/products/selection/luer-fitting-asset-map.generated.json","$.809597","确认该产品数据是否缺少主图字段；补图前暂不发布"
"2113","","809598","LNS-U28-PA-B","lns-u28-pa-b","LNS","未配置主图字段","","","","data/products/selection/luer-fitting-asset-map.generated.json","$.809598","确认该产品数据是否缺少主图字段；补图前暂不发布"
"2114","","809599","LNS-U28-PA-R","lns-u28-pa-r","LNS","未配置主图字段","","","","data/products/selection/luer-fitting-asset-map.generated.json","$.809599","确认该产品数据是否缺少主图字段；补图前暂不发布"
"2115","","809600","LNS-U28-PA-G","lns-u28-pa-g","LNS","未配置主图字段","","","","data/products/selection/luer-fitting-asset-map.generated.json","$.809600","确认该产品数据是否缺少主图字段；补图前暂不发布"
"2116","","809601","LNS-U28-PA-U","lns-u28-pa-u","LNS","未配置主图字段","","","","data/products/selection/luer-fitting-asset-map.generated.json","$.809601","确认该产品数据是否缺少主图字段；补图前暂不发布"
"2117","","809602","LNS-U28-PA-O","lns-u28-pa-o","LNS","未配置主图字段","","","","data/products/selection/luer-fitting-asset-map.generated.json","$.809602","确认该产品数据是否缺少主图字段；补图前暂不发布"
"2118","","809603","LNS-U28-PA-Y","lns-u28-pa-y","LNS","未配置主图字段","","","","data/products/selection/luer-fitting-asset-map.generated.json","$.809603","确认该产品数据是否缺少主图字段；补图前暂不发布"
"2119","","809665","PMLS-U28-32D-PV-N","pmls-u28-32d-pv-n","PMLS","未配置主图字段","","","","data/products/selection/luer-fitting-asset-map.generated.json","$.809665","确认该产品数据是否缺少主图字段；补图前暂不发布"
"2120","","809666","LP-24D-PA-B","lp-24d-pa-b","LP","未配置主图字段","","","","data/products/selection/luer-fitting-asset-map.generated.json","$.809666","确认该产品数据是否缺少主图字段；补图前暂不发布"
"2121","","809667","LP-32D-PP-R","lp-32d-pp-r","LP","未配置主图字段","","","","data/products/selection/luer-fitting-asset-map.generated.json","$.809667","确认该产品数据是否缺少主图字段；补图前暂不发布"
"2122","","809668","LP-32D-PP-G","lp-32d-pp-g","LP","未配置主图字段","","","","data/products/selection/luer-fitting-asset-map.generated.json","$.809668","确认该产品数据是否缺少主图字段；补图前暂不发布"
"2123","","809669","LPS-16-PP-N","lps-16-pp-n","LPS","未配置主图字段","","","","data/products/selection/luer-fitting-asset-map.generated.json","$.809669","确认该产品数据是否缺少主图字段；补图前暂不发布"
"2124","","809670","LPS-24-PP-N","lps-24-pp-n","LPS","未配置主图字段","","","","data/products/selection/luer-fitting-asset-map.generated.json","$.809670","确认该产品数据是否缺少主图字段；补图前暂不发布"
"2125","","809671","LPS-32-PP-N","lps-32-pp-n","LPS","未配置主图字段","","","","data/products/selection/luer-fitting-asset-map.generated.json","$.809671","确认该产品数据是否缺少主图字段；补图前暂不发布"
"2126","","809672","LPR-16-PP-N","lpr-16-pp-n","LPR","未配置主图字段","","","","data/products/selection/luer-fitting-asset-map.generated.json","$.809672","确认该产品数据是否缺少主图字段；补图前暂不发布"
"2127","","809673","LPR-16-PP-W","lpr-16-pp-w","LPR","未配置主图字段","","","","data/products/selection/luer-fitting-asset-map.generated.json","$.809673","确认该产品数据是否缺少主图字段；补图前暂不发布"
"2128","","809674","LPR-16-PP-B","lpr-16-pp-b","LPR","未配置主图字段","","","","data/products/selection/luer-fitting-asset-map.generated.json","$.809674","确认该产品数据是否缺少主图字段；补图前暂不发布"
"2129","","809675","LPR-16-PP-R","lpr-16-pp-r","LPR","未配置主图字段","","","","data/products/selection/luer-fitting-asset-map.generated.json","$.809675","确认该产品数据是否缺少主图字段；补图前暂不发布"
"2130","","809676","LPR-16-PP-G","lpr-16-pp-g","LPR","未配置主图字段","","","","data/products/selection/luer-fitting-asset-map.generated.json","$.809676","确认该产品数据是否缺少主图字段；补图前暂不发布"
"2131","","809677","LPR-16-PP-U","lpr-16-pp-u","LPR","未配置主图字段","","","","data/products/selection/luer-fitting-asset-map.generated.json","$.809677","确认该产品数据是否缺少主图字段；补图前暂不发布"
"2132","","809678","LPR-16-PP-O","lpr-16-pp-o","LPR","未配置主图字段","","","","data/products/selection/luer-fitting-asset-map.generated.json","$.809678","确认该产品数据是否缺少主图字段；补图前暂不发布"
"2133","","809679","LPR-16-PP-Y","lpr-16-pp-y","LPR","未配置主图字段","","","","data/products/selection/luer-fitting-asset-map.generated.json","$.809679","确认该产品数据是否缺少主图字段；补图前暂不发布"
"2134","","809680","LPR-24-PP-N","lpr-24-pp-n","LPR","未配置主图字段","","","","data/products/selection/luer-fitting-asset-map.generated.json","$.809680","确认该产品数据是否缺少主图字段；补图前暂不发布"
"2135","","809681","LPR-24-PP-W","lpr-24-pp-w","LPR","未配置主图字段","","","","data/products/selection/luer-fitting-asset-map.generated.json","$.809681","确认该产品数据是否缺少主图字段；补图前暂不发布"
"2136","","809682","LPR-24-PP-B","lpr-24-pp-b","LPR","未配置主图字段","","","","data/products/selection/luer-fitting-asset-map.generated.json","$.809682","确认该产品数据是否缺少主图字段；补图前暂不发布"
"2137","","809683","LPR-24-PP-R","lpr-24-pp-r","LPR","未配置主图字段","","","","data/products/selection/luer-fitting-asset-map.generated.json","$.809683","确认该产品数据是否缺少主图字段；补图前暂不发布"
"2138","","809684","LPR-24-PP-G","lpr-24-pp-g","LPR","未配置主图字段","","","","data/products/selection/luer-fitting-asset-map.generated.json","$.809684","确认该产品数据是否缺少主图字段；补图前暂不发布"
"2139","","809685","LPR-24-PP-U","lpr-24-pp-u","LPR","未配置主图字段","","","","data/products/selection/luer-fitting-asset-map.generated.json","$.809685","确认该产品数据是否缺少主图字段；补图前暂不发布"
"2140","","809686","LPR-24-PP-O","lpr-24-pp-o-809686","LPR","未配置主图字段","","","","data/products/selection/luer-fitting-asset-map.generated.json","$.809686","确认该产品数据是否缺少主图字段；补图前暂不发布"
"2141","","809687","LPR-24-PP-Y","lpr-24-pp-y","LPR","未配置主图字段","","","","data/products/selection/luer-fitting-asset-map.generated.json","$.809687","确认该产品数据是否缺少主图字段；补图前暂不发布"
"2142","","809688","LPR-32-PP-N","lpr-32-pp-n","LPR","未配置主图字段","","","","data/products/selection/luer-fitting-asset-map.generated.json","$.809688","确认该产品数据是否缺少主图字段；补图前暂不发布"
"2143","","809689","LPR-32-PP-W","lpr-32-pp-w","LPR","未配置主图字段","","","","data/products/selection/luer-fitting-asset-map.generated.json","$.809689","确认该产品数据是否缺少主图字段；补图前暂不发布"
"2144","","809690","LPR-32-PP-B","lpr-32-pp-b","LPR","未配置主图字段","","","","data/products/selection/luer-fitting-asset-map.generated.json","$.809690","确认该产品数据是否缺少主图字段；补图前暂不发布"
"2145","","809691","LPR-32-PP-R","lpr-32-pp-r","LPR","未配置主图字段","","","","data/products/selection/luer-fitting-asset-map.generated.json","$.809691","确认该产品数据是否缺少主图字段；补图前暂不发布"
"2146","","809692","LPR-32-PP-G","lpr-32-pp-g","LPR","未配置主图字段","","","","data/products/selection/luer-fitting-asset-map.generated.json","$.809692","确认该产品数据是否缺少主图字段；补图前暂不发布"
"2147","","809693","LPR-32-PP-U","lpr-32-pp-u","LPR","未配置主图字段","","","","data/products/selection/luer-fitting-asset-map.generated.json","$.809693","确认该产品数据是否缺少主图字段；补图前暂不发布"
"2148","","809694","LPR-32-PP-O","lpr-32-pp-o","LPR","未配置主图字段","","","","data/products/selection/luer-fitting-asset-map.generated.json","$.809694","确认该产品数据是否缺少主图字段；补图前暂不发布"
"2149","","809695","LPR-32-PP-Y","lpr-32-pp-y","LPR","未配置主图字段","","","","data/products/selection/luer-fitting-asset-map.generated.json","$.809695","确认该产品数据是否缺少主图字段；补图前暂不发布"
"2150","","809699","LS-16D-PA-W","ls-16d-pa-w","LS","未配置主图字段","","","","data/products/selection/luer-fitting-asset-map.generated.json","$.809699","确认该产品数据是否缺少主图字段；补图前暂不发布"
"2151","","809700","LS-24D-PA-W","ls-24d-pa-w","LS","未配置主图字段","","","","data/products/selection/luer-fitting-asset-map.generated.json","$.809700","确认该产品数据是否缺少主图字段；补图前暂不发布"
"2152","","809701","LS-32D-PA-W","ls-32d-pa-w","LS","未配置主图字段","","","","data/products/selection/luer-fitting-asset-map.generated.json","$.809701","确认该产品数据是否缺少主图字段；补图前暂不发布"
"2153","","809702","PMLS-U28-16D-PA-W","pmls-u28-16d-pa-w","PMLS","未配置主图字段","","","","data/products/selection/luer-fitting-asset-map.generated.json","$.809702","确认该产品数据是否缺少主图字段；补图前暂不发布"
"2154","","809703","PMLS-U28-24D-PA-W","pmls-u28-24d-pa-w","PMLS","未配置主图字段","","","","data/products/selection/luer-fitting-asset-map.generated.json","$.809703","确认该产品数据是否缺少主图字段；补图前暂不发布"
"2155","","809704","PMLS-U28-32D-PA-W","pmls-u28-32d-pa-w","PMLS","未配置主图字段","","","","data/products/selection/luer-fitting-asset-map.generated.json","$.809704","确认该产品数据是否缺少主图字段；补图前暂不发布"
"2156","","809705","LSL-16-PA-W","lsl-16-pa-w","LSL","未配置主图字段","","","","data/products/selection/luer-fitting-asset-map.generated.json","$.809705","确认该产品数据是否缺少主图字段；补图前暂不发布"
"2157","","809706","LRL-16-PA-W","lrl-16-pa-w","LRL","未配置主图字段","","","","data/products/selection/luer-fitting-asset-map.generated.json","$.809706","确认该产品数据是否缺少主图字段；补图前暂不发布"
"2158","","809707","LSL-24-PA-W","lsl-24-pa-w","LSL","未配置主图字段","","","","data/products/selection/luer-fitting-asset-map.generated.json","$.809707","确认该产品数据是否缺少主图字段；补图前暂不发布"
"2159","","809708","LRL-24-PA-W","lrl-24-pa-w","LRL","未配置主图字段","","","","data/products/selection/luer-fitting-asset-map.generated.json","$.809708","确认该产品数据是否缺少主图字段；补图前暂不发布"
"2160","","809709","LSL-32-PA-W","lsl-32-pa-w","LSL","未配置主图字段","","","","data/products/selection/luer-fitting-asset-map.generated.json","$.809709","确认该产品数据是否缺少主图字段；补图前暂不发布"
"2161","","809710","LRL-32-PA-W","lrl-32-pa-w","LRL","未配置主图字段","","","","data/products/selection/luer-fitting-asset-map.generated.json","$.809710","确认该产品数据是否缺少主图字段；补图前暂不发布"
"2162","","809711","LRL-16-PV-N","lrl-16-pv-n","LRL","未配置主图字段","","","","data/products/selection/luer-fitting-asset-map.generated.json","$.809711","确认该产品数据是否缺少主图字段；补图前暂不发布"
"2163","","809712","LRL-24-PV-N","lrl-24-pv-n","LRL","未配置主图字段","","","","data/products/selection/luer-fitting-asset-map.generated.json","$.809712","确认该产品数据是否缺少主图字段；补图前暂不发布"
"2164","","809713","LRL-32-PV-N","lrl-32-pv-n","LRL","未配置主图字段","","","","data/products/selection/luer-fitting-asset-map.generated.json","$.809713","确认该产品数据是否缺少主图字段；补图前暂不发布"
"2165","","809781","LP-32D-PA-W","lp-32d-pa-w","LP","未配置主图字段","","","","data/products/selection/luer-fitting-asset-map.generated.json","$.809781","确认该产品数据是否缺少主图字段；补图前暂不发布"
"2166","","809782","LP-32D-PA-B","lp-32d-pa-b","LP","未配置主图字段","","","","data/products/selection/luer-fitting-asset-map.generated.json","$.809782","确认该产品数据是否缺少主图字段；补图前暂不发布"
"2167","","809783","LP-32D-PA-R","lp-32d-pa-r","LP","未配置主图字段","","","","data/products/selection/luer-fitting-asset-map.generated.json","$.809783","确认该产品数据是否缺少主图字段；补图前暂不发布"
"2168","","809784","LP-32D-PA-G","lp-32d-pa-g","LP","未配置主图字段","","","","data/products/selection/luer-fitting-asset-map.generated.json","$.809784","确认该产品数据是否缺少主图字段；补图前暂不发布"
"2169","","809785","LP-32D-PA-U","lp-32d-pa-u","LP","未配置主图字段","","","","data/products/selection/luer-fitting-asset-map.generated.json","$.809785","确认该产品数据是否缺少主图字段；补图前暂不发布"
"2170","","809786","LP-32D-PA-O","lp-32d-pa-o","LP","未配置主图字段","","","","data/products/selection/luer-fitting-asset-map.generated.json","$.809786","确认该产品数据是否缺少主图字段；补图前暂不发布"
"2171","","809787","LP-32D-PA-Y","lp-32d-pa-y","LP","未配置主图字段","","","","data/products/selection/luer-fitting-asset-map.generated.json","$.809787","确认该产品数据是否缺少主图字段；补图前暂不发布"
"2172","","809789","LP-32D-PP-U","lp-32d-pp-u","LP","未配置主图字段","","","","data/products/selection/luer-fitting-asset-map.generated.json","$.809789","确认该产品数据是否缺少主图字段；补图前暂不发布"
"2173","","809830","LP-32D-PP-B","lp-32d-pp-b","LP","未配置主图字段","","","","data/products/selection/luer-fitting-asset-map.generated.json","$.809830","确认该产品数据是否缺少主图字段；补图前暂不发布"
"2174","","809866","LPR-24-PP-O","lpr-24-pp-o-809866","LPR","未配置主图字段","","","","data/products/selection/luer-fitting-asset-map.generated.json","$.809866","确认该产品数据是否缺少主图字段；补图前暂不发布"
"2175","","809932","LPR-32-PV-N","lpr-32-pv-n","LPR","未配置主图字段","","","","data/products/selection/luer-fitting-asset-map.generated.json","$.809932","确认该产品数据是否缺少主图字段；补图前暂不发布"
"2176","采样针系列","Custom Sampling Probe","采样针系列","sampling-probes","needles","正常","imageUrl","/images/products/probes/sampling-probes/foreach-sampling-probe-main.webp","F:\WebsiteProjects\foreach-website-2026\public\images\products\probes\sampling-probes\foreach-sampling-probe-main.webp","data/products/selection/probe-selection.generated.ts","第 19 行","无需处理"
"2177","穿刺针系列","Custom Piercing Probe","穿刺针系列","piercing-probes","needles","正常","imageUrl","/images/products/probes/piercing-probes/foreach-piercing-probe-main.webp","F:\WebsiteProjects\foreach-website-2026\public\images\products\probes\piercing-probes\foreach-piercing-probe-main.webp","data/products/selection/probe-selection.generated.ts","第 101 行","无需处理"
"2178","清洗针系列","Custom Wash Probe","清洗针系列","wash-probes","needles","正常","imageUrl","/images/products/probes/wash-probes/foreach-wash-probe-main.webp","F:\WebsiteProjects\foreach-website-2026\public\images\products\probes\wash-probes\foreach-wash-probe-main.webp","data/products/selection/probe-selection.generated.ts","第 183 行","无需处理"
"2179","搅拌桨系列","Custom Stirring Paddle","搅拌桨系列","stirring-paddles","needles","正常","imageUrl","/images/products/probes/stirring-paddles/foreach-stirring-paddle-main.webp","F:\WebsiteProjects\foreach-website-2026\public\images\products\probes\stirring-paddles\foreach-stirring-paddle-main.webp","data/products/selection/probe-selection.generated.ts","第 265 行","无需处理"
"2180","柱塞泵 | FOREACH","","","","pumps","未配置主图字段","","","","data/products/selection/product-route-map.ts","第 99 行","确认该产品数据是否缺少主图字段；补图前暂不发布"
"2181","隔膜泵 | FOREACH","","","","pumps","未配置主图字段","","","","data/products/selection/product-route-map.ts","第 109 行","确认该产品数据是否缺少主图字段；补图前暂不发布"
"2182","移液泵 | FOREACH","","","","pumps","未配置主图字段","","","","data/products/selection/product-route-map.ts","第 119 行","确认该产品数据是否缺少主图字段；补图前暂不发布"
"2183","注射泵 | FOREACH","","","","pumps","未配置主图字段","","","","data/products/selection/product-route-map.ts","第 129 行","确认该产品数据是否缺少主图字段；补图前暂不发布"
"2184","无阀泵 | FOREACH","","","","pumps","未配置主图字段","","","","data/products/selection/product-route-map.ts","第 139 行","确认该产品数据是否缺少主图字段；补图前暂不发布"
"2185","硬管接头 | FOREACH","","","","fittings","未配置主图字段","","","","data/products/selection/product-route-map.ts","第 150 行","确认该产品数据是否缺少主图字段；补图前暂不发布"
"2186","倒刺接头 | FOREACH","","","","fittings","未配置主图字段","","","","data/products/selection/product-route-map.ts","第 160 行","确认该产品数据是否缺少主图字段；补图前暂不发布"
"2187","螺纹转倒刺接头 | FOREACH","","","","fittings","未配置主图字段","","","","data/products/selection/product-route-map.ts","第 170 行","确认该产品数据是否缺少主图字段；补图前暂不发布"
"2188","鲁尔接头 | FOREACH","","","","fittings","未配置主图字段","","","","data/products/selection/product-route-map.ts","第 180 行","确认该产品数据是否缺少主图字段；补图前暂不发布"
"2189","快插接头 | FOREACH","","","","fittings","未配置主图字段","","","","data/products/selection/product-route-map.ts","第 190 行","确认该产品数据是否缺少主图字段；补图前暂不发布"
"2190","内螺纹互转接头 | FOREACH","","","","fittings","未配置主图字段","","","","data/products/selection/product-route-map.ts","第 200 行","确认该产品数据是否缺少主图字段；补图前暂不发布"
"2191","穿板倒刺接头 | FOREACH","","","","fittings","未配置主图字段","","","","data/products/selection/product-route-map.ts","第 210 行","确认该产品数据是否缺少主图字段；补图前暂不发布"
"2192","过滤器与单向阀 | FOREACH","","","","fittings","未配置主图字段","","","","data/products/selection/product-route-map.ts","第 220 行","确认该产品数据是否缺少主图字段；补图前暂不发布"
"2193","EA 常规柱塞泵 | FOREACH","","","plunger-pumps","pumps","未配置主图字段","","","","data/products/selection/product-route-map.ts","第 234 行","确认该产品数据是否缺少主图字段；补图前暂不发布"
"2194","SM 微型柱塞泵 | FOREACH","","","plunger-pumps","pumps","未配置主图字段","","","","data/products/selection/product-route-map.ts","第 250 行","确认该产品数据是否缺少主图字段；补图前暂不发布"
"2195","TM 超微型柱塞泵 | FOREACH","","","plunger-pumps","pumps","未配置主图字段","","","","data/products/selection/product-route-map.ts","第 266 行","确认该产品数据是否缺少主图字段；补图前暂不发布"
"2196","气体隔膜泵 | FOREACH","","","diaphragm-pumps","pumps","未配置主图字段","","","","data/products/selection/product-route-map.ts","第 282 行","确认该产品数据是否缺少主图字段；补图前暂不发布"
"2197","液体隔膜泵 | FOREACH","","","diaphragm-pumps","pumps","未配置主图字段","","","","data/products/selection/product-route-map.ts","第 298 行","确认该产品数据是否缺少主图字段；补图前暂不发布"
"2198","气液混合隔膜泵 | FOREACH","","","diaphragm-pumps","pumps","未配置主图字段","","","","data/products/selection/product-route-map.ts","第 314 行","确认该产品数据是否缺少主图字段；补图前暂不发布"
"2199","柱塞泵系列","","","","","正常","image","/images/products/pumps/product-types/plunger-pumps/foreach-plunger-pumps-product-type-intro.webp","F:\WebsiteProjects\foreach-website-2026\public\images\products\pumps\product-types\plunger-pumps\foreach-plunger-pumps-product-type-intro.webp","data/products/selection/product-route-map.ts","第 496 行","无需处理"
"2200","隔膜泵系列","","","","","正常","image","/images/products/pumps/product-types/diaphragm-pumps/foreach-diaphragm-pumps-product-type-intro.webp","F:\WebsiteProjects\foreach-website-2026\public\images\products\pumps\product-types\diaphragm-pumps\foreach-diaphragm-pumps-product-type-intro.webp","data/products/selection/product-route-map.ts","第 511 行","无需处理"
"2201","移液泵系列","","","","","正常","image","/images/products/pumps/product-types/pipetting-pumps/foreach-pipetting-pumps-product-type-intro.webp","F:\WebsiteProjects\foreach-website-2026\public\images\products\pumps\product-types\pipetting-pumps\foreach-pipetting-pumps-product-type-intro.webp","data/products/selection/product-route-map.ts","第 526 行","无需处理"
"2202","注射泵系列","","","","","正常","image","/images/products/pumps/product-types/syringe-pumps/foreach-syringe-pumps-product-type-intro.webp","F:\WebsiteProjects\foreach-website-2026\public\images\products\pumps\product-types\syringe-pumps\foreach-syringe-pumps-product-type-intro.webp","data/products/selection/product-route-map.ts","第 541 行","无需处理"
"2203","无阀泵系列","","","","","正常","image","/images/products/pumps/product-types/valveless-pumps/foreach-valveless-pumps-product-type-intro.webp","F:\WebsiteProjects\foreach-website-2026\public\images\products\pumps\product-types\valveless-pumps\foreach-valveless-pumps-product-type-intro.webp","data/products/selection/product-route-map.ts","第 556 行","无需处理"
"2204","高压泵系列","","","","","正常","image","/images/products/pumps/product-types/high-pressure-pumps/foreach-high-pressure-pumps-product-type-intro.webp","F:\WebsiteProjects\foreach-website-2026\public\images\products\pumps\product-types\high-pressure-pumps\foreach-high-pressure-pumps-product-type-intro.webp","data/products/selection/product-route-map.ts","第 571 行","无需处理"
"2205","柱塞泵系列","","","","","正常","image","/images/products/pumps/product-types/plunger-pumps/foreach-plunger-pumps-product-type-intro.webp","F:\WebsiteProjects\foreach-website-2026\public\images\products\pumps\product-types\plunger-pumps\foreach-plunger-pumps-product-type-intro.webp","data/products/selection/product-type-intro.ts","第 44 行","无需处理"
"2206","隔膜泵系列","","","","","正常","image","/images/products/pumps/diaphragm-pumps/series/images/dpl-diaphragm-pump-series-main.webp","F:\WebsiteProjects\foreach-website-2026\public\images\products\pumps\diaphragm-pumps\series\images\dpl-diaphragm-pump-series-main.webp","data/products/selection/product-type-intro.ts","第 57 行","无需处理"
"2207","移液泵系列","","","","","正常","image","/images/products/pumps/product-types/pipetting-pumps/foreach-pipetting-pumps-product-type-intro.webp","F:\WebsiteProjects\foreach-website-2026\public\images\products\pumps\product-types\pipetting-pumps\foreach-pipetting-pumps-product-type-intro.webp","data/products/selection/product-type-intro.ts","第 70 行","无需处理"
"2208","注射泵系列","","","","","正常","imagePath","/images/products/pumps/syringe-pumps/foreach-syringe-pump-series.webp","F:\WebsiteProjects\foreach-website-2026\public\images\products\pumps\syringe-pumps\foreach-syringe-pump-series.webp","data/products/selection/product-type-intro.ts","第 83 行","无需处理"
"2209","无阀泵系列","","","","","正常","image","/images/products/pumps/product-types/valveless-pumps/foreach-valveless-pumps-product-type-intro.webp","F:\WebsiteProjects\foreach-website-2026\public\images\products\pumps\product-types\valveless-pumps\foreach-valveless-pumps-product-type-intro.webp","data/products/selection/product-type-intro.ts","第 97 行","无需处理"
"2210","高压泵系列","","","","","正常","image","/images/products/pumps/product-types/high-pressure-pumps/foreach-high-pressure-pumps-product-type-intro.webp","F:\WebsiteProjects\foreach-website-2026\public\images\products\pumps\product-types\high-pressure-pumps\foreach-high-pressure-pumps-product-type-intro.webp","data/products/selection/product-type-intro.ts","第 110 行","无需处理"
"2211","","","","q2001-pmv-sacn","","正常","mainImage","/images/products/fittings/quick-connect-fittings/products/q2001-pmv-sacn-main.jpg","F:\WebsiteProjects\foreach-website-2026\public\images\products\fittings\quick-connect-fittings\products\q2001-pmv-sacn-main.jpg","data/products/selection/quick-connect-fitting-image-map.generated.json","$.items.Q2001-PMV-SACN","无需处理"
"2212","","","","q2001-pmv-sppe","","正常","mainImage","/images/products/fittings/quick-connect-fittings/products/q2001-pmv-sppe-main.jpg","F:\WebsiteProjects\foreach-website-2026\public\images\products\fittings\quick-connect-fittings\products\q2001-pmv-sppe-main.jpg","data/products/selection/quick-connect-fitting-image-map.generated.json","$.items.Q2001-PMV-SPPE","无需处理"
"2213","","","","q2001-pmx-sacn","","正常","mainImage","/images/products/fittings/quick-connect-fittings/products/q2001-pmx-sacn-main.jpg","F:\WebsiteProjects\foreach-website-2026\public\images\products\fittings\quick-connect-fittings\products\q2001-pmx-sacn-main.jpg","data/products/selection/quick-connect-fitting-image-map.generated.json","$.items.Q2001-PMX-SACN","无需处理"
"2214","","","","q2001-pmx-sppe","","正常","mainImage","/images/products/fittings/quick-connect-fittings/products/q2001-pmx-sppe-main.jpg","F:\WebsiteProjects\foreach-website-2026\public\images\products\fittings\quick-connect-fittings\products\q2001-pmx-sppe-main.jpg","data/products/selection/quick-connect-fitting-image-map.generated.json","$.items.Q2001-PMX-SPPE","无需处理"
"2215","","","","q2001-pnv-sacn","","正常","mainImage","/images/products/fittings/quick-connect-fittings/products/q2001-pnv-sacn-main.jpg","F:\WebsiteProjects\foreach-website-2026\public\images\products\fittings\quick-connect-fittings\products\q2001-pnv-sacn-main.jpg","data/products/selection/quick-connect-fitting-image-map.generated.json","$.items.Q2001-PNV-SACN","无需处理"
"2216","","","","q2001-pnv-sppe","","正常","mainImage","/images/products/fittings/quick-connect-fittings/products/q2001-pnv-sppe-main.jpg","F:\WebsiteProjects\foreach-website-2026\public\images\products\fittings\quick-connect-fittings\products\q2001-pnv-sppe-main.jpg","data/products/selection/quick-connect-fitting-image-map.generated.json","$.items.Q2001-PNV-SPPE","无需处理"
"2217","","","","q2001-pnx-sacn","","正常","mainImage","/images/products/fittings/quick-connect-fittings/products/q2001-pnx-sacn-main.jpg","F:\WebsiteProjects\foreach-website-2026\public\images\products\fittings\quick-connect-fittings\products\q2001-pnx-sacn-main.jpg","data/products/selection/quick-connect-fitting-image-map.generated.json","$.items.Q2001-PNX-SACN","无需处理"
"2218","","","","q2001-pnx-sppe","","正常","mainImage","/images/products/fittings/quick-connect-fittings/products/q2001-pnx-sppe-main.jpg","F:\WebsiteProjects\foreach-website-2026\public\images\products\fittings\quick-connect-fittings\products\q2001-pnx-sppe-main.jpg","data/products/selection/quick-connect-fitting-image-map.generated.json","$.items.Q2001-PNX-SPPE","无需处理"
"2219","","","","q2001-smv-sacn","","正常","mainImage","/images/products/fittings/quick-connect-fittings/products/q2001-smv-sacn-main.jpg","F:\WebsiteProjects\foreach-website-2026\public\images\products\fittings\quick-connect-fittings\products\q2001-smv-sacn-main.jpg","data/products/selection/quick-connect-fitting-image-map.generated.json","$.items.Q2001-SMV-SACN","无需处理"
"2220","","","","q2001-smv-sppe","","正常","mainImage","/images/products/fittings/quick-connect-fittings/products/q2001-smv-sppe-main.jpg","F:\WebsiteProjects\foreach-website-2026\public\images\products\fittings\quick-connect-fittings\products\q2001-smv-sppe-main.jpg","data/products/selection/quick-connect-fitting-image-map.generated.json","$.items.Q2001-SMV-SPPE","无需处理"
"2221","","","","q2001-smx-sacn","","正常","mainImage","/images/products/fittings/quick-connect-fittings/products/q2001-smx-sacn-main.jpg","F:\WebsiteProjects\foreach-website-2026\public\images\products\fittings\quick-connect-fittings\products\q2001-smx-sacn-main.jpg","data/products/selection/quick-connect-fitting-image-map.generated.json","$.items.Q2001-SMX-SACN","无需处理"
"2222","","","","q2001-smx-sppe","","正常","mainImage","/images/products/fittings/quick-connect-fittings/products/q2001-smx-sppe-main.jpg","F:\WebsiteProjects\foreach-website-2026\public\images\products\fittings\quick-connect-fittings\products\q2001-smx-sppe-main.jpg","data/products/selection/quick-connect-fitting-image-map.generated.json","$.items.Q2001-SMX-SPPE","无需处理"
"2223","","","","q2001-snv-sacn","","正常","mainImage","/images/products/fittings/quick-connect-fittings/products/q2001-snv-sacn-main.jpg","F:\WebsiteProjects\foreach-website-2026\public\images\products\fittings\quick-connect-fittings\products\q2001-snv-sacn-main.jpg","data/products/selection/quick-connect-fitting-image-map.generated.json","$.items.Q2001-SNV-SACN","无需处理"
"2224","","","","q2001-snv-sppe","","正常","mainImage","/images/products/fittings/quick-connect-fittings/products/q2001-snv-sppe-main.jpg","F:\WebsiteProjects\foreach-website-2026\public\images\products\fittings\quick-connect-fittings\products\q2001-snv-sppe-main.jpg","data/products/selection/quick-connect-fitting-image-map.generated.json","$.items.Q2001-SNV-SPPE","无需处理"
"2225","","","","q2001-snx-sacn","","正常","mainImage","/images/products/fittings/quick-connect-fittings/products/q2001-snx-sacn-main.jpg","F:\WebsiteProjects\foreach-website-2026\public\images\products\fittings\quick-connect-fittings\products\q2001-snx-sacn-main.jpg","data/products/selection/quick-connect-fitting-image-map.generated.json","$.items.Q2001-SNX-SACN","无需处理"
"2226","","","","q2001-snx-sppe","","正常","mainImage","/images/products/fittings/quick-connect-fittings/products/q2001-snx-sppe-main.jpg","F:\WebsiteProjects\foreach-website-2026\public\images\products\fittings\quick-connect-fittings\products\q2001-snx-sppe-main.jpg","data/products/selection/quick-connect-fitting-image-map.generated.json","$.items.Q2001-SNX-SPPE","无需处理"
"2227","","","","q2002-pmv-sacn","","正常","mainImage","/images/products/fittings/quick-connect-fittings/products/q2002-pmv-sacn-main.jpg","F:\WebsiteProjects\foreach-website-2026\public\images\products\fittings\quick-connect-fittings\products\q2002-pmv-sacn-main.jpg","data/products/selection/quick-connect-fitting-image-map.generated.json","$.items.Q2002-PMV-SACN","无需处理"
"2228","","","","q2002-pmv-sppe","","正常","mainImage","/images/products/fittings/quick-connect-fittings/products/q2002-pmv-sppe-main.jpg","F:\WebsiteProjects\foreach-website-2026\public\images\products\fittings\quick-connect-fittings\products\q2002-pmv-sppe-main.jpg","data/products/selection/quick-connect-fitting-image-map.generated.json","$.items.Q2002-PMV-SPPE","无需处理"
"2229","","","","q2002-pmx-sacn","","正常","mainImage","/images/products/fittings/quick-connect-fittings/products/q2002-pmx-sacn-main.jpg","F:\WebsiteProjects\foreach-website-2026\public\images\products\fittings\quick-connect-fittings\products\q2002-pmx-sacn-main.jpg","data/products/selection/quick-connect-fitting-image-map.generated.json","$.items.Q2002-PMX-SACN","无需处理"
"2230","","","","q2002-pmx-sppe","","正常","mainImage","/images/products/fittings/quick-connect-fittings/products/q2002-pmx-sppe-main.jpg","F:\WebsiteProjects\foreach-website-2026\public\images\products\fittings\quick-connect-fittings\products\q2002-pmx-sppe-main.jpg","data/products/selection/quick-connect-fitting-image-map.generated.json","$.items.Q2002-PMX-SPPE","无需处理"
"2231","","","","q2002-pnv-lacn","","正常","mainImage","/images/products/fittings/quick-connect-fittings/products/q2002-pnv-lacn-main.jpg","F:\WebsiteProjects\foreach-website-2026\public\images\products\fittings\quick-connect-fittings\products\q2002-pnv-lacn-main.jpg","data/products/selection/quick-connect-fitting-image-map.generated.json","$.items.Q2002-PNV-LACN","无需处理"
"2232","","","","q2002-pnv-lppe","","正常","mainImage","/images/products/fittings/quick-connect-fittings/products/q2002-pnv-lppe-main.jpg","F:\WebsiteProjects\foreach-website-2026\public\images\products\fittings\quick-connect-fittings\products\q2002-pnv-lppe-main.jpg","data/products/selection/quick-connect-fitting-image-map.generated.json","$.items.Q2002-PNV-LPPE","无需处理"
"2233","","","","q2002-pnv-sacn","","正常","mainImage","/images/products/fittings/quick-connect-fittings/products/q2002-pnv-sacn-main.jpg","F:\WebsiteProjects\foreach-website-2026\public\images\products\fittings\quick-connect-fittings\products\q2002-pnv-sacn-main.jpg","data/products/selection/quick-connect-fitting-image-map.generated.json","$.items.Q2002-PNV-SACN","无需处理"
"2234","","","","q2002-pnv-sppe","","正常","mainImage","/images/products/fittings/quick-connect-fittings/products/q2002-pnv-sppe-main.jpg","F:\WebsiteProjects\foreach-website-2026\public\images\products\fittings\quick-connect-fittings\products\q2002-pnv-sppe-main.jpg","data/products/selection/quick-connect-fitting-image-map.generated.json","$.items.Q2002-PNV-SPPE","无需处理"
"2235","","","","q2002-pnx-lacn","","正常","mainImage","/images/products/fittings/quick-connect-fittings/products/q2002-pnx-lacn-main.jpg","F:\WebsiteProjects\foreach-website-2026\public\images\products\fittings\quick-connect-fittings\products\q2002-pnx-lacn-main.jpg","data/products/selection/quick-connect-fitting-image-map.generated.json","$.items.Q2002-PNX-LACN","无需处理"
"2236","","","","q2002-pnx-lppe","","正常","mainImage","/images/products/fittings/quick-connect-fittings/products/q2002-pnx-lppe-main.jpg","F:\WebsiteProjects\foreach-website-2026\public\images\products\fittings\quick-connect-fittings\products\q2002-pnx-lppe-main.jpg","data/products/selection/quick-connect-fitting-image-map.generated.json","$.items.Q2002-PNX-LPPE","无需处理"
"2237","","","","q2002-pnx-sacn","","正常","mainImage","/images/products/fittings/quick-connect-fittings/products/q2002-pnx-sacn-main.jpg","F:\WebsiteProjects\foreach-website-2026\public\images\products\fittings\quick-connect-fittings\products\q2002-pnx-sacn-main.jpg","data/products/selection/quick-connect-fitting-image-map.generated.json","$.items.Q2002-PNX-SACN","无需处理"
"2238","","","","q2002-pnx-sppe","","正常","mainImage","/images/products/fittings/quick-connect-fittings/products/q2002-pnx-sppe-main.jpg","F:\WebsiteProjects\foreach-website-2026\public\images\products\fittings\quick-connect-fittings\products\q2002-pnx-sppe-main.jpg","data/products/selection/quick-connect-fitting-image-map.generated.json","$.items.Q2002-PNX-SPPE","无需处理"
"2239","","","","q2002-smv-sacn","","正常","mainImage","/images/products/fittings/quick-connect-fittings/products/q2002-smv-sacn-main.jpg","F:\WebsiteProjects\foreach-website-2026\public\images\products\fittings\quick-connect-fittings\products\q2002-smv-sacn-main.jpg","data/products/selection/quick-connect-fitting-image-map.generated.json","$.items.Q2002-SMV-SACN","无需处理"
"2240","","","","q2002-smv-sppe","","正常","mainImage","/images/products/fittings/quick-connect-fittings/products/q2002-smv-sppe-main.jpg","F:\WebsiteProjects\foreach-website-2026\public\images\products\fittings\quick-connect-fittings\products\q2002-smv-sppe-main.jpg","data/products/selection/quick-connect-fitting-image-map.generated.json","$.items.Q2002-SMV-SPPE","无需处理"
"2241","","","","q2002-smx-sacn","","正常","mainImage","/images/products/fittings/quick-connect-fittings/products/q2002-smx-sacn-main.jpg","F:\WebsiteProjects\foreach-website-2026\public\images\products\fittings\quick-connect-fittings\products\q2002-smx-sacn-main.jpg","data/products/selection/quick-connect-fitting-image-map.generated.json","$.items.Q2002-SMX-SACN","无需处理"
"2242","","","","q2002-smx-sppe","","正常","mainImage","/images/products/fittings/quick-connect-fittings/products/q2002-smx-sppe-main.jpg","F:\WebsiteProjects\foreach-website-2026\public\images\products\fittings\quick-connect-fittings\products\q2002-smx-sppe-main.jpg","data/products/selection/quick-connect-fitting-image-map.generated.json","$.items.Q2002-SMX-SPPE","无需处理"
"2243","","","","q2002-snv-lacn","","正常","mainImage","/images/products/fittings/quick-connect-fittings/products/q2002-snv-lacn-main.jpg","F:\WebsiteProjects\foreach-website-2026\public\images\products\fittings\quick-connect-fittings\products\q2002-snv-lacn-main.jpg","data/products/selection/quick-connect-fitting-image-map.generated.json","$.items.Q2002-SNV-LACN","无需处理"
"2244","","","","q2002-snv-lppe","","正常","mainImage","/images/products/fittings/quick-connect-fittings/products/q2002-snv-lppe-main.jpg","F:\WebsiteProjects\foreach-website-2026\public\images\products\fittings\quick-connect-fittings\products\q2002-snv-lppe-main.jpg","data/products/selection/quick-connect-fitting-image-map.generated.json","$.items.Q2002-SNV-LPPE","无需处理"
"2245","","","","q2002-snv-sacn","","正常","mainImage","/images/products/fittings/quick-connect-fittings/products/q2002-snv-sacn-main.jpg","F:\WebsiteProjects\foreach-website-2026\public\images\products\fittings\quick-connect-fittings\products\q2002-snv-sacn-main.jpg","data/products/selection/quick-connect-fitting-image-map.generated.json","$.items.Q2002-SNV-SACN","无需处理"
"2246","","","","q2002-snv-sppe","","正常","mainImage","/images/products/fittings/quick-connect-fittings/products/q2002-snv-sppe-main.jpg","F:\WebsiteProjects\foreach-website-2026\public\images\products\fittings\quick-connect-fittings\products\q2002-snv-sppe-main.jpg","data/products/selection/quick-connect-fitting-image-map.generated.json","$.items.Q2002-SNV-SPPE","无需处理"
"2247","","","","q2002-snx-lacn","","正常","mainImage","/images/products/fittings/quick-connect-fittings/products/q2002-snx-lacn-main.jpg","F:\WebsiteProjects\foreach-website-2026\public\images\products\fittings\quick-connect-fittings\products\q2002-snx-lacn-main.jpg","data/products/selection/quick-connect-fitting-image-map.generated.json","$.items.Q2002-SNX-LACN","无需处理"
"2248","","","","q2002-snx-lppe","","正常","mainImage","/images/products/fittings/quick-connect-fittings/products/q2002-snx-lppe-main.jpg","F:\WebsiteProjects\foreach-website-2026\public\images\products\fittings\quick-connect-fittings\products\q2002-snx-lppe-main.jpg","data/products/selection/quick-connect-fitting-image-map.generated.json","$.items.Q2002-SNX-LPPE","无需处理"
"2249","","","","q2002-snx-sacn","","正常","mainImage","/images/products/fittings/quick-connect-fittings/products/q2002-snx-sacn-main.jpg","F:\WebsiteProjects\foreach-website-2026\public\images\products\fittings\quick-connect-fittings\products\q2002-snx-sacn-main.jpg","data/products/selection/quick-connect-fitting-image-map.generated.json","$.items.Q2002-SNX-SACN","无需处理"
"2250","","","","q2002-snx-sppe","","正常","mainImage","/images/products/fittings/quick-connect-fittings/products/q2002-snx-sppe-main.jpg","F:\WebsiteProjects\foreach-website-2026\public\images\products\fittings\quick-connect-fittings\products\q2002-snx-sppe-main.jpg","data/products/selection/quick-connect-fitting-image-map.generated.json","$.items.Q2002-SNX-SPPE","无需处理"
"2251","","","","q2003-pmv-sacn","","正常","mainImage","/images/products/fittings/quick-connect-fittings/products/q2003-pmv-sacn-main.jpg","F:\WebsiteProjects\foreach-website-2026\public\images\products\fittings\quick-connect-fittings\products\q2003-pmv-sacn-main.jpg","data/products/selection/quick-connect-fitting-image-map.generated.json","$.items.Q2003-PMV-SACN","无需处理"
"2252","","","","q2003-pmv-sppe","","正常","mainImage","/images/products/fittings/quick-connect-fittings/products/q2003-pmv-sppe-main.jpg","F:\WebsiteProjects\foreach-website-2026\public\images\products\fittings\quick-connect-fittings\products\q2003-pmv-sppe-main.jpg","data/products/selection/quick-connect-fitting-image-map.generated.json","$.items.Q2003-PMV-SPPE","无需处理"
"2253","","","","q2003-pmx-sacn","","正常","mainImage","/images/products/fittings/quick-connect-fittings/products/q2003-pmx-sacn-main.jpg","F:\WebsiteProjects\foreach-website-2026\public\images\products\fittings\quick-connect-fittings\products\q2003-pmx-sacn-main.jpg","data/products/selection/quick-connect-fitting-image-map.generated.json","$.items.Q2003-PMX-SACN","无需处理"
"2254","","","","q2003-pmx-sppe","","正常","mainImage","/images/products/fittings/quick-connect-fittings/products/q2003-pmx-sppe-main.jpg","F:\WebsiteProjects\foreach-website-2026\public\images\products\fittings\quick-connect-fittings\products\q2003-pmx-sppe-main.jpg","data/products/selection/quick-connect-fitting-image-map.generated.json","$.items.Q2003-PMX-SPPE","无需处理"
"2255","","","","q2003-pnv-sacn","","正常","mainImage","/images/products/fittings/quick-connect-fittings/products/q2003-pnv-sacn-main.jpg","F:\WebsiteProjects\foreach-website-2026\public\images\products\fittings\quick-connect-fittings\products\q2003-pnv-sacn-main.jpg","data/products/selection/quick-connect-fitting-image-map.generated.json","$.items.Q2003-PNV-SACN","无需处理"
"2256","","","","q2003-pnv-sppe","","正常","mainImage","/images/products/fittings/quick-connect-fittings/products/q2003-pnv-sppe-main.jpg","F:\WebsiteProjects\foreach-website-2026\public\images\products\fittings\quick-connect-fittings\products\q2003-pnv-sppe-main.jpg","data/products/selection/quick-connect-fitting-image-map.generated.json","$.items.Q2003-PNV-SPPE","无需处理"
"2257","","","","q2003-pnx-sacn","","正常","mainImage","/images/products/fittings/quick-connect-fittings/products/q2003-pnx-sacn-main.jpg","F:\WebsiteProjects\foreach-website-2026\public\images\products\fittings\quick-connect-fittings\products\q2003-pnx-sacn-main.jpg","data/products/selection/quick-connect-fitting-image-map.generated.json","$.items.Q2003-PNX-SACN","无需处理"
"2258","","","","q2003-pnx-sppe","","正常","mainImage","/images/products/fittings/quick-connect-fittings/products/q2003-pnx-sppe-main.jpg","F:\WebsiteProjects\foreach-website-2026\public\images\products\fittings\quick-connect-fittings\products\q2003-pnx-sppe-main.jpg","data/products/selection/quick-connect-fitting-image-map.generated.json","$.items.Q2003-PNX-SPPE","无需处理"
"2259","","","","q2003-smv-sacn","","正常","mainImage","/images/products/fittings/quick-connect-fittings/products/q2003-smv-sacn-main.jpg","F:\WebsiteProjects\foreach-website-2026\public\images\products\fittings\quick-connect-fittings\products\q2003-smv-sacn-main.jpg","data/products/selection/quick-connect-fitting-image-map.generated.json","$.items.Q2003-SMV-SACN","无需处理"
"2260","","","","q2003-smv-sppe","","正常","mainImage","/images/products/fittings/quick-connect-fittings/products/q2003-smv-sppe-main.jpg","F:\WebsiteProjects\foreach-website-2026\public\images\products\fittings\quick-connect-fittings\products\q2003-smv-sppe-main.jpg","data/products/selection/quick-connect-fitting-image-map.generated.json","$.items.Q2003-SMV-SPPE","无需处理"
"2261","","","","q2003-smx-sacn","","正常","mainImage","/images/products/fittings/quick-connect-fittings/products/q2003-smx-sacn-main.jpg","F:\WebsiteProjects\foreach-website-2026\public\images\products\fittings\quick-connect-fittings\products\q2003-smx-sacn-main.jpg","data/products/selection/quick-connect-fitting-image-map.generated.json","$.items.Q2003-SMX-SACN","无需处理"
"2262","","","","q2003-smx-sppe","","正常","mainImage","/images/products/fittings/quick-connect-fittings/products/q2003-smx-sppe-main.jpg","F:\WebsiteProjects\foreach-website-2026\public\images\products\fittings\quick-connect-fittings\products\q2003-smx-sppe-main.jpg","data/products/selection/quick-connect-fitting-image-map.generated.json","$.items.Q2003-SMX-SPPE","无需处理"
"2263","","","","q2003-snv-sacn","","正常","mainImage","/images/products/fittings/quick-connect-fittings/products/q2003-snv-sacn-main.jpg","F:\WebsiteProjects\foreach-website-2026\public\images\products\fittings\quick-connect-fittings\products\q2003-snv-sacn-main.jpg","data/products/selection/quick-connect-fitting-image-map.generated.json","$.items.Q2003-SNV-SACN","无需处理"
"2264","","","","q2003-snv-sppe","","正常","mainImage","/images/products/fittings/quick-connect-fittings/products/q2003-snv-sppe-main.jpg","F:\WebsiteProjects\foreach-website-2026\public\images\products\fittings\quick-connect-fittings\products\q2003-snv-sppe-main.jpg","data/products/selection/quick-connect-fitting-image-map.generated.json","$.items.Q2003-SNV-SPPE","无需处理"
"2265","","","","q2003-snx-sacn","","正常","mainImage","/images/products/fittings/quick-connect-fittings/products/q2003-snx-sacn-main.jpg","F:\WebsiteProjects\foreach-website-2026\public\images\products\fittings\quick-connect-fittings\products\q2003-snx-sacn-main.jpg","data/products/selection/quick-connect-fitting-image-map.generated.json","$.items.Q2003-SNX-SACN","无需处理"
"2266","","","","q2003-snx-sppe","","正常","mainImage","/images/products/fittings/quick-connect-fittings/products/q2003-snx-sppe-main.jpg","F:\WebsiteProjects\foreach-website-2026\public\images\products\fittings\quick-connect-fittings\products\q2003-snx-sppe-main.jpg","data/products/selection/quick-connect-fitting-image-map.generated.json","$.items.Q2003-SNX-SPPE","无需处理"
"2267","","","","q2004-pmv-sacn","","正常","mainImage","/images/products/fittings/quick-connect-fittings/products/q2004-pmv-sacn-main.jpg","F:\WebsiteProjects\foreach-website-2026\public\images\products\fittings\quick-connect-fittings\products\q2004-pmv-sacn-main.jpg","data/products/selection/quick-connect-fitting-image-map.generated.json","$.items.Q2004-PMV-SACN","无需处理"
"2268","","","","q2004-pmv-sppe","","正常","mainImage","/images/products/fittings/quick-connect-fittings/products/q2004-pmv-sppe-main.jpg","F:\WebsiteProjects\foreach-website-2026\public\images\products\fittings\quick-connect-fittings\products\q2004-pmv-sppe-main.jpg","data/products/selection/quick-connect-fitting-image-map.generated.json","$.items.Q2004-PMV-SPPE","无需处理"
"2269","","","","q2004-pmx-sacn","","正常","mainImage","/images/products/fittings/quick-connect-fittings/products/q2004-pmx-sacn-main.jpg","F:\WebsiteProjects\foreach-website-2026\public\images\products\fittings\quick-connect-fittings\products\q2004-pmx-sacn-main.jpg","data/products/selection/quick-connect-fitting-image-map.generated.json","$.items.Q2004-PMX-SACN","无需处理"
"2270","","","","q2004-pmx-sppe","","正常","mainImage","/images/products/fittings/quick-connect-fittings/products/q2004-pmx-sppe-main.jpg","F:\WebsiteProjects\foreach-website-2026\public\images\products\fittings\quick-connect-fittings\products\q2004-pmx-sppe-main.jpg","data/products/selection/quick-connect-fitting-image-map.generated.json","$.items.Q2004-PMX-SPPE","无需处理"
"2271","","","","q2004-pnv-lacn","","正常","mainImage","/images/products/fittings/quick-connect-fittings/products/q2004-pnv-lacn-main.jpg","F:\WebsiteProjects\foreach-website-2026\public\images\products\fittings\quick-connect-fittings\products\q2004-pnv-lacn-main.jpg","data/products/selection/quick-connect-fitting-image-map.generated.json","$.items.Q2004-PNV-LACN","无需处理"
"2272","","","","q2004-pnv-lppe","","正常","mainImage","/images/products/fittings/quick-connect-fittings/products/q2004-pnv-lppe-main.jpg","F:\WebsiteProjects\foreach-website-2026\public\images\products\fittings\quick-connect-fittings\products\q2004-pnv-lppe-main.jpg","data/products/selection/quick-connect-fitting-image-map.generated.json","$.items.Q2004-PNV-LPPE","无需处理"
"2273","","","","q2004-pnv-sacn","","正常","mainImage","/images/products/fittings/quick-connect-fittings/products/q2004-pnv-sacn-main.jpg","F:\WebsiteProjects\foreach-website-2026\public\images\products\fittings\quick-connect-fittings\products\q2004-pnv-sacn-main.jpg","data/products/selection/quick-connect-fitting-image-map.generated.json","$.items.Q2004-PNV-SACN","无需处理"
"2274","","","","q2004-pnv-sppe","","正常","mainImage","/images/products/fittings/quick-connect-fittings/products/q2004-pnv-sppe-main.jpg","F:\WebsiteProjects\foreach-website-2026\public\images\products\fittings\quick-connect-fittings\products\q2004-pnv-sppe-main.jpg","data/products/selection/quick-connect-fitting-image-map.generated.json","$.items.Q2004-PNV-SPPE","无需处理"
"2275","","","","q2004-pnx-lacn","","正常","mainImage","/images/products/fittings/quick-connect-fittings/products/q2004-pnx-lacn-main.jpg","F:\WebsiteProjects\foreach-website-2026\public\images\products\fittings\quick-connect-fittings\products\q2004-pnx-lacn-main.jpg","data/products/selection/quick-connect-fitting-image-map.generated.json","$.items.Q2004-PNX-LACN","无需处理"
"2276","","","","q2004-pnx-lppe","","正常","mainImage","/images/products/fittings/quick-connect-fittings/products/q2004-pnx-lppe-main.jpg","F:\WebsiteProjects\foreach-website-2026\public\images\products\fittings\quick-connect-fittings\products\q2004-pnx-lppe-main.jpg","data/products/selection/quick-connect-fitting-image-map.generated.json","$.items.Q2004-PNX-LPPE","无需处理"
"2277","","","","q2004-pnx-sacn","","正常","mainImage","/images/products/fittings/quick-connect-fittings/products/q2004-pnx-sacn-main.jpg","F:\WebsiteProjects\foreach-website-2026\public\images\products\fittings\quick-connect-fittings\products\q2004-pnx-sacn-main.jpg","data/products/selection/quick-connect-fitting-image-map.generated.json","$.items.Q2004-PNX-SACN","无需处理"
"2278","","","","q2004-pnx-sppe","","正常","mainImage","/images/products/fittings/quick-connect-fittings/products/q2004-pnx-sppe-main.jpg","F:\WebsiteProjects\foreach-website-2026\public\images\products\fittings\quick-connect-fittings\products\q2004-pnx-sppe-main.jpg","data/products/selection/quick-connect-fitting-image-map.generated.json","$.items.Q2004-PNX-SPPE","无需处理"
"2279","","","","q2004-smv-sacn","","正常","mainImage","/images/products/fittings/quick-connect-fittings/products/q2004-smv-sacn-main.jpg","F:\WebsiteProjects\foreach-website-2026\public\images\products\fittings\quick-connect-fittings\products\q2004-smv-sacn-main.jpg","data/products/selection/quick-connect-fitting-image-map.generated.json","$.items.Q2004-SMV-SACN","无需处理"
"2280","","","","q2004-smv-sppe","","正常","mainImage","/images/products/fittings/quick-connect-fittings/products/q2004-smv-sppe-main.jpg","F:\WebsiteProjects\foreach-website-2026\public\images\products\fittings\quick-connect-fittings\products\q2004-smv-sppe-main.jpg","data/products/selection/quick-connect-fitting-image-map.generated.json","$.items.Q2004-SMV-SPPE","无需处理"
"2281","","","","q2004-smx-sacn","","正常","mainImage","/images/products/fittings/quick-connect-fittings/products/q2004-smx-sacn-main.jpg","F:\WebsiteProjects\foreach-website-2026\public\images\products\fittings\quick-connect-fittings\products\q2004-smx-sacn-main.jpg","data/products/selection/quick-connect-fitting-image-map.generated.json","$.items.Q2004-SMX-SACN","无需处理"
"2282","","","","q2004-smx-sppe","","正常","mainImage","/images/products/fittings/quick-connect-fittings/products/q2004-smx-sppe-main.jpg","F:\WebsiteProjects\foreach-website-2026\public\images\products\fittings\quick-connect-fittings\products\q2004-smx-sppe-main.jpg","data/products/selection/quick-connect-fitting-image-map.generated.json","$.items.Q2004-SMX-SPPE","无需处理"
"2283","","","","q2004-snv-lacn","","正常","mainImage","/images/products/fittings/quick-connect-fittings/products/q2004-snv-lacn-main.jpg","F:\WebsiteProjects\foreach-website-2026\public\images\products\fittings\quick-connect-fittings\products\q2004-snv-lacn-main.jpg","data/products/selection/quick-connect-fitting-image-map.generated.json","$.items.Q2004-SNV-LACN","无需处理"
"2284","","","","q2004-snv-lppe","","正常","mainImage","/images/products/fittings/quick-connect-fittings/products/q2004-snv-lppe-main.jpg","F:\WebsiteProjects\foreach-website-2026\public\images\products\fittings\quick-connect-fittings\products\q2004-snv-lppe-main.jpg","data/products/selection/quick-connect-fitting-image-map.generated.json","$.items.Q2004-SNV-LPPE","无需处理"
"2285","","","","q2004-snv-sacn","","正常","mainImage","/images/products/fittings/quick-connect-fittings/products/q2004-snv-sacn-main.jpg","F:\WebsiteProjects\foreach-website-2026\public\images\products\fittings\quick-connect-fittings\products\q2004-snv-sacn-main.jpg","data/products/selection/quick-connect-fitting-image-map.generated.json","$.items.Q2004-SNV-SACN","无需处理"
"2286","","","","q2004-snv-sppe","","正常","mainImage","/images/products/fittings/quick-connect-fittings/products/q2004-snv-sppe-main.jpg","F:\WebsiteProjects\foreach-website-2026\public\images\products\fittings\quick-connect-fittings\products\q2004-snv-sppe-main.jpg","data/products/selection/quick-connect-fitting-image-map.generated.json","$.items.Q2004-SNV-SPPE","无需处理"
"2287","","","","q2004-snx-lacn","","正常","mainImage","/images/products/fittings/quick-connect-fittings/products/q2004-snx-lacn-main.jpg","F:\WebsiteProjects\foreach-website-2026\public\images\products\fittings\quick-connect-fittings\products\q2004-snx-lacn-main.jpg","data/products/selection/quick-connect-fitting-image-map.generated.json","$.items.Q2004-SNX-LACN","无需处理"
"2288","","","","q2004-snx-lppe","","正常","mainImage","/images/products/fittings/quick-connect-fittings/products/q2004-snx-lppe-main.jpg","F:\WebsiteProjects\foreach-website-2026\public\images\products\fittings\quick-connect-fittings\products\q2004-snx-lppe-main.jpg","data/products/selection/quick-connect-fitting-image-map.generated.json","$.items.Q2004-SNX-LPPE","无需处理"
"2289","","","","q2004-snx-sacn","","正常","mainImage","/images/products/fittings/quick-connect-fittings/products/q2004-snx-sacn-main.jpg","F:\WebsiteProjects\foreach-website-2026\public\images\products\fittings\quick-connect-fittings\products\q2004-snx-sacn-main.jpg","data/products/selection/quick-connect-fitting-image-map.generated.json","$.items.Q2004-SNX-SACN","无需处理"
"2290","","","","q2004-snx-sppe","","正常","mainImage","/images/products/fittings/quick-connect-fittings/products/q2004-snx-sppe-main.jpg","F:\WebsiteProjects\foreach-website-2026\public\images\products\fittings\quick-connect-fittings\products\q2004-snx-sppe-main.jpg","data/products/selection/quick-connect-fitting-image-map.generated.json","$.items.Q2004-SNX-SPPE","无需处理"
"2291","","","","q2018n-pnv-sacn","","正常","mainImage","/images/products/fittings/quick-connect-fittings/products/q2018n-pnv-sacn-main.jpg","F:\WebsiteProjects\foreach-website-2026\public\images\products\fittings\quick-connect-fittings\products\q2018n-pnv-sacn-main.jpg","data/products/selection/quick-connect-fitting-image-map.generated.json","$.items.Q2018N-PNV-SACN","无需处理"
"2292","","","","q2018n-pnv-sppe","","正常","mainImage","/images/products/fittings/quick-connect-fittings/products/q2018n-pnv-sppe-main.jpg","F:\WebsiteProjects\foreach-website-2026\public\images\products\fittings\quick-connect-fittings\products\q2018n-pnv-sppe-main.jpg","data/products/selection/quick-connect-fitting-image-map.generated.json","$.items.Q2018N-PNV-SPPE","无需处理"
"2293","","","","q2018n-pnx-sacn","","正常","mainImage","/images/products/fittings/quick-connect-fittings/products/q2018n-pnx-sacn-main.jpg","F:\WebsiteProjects\foreach-website-2026\public\images\products\fittings\quick-connect-fittings\products\q2018n-pnx-sacn-main.jpg","data/products/selection/quick-connect-fitting-image-map.generated.json","$.items.Q2018N-PNX-SACN","无需处理"
"2294","","","","q2018n-pnx-sppe","","正常","mainImage","/images/products/fittings/quick-connect-fittings/products/q2018n-pnx-sppe-main.jpg","F:\WebsiteProjects\foreach-website-2026\public\images\products\fittings\quick-connect-fittings\products\q2018n-pnx-sppe-main.jpg","data/products/selection/quick-connect-fitting-image-map.generated.json","$.items.Q2018N-PNX-SPPE","无需处理"
"2295","","","","q2018n-snv-sacn","","正常","mainImage","/images/products/fittings/quick-connect-fittings/products/q2018n-snv-sacn-main.jpg","F:\WebsiteProjects\foreach-website-2026\public\images\products\fittings\quick-connect-fittings\products\q2018n-snv-sacn-main.jpg","data/products/selection/quick-connect-fitting-image-map.generated.json","$.items.Q2018N-SNV-SACN","无需处理"
"2296","","","","q2018n-snv-sppe","","正常","mainImage","/images/products/fittings/quick-connect-fittings/products/q2018n-snv-sppe-main.jpg","F:\WebsiteProjects\foreach-website-2026\public\images\products\fittings\quick-connect-fittings\products\q2018n-snv-sppe-main.jpg","data/products/selection/quick-connect-fitting-image-map.generated.json","$.items.Q2018N-SNV-SPPE","无需处理"
"2297","","","","q2018n-snx-sacn","","正常","mainImage","/images/products/fittings/quick-connect-fittings/products/q2018n-snx-sacn-main.jpg","F:\WebsiteProjects\foreach-website-2026\public\images\products\fittings\quick-connect-fittings\products\q2018n-snx-sacn-main.jpg","data/products/selection/quick-connect-fitting-image-map.generated.json","$.items.Q2018N-SNX-SACN","无需处理"
"2298","","","","q2018n-snx-sppe","","正常","mainImage","/images/products/fittings/quick-connect-fittings/products/q2018n-snx-sppe-main.jpg","F:\WebsiteProjects\foreach-website-2026\public\images\products\fittings\quick-connect-fittings\products\q2018n-snx-sppe-main.jpg","data/products/selection/quick-connect-fitting-image-map.generated.json","$.items.Q2018N-SNX-SPPE","无需处理"
"2299","","","","q4004-pmv-sacn","","正常","mainImage","/images/products/fittings/quick-connect-fittings/products/q4004-pmv-sacn-main.jpg","F:\WebsiteProjects\foreach-website-2026\public\images\products\fittings\quick-connect-fittings\products\q4004-pmv-sacn-main.jpg","data/products/selection/quick-connect-fitting-image-map.generated.json","$.items.Q4004-PMV-SACN","无需处理"
"2300","","","","q4004-pmv-sppe","","正常","mainImage","/images/products/fittings/quick-connect-fittings/products/q4004-pmv-sppe-main.jpg","F:\WebsiteProjects\foreach-website-2026\public\images\products\fittings\quick-connect-fittings\products\q4004-pmv-sppe-main.jpg","data/products/selection/quick-connect-fitting-image-map.generated.json","$.items.Q4004-PMV-SPPE","无需处理"
"2301","","","","q4004-pmx-sacn","","正常","mainImage","/images/products/fittings/quick-connect-fittings/products/q4004-pmx-sacn-main.jpg","F:\WebsiteProjects\foreach-website-2026\public\images\products\fittings\quick-connect-fittings\products\q4004-pmx-sacn-main.jpg","data/products/selection/quick-connect-fitting-image-map.generated.json","$.items.Q4004-PMX-SACN","无需处理"
"2302","","","","q4004-pmx-sppe","","正常","mainImage","/images/products/fittings/quick-connect-fittings/products/q4004-pmx-sppe-main.jpg","F:\WebsiteProjects\foreach-website-2026\public\images\products\fittings\quick-connect-fittings\products\q4004-pmx-sppe-main.jpg","data/products/selection/quick-connect-fitting-image-map.generated.json","$.items.Q4004-PMX-SPPE","无需处理"
"2303","","","","q4004-pnv-lacn","","正常","mainImage","/images/products/fittings/quick-connect-fittings/products/q4004-pnv-lacn-main.jpg","F:\WebsiteProjects\foreach-website-2026\public\images\products\fittings\quick-connect-fittings\products\q4004-pnv-lacn-main.jpg","data/products/selection/quick-connect-fitting-image-map.generated.json","$.items.Q4004-PNV-LACN","无需处理"
"2304","","","","q4004-pnv-lppe","","正常","mainImage","/images/products/fittings/quick-connect-fittings/products/q4004-pnv-lppe-main.jpg","F:\WebsiteProjects\foreach-website-2026\public\images\products\fittings\quick-connect-fittings\products\q4004-pnv-lppe-main.jpg","data/products/selection/quick-connect-fitting-image-map.generated.json","$.items.Q4004-PNV-LPPE","无需处理"
"2305","","","","q4004-pnv-sacn","","正常","mainImage","/images/products/fittings/quick-connect-fittings/products/q4004-pnv-sacn-main.jpg","F:\WebsiteProjects\foreach-website-2026\public\images\products\fittings\quick-connect-fittings\products\q4004-pnv-sacn-main.jpg","data/products/selection/quick-connect-fitting-image-map.generated.json","$.items.Q4004-PNV-SACN","无需处理"
"2306","","","","q4004-pnv-sppe","","正常","mainImage","/images/products/fittings/quick-connect-fittings/products/q4004-pnv-sppe-main.jpg","F:\WebsiteProjects\foreach-website-2026\public\images\products\fittings\quick-connect-fittings\products\q4004-pnv-sppe-main.jpg","data/products/selection/quick-connect-fitting-image-map.generated.json","$.items.Q4004-PNV-SPPE","无需处理"
"2307","","","","q4004-pnx-sacn","","正常","mainImage","/images/products/fittings/quick-connect-fittings/products/q4004-pnx-sacn-main.jpg","F:\WebsiteProjects\foreach-website-2026\public\images\products\fittings\quick-connect-fittings\products\q4004-pnx-sacn-main.jpg","data/products/selection/quick-connect-fitting-image-map.generated.json","$.items.Q4004-PNX-SACN","无需处理"
"2308","","","","q4004-pnx-sppe","","正常","mainImage","/images/products/fittings/quick-connect-fittings/products/q4004-pnx-sppe-main.jpg","F:\WebsiteProjects\foreach-website-2026\public\images\products\fittings\quick-connect-fittings\products\q4004-pnx-sppe-main.jpg","data/products/selection/quick-connect-fitting-image-map.generated.json","$.items.Q4004-PNX-SPPE","无需处理"
"2309","","","","q4004-smv-sacn","","正常","mainImage","/images/products/fittings/quick-connect-fittings/products/q4004-smv-sacn-main.jpg","F:\WebsiteProjects\foreach-website-2026\public\images\products\fittings\quick-connect-fittings\products\q4004-smv-sacn-main.jpg","data/products/selection/quick-connect-fitting-image-map.generated.json","$.items.Q4004-SMV-SACN","无需处理"
"2310","","","","q4004-smv-sppe","","正常","mainImage","/images/products/fittings/quick-connect-fittings/products/q4004-smv-sppe-main.jpg","F:\WebsiteProjects\foreach-website-2026\public\images\products\fittings\quick-connect-fittings\products\q4004-smv-sppe-main.jpg","data/products/selection/quick-connect-fitting-image-map.generated.json","$.items.Q4004-SMV-SPPE","无需处理"
"2311","","","","q4004-smx-sacn","","正常","mainImage","/images/products/fittings/quick-connect-fittings/products/q4004-smx-sacn-main.jpg","F:\WebsiteProjects\foreach-website-2026\public\images\products\fittings\quick-connect-fittings\products\q4004-smx-sacn-main.jpg","data/products/selection/quick-connect-fitting-image-map.generated.json","$.items.Q4004-SMX-SACN","无需处理"
"2312","","","","q4004-smx-sppe","","正常","mainImage","/images/products/fittings/quick-connect-fittings/products/q4004-smx-sppe-main.jpg","F:\WebsiteProjects\foreach-website-2026\public\images\products\fittings\quick-connect-fittings\products\q4004-smx-sppe-main.jpg","data/products/selection/quick-connect-fitting-image-map.generated.json","$.items.Q4004-SMX-SPPE","无需处理"
"2313","","","","q4004-snv-sacn","","正常","mainImage","/images/products/fittings/quick-connect-fittings/products/q4004-snv-sacn-main.jpg","F:\WebsiteProjects\foreach-website-2026\public\images\products\fittings\quick-connect-fittings\products\q4004-snv-sacn-main.jpg","data/products/selection/quick-connect-fitting-image-map.generated.json","$.items.Q4004-SNV-SACN","无需处理"
"2314","","","","q4004-snv-sppe","","正常","mainImage","/images/products/fittings/quick-connect-fittings/products/q4004-snv-sppe-main.jpg","F:\WebsiteProjects\foreach-website-2026\public\images\products\fittings\quick-connect-fittings\products\q4004-snv-sppe-main.jpg","data/products/selection/quick-connect-fitting-image-map.generated.json","$.items.Q4004-SNV-SPPE","无需处理"
"2315","","","","q4004-snx-sacn","","正常","mainImage","/images/products/fittings/quick-connect-fittings/products/q4004-snx-sacn-main.jpg","F:\WebsiteProjects\foreach-website-2026\public\images\products\fittings\quick-connect-fittings\products\q4004-snx-sacn-main.jpg","data/products/selection/quick-connect-fitting-image-map.generated.json","$.items.Q4004-SNX-SACN","无需处理"
"2316","","","","q4004-snx-sppe","","正常","mainImage","/images/products/fittings/quick-connect-fittings/products/q4004-snx-sppe-main.jpg","F:\WebsiteProjects\foreach-website-2026\public\images\products\fittings\quick-connect-fittings\products\q4004-snx-sppe-main.jpg","data/products/selection/quick-connect-fitting-image-map.generated.json","$.items.Q4004-SNX-SPPE","无需处理"
"2317","","","","q4005-pmv-sacn","","正常","mainImage","/images/products/fittings/quick-connect-fittings/products/q4005-pmv-sacn-main.jpg","F:\WebsiteProjects\foreach-website-2026\public\images\products\fittings\quick-connect-fittings\products\q4005-pmv-sacn-main.jpg","data/products/selection/quick-connect-fitting-image-map.generated.json","$.items.Q4005-PMV-SACN","无需处理"
"2318","","","","q4005-pmv-sppe","","正常","mainImage","/images/products/fittings/quick-connect-fittings/products/q4005-pmv-sppe-main.jpg","F:\WebsiteProjects\foreach-website-2026\public\images\products\fittings\quick-connect-fittings\products\q4005-pmv-sppe-main.jpg","data/products/selection/quick-connect-fitting-image-map.generated.json","$.items.Q4005-PMV-SPPE","无需处理"
"2319","","","","q4005-pmx-sacn","","正常","mainImage","/images/products/fittings/quick-connect-fittings/products/q4005-pmx-sacn-main.jpg","F:\WebsiteProjects\foreach-website-2026\public\images\products\fittings\quick-connect-fittings\products\q4005-pmx-sacn-main.jpg","data/products/selection/quick-connect-fitting-image-map.generated.json","$.items.Q4005-PMX-SACN","无需处理"
"2320","","","","q4005-pmx-sppe","","正常","mainImage","/images/products/fittings/quick-connect-fittings/products/q4005-pmx-sppe-main.jpg","F:\WebsiteProjects\foreach-website-2026\public\images\products\fittings\quick-connect-fittings\products\q4005-pmx-sppe-main.jpg","data/products/selection/quick-connect-fitting-image-map.generated.json","$.items.Q4005-PMX-SPPE","无需处理"
"2321","","","","q4005-pnv-sacn","","正常","mainImage","/images/products/fittings/quick-connect-fittings/products/q4005-pnv-sacn-main.jpg","F:\WebsiteProjects\foreach-website-2026\public\images\products\fittings\quick-connect-fittings\products\q4005-pnv-sacn-main.jpg","data/products/selection/quick-connect-fitting-image-map.generated.json","$.items.Q4005-PNV-SACN","无需处理"
"2322","","","","q4005-pnv-sppe","","正常","mainImage","/images/products/fittings/quick-connect-fittings/products/q4005-pnv-sppe-main.jpg","F:\WebsiteProjects\foreach-website-2026\public\images\products\fittings\quick-connect-fittings\products\q4005-pnv-sppe-main.jpg","data/products/selection/quick-connect-fitting-image-map.generated.json","$.items.Q4005-PNV-SPPE","无需处理"
"2323","","","","q4005-pnx-sacn","","正常","mainImage","/images/products/fittings/quick-connect-fittings/products/q4005-pnx-sacn-main.jpg","F:\WebsiteProjects\foreach-website-2026\public\images\products\fittings\quick-connect-fittings\products\q4005-pnx-sacn-main.jpg","data/products/selection/quick-connect-fitting-image-map.generated.json","$.items.Q4005-PNX-SACN","无需处理"
"2324","","","","q4005-pnx-sppe","","正常","mainImage","/images/products/fittings/quick-connect-fittings/products/q4005-pnx-sppe-main.jpg","F:\WebsiteProjects\foreach-website-2026\public\images\products\fittings\quick-connect-fittings\products\q4005-pnx-sppe-main.jpg","data/products/selection/quick-connect-fitting-image-map.generated.json","$.items.Q4005-PNX-SPPE","无需处理"
"2325","","","","q4005-smv-sacn","","正常","mainImage","/images/products/fittings/quick-connect-fittings/products/q4005-smv-sacn-main.jpg","F:\WebsiteProjects\foreach-website-2026\public\images\products\fittings\quick-connect-fittings\products\q4005-smv-sacn-main.jpg","data/products/selection/quick-connect-fitting-image-map.generated.json","$.items.Q4005-SMV-SACN","无需处理"
"2326","","","","q4005-smv-sppe","","正常","mainImage","/images/products/fittings/quick-connect-fittings/products/q4005-smv-sppe-main.jpg","F:\WebsiteProjects\foreach-website-2026\public\images\products\fittings\quick-connect-fittings\products\q4005-smv-sppe-main.jpg","data/products/selection/quick-connect-fitting-image-map.generated.json","$.items.Q4005-SMV-SPPE","无需处理"
"2327","","","","q4005-smx-sacn","","正常","mainImage","/images/products/fittings/quick-connect-fittings/products/q4005-smx-sacn-main.jpg","F:\WebsiteProjects\foreach-website-2026\public\images\products\fittings\quick-connect-fittings\products\q4005-smx-sacn-main.jpg","data/products/selection/quick-connect-fitting-image-map.generated.json","$.items.Q4005-SMX-SACN","无需处理"
"2328","","","","q4005-smx-sppe","","正常","mainImage","/images/products/fittings/quick-connect-fittings/products/q4005-smx-sppe-main.jpg","F:\WebsiteProjects\foreach-website-2026\public\images\products\fittings\quick-connect-fittings\products\q4005-smx-sppe-main.jpg","data/products/selection/quick-connect-fitting-image-map.generated.json","$.items.Q4005-SMX-SPPE","无需处理"
"2329","","","","q4005-snv-sacn","","正常","mainImage","/images/products/fittings/quick-connect-fittings/products/q4005-snv-sacn-main.jpg","F:\WebsiteProjects\foreach-website-2026\public\images\products\fittings\quick-connect-fittings\products\q4005-snv-sacn-main.jpg","data/products/selection/quick-connect-fitting-image-map.generated.json","$.items.Q4005-SNV-SACN","无需处理"
"2330","","","","q4005-snv-sppe","","正常","mainImage","/images/products/fittings/quick-connect-fittings/products/q4005-snv-sppe-main.jpg","F:\WebsiteProjects\foreach-website-2026\public\images\products\fittings\quick-connect-fittings\products\q4005-snv-sppe-main.jpg","data/products/selection/quick-connect-fitting-image-map.generated.json","$.items.Q4005-SNV-SPPE","无需处理"
"2331","","","","q4005-snx-sacn","","正常","mainImage","/images/products/fittings/quick-connect-fittings/products/q4005-snx-sacn-main.jpg","F:\WebsiteProjects\foreach-website-2026\public\images\products\fittings\quick-connect-fittings\products\q4005-snx-sacn-main.jpg","data/products/selection/quick-connect-fitting-image-map.generated.json","$.items.Q4005-SNX-SACN","无需处理"
"2332","","","","q4005-snx-sppe","","正常","mainImage","/images/products/fittings/quick-connect-fittings/products/q4005-snx-sppe-main.jpg","F:\WebsiteProjects\foreach-website-2026\public\images\products\fittings\quick-connect-fittings\products\q4005-snx-sppe-main.jpg","data/products/selection/quick-connect-fitting-image-map.generated.json","$.items.Q4005-SNX-SPPE","无需处理"
"2333","","","","q4006-pmv-sacn","","正常","mainImage","/images/products/fittings/quick-connect-fittings/products/q4006-pmv-sacn-main.jpg","F:\WebsiteProjects\foreach-website-2026\public\images\products\fittings\quick-connect-fittings\products\q4006-pmv-sacn-main.jpg","data/products/selection/quick-connect-fitting-image-map.generated.json","$.items.Q4006-PMV-SACN","无需处理"
"2334","","","","q4006-pmv-sppe","","正常","mainImage","/images/products/fittings/quick-connect-fittings/products/q4006-pmv-sppe-main.jpg","F:\WebsiteProjects\foreach-website-2026\public\images\products\fittings\quick-connect-fittings\products\q4006-pmv-sppe-main.jpg","data/products/selection/quick-connect-fitting-image-map.generated.json","$.items.Q4006-PMV-SPPE","无需处理"
"2335","","","","q4006-pmx-sacn","","正常","mainImage","/images/products/fittings/quick-connect-fittings/products/q4006-pmx-sacn-main.jpg","F:\WebsiteProjects\foreach-website-2026\public\images\products\fittings\quick-connect-fittings\products\q4006-pmx-sacn-main.jpg","data/products/selection/quick-connect-fitting-image-map.generated.json","$.items.Q4006-PMX-SACN","无需处理"
"2336","","","","q4006-pmx-sppe","","正常","mainImage","/images/products/fittings/quick-connect-fittings/products/q4006-pmx-sppe-main.jpg","F:\WebsiteProjects\foreach-website-2026\public\images\products\fittings\quick-connect-fittings\products\q4006-pmx-sppe-main.jpg","data/products/selection/quick-connect-fitting-image-map.generated.json","$.items.Q4006-PMX-SPPE","无需处理"
"2337","","","","q4006-pnv-sacn","","正常","mainImage","/images/products/fittings/quick-connect-fittings/products/q4006-pnv-sacn-main.jpg","F:\WebsiteProjects\foreach-website-2026\public\images\products\fittings\quick-connect-fittings\products\q4006-pnv-sacn-main.jpg","data/products/selection/quick-connect-fitting-image-map.generated.json","$.items.Q4006-PNV-SACN","无需处理"
"2338","","","","q4006-pnv-sppe","","正常","mainImage","/images/products/fittings/quick-connect-fittings/products/q4006-pnv-sppe-main.jpg","F:\WebsiteProjects\foreach-website-2026\public\images\products\fittings\quick-connect-fittings\products\q4006-pnv-sppe-main.jpg","data/products/selection/quick-connect-fitting-image-map.generated.json","$.items.Q4006-PNV-SPPE","无需处理"
"2339","","","","q4006-pnx-lacn","","正常","mainImage","/images/products/fittings/quick-connect-fittings/products/q4006-pnx-lacn-main.jpg","F:\WebsiteProjects\foreach-website-2026\public\images\products\fittings\quick-connect-fittings\products\q4006-pnx-lacn-main.jpg","data/products/selection/quick-connect-fitting-image-map.generated.json","$.items.Q4006-PNX-LACN","无需处理"
"2340","","","","q4006-pnx-lppe","","正常","mainImage","/images/products/fittings/quick-connect-fittings/products/q4006-pnx-lppe-main.jpg","F:\WebsiteProjects\foreach-website-2026\public\images\products\fittings\quick-connect-fittings\products\q4006-pnx-lppe-main.jpg","data/products/selection/quick-connect-fitting-image-map.generated.json","$.items.Q4006-PNX-LPPE","无需处理"
"2341","","","","q4006-pnx-sacn","","正常","mainImage","/images/products/fittings/quick-connect-fittings/products/q4006-pnx-sacn-main.jpg","F:\WebsiteProjects\foreach-website-2026\public\images\products\fittings\quick-connect-fittings\products\q4006-pnx-sacn-main.jpg","data/products/selection/quick-connect-fitting-image-map.generated.json","$.items.Q4006-PNX-SACN","无需处理"
"2342","","","","q4006-pnx-sppe","","正常","mainImage","/images/products/fittings/quick-connect-fittings/products/q4006-pnx-sppe-main.jpg","F:\WebsiteProjects\foreach-website-2026\public\images\products\fittings\quick-connect-fittings\products\q4006-pnx-sppe-main.jpg","data/products/selection/quick-connect-fitting-image-map.generated.json","$.items.Q4006-PNX-SPPE","无需处理"
"2343","","","","q4006-smv-sacn","","正常","mainImage","/images/products/fittings/quick-connect-fittings/products/q4006-smv-sacn-main.jpg","F:\WebsiteProjects\foreach-website-2026\public\images\products\fittings\quick-connect-fittings\products\q4006-smv-sacn-main.jpg","data/products/selection/quick-connect-fitting-image-map.generated.json","$.items.Q4006-SMV-SACN","无需处理"
"2344","","","","q4006-smv-sppe","","正常","mainImage","/images/products/fittings/quick-connect-fittings/products/q4006-smv-sppe-main.jpg","F:\WebsiteProjects\foreach-website-2026\public\images\products\fittings\quick-connect-fittings\products\q4006-smv-sppe-main.jpg","data/products/selection/quick-connect-fitting-image-map.generated.json","$.items.Q4006-SMV-SPPE","无需处理"
"2345","","","","q4006-smx-sacn","","正常","mainImage","/images/products/fittings/quick-connect-fittings/products/q4006-smx-sacn-main.jpg","F:\WebsiteProjects\foreach-website-2026\public\images\products\fittings\quick-connect-fittings\products\q4006-smx-sacn-main.jpg","data/products/selection/quick-connect-fitting-image-map.generated.json","$.items.Q4006-SMX-SACN","无需处理"
"2346","","","","q4006-smx-sppe","","正常","mainImage","/images/products/fittings/quick-connect-fittings/products/q4006-smx-sppe-main.jpg","F:\WebsiteProjects\foreach-website-2026\public\images\products\fittings\quick-connect-fittings\products\q4006-smx-sppe-main.jpg","data/products/selection/quick-connect-fitting-image-map.generated.json","$.items.Q4006-SMX-SPPE","无需处理"
"2347","","","","q4006-snv-sacn","","正常","mainImage","/images/products/fittings/quick-connect-fittings/products/q4006-snv-sacn-main.jpg","F:\WebsiteProjects\foreach-website-2026\public\images\products\fittings\quick-connect-fittings\products\q4006-snv-sacn-main.jpg","data/products/selection/quick-connect-fitting-image-map.generated.json","$.items.Q4006-SNV-SACN","无需处理"
"2348","","","","q4006-snv-sppe","","正常","mainImage","/images/products/fittings/quick-connect-fittings/products/q4006-snv-sppe-main.jpg","F:\WebsiteProjects\foreach-website-2026\public\images\products\fittings\quick-connect-fittings\products\q4006-snv-sppe-main.jpg","data/products/selection/quick-connect-fitting-image-map.generated.json","$.items.Q4006-SNV-SPPE","无需处理"
"2349","","","","q4006-snx-sacn","","正常","mainImage","/images/products/fittings/quick-connect-fittings/products/q4006-snx-sacn-main.jpg","F:\WebsiteProjects\foreach-website-2026\public\images\products\fittings\quick-connect-fittings\products\q4006-snx-sacn-main.jpg","data/products/selection/quick-connect-fitting-image-map.generated.json","$.items.Q4006-SNX-SACN","无需处理"
"2350","","","","q4006-snx-sppe","","正常","mainImage","/images/products/fittings/quick-connect-fittings/products/q4006-snx-sppe-main.jpg","F:\WebsiteProjects\foreach-website-2026\public\images\products\fittings\quick-connect-fittings\products\q4006-snx-sppe-main.jpg","data/products/selection/quick-connect-fitting-image-map.generated.json","$.items.Q4006-SNX-SPPE","无需处理"
"2351","","","","q4014n-pnv-sacn","","正常","mainImage","/images/products/fittings/quick-connect-fittings/products/q4014n-pnv-sacn-main.jpg","F:\WebsiteProjects\foreach-website-2026\public\images\products\fittings\quick-connect-fittings\products\q4014n-pnv-sacn-main.jpg","data/products/selection/quick-connect-fitting-image-map.generated.json","$.items.Q4014N-PNV-SACN","无需处理"
"2352","","","","q4014n-pnv-sppe","","正常","mainImage","/images/products/fittings/quick-connect-fittings/products/q4014n-pnv-sppe-main.jpg","F:\WebsiteProjects\foreach-website-2026\public\images\products\fittings\quick-connect-fittings\products\q4014n-pnv-sppe-main.jpg","data/products/selection/quick-connect-fitting-image-map.generated.json","$.items.Q4014N-PNV-SPPE","无需处理"
"2353","","","","q4014n-snv-sacn","","正常","mainImage","/images/products/fittings/quick-connect-fittings/products/q4014n-snv-sacn-main.jpg","F:\WebsiteProjects\foreach-website-2026\public\images\products\fittings\quick-connect-fittings\products\q4014n-snv-sacn-main.jpg","data/products/selection/quick-connect-fitting-image-map.generated.json","$.items.Q4014N-SNV-SACN","无需处理"
"2354","","","","q4014n-snv-sppe","","正常","mainImage","/images/products/fittings/quick-connect-fittings/products/q4014n-snv-sppe-main.jpg","F:\WebsiteProjects\foreach-website-2026\public\images\products\fittings\quick-connect-fittings\products\q4014n-snv-sppe-main.jpg","data/products/selection/quick-connect-fitting-image-map.generated.json","$.items.Q4014N-SNV-SPPE","无需处理"
"2355","","","","q4014n-snx-sacn","","正常","mainImage","/images/products/fittings/quick-connect-fittings/products/q4014n-snx-sacn-main.jpg","F:\WebsiteProjects\foreach-website-2026\public\images\products\fittings\quick-connect-fittings\products\q4014n-snx-sacn-main.jpg","data/products/selection/quick-connect-fitting-image-map.generated.json","$.items.Q4014N-SNX-SACN","无需处理"
"2356","","","","q4014n-snx-sppe","","正常","mainImage","/images/products/fittings/quick-connect-fittings/products/q4014n-snx-sppe-main.jpg","F:\WebsiteProjects\foreach-website-2026\public\images\products\fittings\quick-connect-fittings\products\q4014n-snx-sppe-main.jpg","data/products/selection/quick-connect-fitting-image-map.generated.json","$.items.Q4014N-SNX-SPPE","无需处理"
"2357","","","","q6006-pnv-lppe","","正常","mainImage","/images/products/fittings/quick-connect-fittings/products/q6006-pnv-lppe-main.jpg","F:\WebsiteProjects\foreach-website-2026\public\images\products\fittings\quick-connect-fittings\products\q6006-pnv-lppe-main.jpg","data/products/selection/quick-connect-fitting-image-map.generated.json","$.items.Q6006-PNV-LPPE","无需处理"
"2358","","","","q6006-pnx-lppe","","正常","mainImage","/images/products/fittings/quick-connect-fittings/products/q6006-pnx-lppe-main.jpg","F:\WebsiteProjects\foreach-website-2026\public\images\products\fittings\quick-connect-fittings\products\q6006-pnx-lppe-main.jpg","data/products/selection/quick-connect-fitting-image-map.generated.json","$.items.Q6006-PNX-LPPE","无需处理"
"2359","","","","q6006-smv-lppe","","正常","mainImage","/images/products/fittings/quick-connect-fittings/products/q6006-smv-lppe-main.jpg","F:\WebsiteProjects\foreach-website-2026\public\images\products\fittings\quick-connect-fittings\products\q6006-smv-lppe-main.jpg","data/products/selection/quick-connect-fitting-image-map.generated.json","$.items.Q6006-SMV-LPPE","无需处理"
"2360","","","","q6006-smv-sppe","","正常","mainImage","/images/products/fittings/quick-connect-fittings/products/q6006-smv-sppe-main.jpg","F:\WebsiteProjects\foreach-website-2026\public\images\products\fittings\quick-connect-fittings\products\q6006-smv-sppe-main.jpg","data/products/selection/quick-connect-fitting-image-map.generated.json","$.items.Q6006-SMV-SPPE","无需处理"
"2361","","","","q6006-smx-lppe","","正常","mainImage","/images/products/fittings/quick-connect-fittings/products/q6006-smx-lppe-main.jpg","F:\WebsiteProjects\foreach-website-2026\public\images\products\fittings\quick-connect-fittings\products\q6006-smx-lppe-main.jpg","data/products/selection/quick-connect-fitting-image-map.generated.json","$.items.Q6006-SMX-LPPE","无需处理"
"2362","","","","q6006-smx-sppe","","正常","mainImage","/images/products/fittings/quick-connect-fittings/products/q6006-smx-sppe-main.jpg","F:\WebsiteProjects\foreach-website-2026\public\images\products\fittings\quick-connect-fittings\products\q6006-smx-sppe-main.jpg","data/products/selection/quick-connect-fitting-image-map.generated.json","$.items.Q6006-SMX-SPPE","无需处理"
"2363","","","","q6006-snv-sppe","","正常","mainImage","/images/products/fittings/quick-connect-fittings/products/q6006-snv-sppe-main.jpg","F:\WebsiteProjects\foreach-website-2026\public\images\products\fittings\quick-connect-fittings\products\q6006-snv-sppe-main.jpg","data/products/selection/quick-connect-fitting-image-map.generated.json","$.items.Q6006-SNV-SPPE","无需处理"
"2364","","","","q6006-snx-sppe","","正常","mainImage","/images/products/fittings/quick-connect-fittings/products/q6006-snx-sppe-main.jpg","F:\WebsiteProjects\foreach-website-2026\public\images\products\fittings\quick-connect-fittings\products\q6006-snx-sppe-main.jpg","data/products/selection/quick-connect-fitting-image-map.generated.json","$.items.Q6006-SNX-SPPE","无需处理"
"2365","","","","q6008-pnv-lppe","","正常","mainImage","/images/products/fittings/quick-connect-fittings/products/q6008-pnv-lppe-main.jpg","F:\WebsiteProjects\foreach-website-2026\public\images\products\fittings\quick-connect-fittings\products\q6008-pnv-lppe-main.jpg","data/products/selection/quick-connect-fitting-image-map.generated.json","$.items.Q6008-PNV-LPPE","无需处理"
"2366","","","","q6008-pnv-sppe","","正常","mainImage","/images/products/fittings/quick-connect-fittings/products/q6008-pnv-sppe-main.jpg","F:\WebsiteProjects\foreach-website-2026\public\images\products\fittings\quick-connect-fittings\products\q6008-pnv-sppe-main.jpg","data/products/selection/quick-connect-fitting-image-map.generated.json","$.items.Q6008-PNV-SPPE","无需处理"
"2367","","","","q6008-pnx-lppe","","正常","mainImage","/images/products/fittings/quick-connect-fittings/products/q6008-pnx-lppe-main.jpg","F:\WebsiteProjects\foreach-website-2026\public\images\products\fittings\quick-connect-fittings\products\q6008-pnx-lppe-main.jpg","data/products/selection/quick-connect-fitting-image-map.generated.json","$.items.Q6008-PNX-LPPE","无需处理"
"2368","","","","q6008-pnx-sppe","","正常","mainImage","/images/products/fittings/quick-connect-fittings/products/q6008-pnx-sppe-main.jpg","F:\WebsiteProjects\foreach-website-2026\public\images\products\fittings\quick-connect-fittings\products\q6008-pnx-sppe-main.jpg","data/products/selection/quick-connect-fitting-image-map.generated.json","$.items.Q6008-PNX-SPPE","无需处理"
"2369","","","","q6008-smv-lppe","","正常","mainImage","/images/products/fittings/quick-connect-fittings/products/q6008-smv-lppe-main.jpg","F:\WebsiteProjects\foreach-website-2026\public\images\products\fittings\quick-connect-fittings\products\q6008-smv-lppe-main.jpg","data/products/selection/quick-connect-fitting-image-map.generated.json","$.items.Q6008-SMV-LPPE","无需处理"
"2370","","","","q6008-smv-sppe","","正常","mainImage","/images/products/fittings/quick-connect-fittings/products/q6008-smv-sppe-main.jpg","F:\WebsiteProjects\foreach-website-2026\public\images\products\fittings\quick-connect-fittings\products\q6008-smv-sppe-main.jpg","data/products/selection/quick-connect-fitting-image-map.generated.json","$.items.Q6008-SMV-SPPE","无需处理"
"2371","","","","q6008-smx-lppe","","正常","mainImage","/images/products/fittings/quick-connect-fittings/products/q6008-smx-lppe-main.jpg","F:\WebsiteProjects\foreach-website-2026\public\images\products\fittings\quick-connect-fittings\products\q6008-smx-lppe-main.jpg","data/products/selection/quick-connect-fitting-image-map.generated.json","$.items.Q6008-SMX-LPPE","无需处理"
"2372","","","","q6008-smx-sppe","","正常","mainImage","/images/products/fittings/quick-connect-fittings/products/q6008-smx-sppe-main.jpg","F:\WebsiteProjects\foreach-website-2026\public\images\products\fittings\quick-connect-fittings\products\q6008-smx-sppe-main.jpg","data/products/selection/quick-connect-fitting-image-map.generated.json","$.items.Q6008-SMX-SPPE","无需处理"
"2373","","","","q6008-snv-lppe","","正常","mainImage","/images/products/fittings/quick-connect-fittings/products/q6008-snv-lppe-main.jpg","F:\WebsiteProjects\foreach-website-2026\public\images\products\fittings\quick-connect-fittings\products\q6008-snv-lppe-main.jpg","data/products/selection/quick-connect-fitting-image-map.generated.json","$.items.Q6008-SNV-LPPE","无需处理"
"2374","","","","q6008-snv-sppe","","正常","mainImage","/images/products/fittings/quick-connect-fittings/products/q6008-snv-sppe-main.jpg","F:\WebsiteProjects\foreach-website-2026\public\images\products\fittings\quick-connect-fittings\products\q6008-snv-sppe-main.jpg","data/products/selection/quick-connect-fitting-image-map.generated.json","$.items.Q6008-SNV-SPPE","无需处理"
"2375","","","","q6008-snx-sppe","","正常","mainImage","/images/products/fittings/quick-connect-fittings/products/q6008-snx-sppe-main.jpg","F:\WebsiteProjects\foreach-website-2026\public\images\products\fittings\quick-connect-fittings\products\q6008-snx-sppe-main.jpg","data/products/selection/quick-connect-fitting-image-map.generated.json","$.items.Q6008-SNX-SPPE","无需处理"
"2376","","","","q6012-pnv-sppe","","正常","mainImage","/images/products/fittings/quick-connect-fittings/products/q6012-pnv-sppe-main.jpg","F:\WebsiteProjects\foreach-website-2026\public\images\products\fittings\quick-connect-fittings\products\q6012-pnv-sppe-main.jpg","data/products/selection/quick-connect-fitting-image-map.generated.json","$.items.Q6012-PNV-SPPE","无需处理"
"2377","","","","q6012-pnx-sppe","","正常","mainImage","/images/products/fittings/quick-connect-fittings/products/q6012-pnx-sppe-main.jpg","F:\WebsiteProjects\foreach-website-2026\public\images\products\fittings\quick-connect-fittings\products\q6012-pnx-sppe-main.jpg","data/products/selection/quick-connect-fitting-image-map.generated.json","$.items.Q6012-PNX-SPPE","无需处理"
"2378","","","","q6012-smv-sppe","","正常","mainImage","/images/products/fittings/quick-connect-fittings/products/q6012-smv-sppe-main.jpg","F:\WebsiteProjects\foreach-website-2026\public\images\products\fittings\quick-connect-fittings\products\q6012-smv-sppe-main.jpg","data/products/selection/quick-connect-fitting-image-map.generated.json","$.items.Q6012-SMV-SPPE","无需处理"
"2379","","","","q6012-smx-sppe","","正常","mainImage","/images/products/fittings/quick-connect-fittings/products/q6012-smx-sppe-main.jpg","F:\WebsiteProjects\foreach-website-2026\public\images\products\fittings\quick-connect-fittings\products\q6012-smx-sppe-main.jpg","data/products/selection/quick-connect-fitting-image-map.generated.json","$.items.Q6012-SMX-SPPE","无需处理"
"2380","","","","q6012-snv-sppe","","正常","mainImage","/images/products/fittings/quick-connect-fittings/products/q6012-snv-sppe-main.jpg","F:\WebsiteProjects\foreach-website-2026\public\images\products\fittings\quick-connect-fittings\products\q6012-snv-sppe-main.jpg","data/products/selection/quick-connect-fitting-image-map.generated.json","$.items.Q6012-SNV-SPPE","无需处理"
"2381","","","","q6012-snx-sppe","","正常","mainImage","/images/products/fittings/quick-connect-fittings/products/q6012-snx-sppe-main.jpg","F:\WebsiteProjects\foreach-website-2026\public\images\products\fittings\quick-connect-fittings\products\q6012-snx-sppe-main.jpg","data/products/selection/quick-connect-fitting-image-map.generated.json","$.items.Q6012-SNX-SPPE","无需处理"
"2382","","","","q6012n-pnv-sppe","","正常","mainImage","/images/products/fittings/quick-connect-fittings/products/q6012n-pnv-sppe-main.jpg","F:\WebsiteProjects\foreach-website-2026\public\images\products\fittings\quick-connect-fittings\products\q6012n-pnv-sppe-main.jpg","data/products/selection/quick-connect-fitting-image-map.generated.json","$.items.Q6012N-PNV-SPPE","无需处理"
"2383","","","","q6012n-pnx-sppe","","正常","mainImage","/images/products/fittings/quick-connect-fittings/products/q6012n-pnx-sppe-main.jpg","F:\WebsiteProjects\foreach-website-2026\public\images\products\fittings\quick-connect-fittings\products\q6012n-pnx-sppe-main.jpg","data/products/selection/quick-connect-fitting-image-map.generated.json","$.items.Q6012N-PNX-SPPE","无需处理"
"2384","","","","q6038n-pnv-sppe","","正常","mainImage","/images/products/fittings/quick-connect-fittings/products/q6038n-pnv-sppe-main.jpg","F:\WebsiteProjects\foreach-website-2026\public\images\products\fittings\quick-connect-fittings\products\q6038n-pnv-sppe-main.jpg","data/products/selection/quick-connect-fitting-image-map.generated.json","$.items.Q6038N-PNV-SPPE","无需处理"
"2385","","","","q6038n-pnx-sppe","","正常","mainImage","/images/products/fittings/quick-connect-fittings/products/q6038n-pnx-sppe-main.jpg","F:\WebsiteProjects\foreach-website-2026\public\images\products\fittings\quick-connect-fittings\products\q6038n-pnx-sppe-main.jpg","data/products/selection/quick-connect-fitting-image-map.generated.json","$.items.Q6038N-PNX-SPPE","无需处理"
"2386","","","","q6038n-snv-sppe","","正常","mainImage","/images/products/fittings/quick-connect-fittings/products/q6038n-snv-sppe-main.jpg","F:\WebsiteProjects\foreach-website-2026\public\images\products\fittings\quick-connect-fittings\products\q6038n-snv-sppe-main.jpg","data/products/selection/quick-connect-fitting-image-map.generated.json","$.items.Q6038N-SNV-SPPE","无需处理"
"2387","","","","q6038n-snx-sppe","","正常","mainImage","/images/products/fittings/quick-connect-fittings/products/q6038n-snx-sppe-main.jpg","F:\WebsiteProjects\foreach-website-2026\public\images\products\fittings\quick-connect-fittings\products\q6038n-snx-sppe-main.jpg","data/products/selection/quick-connect-fitting-image-map.generated.json","$.items.Q6038N-SNX-SPPE","无需处理"
"2388","","839041","Q2001-PMV-SACN","","Q20","未配置主图字段","","","","data/products/selection/quick-connect-fitting-selection.generated.ts","第 23 行","确认该产品数据是否缺少主图字段；补图前暂不发布"
"2389","","839085","Q2001-PMV-SPPE","","Q20","未配置主图字段","","","","data/products/selection/quick-connect-fitting-selection.generated.ts","第 78 行","确认该产品数据是否缺少主图字段；补图前暂不发布"
"2390","","839019","Q2001-PMX-SACN","","Q20","未配置主图字段","","","","data/products/selection/quick-connect-fitting-selection.generated.ts","第 133 行","确认该产品数据是否缺少主图字段；补图前暂不发布"
"2391","","839063","Q2001-PMX-SPPE","","Q20","未配置主图字段","","","","data/products/selection/quick-connect-fitting-selection.generated.ts","第 188 行","确认该产品数据是否缺少主图字段；补图前暂不发布"
"2392","","839034","Q2001-PNV-SACN","","Q20","未配置主图字段","","","","data/products/selection/quick-connect-fitting-selection.generated.ts","第 243 行","确认该产品数据是否缺少主图字段；补图前暂不发布"
"2393","","839078","Q2001-PNV-SPPE","","Q20","未配置主图字段","","","","data/products/selection/quick-connect-fitting-selection.generated.ts","第 298 行","确认该产品数据是否缺少主图字段；补图前暂不发布"
"2394","","839012","Q2001-PNX-SACN","","Q20","未配置主图字段","","","","data/products/selection/quick-connect-fitting-selection.generated.ts","第 353 行","确认该产品数据是否缺少主图字段；补图前暂不发布"
"2395","","839056","Q2001-PNX-SPPE","","Q20","未配置主图字段","","","","data/products/selection/quick-connect-fitting-selection.generated.ts","第 408 行","确认该产品数据是否缺少主图字段；补图前暂不发布"
"2396","","839030","Q2001-SMV-SACN","","Q20","未配置主图字段","","","","data/products/selection/quick-connect-fitting-selection.generated.ts","第 463 行","确认该产品数据是否缺少主图字段；补图前暂不发布"
"2397","","839074","Q2001-SMV-SPPE","","Q20","未配置主图字段","","","","data/products/selection/quick-connect-fitting-selection.generated.ts","第 518 行","确认该产品数据是否缺少主图字段；补图前暂不发布"
"2398","","839008","Q2001-SMX-SACN","","Q20","未配置主图字段","","","","data/products/selection/quick-connect-fitting-selection.generated.ts","第 573 行","确认该产品数据是否缺少主图字段；补图前暂不发布"
"2399","","839052","Q2001-SMX-SPPE","","Q20","未配置主图字段","","","","data/products/selection/quick-connect-fitting-selection.generated.ts","第 628 行","确认该产品数据是否缺少主图字段；补图前暂不发布"
"2400","","839023","Q2001-SNV-SACN","","Q20","未配置主图字段","","","","data/products/selection/quick-connect-fitting-selection.generated.ts","第 683 行","确认该产品数据是否缺少主图字段；补图前暂不发布"
"2401","","839067","Q2001-SNV-SPPE","","Q20","未配置主图字段","","","","data/products/selection/quick-connect-fitting-selection.generated.ts","第 738 行","确认该产品数据是否缺少主图字段；补图前暂不发布"
"2402","","839001","Q2001-SNX-SACN","","Q20","未配置主图字段","","","","data/products/selection/quick-connect-fitting-selection.generated.ts","第 793 行","确认该产品数据是否缺少主图字段；补图前暂不发布"
"2403","","839045","Q2001-SNX-SPPE","","Q20","未配置主图字段","","","","data/products/selection/quick-connect-fitting-selection.generated.ts","第 848 行","确认该产品数据是否缺少主图字段；补图前暂不发布"
"2404","","839042","Q2002-PMV-SACN","","Q20","未配置主图字段","","","","data/products/selection/quick-connect-fitting-selection.generated.ts","第 903 行","确认该产品数据是否缺少主图字段；补图前暂不发布"
"2405","","839086","Q2002-PMV-SPPE","","Q20","未配置主图字段","","","","data/products/selection/quick-connect-fitting-selection.generated.ts","第 958 行","确认该产品数据是否缺少主图字段；补图前暂不发布"
"2406","","839020","Q2002-PMX-SACN","","Q20","未配置主图字段","","","","data/products/selection/quick-connect-fitting-selection.generated.ts","第 1013 行","确认该产品数据是否缺少主图字段；补图前暂不发布"
"2407","","839064","Q2002-PMX-SPPE","","Q20","未配置主图字段","","","","data/products/selection/quick-connect-fitting-selection.generated.ts","第 1068 行","确认该产品数据是否缺少主图字段；补图前暂不发布"
"2408","","839038","Q2002-PNV-LACN","","Q20","未配置主图字段","","","","data/products/selection/quick-connect-fitting-selection.generated.ts","第 1123 行","确认该产品数据是否缺少主图字段；补图前暂不发布"
"2409","","839082","Q2002-PNV-LPPE","","Q20","未配置主图字段","","","","data/products/selection/quick-connect-fitting-selection.generated.ts","第 1178 行","确认该产品数据是否缺少主图字段；补图前暂不发布"
"2410","","839091","Q2002-PNV-SACF","","Q20","未配置主图字段","","","","data/products/selection/quick-connect-fitting-selection.generated.ts","第 1233 行","确认该产品数据是否缺少主图字段；补图前暂不发布"
"2411","","839035","Q2002-PNV-SACN","","Q20","未配置主图字段","","","","data/products/selection/quick-connect-fitting-selection.generated.ts","第 1288 行","确认该产品数据是否缺少主图字段；补图前暂不发布"
"2412","","839079","Q2002-PNV-SPPE","","Q20","未配置主图字段","","","","data/products/selection/quick-connect-fitting-selection.generated.ts","第 1343 行","确认该产品数据是否缺少主图字段；补图前暂不发布"
"2413","","839016","Q2002-PNX-LACN","","Q20","未配置主图字段","","","","data/products/selection/quick-connect-fitting-selection.generated.ts","第 1398 行","确认该产品数据是否缺少主图字段；补图前暂不发布"
"2414","","839060","Q2002-PNX-LPPE","","Q20","未配置主图字段","","","","data/products/selection/quick-connect-fitting-selection.generated.ts","第 1453 行","确认该产品数据是否缺少主图字段；补图前暂不发布"
"2415","","839013","Q2002-PNX-SACN","","Q20","未配置主图字段","","","","data/products/selection/quick-connect-fitting-selection.generated.ts","第 1508 行","确认该产品数据是否缺少主图字段；补图前暂不发布"
"2416","","839057","Q2002-PNX-SPPE","","Q20","未配置主图字段","","","","data/products/selection/quick-connect-fitting-selection.generated.ts","第 1563 行","确认该产品数据是否缺少主图字段；补图前暂不发布"
"2417","","839031","Q2002-SMV-SACN","","Q20","未配置主图字段","","","","data/products/selection/quick-connect-fitting-selection.generated.ts","第 1618 行","确认该产品数据是否缺少主图字段；补图前暂不发布"
"2418","","839075","Q2002-SMV-SPPE","","Q20","未配置主图字段","","","","data/products/selection/quick-connect-fitting-selection.generated.ts","第 1673 行","确认该产品数据是否缺少主图字段；补图前暂不发布"
"2419","","839009","Q2002-SMX-SACN","","Q20","未配置主图字段","","","","data/products/selection/quick-connect-fitting-selection.generated.ts","第 1728 行","确认该产品数据是否缺少主图字段；补图前暂不发布"
"2420","","839053","Q2002-SMX-SPPE","","Q20","未配置主图字段","","","","data/products/selection/quick-connect-fitting-selection.generated.ts","第 1783 行","确认该产品数据是否缺少主图字段；补图前暂不发布"
"2421","","839027","Q2002-SNV-LACN","","Q20","未配置主图字段","","","","data/products/selection/quick-connect-fitting-selection.generated.ts","第 1838 行","确认该产品数据是否缺少主图字段；补图前暂不发布"
"2422","","839071","Q2002-SNV-LPPE","","Q20","未配置主图字段","","","","data/products/selection/quick-connect-fitting-selection.generated.ts","第 1893 行","确认该产品数据是否缺少主图字段；补图前暂不发布"
"2423","","839092","Q2002-SNV-SACF","","Q20","未配置主图字段","","","","data/products/selection/quick-connect-fitting-selection.generated.ts","第 1948 行","确认该产品数据是否缺少主图字段；补图前暂不发布"
"2424","","839024","Q2002-SNV-SACN","","Q20","未配置主图字段","","","","data/products/selection/quick-connect-fitting-selection.generated.ts","第 2003 行","确认该产品数据是否缺少主图字段；补图前暂不发布"
"2425","","839068","Q2002-SNV-SPPE","","Q20","未配置主图字段","","","","data/products/selection/quick-connect-fitting-selection.generated.ts","第 2058 行","确认该产品数据是否缺少主图字段；补图前暂不发布"
"2426","","839005","Q2002-SNX-LACN","","Q20","未配置主图字段","","","","data/products/selection/quick-connect-fitting-selection.generated.ts","第 2113 行","确认该产品数据是否缺少主图字段；补图前暂不发布"
"2427","","839049","Q2002-SNX-LPPE","","Q20","未配置主图字段","","","","data/products/selection/quick-connect-fitting-selection.generated.ts","第 2168 行","确认该产品数据是否缺少主图字段；补图前暂不发布"
"2428","","839002","Q2002-SNX-SACN","","Q20","未配置主图字段","","","","data/products/selection/quick-connect-fitting-selection.generated.ts","第 2223 行","确认该产品数据是否缺少主图字段；补图前暂不发布"
"2429","","839046","Q2002-SNX-SPPE","","Q20","未配置主图字段","","","","data/products/selection/quick-connect-fitting-selection.generated.ts","第 2278 行","确认该产品数据是否缺少主图字段；补图前暂不发布"
"2430","","839043","Q2003-PMV-SACN","","Q20","未配置主图字段","","","","data/products/selection/quick-connect-fitting-selection.generated.ts","第 2333 行","确认该产品数据是否缺少主图字段；补图前暂不发布"
"2431","","839087","Q2003-PMV-SPPE","","Q20","未配置主图字段","","","","data/products/selection/quick-connect-fitting-selection.generated.ts","第 2388 行","确认该产品数据是否缺少主图字段；补图前暂不发布"
"2432","","839021","Q2003-PMX-SACN","","Q20","未配置主图字段","","","","data/products/selection/quick-connect-fitting-selection.generated.ts","第 2443 行","确认该产品数据是否缺少主图字段；补图前暂不发布"
"2433","","839065","Q2003-PMX-SPPE","","Q20","未配置主图字段","","","","data/products/selection/quick-connect-fitting-selection.generated.ts","第 2498 行","确认该产品数据是否缺少主图字段；补图前暂不发布"
"2434","","839036","Q2003-PNV-SACN","","Q20","未配置主图字段","","","","data/products/selection/quick-connect-fitting-selection.generated.ts","第 2553 行","确认该产品数据是否缺少主图字段；补图前暂不发布"
"2435","","839080","Q2003-PNV-SPPE","","Q20","未配置主图字段","","","","data/products/selection/quick-connect-fitting-selection.generated.ts","第 2608 行","确认该产品数据是否缺少主图字段；补图前暂不发布"
"2436","","839014","Q2003-PNX-SACN","","Q20","未配置主图字段","","","","data/products/selection/quick-connect-fitting-selection.generated.ts","第 2663 行","确认该产品数据是否缺少主图字段；补图前暂不发布"
"2437","","839058","Q2003-PNX-SPPE","","Q20","未配置主图字段","","","","data/products/selection/quick-connect-fitting-selection.generated.ts","第 2718 行","确认该产品数据是否缺少主图字段；补图前暂不发布"
"2438","","839032","Q2003-SMV-SACN","","Q20","未配置主图字段","","","","data/products/selection/quick-connect-fitting-selection.generated.ts","第 2773 行","确认该产品数据是否缺少主图字段；补图前暂不发布"
"2439","","839076","Q2003-SMV-SPPE","","Q20","未配置主图字段","","","","data/products/selection/quick-connect-fitting-selection.generated.ts","第 2828 行","确认该产品数据是否缺少主图字段；补图前暂不发布"
"2440","","839010","Q2003-SMX-SACN","","Q20","未配置主图字段","","","","data/products/selection/quick-connect-fitting-selection.generated.ts","第 2883 行","确认该产品数据是否缺少主图字段；补图前暂不发布"
"2441","","839054","Q2003-SMX-SPPE","","Q20","未配置主图字段","","","","data/products/selection/quick-connect-fitting-selection.generated.ts","第 2938 行","确认该产品数据是否缺少主图字段；补图前暂不发布"
"2442","","839025","Q2003-SNV-SACN","","Q20","未配置主图字段","","","","data/products/selection/quick-connect-fitting-selection.generated.ts","第 2993 行","确认该产品数据是否缺少主图字段；补图前暂不发布"
"2443","","839069","Q2003-SNV-SPPE","","Q20","未配置主图字段","","","","data/products/selection/quick-connect-fitting-selection.generated.ts","第 3048 行","确认该产品数据是否缺少主图字段；补图前暂不发布"
"2444","","839003","Q2003-SNX-SACN","","Q20","未配置主图字段","","","","data/products/selection/quick-connect-fitting-selection.generated.ts","第 3103 行","确认该产品数据是否缺少主图字段；补图前暂不发布"
"2445","","839047","Q2003-SNX-SPPE","","Q20","未配置主图字段","","","","data/products/selection/quick-connect-fitting-selection.generated.ts","第 3158 行","确认该产品数据是否缺少主图字段；补图前暂不发布"
"2446","","839044","Q2004-PMV-SACN","","Q20","未配置主图字段","","","","data/products/selection/quick-connect-fitting-selection.generated.ts","第 3213 行","确认该产品数据是否缺少主图字段；补图前暂不发布"
"2447","","839088","Q2004-PMV-SPPE","","Q20","未配置主图字段","","","","data/products/selection/quick-connect-fitting-selection.generated.ts","第 3268 行","确认该产品数据是否缺少主图字段；补图前暂不发布"
"2448","","839022","Q2004-PMX-SACN","","Q20","未配置主图字段","","","","data/products/selection/quick-connect-fitting-selection.generated.ts","第 3323 行","确认该产品数据是否缺少主图字段；补图前暂不发布"
"2449","","839066","Q2004-PMX-SPPE","","Q20","未配置主图字段","","","","data/products/selection/quick-connect-fitting-selection.generated.ts","第 3378 行","确认该产品数据是否缺少主图字段；补图前暂不发布"
"2450","","839039","Q2004-PNV-LACN","","Q20","未配置主图字段","","","","data/products/selection/quick-connect-fitting-selection.generated.ts","第 3433 行","确认该产品数据是否缺少主图字段；补图前暂不发布"
"2451","","839083","Q2004-PNV-LPPE","","Q20","未配置主图字段","","","","data/products/selection/quick-connect-fitting-selection.generated.ts","第 3488 行","确认该产品数据是否缺少主图字段；补图前暂不发布"
"2452","","839037","Q2004-PNV-SACN","","Q20","未配置主图字段","","","","data/products/selection/quick-connect-fitting-selection.generated.ts","第 3543 行","确认该产品数据是否缺少主图字段；补图前暂不发布"
"2453","","839081","Q2004-PNV-SPPE","","Q20","未配置主图字段","","","","data/products/selection/quick-connect-fitting-selection.generated.ts","第 3598 行","确认该产品数据是否缺少主图字段；补图前暂不发布"
"2454","","839017","Q2004-PNX-LACN","","Q20","未配置主图字段","","","","data/products/selection/quick-connect-fitting-selection.generated.ts","第 3653 行","确认该产品数据是否缺少主图字段；补图前暂不发布"
"2455","","839061","Q2004-PNX-LPPE","","Q20","未配置主图字段","","","","data/products/selection/quick-connect-fitting-selection.generated.ts","第 3708 行","确认该产品数据是否缺少主图字段；补图前暂不发布"
"2456","","839015","Q2004-PNX-SACN","","Q20","未配置主图字段","","","","data/products/selection/quick-connect-fitting-selection.generated.ts","第 3763 行","确认该产品数据是否缺少主图字段；补图前暂不发布"
"2457","","839059","Q2004-PNX-SPPE","","Q20","未配置主图字段","","","","data/products/selection/quick-connect-fitting-selection.generated.ts","第 3818 行","确认该产品数据是否缺少主图字段；补图前暂不发布"
"2458","","839033","Q2004-SMV-SACN","","Q20","未配置主图字段","","","","data/products/selection/quick-connect-fitting-selection.generated.ts","第 3873 行","确认该产品数据是否缺少主图字段；补图前暂不发布"
"2459","","839077","Q2004-SMV-SPPE","","Q20","未配置主图字段","","","","data/products/selection/quick-connect-fitting-selection.generated.ts","第 3928 行","确认该产品数据是否缺少主图字段；补图前暂不发布"
"2460","","839011","Q2004-SMX-SACN","","Q20","未配置主图字段","","","","data/products/selection/quick-connect-fitting-selection.generated.ts","第 3983 行","确认该产品数据是否缺少主图字段；补图前暂不发布"
"2461","","839055","Q2004-SMX-SPPE","","Q20","未配置主图字段","","","","data/products/selection/quick-connect-fitting-selection.generated.ts","第 4038 行","确认该产品数据是否缺少主图字段；补图前暂不发布"
"2462","","839028","Q2004-SNV-LACN","","Q20","未配置主图字段","","","","data/products/selection/quick-connect-fitting-selection.generated.ts","第 4093 行","确认该产品数据是否缺少主图字段；补图前暂不发布"
"2463","","839072","Q2004-SNV-LPPE","","Q20","未配置主图字段","","","","data/products/selection/quick-connect-fitting-selection.generated.ts","第 4148 行","确认该产品数据是否缺少主图字段；补图前暂不发布"
"2464","","839026","Q2004-SNV-SACN","","Q20","未配置主图字段","","","","data/products/selection/quick-connect-fitting-selection.generated.ts","第 4203 行","确认该产品数据是否缺少主图字段；补图前暂不发布"
"2465","","839070","Q2004-SNV-SPPE","","Q20","未配置主图字段","","","","data/products/selection/quick-connect-fitting-selection.generated.ts","第 4258 行","确认该产品数据是否缺少主图字段；补图前暂不发布"
"2466","","839006","Q2004-SNX-LACN","","Q20","未配置主图字段","","","","data/products/selection/quick-connect-fitting-selection.generated.ts","第 4313 行","确认该产品数据是否缺少主图字段；补图前暂不发布"
"2467","","839050","Q2004-SNX-LPPE","","Q20","未配置主图字段","","","","data/products/selection/quick-connect-fitting-selection.generated.ts","第 4368 行","确认该产品数据是否缺少主图字段；补图前暂不发布"
"2468","","839004","Q2004-SNX-SACN","","Q20","未配置主图字段","","","","data/products/selection/quick-connect-fitting-selection.generated.ts","第 4423 行","确认该产品数据是否缺少主图字段；补图前暂不发布"
"2469","","839048","Q2004-SNX-SPPE","","Q20","未配置主图字段","","","","data/products/selection/quick-connect-fitting-selection.generated.ts","第 4478 行","确认该产品数据是否缺少主图字段；补图前暂不发布"
"2470","","839040","Q2018N-PNV-SACN","","Q20","未配置主图字段","","","","data/products/selection/quick-connect-fitting-selection.generated.ts","第 4533 行","确认该产品数据是否缺少主图字段；补图前暂不发布"
"2471","","839084","Q2018N-PNV-SPPE","","Q20","未配置主图字段","","","","data/products/selection/quick-connect-fitting-selection.generated.ts","第 4588 行","确认该产品数据是否缺少主图字段；补图前暂不发布"
"2472","","839018","Q2018N-PNX-SACN","","Q20","未配置主图字段","","","","data/products/selection/quick-connect-fitting-selection.generated.ts","第 4643 行","确认该产品数据是否缺少主图字段；补图前暂不发布"
"2473","","839062","Q2018N-PNX-SPPE","","Q20","未配置主图字段","","","","data/products/selection/quick-connect-fitting-selection.generated.ts","第 4698 行","确认该产品数据是否缺少主图字段；补图前暂不发布"
"2474","","839029","Q2018N-SNV-SACN","","Q20","未配置主图字段","","","","data/products/selection/quick-connect-fitting-selection.generated.ts","第 4753 行","确认该产品数据是否缺少主图字段；补图前暂不发布"
"2475","","839073","Q2018N-SNV-SPPE","","Q20","未配置主图字段","","","","data/products/selection/quick-connect-fitting-selection.generated.ts","第 4808 行","确认该产品数据是否缺少主图字段；补图前暂不发布"
"2476","","839007","Q2018N-SNX-SACN","","Q20","未配置主图字段","","","","data/products/selection/quick-connect-fitting-selection.generated.ts","第 4863 行","确认该产品数据是否缺少主图字段；补图前暂不发布"
"2477","","839051","Q2018N-SNX-SPPE","","Q20","未配置主图字段","","","","data/products/selection/quick-connect-fitting-selection.generated.ts","第 4918 行","确认该产品数据是否缺少主图字段；补图前暂不发布"
"2478","","839109","Q2018T-SNV-SACN","","Q20","未配置主图字段","","","","data/products/selection/quick-connect-fitting-selection.generated.ts","第 4973 行","确认该产品数据是否缺少主图字段；补图前暂不发布"
"2479","","839097","Q2018T-SNV-SPPE","","Q20","未配置主图字段","","","","data/products/selection/quick-connect-fitting-selection.generated.ts","第 5028 行","确认该产品数据是否缺少主图字段；补图前暂不发布"
"2480","","839110","Q2018T-SNX-SACN","","Q20","未配置主图字段","","","","data/products/selection/quick-connect-fitting-selection.generated.ts","第 5083 行","确认该产品数据是否缺少主图字段；补图前暂不发布"
"2481","","839104","Q2018T-SNX-SPPE","","Q20","未配置主图字段","","","","data/products/selection/quick-connect-fitting-selection.generated.ts","第 5138 行","确认该产品数据是否缺少主图字段；补图前暂不发布"
"2482","","839108","Q2028U-PNV-SACN","","Q20","未配置主图字段","","","","data/products/selection/quick-connect-fitting-selection.generated.ts","第 5193 行","确认该产品数据是否缺少主图字段；补图前暂不发布"
"2483","","839106","Q2028U-PNV-SPPE","","Q20","未配置主图字段","","","","data/products/selection/quick-connect-fitting-selection.generated.ts","第 5248 行","确认该产品数据是否缺少主图字段；补图前暂不发布"
"2484","","839107","Q2028U-SMV-SACN","","Q20","未配置主图字段","","","","data/products/selection/quick-connect-fitting-selection.generated.ts","第 5303 行","确认该产品数据是否缺少主图字段；补图前暂不发布"
"2485","","839105","Q2028U-SMV-SPPE","","Q20","未配置主图字段","","","","data/products/selection/quick-connect-fitting-selection.generated.ts","第 5358 行","确认该产品数据是否缺少主图字段；补图前暂不发布"
"2486","","849032","Q4004-PMV-SACN","","Q40","未配置主图字段","","","","data/products/selection/quick-connect-fitting-selection.generated.ts","第 5413 行","确认该产品数据是否缺少主图字段；补图前暂不发布"
"2487","","849066","Q4004-PMV-SPPE","","Q40","未配置主图字段","","","","data/products/selection/quick-connect-fitting-selection.generated.ts","第 5468 行","确认该产品数据是否缺少主图字段；补图前暂不发布"
"2488","","849015","Q4004-PMX-SACN","","Q40","未配置主图字段","","","","data/products/selection/quick-connect-fitting-selection.generated.ts","第 5523 行","确认该产品数据是否缺少主图字段；补图前暂不发布"
"2489","","849049","Q4004-PMX-SPPE","","Q40","未配置主图字段","","","","data/products/selection/quick-connect-fitting-selection.generated.ts","第 5578 行","确认该产品数据是否缺少主图字段；补图前暂不发布"
"2490","","849030","Q4004-PNV-LACN","","Q40","未配置主图字段","","","","data/products/selection/quick-connect-fitting-selection.generated.ts","第 5633 行","确认该产品数据是否缺少主图字段；补图前暂不发布"
"2491","","849064","Q4004-PNV-LPPE","","Q40","未配置主图字段","","","","data/products/selection/quick-connect-fitting-selection.generated.ts","第 5688 行","确认该产品数据是否缺少主图字段；补图前暂不发布"
"2492","","849027","Q4004-PNV-SACN","","Q40","未配置主图字段","","","","data/products/selection/quick-connect-fitting-selection.generated.ts","第 5743 行","确认该产品数据是否缺少主图字段；补图前暂不发布"
"2493","","849061","Q4004-PNV-SPPE","","Q40","未配置主图字段","","","","data/products/selection/quick-connect-fitting-selection.generated.ts","第 5798 行","确认该产品数据是否缺少主图字段；补图前暂不发布"
"2494","","849010","Q4004-PNX-SACN","","Q40","未配置主图字段","","","","data/products/selection/quick-connect-fitting-selection.generated.ts","第 5853 行","确认该产品数据是否缺少主图字段；补图前暂不发布"
"2495","","849044","Q4004-PNX-SPPE","","Q40","未配置主图字段","","","","data/products/selection/quick-connect-fitting-selection.generated.ts","第 5908 行","确认该产品数据是否缺少主图字段；补图前暂不发布"
"2496","","849024","Q4004-SMV-SACN","","Q40","未配置主图字段","","","","data/products/selection/quick-connect-fitting-selection.generated.ts","第 5963 行","确认该产品数据是否缺少主图字段；补图前暂不发布"
"2497","","849058","Q4004-SMV-SPPE","","Q40","未配置主图字段","","","","data/products/selection/quick-connect-fitting-selection.generated.ts","第 6018 行","确认该产品数据是否缺少主图字段；补图前暂不发布"
"2498","","849007","Q4004-SMX-SACN","","Q40","未配置主图字段","","","","data/products/selection/quick-connect-fitting-selection.generated.ts","第 6073 行","确认该产品数据是否缺少主图字段；补图前暂不发布"
"2499","","849041","Q4004-SMX-SPPE","","Q40","未配置主图字段","","","","data/products/selection/quick-connect-fitting-selection.generated.ts","第 6128 行","确认该产品数据是否缺少主图字段；补图前暂不发布"
"2500","","849018","Q4004-SNV-SACN","","Q40","未配置主图字段","","","","data/products/selection/quick-connect-fitting-selection.generated.ts","第 6183 行","确认该产品数据是否缺少主图字段；补图前暂不发布"
"2501","","849052","Q4004-SNV-SPPE","","Q40","未配置主图字段","","","","data/products/selection/quick-connect-fitting-selection.generated.ts","第 6238 行","确认该产品数据是否缺少主图字段；补图前暂不发布"
"2502","","849001","Q4004-SNX-SACN","","Q40","未配置主图字段","","","","data/products/selection/quick-connect-fitting-selection.generated.ts","第 6293 行","确认该产品数据是否缺少主图字段；补图前暂不发布"
"2503","","849035","Q4004-SNX-SPPE","","Q40","未配置主图字段","","","","data/products/selection/quick-connect-fitting-selection.generated.ts","第 6348 行","确认该产品数据是否缺少主图字段；补图前暂不发布"
"2504","","849033","Q4005-PMV-SACN","","Q40","未配置主图字段","","","","data/products/selection/quick-connect-fitting-selection.generated.ts","第 6403 行","确认该产品数据是否缺少主图字段；补图前暂不发布"
"2505","","849067","Q4005-PMV-SPPE","","Q40","未配置主图字段","","","","data/products/selection/quick-connect-fitting-selection.generated.ts","第 6458 行","确认该产品数据是否缺少主图字段；补图前暂不发布"
"2506","","849016","Q4005-PMX-SACN","","Q40","未配置主图字段","","","","data/products/selection/quick-connect-fitting-selection.generated.ts","第 6513 行","确认该产品数据是否缺少主图字段；补图前暂不发布"
"2507","","849050","Q4005-PMX-SPPE","","Q40","未配置主图字段","","","","data/products/selection/quick-connect-fitting-selection.generated.ts","第 6568 行","确认该产品数据是否缺少主图字段；补图前暂不发布"
"2508","","849028","Q4005-PNV-SACN","","Q40","未配置主图字段","","","","data/products/selection/quick-connect-fitting-selection.generated.ts","第 6623 行","确认该产品数据是否缺少主图字段；补图前暂不发布"
"2509","","849062","Q4005-PNV-SPPE","","Q40","未配置主图字段","","","","data/products/selection/quick-connect-fitting-selection.generated.ts","第 6678 行","确认该产品数据是否缺少主图字段；补图前暂不发布"
"2510","","849011","Q4005-PNX-SACN","","Q40","未配置主图字段","","","","data/products/selection/quick-connect-fitting-selection.generated.ts","第 6733 行","确认该产品数据是否缺少主图字段；补图前暂不发布"
"2511","","849045","Q4005-PNX-SPPE","","Q40","未配置主图字段","","","","data/products/selection/quick-connect-fitting-selection.generated.ts","第 6788 行","确认该产品数据是否缺少主图字段；补图前暂不发布"
"2512","","849025","Q4005-SMV-SACN","","Q40","未配置主图字段","","","","data/products/selection/quick-connect-fitting-selection.generated.ts","第 6843 行","确认该产品数据是否缺少主图字段；补图前暂不发布"
"2513","","849059","Q4005-SMV-SPPE","","Q40","未配置主图字段","","","","data/products/selection/quick-connect-fitting-selection.generated.ts","第 6898 行","确认该产品数据是否缺少主图字段；补图前暂不发布"
"2514","","849008","Q4005-SMX-SACN","","Q40","未配置主图字段","","","","data/products/selection/quick-connect-fitting-selection.generated.ts","第 6953 行","确认该产品数据是否缺少主图字段；补图前暂不发布"
"2515","","849042","Q4005-SMX-SPPE","","Q40","未配置主图字段","","","","data/products/selection/quick-connect-fitting-selection.generated.ts","第 7008 行","确认该产品数据是否缺少主图字段；补图前暂不发布"
"2516","","849019","Q4005-SNV-SACN","","Q40","未配置主图字段","","","","data/products/selection/quick-connect-fitting-selection.generated.ts","第 7063 行","确认该产品数据是否缺少主图字段；补图前暂不发布"
"2517","","849053","Q4005-SNV-SPPE","","Q40","未配置主图字段","","","","data/products/selection/quick-connect-fitting-selection.generated.ts","第 7118 行","确认该产品数据是否缺少主图字段；补图前暂不发布"
"2518","","849002","Q4005-SNX-SACN","","Q40","未配置主图字段","","","","data/products/selection/quick-connect-fitting-selection.generated.ts","第 7173 行","确认该产品数据是否缺少主图字段；补图前暂不发布"
"2519","","849036","Q4005-SNX-SPPE","","Q40","未配置主图字段","","","","data/products/selection/quick-connect-fitting-selection.generated.ts","第 7228 行","确认该产品数据是否缺少主图字段；补图前暂不发布"
"2520","","849034","Q4006-PMV-SACN","","Q40","未配置主图字段","","","","data/products/selection/quick-connect-fitting-selection.generated.ts","第 7283 行","确认该产品数据是否缺少主图字段；补图前暂不发布"
"2521","","849068","Q4006-PMV-SPPE","","Q40","未配置主图字段","","","","data/products/selection/quick-connect-fitting-selection.generated.ts","第 7338 行","确认该产品数据是否缺少主图字段；补图前暂不发布"
"2522","","849017","Q4006-PMX-SACN","","Q40","未配置主图字段","","","","data/products/selection/quick-connect-fitting-selection.generated.ts","第 7393 行","确认该产品数据是否缺少主图字段；补图前暂不发布"
"2523","","849051","Q4006-PMX-SPPE","","Q40","未配置主图字段","","","","data/products/selection/quick-connect-fitting-selection.generated.ts","第 7448 行","确认该产品数据是否缺少主图字段；补图前暂不发布"
"2524","","849029","Q4006-PNV-SACN","","Q40","未配置主图字段","","","","data/products/selection/quick-connect-fitting-selection.generated.ts","第 7503 行","确认该产品数据是否缺少主图字段；补图前暂不发布"
"2525","","849063","Q4006-PNV-SPPE","","Q40","未配置主图字段","","","","data/products/selection/quick-connect-fitting-selection.generated.ts","第 7558 行","确认该产品数据是否缺少主图字段；补图前暂不发布"
"2526","","849013","Q4006-PNX-LACN","","Q40","未配置主图字段","","","","data/products/selection/quick-connect-fitting-selection.generated.ts","第 7613 行","确认该产品数据是否缺少主图字段；补图前暂不发布"
"2527","","849047","Q4006-PNX-LPPE","","Q40","未配置主图字段","","","","data/products/selection/quick-connect-fitting-selection.generated.ts","第 7668 行","确认该产品数据是否缺少主图字段；补图前暂不发布"
"2528","","849012","Q4006-PNX-SACN","","Q40","未配置主图字段","","","","data/products/selection/quick-connect-fitting-selection.generated.ts","第 7723 行","确认该产品数据是否缺少主图字段；补图前暂不发布"
"2529","","849046","Q4006-PNX-SPPE","","Q40","未配置主图字段","","","","data/products/selection/quick-connect-fitting-selection.generated.ts","第 7778 行","确认该产品数据是否缺少主图字段；补图前暂不发布"
"2530","","849026","Q4006-SMV-SACN","","Q40","未配置主图字段","","","","data/products/selection/quick-connect-fitting-selection.generated.ts","第 7833 行","确认该产品数据是否缺少主图字段；补图前暂不发布"
"2531","","849060","Q4006-SMV-SPPE","","Q40","未配置主图字段","","","","data/products/selection/quick-connect-fitting-selection.generated.ts","第 7888 行","确认该产品数据是否缺少主图字段；补图前暂不发布"
"2532","","849009","Q4006-SMX-SACN","","Q40","未配置主图字段","","","","data/products/selection/quick-connect-fitting-selection.generated.ts","第 7943 行","确认该产品数据是否缺少主图字段；补图前暂不发布"
"2533","","849043","Q4006-SMX-SPPE","","Q40","未配置主图字段","","","","data/products/selection/quick-connect-fitting-selection.generated.ts","第 7998 行","确认该产品数据是否缺少主图字段；补图前暂不发布"
"2534","","849020","Q4006-SNV-SACN","","Q40","未配置主图字段","","","","data/products/selection/quick-connect-fitting-selection.generated.ts","第 8053 行","确认该产品数据是否缺少主图字段；补图前暂不发布"
"2535","","849054","Q4006-SNV-SPPE","","Q40","未配置主图字段","","","","data/products/selection/quick-connect-fitting-selection.generated.ts","第 8108 行","确认该产品数据是否缺少主图字段；补图前暂不发布"
"2536","","849003","Q4006-SNX-SACN","","Q40","未配置主图字段","","","","data/products/selection/quick-connect-fitting-selection.generated.ts","第 8163 行","确认该产品数据是否缺少主图字段；补图前暂不发布"
"2537","","849037","Q4006-SNX-SPPE","","Q40","未配置主图字段","","","","data/products/selection/quick-connect-fitting-selection.generated.ts","第 8218 行","确认该产品数据是否缺少主图字段；补图前暂不发布"
"2538","","849031","Q4014N-PNV-SACN","","Q40","未配置主图字段","","","","data/products/selection/quick-connect-fitting-selection.generated.ts","第 8273 行","确认该产品数据是否缺少主图字段；补图前暂不发布"
"2539","","849065","Q4014N-PNV-SPPE","","Q40","未配置主图字段","","","","data/products/selection/quick-connect-fitting-selection.generated.ts","第 8328 行","确认该产品数据是否缺少主图字段；补图前暂不发布"
"2540","","849023","Q4014N-SNV-SACN","","Q40","未配置主图字段","","","","data/products/selection/quick-connect-fitting-selection.generated.ts","第 8383 行","确认该产品数据是否缺少主图字段；补图前暂不发布"
"2541","","849057","Q4014N-SNV-SPPE","","Q40","未配置主图字段","","","","data/products/selection/quick-connect-fitting-selection.generated.ts","第 8438 行","确认该产品数据是否缺少主图字段；补图前暂不发布"
"2542","","849006","Q4014N-SNX-SACN","","Q40","未配置主图字段","","","","data/products/selection/quick-connect-fitting-selection.generated.ts","第 8493 行","确认该产品数据是否缺少主图字段；补图前暂不发布"
"2543","","849040","Q4014N-SNX-SPPE","","Q40","未配置主图字段","","","","data/products/selection/quick-connect-fitting-selection.generated.ts","第 8548 行","确认该产品数据是否缺少主图字段；补图前暂不发布"
"2544","","869032","Q6006-PNV-LPPE","","Q60","未配置主图字段","","","","data/products/selection/quick-connect-fitting-selection.generated.ts","第 8603 行","确认该产品数据是否缺少主图字段；补图前暂不发布"
"2545","","869029","Q6006-PNV-SPPE","","Q60","未配置主图字段","","","","data/products/selection/quick-connect-fitting-selection.generated.ts","第 8658 行","确认该产品数据是否缺少主图字段；补图前暂不发布"
"2546","","869012","Q6006-PNX-LPPE","","Q60","未配置主图字段","","","","data/products/selection/quick-connect-fitting-selection.generated.ts","第 8713 行","确认该产品数据是否缺少主图字段；补图前暂不发布"
"2547","","869009","Q6006-PNX-SPPE","","Q60","未配置主图字段","","","","data/products/selection/quick-connect-fitting-selection.generated.ts","第 8768 行","确认该产品数据是否缺少主图字段；补图前暂不发布"
"2548","","869020","Q6006-SMV-LPPE","","Q60","未配置主图字段","","","","data/products/selection/quick-connect-fitting-selection.generated.ts","第 8823 行","确认该产品数据是否缺少主图字段；补图前暂不发布"
"2549","","869026","Q6006-SMV-SPPE","","Q60","未配置主图字段","","","","data/products/selection/quick-connect-fitting-selection.generated.ts","第 8878 行","确认该产品数据是否缺少主图字段；补图前暂不发布"
"2550","","869018","Q6006-SMX-LPPE","","Q60","未配置主图字段","","","","data/products/selection/quick-connect-fitting-selection.generated.ts","第 8933 行","确认该产品数据是否缺少主图字段；补图前暂不发布"
"2551","","869006","Q6006-SMX-SPPE","","Q60","未配置主图字段","","","","data/products/selection/quick-connect-fitting-selection.generated.ts","第 8988 行","确认该产品数据是否缺少主图字段；补图前暂不发布"
"2552","","869021","Q6006-SNV-SPPE","","Q60","未配置主图字段","","","","data/products/selection/quick-connect-fitting-selection.generated.ts","第 9043 行","确认该产品数据是否缺少主图字段；补图前暂不发布"
"2553","","869001","Q6006-SNX-SPPE","","Q60","未配置主图字段","","","","data/products/selection/quick-connect-fitting-selection.generated.ts","第 9098 行","确认该产品数据是否缺少主图字段；补图前暂不发布"
"2554","","869033","Q6008-PNV-LPPE","","Q60","未配置主图字段","","","","data/products/selection/quick-connect-fitting-selection.generated.ts","第 9153 行","确认该产品数据是否缺少主图字段；补图前暂不发布"
"2555","","869030","Q6008-PNV-SPPE","","Q60","未配置主图字段","","","","data/products/selection/quick-connect-fitting-selection.generated.ts","第 9208 行","确认该产品数据是否缺少主图字段；补图前暂不发布"
"2556","","869013","Q6008-PNX-LPPE","","Q60","未配置主图字段","","","","data/products/selection/quick-connect-fitting-selection.generated.ts","第 9263 行","确认该产品数据是否缺少主图字段；补图前暂不发布"
"2557","","869010","Q6008-PNX-SPPE","","Q60","未配置主图字段","","","","data/products/selection/quick-connect-fitting-selection.generated.ts","第 9318 行","确认该产品数据是否缺少主图字段；补图前暂不发布"
"2558","","869036","Q6008-SMV-LPPE","","Q60","未配置主图字段","","","","data/products/selection/quick-connect-fitting-selection.generated.ts","第 9373 行","确认该产品数据是否缺少主图字段；补图前暂不发布"
"2559","","869027","Q6008-SMV-SPPE","","Q60","未配置主图字段","","","","data/products/selection/quick-connect-fitting-selection.generated.ts","第 9428 行","确认该产品数据是否缺少主图字段；补图前暂不发布"
"2560","","869019","Q6008-SMX-LPPE","","Q60","未配置主图字段","","","","data/products/selection/quick-connect-fitting-selection.generated.ts","第 9483 行","确认该产品数据是否缺少主图字段；补图前暂不发布"
"2561","","869007","Q6008-SMX-SPPE","","Q60","未配置主图字段","","","","data/products/selection/quick-connect-fitting-selection.generated.ts","第 9538 行","确认该产品数据是否缺少主图字段；补图前暂不发布"
"2562","","869041","Q6008-SNV-LPPE","","Q60","未配置主图字段","","","","data/products/selection/quick-connect-fitting-selection.generated.ts","第 9593 行","确认该产品数据是否缺少主图字段；补图前暂不发布"
"2563","","869022","Q6008-SNV-SPPE","","Q60","未配置主图字段","","","","data/products/selection/quick-connect-fitting-selection.generated.ts","第 9648 行","确认该产品数据是否缺少主图字段；补图前暂不发布"
"2564","","869002","Q6008-SNX-SPPE","","Q60","未配置主图字段","","","","data/products/selection/quick-connect-fitting-selection.generated.ts","第 9703 行","确认该产品数据是否缺少主图字段；补图前暂不发布"
"2565","","869031","Q6012-PNV-SPPE","","Q60","未配置主图字段","","","","data/products/selection/quick-connect-fitting-selection.generated.ts","第 9758 行","确认该产品数据是否缺少主图字段；补图前暂不发布"
"2566","","869011","Q6012-PNX-SPPE","","Q60","未配置主图字段","","","","data/products/selection/quick-connect-fitting-selection.generated.ts","第 9813 行","确认该产品数据是否缺少主图字段；补图前暂不发布"
"2567","","869028","Q6012-SMV-SPPE","","Q60","未配置主图字段","","","","data/products/selection/quick-connect-fitting-selection.generated.ts","第 9868 行","确认该产品数据是否缺少主图字段；补图前暂不发布"
"2568","","869008","Q6012-SMX-SPPE","","Q60","未配置主图字段","","","","data/products/selection/quick-connect-fitting-selection.generated.ts","第 9923 行","确认该产品数据是否缺少主图字段；补图前暂不发布"
"2569","","869023","Q6012-SNV-SPPE","","Q60","未配置主图字段","","","","data/products/selection/quick-connect-fitting-selection.generated.ts","第 9978 行","确认该产品数据是否缺少主图字段；补图前暂不发布"
"2570","","869003","Q6012-SNX-SPPE","","Q60","未配置主图字段","","","","data/products/selection/quick-connect-fitting-selection.generated.ts","第 10033 行","确认该产品数据是否缺少主图字段；补图前暂不发布"
"2571","","869035","Q6012N-PNV-SPPE","","Q60","未配置主图字段","","","","data/products/selection/quick-connect-fitting-selection.generated.ts","第 10088 行","确认该产品数据是否缺少主图字段；补图前暂不发布"
"2572","","869015","Q6012N-PNX-SPPE","","Q60","未配置主图字段","","","","data/products/selection/quick-connect-fitting-selection.generated.ts","第 10143 行","确认该产品数据是否缺少主图字段；补图前暂不发布"
"2573","","869025","Q6012N-SNV-SPPE","","Q60","未配置主图字段","","","","data/products/selection/quick-connect-fitting-selection.generated.ts","第 10198 行","确认该产品数据是否缺少主图字段；补图前暂不发布"
"2574","","869005","Q6012N-SNX-SPPE","","Q60","未配置主图字段","","","","data/products/selection/quick-connect-fitting-selection.generated.ts","第 10253 行","确认该产品数据是否缺少主图字段；补图前暂不发布"
"2575","","869034","Q6038N-PNV-SPPE","","Q60","未配置主图字段","","","","data/products/selection/quick-connect-fitting-selection.generated.ts","第 10308 行","确认该产品数据是否缺少主图字段；补图前暂不发布"
"2576","","869014","Q6038N-PNX-SPPE","","Q60","未配置主图字段","","","","data/products/selection/quick-connect-fitting-selection.generated.ts","第 10363 行","确认该产品数据是否缺少主图字段；补图前暂不发布"
"2577","","869024","Q6038N-SNV-SPPE","","Q60","未配置主图字段","","","","data/products/selection/quick-connect-fitting-selection.generated.ts","第 10418 行","确认该产品数据是否缺少主图字段；补图前暂不发布"
"2578","","869004","Q6038N-SNX-SPPE","","Q60","未配置主图字段","","","","data/products/selection/quick-connect-fitting-selection.generated.ts","第 10473 行","确认该产品数据是否缺少主图字段；补图前暂不发布"
"2579","","809268","SA-U32-24F-PP-N","","直通螺纹密封螺纹转倒刺接头","未配置主图字段","","","","data/products/selection/thread-to-barbed-fitting-selection.generated.ts","第 16 行","确认该产品数据是否缺少主图字段；补图前暂不发布"
"2580","","809269","SA-U32-32F-PP-N","","直通螺纹密封螺纹转倒刺接头","未配置主图字段","","","","data/products/selection/thread-to-barbed-fitting-selection.generated.ts","第 81 行","确认该产品数据是否缺少主图字段；补图前暂不发布"
"2581","","809323","SA-U32-24F-PA-W","","直通螺纹密封螺纹转倒刺接头","未配置主图字段","","","","data/products/selection/thread-to-barbed-fitting-selection.generated.ts","第 146 行","确认该产品数据是否缺少主图字段；补图前暂不发布"
"2582","","809339","SA-U32-16F-PA-W","","直通螺纹密封螺纹转倒刺接头","未配置主图字段","","","","data/products/selection/thread-to-barbed-fitting-selection.generated.ts","第 211 行","确认该产品数据是否缺少主图字段；补图前暂不发布"
"2583","","809340","SA-U32-32F-PA-W","","直通螺纹密封螺纹转倒刺接头","未配置主图字段","","","","data/products/selection/thread-to-barbed-fitting-selection.generated.ts","第 276 行","确认该产品数据是否缺少主图字段；补图前暂不发布"
"2584","","809382","SAL-U32-16D-PP-N","","L型螺纹密封螺纹转倒刺接头","未配置主图字段","","","","data/products/selection/thread-to-barbed-fitting-selection.generated.ts","第 341 行","确认该产品数据是否缺少主图字段；补图前暂不发布"
"2585","","809383","SAL-U32-16D-PA-W","","L型螺纹密封螺纹转倒刺接头","未配置主图字段","","","","data/products/selection/thread-to-barbed-fitting-selection.generated.ts","第 406 行","确认该产品数据是否缺少主图字段；补图前暂不发布"
"2586","","809384","SAL-U32-32D-PP-N","","L型螺纹密封螺纹转倒刺接头","未配置主图字段","","","","data/products/selection/thread-to-barbed-fitting-selection.generated.ts","第 471 行","确认该产品数据是否缺少主图字段；补图前暂不发布"
"2587","","809385","SAL-U32-32D-PA-W","","L型螺纹密封螺纹转倒刺接头","未配置主图字段","","","","data/products/selection/thread-to-barbed-fitting-selection.generated.ts","第 536 行","确认该产品数据是否缺少主图字段；补图前暂不发布"
"2588","","809386","SAL-U28-16D-PP-N","","L型螺纹密封螺纹转倒刺接头","未配置主图字段","","","","data/products/selection/thread-to-barbed-fitting-selection.generated.ts","第 601 行","确认该产品数据是否缺少主图字段；补图前暂不发布"
"2589","","809387","SAL-U28-16D-PA-W","","L型螺纹密封螺纹转倒刺接头","未配置主图字段","","","","data/products/selection/thread-to-barbed-fitting-selection.generated.ts","第 666 行","确认该产品数据是否缺少主图字段；补图前暂不发布"
"2590","","809388","SAL-U28-32D-PP-N","","L型螺纹密封螺纹转倒刺接头","未配置主图字段","","","","data/products/selection/thread-to-barbed-fitting-selection.generated.ts","第 731 行","确认该产品数据是否缺少主图字段；补图前暂不发布"
"2591","","809389","SAL-U28-32D-PA-W","","L型螺纹密封螺纹转倒刺接头","未配置主图字段","","","","data/products/selection/thread-to-barbed-fitting-selection.generated.ts","第 796 行","确认该产品数据是否缺少主图字段；补图前暂不发布"
"2592","","809465","SA-U28-16D-PP-N","","直通螺纹密封螺纹转倒刺接头","未配置主图字段","","","","data/products/selection/thread-to-barbed-fitting-selection.generated.ts","第 861 行","确认该产品数据是否缺少主图字段；补图前暂不发布"
"2593","","809466","SA-U28-24D-PP-N","","直通螺纹密封螺纹转倒刺接头","未配置主图字段","","","","data/products/selection/thread-to-barbed-fitting-selection.generated.ts","第 926 行","确认该产品数据是否缺少主图字段；补图前暂不发布"
"2594","","809467","SA-U28-32D-PP-N","","直通螺纹密封螺纹转倒刺接头","未配置主图字段","","","","data/products/selection/thread-to-barbed-fitting-selection.generated.ts","第 991 行","确认该产品数据是否缺少主图字段；补图前暂不发布"
"2595","","809468","SA-U28-40D-PP-N","","直通螺纹密封螺纹转倒刺接头","未配置主图字段","","","","data/products/selection/thread-to-barbed-fitting-selection.generated.ts","第 1056 行","确认该产品数据是否缺少主图字段；补图前暂不发布"
"2596","","809469","SA-U28-48D-PP-N","","直通螺纹密封螺纹转倒刺接头","未配置主图字段","","","","data/products/selection/thread-to-barbed-fitting-selection.generated.ts","第 1121 行","确认该产品数据是否缺少主图字段；补图前暂不发布"
"2597","","809470","SA-1/8NPT-24C-PP-N","","直通螺纹密封螺纹转倒刺接头","未配置主图字段","","","","data/products/selection/thread-to-barbed-fitting-selection.generated.ts","第 1186 行","确认该产品数据是否缺少主图字段；补图前暂不发布"
"2598","","809471","SA-1/8NPT-32C-PP-N","","直通螺纹密封螺纹转倒刺接头","未配置主图字段","","","","data/products/selection/thread-to-barbed-fitting-selection.generated.ts","第 1251 行","确认该产品数据是否缺少主图字段；补图前暂不发布"
"2599","","809472","SA-1/8NPT-40C-PP-N","","直通螺纹密封螺纹转倒刺接头","未配置主图字段","","","","data/products/selection/thread-to-barbed-fitting-selection.generated.ts","第 1316 行","确认该产品数据是否缺少主图字段；补图前暂不发布"
"2600","","809473","SA-1/8NPT-48C-PP-N","","直通螺纹密封螺纹转倒刺接头","未配置主图字段","","","","data/products/selection/thread-to-barbed-fitting-selection.generated.ts","第 1381 行","确认该产品数据是否缺少主图字段；补图前暂不发布"
"2601","","809474","SA-1/8NPT-64C-PP-N","","直通螺纹密封螺纹转倒刺接头","未配置主图字段","","","","data/products/selection/thread-to-barbed-fitting-selection.generated.ts","第 1446 行","确认该产品数据是否缺少主图字段；补图前暂不发布"
"2602","","809475","SAL-1/8NPT-64D-PP-N","","L型螺纹密封螺纹转倒刺接头","未配置主图字段","","","","data/products/selection/thread-to-barbed-fitting-selection.generated.ts","第 1511 行","确认该产品数据是否缺少主图字段；补图前暂不发布"
"2603","","809476","SA-1/4NPT-32D-PP-N","","直通螺纹密封螺纹转倒刺接头","未配置主图字段","","","","data/products/selection/thread-to-barbed-fitting-selection.generated.ts","第 1576 行","确认该产品数据是否缺少主图字段；补图前暂不发布"
"2604","","809477","SA-1/4NPT-64D-PP-N","","直通螺纹密封螺纹转倒刺接头","未配置主图字段","","","","data/products/selection/thread-to-barbed-fitting-selection.generated.ts","第 1641 行","确认该产品数据是否缺少主图字段；补图前暂不发布"
"2605","","809478","SA-1/4NPT-95D-PP-N","","直通螺纹密封螺纹转倒刺接头","未配置主图字段","","","","data/products/selection/thread-to-barbed-fitting-selection.generated.ts","第 1706 行","确认该产品数据是否缺少主图字段；补图前暂不发布"
"2606","","809494","SA-U28-24D-PA-W","","直通螺纹密封螺纹转倒刺接头","未配置主图字段","","","","data/products/selection/thread-to-barbed-fitting-selection.generated.ts","第 1771 行","确认该产品数据是否缺少主图字段；补图前暂不发布"
"2607","","809495","SA-U28-40D-PA-W","","直通螺纹密封螺纹转倒刺接头","未配置主图字段","","","","data/products/selection/thread-to-barbed-fitting-selection.generated.ts","第 1836 行","确认该产品数据是否缺少主图字段；补图前暂不发布"
"2608","","809500","SA-U28-32D-PA-W","","直通螺纹密封螺纹转倒刺接头","未配置主图字段","","","","data/products/selection/thread-to-barbed-fitting-selection.generated.ts","第 1901 行","确认该产品数据是否缺少主图字段；补图前暂不发布"
"2609","","809501","SA-U28-48D-PA-W","","直通螺纹密封螺纹转倒刺接头","未配置主图字段","","","","data/products/selection/thread-to-barbed-fitting-selection.generated.ts","第 1966 行","确认该产品数据是否缺少主图字段；补图前暂不发布"
"2610","","809502","SA-1/8NPT-24C-PA-W","","直通螺纹密封螺纹转倒刺接头","未配置主图字段","","","","data/products/selection/thread-to-barbed-fitting-selection.generated.ts","第 2031 行","确认该产品数据是否缺少主图字段；补图前暂不发布"
"2611","","809503","SA-1/8NPT-32C-PA-W","","直通螺纹密封螺纹转倒刺接头","未配置主图字段","","","","data/products/selection/thread-to-barbed-fitting-selection.generated.ts","第 2096 行","确认该产品数据是否缺少主图字段；补图前暂不发布"
"2612","","809504","SA-1/8NPT-40C-PA-W","","直通螺纹密封螺纹转倒刺接头","未配置主图字段","","","","data/products/selection/thread-to-barbed-fitting-selection.generated.ts","第 2161 行","确认该产品数据是否缺少主图字段；补图前暂不发布"
"2613","","809505","SA-1/8NPT-48C-PA-W","","直通螺纹密封螺纹转倒刺接头","未配置主图字段","","","","data/products/selection/thread-to-barbed-fitting-selection.generated.ts","第 2226 行","确认该产品数据是否缺少主图字段；补图前暂不发布"
"2614","","809506","SA-1/8NPT-64C-PA-W","","直通螺纹密封螺纹转倒刺接头","未配置主图字段","","","","data/products/selection/thread-to-barbed-fitting-selection.generated.ts","第 2291 行","确认该产品数据是否缺少主图字段；补图前暂不发布"
"2615","","809507","SAL-1/8NPT-64D-PA-W","","L型螺纹密封螺纹转倒刺接头","未配置主图字段","","","","data/products/selection/thread-to-barbed-fitting-selection.generated.ts","第 2356 行","确认该产品数据是否缺少主图字段；补图前暂不发布"
"2616","","809509","SA-1/4NPT-64D-PA-W","","直通螺纹密封螺纹转倒刺接头","未配置主图字段","","","","data/products/selection/thread-to-barbed-fitting-selection.generated.ts","第 2421 行","确认该产品数据是否缺少主图字段；补图前暂不发布"
"2617","","809510","SA-1/4NPT-95D-PA-W","","直通螺纹密封螺纹转倒刺接头","未配置主图字段","","","","data/products/selection/thread-to-barbed-fitting-selection.generated.ts","第 2486 行","确认该产品数据是否缺少主图字段；补图前暂不发布"
"2618","","809826","SA-U32-24F-PV-N","","直通螺纹密封螺纹转倒刺接头","未配置主图字段","","","","data/products/selection/thread-to-barbed-fitting-selection.generated.ts","第 2551 行","确认该产品数据是否缺少主图字段；补图前暂不发布"
"2619","","809835","SA-X32-32D-PA-W","","直通螺纹密封螺纹转倒刺接头","未配置主图字段","","","","data/products/selection/thread-to-barbed-fitting-selection.generated.ts","第 2616 行","确认该产品数据是否缺少主图字段；补图前暂不发布"
"2620","","809836","SA-X32-24D-PP-N","","直通螺纹密封螺纹转倒刺接头","未配置主图字段","","","","data/products/selection/thread-to-barbed-fitting-selection.generated.ts","第 2681 行","确认该产品数据是否缺少主图字段；补图前暂不发布"
"2621","","809847","SA-X32-24D-PA-W","","直通螺纹密封螺纹转倒刺接头","未配置主图字段","","","","data/products/selection/thread-to-barbed-fitting-selection.generated.ts","第 2746 行","确认该产品数据是否缺少主图字段；补图前暂不发布"
"2622","","809848","SA-X32-32D-PP-N","","直通螺纹密封螺纹转倒刺接头","未配置主图字段","","","","data/products/selection/thread-to-barbed-fitting-selection.generated.ts","第 2811 行","确认该产品数据是否缺少主图字段；补图前暂不发布"
"2623","","839936","SA-3/8NPT-127-PP-N","","直通螺纹密封螺纹转倒刺接头","未配置主图字段","","","","data/products/selection/thread-to-barbed-fitting-selection.generated.ts","第 2876 行","确认该产品数据是否缺少主图字段；补图前暂不发布"
"2624","","809948","SA-U32-16D-PP-N","","直通螺纹密封螺纹转倒刺接头","未配置主图字段","","","","data/products/selection/thread-to-barbed-fitting-selection.generated.ts","第 2941 行","确认该产品数据是否缺少主图字段；补图前暂不发布"
"2625","","809952","SA-U32-16D-PA-W","","直通螺纹密封螺纹转倒刺接头","未配置主图字段","","","","data/products/selection/thread-to-barbed-fitting-selection.generated.ts","第 3006 行","确认该产品数据是否缺少主图字段；补图前暂不发布"
"2626","","809490","SA-G1/8-40C-PV-N","","直通螺纹密封螺纹转倒刺接头","未配置主图字段","","","","data/products/selection/thread-to-barbed-fitting-selection.generated.ts","第 3071 行","确认该产品数据是否缺少主图字段；补图前暂不发布"
"2627","","809546","SA-G1/8-40C-PV-N(O圈FKM)","","直通螺纹密封螺纹转倒刺接头","未配置主图字段","","","","data/products/selection/thread-to-barbed-fitting-selection.generated.ts","第 3136 行","确认该产品数据是否缺少主图字段；补图前暂不发布"
"2628","","809034","SA-G1/8-64C-PP-N（带O圈）","","直通螺纹密封螺纹转倒刺接头","未配置主图字段","","","","data/products/selection/thread-to-barbed-fitting-selection.generated.ts","第 3201 行","确认该产品数据是否缺少主图字段；补图前暂不发布"
"2629","","809867","SA-G1/8-40C-PV-N（带O圈）","","直通螺纹密封螺纹转倒刺接头","未配置主图字段","","","","data/products/selection/thread-to-barbed-fitting-selection.generated.ts","第 3266 行","确认该产品数据是否缺少主图字段；补图前暂不发布"
"2630","","809868","SA-G1/8-40C-PP-N（带O圈）","","直通螺纹密封螺纹转倒刺接头","未配置主图字段","","","","data/products/selection/thread-to-barbed-fitting-selection.generated.ts","第 3331 行","确认该产品数据是否缺少主图字段；补图前暂不发布"
"2631","","809873","SA-G1/8-64C-PV-N（带O圈）","","直通螺纹密封螺纹转倒刺接头","未配置主图字段","","","","data/products/selection/thread-to-barbed-fitting-selection.generated.ts","第 3396 行","确认该产品数据是否缺少主图字段；补图前暂不发布"
"2632","","809924","SA-G1/8-64C-PP-N（带O圈）","","直通螺纹密封螺纹转倒刺接头","未配置主图字段","","","","data/products/selection/thread-to-barbed-fitting-selection.generated.ts","第 3461 行","确认该产品数据是否缺少主图字段；补图前暂不发布"
"2633","","809953","SA-G1/8-64C-PK-N（带o圈）","","直通螺纹密封螺纹转倒刺接头","未配置主图字段","","","","data/products/selection/thread-to-barbed-fitting-selection.generated.ts","第 3526 行","确认该产品数据是否缺少主图字段；补图前暂不发布"
"2634","","809003","SB-U28-16-PP-N","","直通底面密封螺纹转倒刺接头","未配置主图字段","","","","data/products/selection/thread-to-barbed-fitting-selection.generated.ts","第 3591 行","确认该产品数据是否缺少主图字段；补图前暂不发布"
"2635","","809007","SB-U28-24-PP-N","","直通底面密封螺纹转倒刺接头","未配置主图字段","","","","data/products/selection/thread-to-barbed-fitting-selection.generated.ts","第 3656 行","确认该产品数据是否缺少主图字段；补图前暂不发布"
"2636","","809010","SB-U28-32-PP-N","","直通底面密封螺纹转倒刺接头","未配置主图字段","","","","data/products/selection/thread-to-barbed-fitting-selection.generated.ts","第 3721 行","确认该产品数据是否缺少主图字段；补图前暂不发布"
"2637","","809014","SB-U28-40-PP-N","","直通底面密封螺纹转倒刺接头","未配置主图字段","","","","data/products/selection/thread-to-barbed-fitting-selection.generated.ts","第 3786 行","确认该产品数据是否缺少主图字段；补图前暂不发布"
"2638","","809017","SB-M6-16-PP-N","","直通底面密封螺纹转倒刺接头","未配置主图字段","","","","data/products/selection/thread-to-barbed-fitting-selection.generated.ts","第 3851 行","确认该产品数据是否缺少主图字段；补图前暂不发布"
"2639","","809021","SB-M6-24-PP-N","","直通底面密封螺纹转倒刺接头","未配置主图字段","","","","data/products/selection/thread-to-barbed-fitting-selection.generated.ts","第 3916 行","确认该产品数据是否缺少主图字段；补图前暂不发布"
"2640","","809024","SB-M6-32-PP-N","","直通底面密封螺纹转倒刺接头","未配置主图字段","","","","data/products/selection/thread-to-barbed-fitting-selection.generated.ts","第 3981 行","确认该产品数据是否缺少主图字段；补图前暂不发布"
"2641","","809028","SB-M6-40-PP-N","","直通底面密封螺纹转倒刺接头","未配置主图字段","","","","data/products/selection/thread-to-barbed-fitting-selection.generated.ts","第 4046 行","确认该产品数据是否缺少主图字段；补图前暂不发布"
"2642","","809002","SB-U28-16-AC-B","","直通底面密封螺纹转倒刺接头","未配置主图字段","","","","data/products/selection/thread-to-barbed-fitting-selection.generated.ts","第 4111 行","确认该产品数据是否缺少主图字段；补图前暂不发布"
"2643","","809006","SB-U28-24-AC-B","","直通底面密封螺纹转倒刺接头","未配置主图字段","","","","data/products/selection/thread-to-barbed-fitting-selection.generated.ts","第 4176 行","确认该产品数据是否缺少主图字段；补图前暂不发布"
"2644","","809009","SB-U28-32-AC-B","","直通底面密封螺纹转倒刺接头","未配置主图字段","","","","data/products/selection/thread-to-barbed-fitting-selection.generated.ts","第 4241 行","确认该产品数据是否缺少主图字段；补图前暂不发布"
"2645","","809013","SB-U28-40-AC-B","","直通底面密封螺纹转倒刺接头","未配置主图字段","","","","data/products/selection/thread-to-barbed-fitting-selection.generated.ts","第 4306 行","确认该产品数据是否缺少主图字段；补图前暂不发布"
"2646","","809020","SB-M6-24-AC-B","","直通底面密封螺纹转倒刺接头","未配置主图字段","","","","data/products/selection/thread-to-barbed-fitting-selection.generated.ts","第 4371 行","确认该产品数据是否缺少主图字段；补图前暂不发布"
"2647","","809027","SB-M6-40-AC-B","","直通底面密封螺纹转倒刺接头","未配置主图字段","","","","data/products/selection/thread-to-barbed-fitting-selection.generated.ts","第 4436 行","确认该产品数据是否缺少主图字段；补图前暂不发布"
"2648","","809001","SB-U28-16-PV-N","","直通底面密封螺纹转倒刺接头","未配置主图字段","","","","data/products/selection/thread-to-barbed-fitting-selection.generated.ts","第 4501 行","确认该产品数据是否缺少主图字段；补图前暂不发布"
"2649","","809005","SB-U28-24-PV-N","","直通底面密封螺纹转倒刺接头","未配置主图字段","","","","data/products/selection/thread-to-barbed-fitting-selection.generated.ts","第 4566 行","确认该产品数据是否缺少主图字段；补图前暂不发布"
"2650","","809008","SB-U28-32-PV-N","","直通底面密封螺纹转倒刺接头","未配置主图字段","","","","data/products/selection/thread-to-barbed-fitting-selection.generated.ts","第 4631 行","确认该产品数据是否缺少主图字段；补图前暂不发布"
"2651","","809012","SB-U28-40-PV-N","","直通底面密封螺纹转倒刺接头","未配置主图字段","","","","data/products/selection/thread-to-barbed-fitting-selection.generated.ts","第 4696 行","确认该产品数据是否缺少主图字段；补图前暂不发布"
"2652","","809015","SB-M6-16-PV-N","","直通底面密封螺纹转倒刺接头","未配置主图字段","","","","data/products/selection/thread-to-barbed-fitting-selection.generated.ts","第 4761 行","确认该产品数据是否缺少主图字段；补图前暂不发布"
"2653","","809019","SB-M6-24-PV-N","","直通底面密封螺纹转倒刺接头","未配置主图字段","","","","data/products/selection/thread-to-barbed-fitting-selection.generated.ts","第 4826 行","确认该产品数据是否缺少主图字段；补图前暂不发布"
"2654","","809022","SB-M6-32-PV-N","","直通底面密封螺纹转倒刺接头","未配置主图字段","","","","data/products/selection/thread-to-barbed-fitting-selection.generated.ts","第 4891 行","确认该产品数据是否缺少主图字段；补图前暂不发布"
"2655","","809026","SB-M6-40-PV-N","","直通底面密封螺纹转倒刺接头","未配置主图字段","","","","data/products/selection/thread-to-barbed-fitting-selection.generated.ts","第 4956 行","确认该产品数据是否缺少主图字段；补图前暂不发布"
"2656","","809004","SB-U28-16-PP-W","","直通底面密封螺纹转倒刺接头","未配置主图字段","","","","data/products/selection/thread-to-barbed-fitting-selection.generated.ts","第 5021 行","确认该产品数据是否缺少主图字段；补图前暂不发布"
"2657","","809011","SB-U28-32-PP-W","","直通底面密封螺纹转倒刺接头","未配置主图字段","","","","data/products/selection/thread-to-barbed-fitting-selection.generated.ts","第 5086 行","确认该产品数据是否缺少主图字段；补图前暂不发布"
"2658","","809018","SB-M6-16-PP-W","","直通底面密封螺纹转倒刺接头","未配置主图字段","","","","data/products/selection/thread-to-barbed-fitting-selection.generated.ts","第 5151 行","确认该产品数据是否缺少主图字段；补图前暂不发布"
"2659","","809025","SB-M6-32-PP-W","","直通底面密封螺纹转倒刺接头","未配置主图字段","","","","data/products/selection/thread-to-barbed-fitting-selection.generated.ts","第 5216 行","确认该产品数据是否缺少主图字段；补图前暂不发布"
"2660","","809479","SB-M5-24D-PP-N","","直通底面密封螺纹转倒刺接头","未配置主图字段","","","","data/products/selection/thread-to-barbed-fitting-selection.generated.ts","第 5281 行","确认该产品数据是否缺少主图字段；补图前暂不发布"
"2661","","809480","SB-M5-32D-PP-N","","直通底面密封螺纹转倒刺接头","未配置主图字段","","","","data/products/selection/thread-to-barbed-fitting-selection.generated.ts","第 5346 行","确认该产品数据是否缺少主图字段；补图前暂不发布"
"2662","","809481","SB-M5-40D-PP-N","","直通底面密封螺纹转倒刺接头","未配置主图字段","","","","data/products/selection/thread-to-barbed-fitting-selection.generated.ts","第 5411 行","确认该产品数据是否缺少主图字段；补图前暂不发布"
"2663","","809511","SB-M5-24D-PA-W","","直通底面密封螺纹转倒刺接头","未配置主图字段","","","","data/products/selection/thread-to-barbed-fitting-selection.generated.ts","第 5476 行","确认该产品数据是否缺少主图字段；补图前暂不发布"
"2664","","809512","SB-M5-32D-PA-W","","直通底面密封螺纹转倒刺接头","未配置主图字段","","","","data/products/selection/thread-to-barbed-fitting-selection.generated.ts","第 5541 行","确认该产品数据是否缺少主图字段；补图前暂不发布"
"2665","","809513","SB-M5-40D-PA-W","","直通底面密封螺纹转倒刺接头","未配置主图字段","","","","data/products/selection/thread-to-barbed-fitting-selection.generated.ts","第 5606 行","确认该产品数据是否缺少主图字段；补图前暂不发布"
"2666","","809647","SB-M5-16D-PP-N","","直通底面密封螺纹转倒刺接头","未配置主图字段","","","","data/products/selection/thread-to-barbed-fitting-selection.generated.ts","第 5671 行","确认该产品数据是否缺少主图字段；补图前暂不发布"
"2667","","809301","SB-M5-16D-PA-W","","直通底面密封螺纹转倒刺接头","未配置主图字段","","","","data/products/selection/thread-to-barbed-fitting-selection.generated.ts","第 5736 行","确认该产品数据是否缺少主图字段；补图前暂不发布"
"2668","","809302","SBS-M6-24D-PP-N","","直通底面密封螺纹转倒刺接头","未配置主图字段","","","","data/products/selection/thread-to-barbed-fitting-selection.generated.ts","第 5801 行","确认该产品数据是否缺少主图字段；补图前暂不发布"
"2669","","809303","SBS-M6-32D-PP-N","","直通底面密封螺纹转倒刺接头","未配置主图字段","","","","data/products/selection/thread-to-barbed-fitting-selection.generated.ts","第 5866 行","确认该产品数据是否缺少主图字段；补图前暂不发布"
"2670","","809535","SBS-M6-24D-PA-W","","直通底面密封螺纹转倒刺接头","未配置主图字段","","","","data/products/selection/thread-to-barbed-fitting-selection.generated.ts","第 5931 行","确认该产品数据是否缺少主图字段；补图前暂不发布"
"2671","","809536","SBS-M6-32D-PA-W","","直通底面密封螺纹转倒刺接头","未配置主图字段","","","","data/products/selection/thread-to-barbed-fitting-selection.generated.ts","第 5996 行","确认该产品数据是否缺少主图字段；补图前暂不发布"
"2672","","809528","SBR-U28-16-PP-N","","可旋转式螺纹转倒刺接头","未配置主图字段","","","","data/products/selection/thread-to-barbed-fitting-selection.generated.ts","第 6061 行","确认该产品数据是否缺少主图字段；补图前暂不发布"
"2673","","809529","SBR-U28-24-PP-N","","可旋转式螺纹转倒刺接头","未配置主图字段","","","","data/products/selection/thread-to-barbed-fitting-selection.generated.ts","第 6126 行","确认该产品数据是否缺少主图字段；补图前暂不发布"
"2674","","809530","SBR-U28-32-PP-N","","可旋转式螺纹转倒刺接头","未配置主图字段","","","","data/products/selection/thread-to-barbed-fitting-selection.generated.ts","第 6191 行","确认该产品数据是否缺少主图字段；补图前暂不发布"
"2675","","809522","SC-U28-16D-PP-N","","内螺纹转倒刺接头","未配置主图字段","","","","data/products/selection/thread-to-barbed-fitting-selection.generated.ts","第 6256 行","确认该产品数据是否缺少主图字段；补图前暂不发布"
"2676","","809523","SC-U28-24D-PP-N","","内螺纹转倒刺接头","未配置主图字段","","","","data/products/selection/thread-to-barbed-fitting-selection.generated.ts","第 6321 行","确认该产品数据是否缺少主图字段；补图前暂不发布"
"2677","","809524","SC-U28-32D-PP-N","","内螺纹转倒刺接头","未配置主图字段","","","","data/products/selection/thread-to-barbed-fitting-selection.generated.ts","第 6386 行","确认该产品数据是否缺少主图字段；补图前暂不发布"
"2678","","809292","SC-M6-16-PP-N","","内螺纹转倒刺接头","未配置主图字段","","","","data/products/selection/thread-to-barbed-fitting-selection.generated.ts","第 6451 行","确认该产品数据是否缺少主图字段；补图前暂不发布"
"2679","","809293","SC-M6-32-PP-N","","内螺纹转倒刺接头","未配置主图字段","","","","data/products/selection/thread-to-barbed-fitting-selection.generated.ts","第 6516 行","确认该产品数据是否缺少主图字段；补图前暂不发布"
"2680","","","","pvc-tubing","","正常","imagePath","/images/products/tubing/pvc-tubing/pvc-tubing-main.webp","F:\WebsiteProjects\foreach-website-2026\public\images\products\tubing\pvc-tubing\pvc-tubing-main.webp","data/products/selection/tubing-selection.generated.ts","第 4 行","无需处理"
"2681","","","","tpu-tubing","","正常","imagePath","/images/products/tubing/tpu-tubing/tpu-tubing-main.webp","F:\WebsiteProjects\foreach-website-2026\public\images\products\tubing\tpu-tubing\tpu-tubing-main.webp","data/products/selection/tubing-selection.generated.ts","第 39 行","无需处理"
"2682","","","","fep-tubing","","正常","imagePath","/images/products/tubing/fep-tubing/fep-tubing-main.webp","F:\WebsiteProjects\foreach-website-2026\public\images\products\tubing\fep-tubing\fep-tubing-main.webp","data/products/selection/tubing-selection.generated.ts","第 74 行","无需处理"
"2683","","","","ptfe-tubing","","正常","imagePath","/images/products/tubing/ptfe-tubing/ptfe-tubing-main.webp","F:\WebsiteProjects\foreach-website-2026\public\images\products\tubing\ptfe-tubing\ptfe-tubing-main.webp","data/products/selection/tubing-selection.generated.ts","第 109 行","无需处理"
"2684","","","","peek-tubing","","正常","imagePath","/images/products/tubing/peek-tubing/peek-tubing-main.webp","F:\WebsiteProjects\foreach-website-2026\public\images\products\tubing\peek-tubing\peek-tubing-main.webp","data/products/selection/tubing-selection.generated.ts","第 144 行","无需处理"
"2685","","","","pfa-tubing","","正常","imagePath","/images/products/tubing/pfa-tubing/pfa-tubing-main.webp","F:\WebsiteProjects\foreach-website-2026\public\images\products\tubing\pfa-tubing\pfa-tubing-main.webp","data/products/selection/tubing-selection.generated.ts","第 179 行","无需处理"
"2686","MRV3 陶瓷多通道旋转阀","MRV3","MRV3 陶瓷多通道旋转阀","rotary-valves","","正常","imageUrl","/images/products/valves/rotary-valves/foreach-rotary-valve-main.webp","F:\WebsiteProjects\foreach-website-2026\public\images\products\valves\rotary-valves\foreach-rotary-valve-main.webp","data/products/selection/valve-selection.generated.ts","第 21 行","无需处理"
"2687","HP 二位六通带排气高压旋转阀","HP","HP 二位六通带排气高压旋转阀","high-pressure-valves","","正常","imageUrl","/images/products/valves/high-pressure-valves/foreach-high-pressure-valve-main.webp","F:\WebsiteProjects\foreach-website-2026\public\images\products\valves\high-pressure-valves\foreach-high-pressure-valve-main.webp","data/products/selection/valve-selection.generated.ts","第 102 行","无需处理"
"2688","6010 系列电磁阀","6010","6010 系列电磁阀","solenoid-valves","","正常","imageUrl","/images/products/valves/solenoid-valves/foreach-solenoid-valve-main.webp","F:\WebsiteProjects\foreach-website-2026\public\images\products\valves\solenoid-valves\foreach-solenoid-valve-main.webp","data/products/selection/valve-selection.generated.ts","第 183 行","无需处理"
"2689","","126007","","","单向阀","正常","imagePath","/images/resources/selection-support/fitting-replacement/compatible-model-placeholder.svg","F:\WebsiteProjects\foreach-website-2026\public\images\resources\selection-support\fitting-replacement\compatible-model-placeholder.svg","data/resources/fitting-replacement/all-compatible-products.generated.ts","第 14 行","无需处理"
"2690","","126009","","","单向阀","正常","imagePath","/images/resources/selection-support/fitting-replacement/compatible-model-placeholder.svg","F:\WebsiteProjects\foreach-website-2026\public\images\resources\selection-support\fitting-replacement\compatible-model-placeholder.svg","data/resources/fitting-replacement/all-compatible-products.generated.ts","第 29 行","无需处理"
"2691","","126011","","","单向阀","正常","imagePath","/images/resources/selection-support/fitting-replacement/compatible-model-placeholder.svg","F:\WebsiteProjects\foreach-website-2026\public\images\resources\selection-support\fitting-replacement\compatible-model-placeholder.svg","data/resources/fitting-replacement/all-compatible-products.generated.ts","第 44 行","无需处理"
"2692","","809791","","","高压接头","正常","imagePath","/images/products/fittings/hard-tube-fittings/high-pressure-fitting/pnc-u32-16-pk-n-main.jpg","F:\WebsiteProjects\foreach-website-2026\public\images\products\fittings\hard-tube-fittings\high-pressure-fitting\pnc-u32-16-pk-n-main.jpg","data/resources/fitting-replacement/all-compatible-products.generated.ts","第 59 行","无需处理"
"2693","","809661","","","高压接头","正常","imagePath","/images/products/fittings/hard-tube-fittings/high-pressure-fitting/pnc6-u32-16-pk-n-main.jpg","F:\WebsiteProjects\foreach-website-2026\public\images\products\fittings\hard-tube-fittings\high-pressure-fitting\pnc6-u32-16-pk-n-main.jpg","data/resources/fitting-replacement/all-compatible-products.generated.ts","第 74 行","无需处理"
"2694","","136005","","","过滤器","正常","imagePath","/images/products/fittings/filters/products/g-178-32-pa-v-main.jpg","F:\WebsiteProjects\foreach-website-2026\public\images\products\fittings\filters\products\g-178-32-pa-v-main.jpg","data/resources/fitting-replacement/all-compatible-products.generated.ts","第 90 行","无需处理"
"2695","","136004","","","过滤器","正常","imagePath","/images/products/fittings/filters/products/g-178-48-pa-v-main.jpg","F:\WebsiteProjects\foreach-website-2026\public\images\products\fittings\filters\products\g-178-48-pa-v-main.jpg","data/resources/fitting-replacement/all-compatible-products.generated.ts","第 105 行","无需处理"
"2696","","136003","","","过滤器","正常","imagePath","/images/products/fittings/filters/products/g-178-64-pa-v-main.jpg","F:\WebsiteProjects\foreach-website-2026\public\images\products\fittings\filters\products\g-178-64-pa-v-main.jpg","data/resources/fitting-replacement/all-compatible-products.generated.ts","第 120 行","无需处理"
"2697","","809927","","","环保接头","正常","imagePath","/images/resources/selection-support/fitting-replacement/compatible-model-placeholder.svg","F:\WebsiteProjects\foreach-website-2026\public\images\resources\selection-support\fitting-replacement\compatible-model-placeholder.svg","data/resources/fitting-replacement/all-compatible-products.generated.ts","第 135 行","无需处理"
"2698","","809922","","","环保接头","正常","imagePath","/images/resources/selection-support/fitting-replacement/compatible-model-placeholder.svg","F:\WebsiteProjects\foreach-website-2026\public\images\resources\selection-support\fitting-replacement\compatible-model-placeholder.svg","data/resources/fitting-replacement/all-compatible-products.generated.ts","第 150 行","无需处理"
"2699","","809421","","","旧版标滚平底接头","正常","imagePath","/images/products/fittings/hard-tube-fittings/standard-flat-bottom-fitting/hfl-m6-16-pv-b-main.jpg","F:\WebsiteProjects\foreach-website-2026\public\images\products\fittings\hard-tube-fittings\standard-flat-bottom-fitting\hfl-m6-16-pv-b-main.jpg","data/resources/fitting-replacement/all-compatible-products.generated.ts","第 165 行","无需处理"
"2700","","809423","","","旧版标滚平底接头","正常","imagePath","/images/products/fittings/hard-tube-fittings/standard-flat-bottom-fitting/hfl-m6-32-pv-b-main.jpg","F:\WebsiteProjects\foreach-website-2026\public\images\products\fittings\hard-tube-fittings\standard-flat-bottom-fitting\hfl-m6-32-pv-b-main.jpg","data/resources/fitting-replacement/all-compatible-products.generated.ts","第 180 行","无需处理"
"2701","","809391","","","旧版标滚平底接头","正常","imagePath","/images/products/fittings/hard-tube-fittings/standard-flat-bottom-fitting/hfl-u28-16-pv-b-main.jpg","F:\WebsiteProjects\foreach-website-2026\public\images\products\fittings\hard-tube-fittings\standard-flat-bottom-fitting\hfl-u28-16-pv-b-main.jpg","data/resources/fitting-replacement/all-compatible-products.generated.ts","第 195 行","无需处理"
"2702","","809030","","","旧版标滚平底接头","正常","imagePath","/images/products/fittings/hard-tube-fittings/standard-flat-bottom-fitting/hfl-u28-16-pv-n-main.jpg","F:\WebsiteProjects\foreach-website-2026\public\images\products\fittings\hard-tube-fittings\standard-flat-bottom-fitting\hfl-u28-16-pv-n-main.jpg","data/resources/fitting-replacement/all-compatible-products.generated.ts","第 210 行","无需处理"
"2703","","809040","","","旧版标滚平底接头","正常","imagePath","/images/products/fittings/hard-tube-fittings/standard-flat-bottom-fitting/hfl-u28-20-pv-n-main.jpg","F:\WebsiteProjects\foreach-website-2026\public\images\products\fittings\hard-tube-fittings\standard-flat-bottom-fitting\hfl-u28-20-pv-n-main.jpg","data/resources/fitting-replacement/all-compatible-products.generated.ts","第 225 行","无需处理"
"2704","","809052","","","旧版标滚平底接头","正常","imagePath","/images/products/fittings/hard-tube-fittings/standard-flat-bottom-fitting/hfl-u28-25-pv-n-main.jpg","F:\WebsiteProjects\foreach-website-2026\public\images\products\fittings\hard-tube-fittings\standard-flat-bottom-fitting\hfl-u28-25-pv-n-main.jpg","data/resources/fitting-replacement/all-compatible-products.generated.ts","第 240 行","无需处理"
"2705","","809047","","","旧版标滚平底接头","正常","imagePath","/images/products/fittings/hard-tube-fittings/standard-flat-bottom-fitting/hfl-u28-30-pv-n-main.jpg","F:\WebsiteProjects\foreach-website-2026\public\images\products\fittings\hard-tube-fittings\standard-flat-bottom-fitting\hfl-u28-30-pv-n-main.jpg","data/resources/fitting-replacement/all-compatible-products.generated.ts","第 255 行","无需处理"
"2706","","809035","","","旧版标滚平底接头","正常","imagePath","/images/products/fittings/hard-tube-fittings/standard-flat-bottom-fitting/hfl-u28-32-pv-n-main.jpg","F:\WebsiteProjects\foreach-website-2026\public\images\products\fittings\hard-tube-fittings\standard-flat-bottom-fitting\hfl-u28-32-pv-n-main.jpg","data/resources/fitting-replacement/all-compatible-products.generated.ts","第 270 行","无需处理"
"2707","","809128","","","旧版紧凑卡箍接头","正常","imagePath","/images/products/fittings/hard-tube-fittings/compact-ferrule-fitting/hnf6-m6-16-main.jpg","F:\WebsiteProjects\foreach-website-2026\public\images\products\fittings\hard-tube-fittings\compact-ferrule-fitting\hnf6-m6-16-main.jpg","data/resources/fitting-replacement/all-compatible-products.generated.ts","第 285 行","无需处理"
"2708","","809138","","","旧版紧凑卡箍接头","正常","imagePath","/images/products/fittings/hard-tube-fittings/compact-ferrule-fitting/hnf6-m6-32-main.jpg","F:\WebsiteProjects\foreach-website-2026\public\images\products\fittings\hard-tube-fittings\compact-ferrule-fitting\hnf6-m6-32-main.jpg","data/resources/fitting-replacement/all-compatible-products.generated.ts","第 300 行","无需处理"
"2709","","809127","","","旧版紧凑卡箍接头","正常","imagePath","/images/products/fittings/hard-tube-fittings/compact-ferrule-fitting/hnf6-u28-16-main.jpg","F:\WebsiteProjects\foreach-website-2026\public\images\products\fittings\hard-tube-fittings\compact-ferrule-fitting\hnf6-u28-16-main.jpg","data/resources/fitting-replacement/all-compatible-products.generated.ts","第 315 行","无需处理"
"2710","","809137","","","旧版紧凑卡箍接头","正常","imagePath","/images/products/fittings/hard-tube-fittings/compact-ferrule-fitting/hnf6-u28-32-main.jpg","F:\WebsiteProjects\foreach-website-2026\public\images\products\fittings\hard-tube-fittings\compact-ferrule-fitting\hnf6-u28-32-main.jpg","data/resources/fitting-replacement/all-compatible-products.generated.ts","第 331 行","无需处理"
"2711","","809058","","","旧版紧凑平底接头","正常","imagePath","/images/products/fittings/hard-tube-fittings/compact-flat-bottom-fitting/hfl6-m6-16-main.jpg","F:\WebsiteProjects\foreach-website-2026\public\images\products\fittings\hard-tube-fittings\compact-flat-bottom-fitting\hfl6-m6-16-main.jpg","data/resources/fitting-replacement/all-compatible-products.generated.ts","第 347 行","无需处理"
"2712","","809078","","","旧版紧凑平底接头","正常","imagePath","/images/products/fittings/hard-tube-fittings/compact-flat-bottom-fitting/hfl6-m6-20-main.jpg","F:\WebsiteProjects\foreach-website-2026\public\images\products\fittings\hard-tube-fittings\compact-flat-bottom-fitting\hfl6-m6-20-main.jpg","data/resources/fitting-replacement/all-compatible-products.generated.ts","第 362 行","无需处理"
"2713","","809098","","","旧版紧凑平底接头","正常","imagePath","/images/products/fittings/hard-tube-fittings/compact-flat-bottom-fitting/hfl6-m6-25-main.jpg","F:\WebsiteProjects\foreach-website-2026\public\images\products\fittings\hard-tube-fittings\compact-flat-bottom-fitting\hfl6-m6-25-main.jpg","data/resources/fitting-replacement/all-compatible-products.generated.ts","第 377 行","无需处理"
"2714","","809088","","","旧版紧凑平底接头","正常","imagePath","/images/products/fittings/hard-tube-fittings/compact-flat-bottom-fitting/hfl6-m6-30-main.jpg","F:\WebsiteProjects\foreach-website-2026\public\images\products\fittings\hard-tube-fittings\compact-flat-bottom-fitting\hfl6-m6-30-main.jpg","data/resources/fitting-replacement/all-compatible-products.generated.ts","第 392 行","无需处理"
"2715","","809057","","","旧版紧凑平底接头","正常","imagePath","/images/products/fittings/hard-tube-fittings/compact-flat-bottom-fitting/hfl6-u28-16-main.jpg","F:\WebsiteProjects\foreach-website-2026\public\images\products\fittings\hard-tube-fittings\compact-flat-bottom-fitting\hfl6-u28-16-main.jpg","data/resources/fitting-replacement/all-compatible-products.generated.ts","第 407 行","无需处理"
"2716","","809550","","","旧版紧凑平底接头","正常","imagePath","/images/products/fittings/hard-tube-fittings/compact-flat-bottom-fitting/hfl6-u28-16-main.jpg","F:\WebsiteProjects\foreach-website-2026\public\images\products\fittings\hard-tube-fittings\compact-flat-bottom-fitting\hfl6-u28-16-main.jpg","data/resources/fitting-replacement/all-compatible-products.generated.ts","第 422 行","无需处理"
"2717","","809077","","","旧版紧凑平底接头","正常","imagePath","/images/products/fittings/hard-tube-fittings/compact-flat-bottom-fitting/hfl6-u28-20-main.jpg","F:\WebsiteProjects\foreach-website-2026\public\images\products\fittings\hard-tube-fittings\compact-flat-bottom-fitting\hfl6-u28-20-main.jpg","data/resources/fitting-replacement/all-compatible-products.generated.ts","第 437 行","无需处理"
"2718","","809097","","","旧版紧凑平底接头","正常","imagePath","/images/products/fittings/hard-tube-fittings/compact-flat-bottom-fitting/hfl6-u28-25-main.jpg","F:\WebsiteProjects\foreach-website-2026\public\images\products\fittings\hard-tube-fittings\compact-flat-bottom-fitting\hfl6-u28-25-main.jpg","data/resources/fitting-replacement/all-compatible-products.generated.ts","第 452 行","无需处理"
"2719","","809087","","","旧版紧凑平底接头","正常","imagePath","/images/products/fittings/hard-tube-fittings/compact-flat-bottom-fitting/hfl6-u28-30-main.jpg","F:\WebsiteProjects\foreach-website-2026\public\images\products\fittings\hard-tube-fittings\compact-flat-bottom-fitting\hfl6-u28-30-main.jpg","data/resources/fitting-replacement/all-compatible-products.generated.ts","第 467 行","无需处理"
"2720","","809201","","","卡箍","正常","imagePath","/images/resources/selection-support/fitting-replacement/compatible-model-placeholder.svg","F:\WebsiteProjects\foreach-website-2026\public\images\resources\selection-support\fitting-replacement\compatible-model-placeholder.svg","data/resources/fitting-replacement/all-compatible-products.generated.ts","第 482 行","无需处理"
"2721","","809205","","","卡箍","正常","imagePath","/images/resources/selection-support/fitting-replacement/compatible-model-placeholder.svg","F:\WebsiteProjects\foreach-website-2026\public\images\resources\selection-support\fitting-replacement\compatible-model-placeholder.svg","data/resources/fitting-replacement/all-compatible-products.generated.ts","第 497 行","无需处理"
"2722","","809207","","","卡箍","正常","imagePath","/images/resources/selection-support/fitting-replacement/compatible-model-placeholder.svg","F:\WebsiteProjects\foreach-website-2026\public\images\resources\selection-support\fitting-replacement\compatible-model-placeholder.svg","data/resources/fitting-replacement/all-compatible-products.generated.ts","第 513 行","无需处理"
"2723","","809209","","","卡箍","正常","imagePath","/images/resources/selection-support/fitting-replacement/compatible-model-placeholder.svg","F:\WebsiteProjects\foreach-website-2026\public\images\resources\selection-support\fitting-replacement\compatible-model-placeholder.svg","data/resources/fitting-replacement/all-compatible-products.generated.ts","第 528 行","无需处理"
"2724","","809203","","","卡箍","正常","imagePath","/images/resources/selection-support/fitting-replacement/compatible-model-placeholder.svg","F:\WebsiteProjects\foreach-website-2026\public\images\resources\selection-support\fitting-replacement\compatible-model-placeholder.svg","data/resources/fitting-replacement/all-compatible-products.generated.ts","第 543 行","无需处理"
"2725","","809731","","","卡箍","正常","imagePath","/images/resources/selection-support/fitting-replacement/compatible-model-placeholder.svg","F:\WebsiteProjects\foreach-website-2026\public\images\resources\selection-support\fitting-replacement\compatible-model-placeholder.svg","data/resources/fitting-replacement/all-compatible-products.generated.ts","第 558 行","无需处理"
"2726","","809734","","","卡箍","正常","imagePath","/images/resources/selection-support/fitting-replacement/compatible-model-placeholder.svg","F:\WebsiteProjects\foreach-website-2026\public\images\resources\selection-support\fitting-replacement\compatible-model-placeholder.svg","data/resources/fitting-replacement/all-compatible-products.generated.ts","第 573 行","无需处理"
"2727","","809735","","","卡箍","正常","imagePath","/images/resources/selection-support/fitting-replacement/compatible-model-placeholder.svg","F:\WebsiteProjects\foreach-website-2026\public\images\resources\selection-support\fitting-replacement\compatible-model-placeholder.svg","data/resources/fitting-replacement/all-compatible-products.generated.ts","第 589 行","无需处理"
"2728","","809736","","","卡箍","正常","imagePath","/images/resources/selection-support/fitting-replacement/compatible-model-placeholder.svg","F:\WebsiteProjects\foreach-website-2026\public\images\resources\selection-support\fitting-replacement\compatible-model-placeholder.svg","data/resources/fitting-replacement/all-compatible-products.generated.ts","第 605 行","无需处理"
"2729","","809780","","","卡箍","正常","imagePath","/images/resources/selection-support/fitting-replacement/compatible-model-placeholder.svg","F:\WebsiteProjects\foreach-website-2026\public\images\resources\selection-support\fitting-replacement\compatible-model-placeholder.svg","data/resources/fitting-replacement/all-compatible-products.generated.ts","第 621 行","无需处理"
"2730","","809937","","","卡环接头","正常","imagePath","/images/resources/selection-support/fitting-replacement/compatible-model-placeholder.svg","F:\WebsiteProjects\foreach-website-2026\public\images\resources\selection-support\fitting-replacement\compatible-model-placeholder.svg","data/resources/fitting-replacement/all-compatible-products.generated.ts","第 637 行","无需处理"
"2731","","809861","","","卡环接头","正常","imagePath","/images/resources/selection-support/fitting-replacement/compatible-model-placeholder.svg","F:\WebsiteProjects\foreach-website-2026\public\images\resources\selection-support\fitting-replacement\compatible-model-placeholder.svg","data/resources/fitting-replacement/all-compatible-products.generated.ts","第 652 行","无需处理"
"2732","","809814","","","卡环接头","正常","imagePath","/images/resources/selection-support/fitting-replacement/compatible-model-placeholder.svg","F:\WebsiteProjects\foreach-website-2026\public\images\resources\selection-support\fitting-replacement\compatible-model-placeholder.svg","data/resources/fitting-replacement/all-compatible-products.generated.ts","第 667 行","无需处理"
"2733","","809828","","","卡环接头","正常","imagePath","/images/resources/selection-support/fitting-replacement/compatible-model-placeholder.svg","F:\WebsiteProjects\foreach-website-2026\public\images\resources\selection-support\fitting-replacement\compatible-model-placeholder.svg","data/resources/fitting-replacement/all-compatible-products.generated.ts","第 682 行","无需处理"
"2734","","809815","","","卡环接头","正常","imagePath","/images/resources/selection-support/fitting-replacement/compatible-model-placeholder.svg","F:\WebsiteProjects\foreach-website-2026\public\images\resources\selection-support\fitting-replacement\compatible-model-placeholder.svg","data/resources/fitting-replacement/all-compatible-products.generated.ts","第 697 行","无需处理"
"2735","","809945","","","卡环接头","正常","imagePath","/images/resources/selection-support/fitting-replacement/compatible-model-placeholder.svg","F:\WebsiteProjects\foreach-website-2026\public\images\resources\selection-support\fitting-replacement\compatible-model-placeholder.svg","data/resources/fitting-replacement/all-compatible-products.generated.ts","第 712 行","无需处理"
"2736","","809654","","","卡环套件","正常","imagePath","/images/resources/selection-support/fitting-replacement/compatible-model-placeholder.svg","F:\WebsiteProjects\foreach-website-2026\public\images\resources\selection-support\fitting-replacement\compatible-model-placeholder.svg","data/resources/fitting-replacement/all-compatible-products.generated.ts","第 727 行","无需处理"
"2737","","809801","","","卡环套件","正常","imagePath","/images/resources/selection-support/fitting-replacement/compatible-model-placeholder.svg","F:\WebsiteProjects\foreach-website-2026\public\images\resources\selection-support\fitting-replacement\compatible-model-placeholder.svg","data/resources/fitting-replacement/all-compatible-products.generated.ts","第 743 行","无需处理"
"2738","","809802","","","卡环套件","正常","imagePath","/images/resources/selection-support/fitting-replacement/compatible-model-placeholder.svg","F:\WebsiteProjects\foreach-website-2026\public\images\resources\selection-support\fitting-replacement\compatible-model-placeholder.svg","data/resources/fitting-replacement/all-compatible-products.generated.ts","第 760 行","无需处理"
"2739","","809803","","","卡环套件","正常","imagePath","/images/resources/selection-support/fitting-replacement/compatible-model-placeholder.svg","F:\WebsiteProjects\foreach-website-2026\public\images\resources\selection-support\fitting-replacement\compatible-model-placeholder.svg","data/resources/fitting-replacement/all-compatible-products.generated.ts","第 776 行","无需处理"
"2740","","809804","","","卡环套件","正常","imagePath","/images/resources/selection-support/fitting-replacement/compatible-model-placeholder.svg","F:\WebsiteProjects\foreach-website-2026\public\images\resources\selection-support\fitting-replacement\compatible-model-placeholder.svg","data/resources/fitting-replacement/all-compatible-products.generated.ts","第 792 行","无需处理"
"2741","","809805","","","卡环套件","正常","imagePath","/images/resources/selection-support/fitting-replacement/compatible-model-placeholder.svg","F:\WebsiteProjects\foreach-website-2026\public\images\resources\selection-support\fitting-replacement\compatible-model-placeholder.svg","data/resources/fitting-replacement/all-compatible-products.generated.ts","第 808 行","无需处理"
"2742","","809653","","","卡环套件","正常","imagePath","/images/resources/selection-support/fitting-replacement/compatible-model-placeholder.svg","F:\WebsiteProjects\foreach-website-2026\public\images\resources\selection-support\fitting-replacement\compatible-model-placeholder.svg","data/resources/fitting-replacement/all-compatible-products.generated.ts","第 825 行","无需处理"
"2743","","839041","","","快插接头","正常","imagePath","/images/resources/selection-support/fitting-replacement/q20/products/Q2001-PMV-SACN.webp","F:\WebsiteProjects\foreach-website-2026\public\images\resources\selection-support\fitting-replacement\q20\products\Q2001-PMV-SACN.webp","data/resources/fitting-replacement/all-compatible-products.generated.ts","第 840 行","无需处理"
"2744","","839085","","","快插接头","正常","imagePath","/images/resources/selection-support/fitting-replacement/q20/products/Q2001-PMV-SPPE.webp","F:\WebsiteProjects\foreach-website-2026\public\images\resources\selection-support\fitting-replacement\q20\products\Q2001-PMV-SPPE.webp","data/resources/fitting-replacement/all-compatible-products.generated.ts","第 856 行","无需处理"
"2745","","839019","","","快插接头","正常","imagePath","/images/resources/selection-support/fitting-replacement/q20/products/Q2001-PMX-SACN.webp","F:\WebsiteProjects\foreach-website-2026\public\images\resources\selection-support\fitting-replacement\q20\products\Q2001-PMX-SACN.webp","data/resources/fitting-replacement/all-compatible-products.generated.ts","第 871 行","无需处理"
"2746","","839063","","","快插接头","正常","imagePath","/images/resources/selection-support/fitting-replacement/q20/products/Q2001-PMX-SPPE.webp","F:\WebsiteProjects\foreach-website-2026\public\images\resources\selection-support\fitting-replacement\q20\products\Q2001-PMX-SPPE.webp","data/resources/fitting-replacement/all-compatible-products.generated.ts","第 887 行","无需处理"
"2747","","839034","","","快插接头","正常","imagePath","/images/resources/selection-support/fitting-replacement/q20/products/Q2001-PNV-SACN.webp","F:\WebsiteProjects\foreach-website-2026\public\images\resources\selection-support\fitting-replacement\q20\products\Q2001-PNV-SACN.webp","data/resources/fitting-replacement/all-compatible-products.generated.ts","第 903 行","无需处理"
"2748","","839078","","","快插接头","正常","imagePath","/images/resources/selection-support/fitting-replacement/q20/products/Q2001-PNV-SPPE.webp","F:\WebsiteProjects\foreach-website-2026\public\images\resources\selection-support\fitting-replacement\q20\products\Q2001-PNV-SPPE.webp","data/resources/fitting-replacement/all-compatible-products.generated.ts","第 919 行","无需处理"
"2749","","839012","","","快插接头","正常","imagePath","/images/resources/selection-support/fitting-replacement/q20/products/Q2001-PNX-SACN.webp","F:\WebsiteProjects\foreach-website-2026\public\images\resources\selection-support\fitting-replacement\q20\products\Q2001-PNX-SACN.webp","data/resources/fitting-replacement/all-compatible-products.generated.ts","第 935 行","无需处理"
"2750","","839056","","","快插接头","正常","imagePath","/images/resources/selection-support/fitting-replacement/q20/products/Q2001-PNX-SPPE.webp","F:\WebsiteProjects\foreach-website-2026\public\images\resources\selection-support\fitting-replacement\q20\products\Q2001-PNX-SPPE.webp","data/resources/fitting-replacement/all-compatible-products.generated.ts","第 951 行","无需处理"
"2751","","839030","","","快插接头","正常","imagePath","/images/resources/selection-support/fitting-replacement/q20/products/Q2001-SMV-SACN.webp","F:\WebsiteProjects\foreach-website-2026\public\images\resources\selection-support\fitting-replacement\q20\products\Q2001-SMV-SACN.webp","data/resources/fitting-replacement/all-compatible-products.generated.ts","第 967 行","无需处理"
"2752","","839074","","","快插接头","正常","imagePath","/images/resources/selection-support/fitting-replacement/q20/products/Q2001-SMV-SPPE.webp","F:\WebsiteProjects\foreach-website-2026\public\images\resources\selection-support\fitting-replacement\q20\products\Q2001-SMV-SPPE.webp","data/resources/fitting-replacement/all-compatible-products.generated.ts","第 983 行","无需处理"
"2753","","839008","","","快插接头","正常","imagePath","/images/resources/selection-support/fitting-replacement/q20/products/Q2001-SMX-SACN.webp","F:\WebsiteProjects\foreach-website-2026\public\images\resources\selection-support\fitting-replacement\q20\products\Q2001-SMX-SACN.webp","data/resources/fitting-replacement/all-compatible-products.generated.ts","第 999 行","无需处理"
"2754","","839052","","","快插接头","正常","imagePath","/images/resources/selection-support/fitting-replacement/q20/products/Q2001-SMX-SPPE.webp","F:\WebsiteProjects\foreach-website-2026\public\images\resources\selection-support\fitting-replacement\q20\products\Q2001-SMX-SPPE.webp","data/resources/fitting-replacement/all-compatible-products.generated.ts","第 1015 行","无需处理"
"2755","","839023","","","快插接头","正常","imagePath","/images/resources/selection-support/fitting-replacement/q20/products/Q2001-SNV-SACN.webp","F:\WebsiteProjects\foreach-website-2026\public\images\resources\selection-support\fitting-replacement\q20\products\Q2001-SNV-SACN.webp","data/resources/fitting-replacement/all-compatible-products.generated.ts","第 1031 行","无需处理"
"2756","","839067","","","快插接头","正常","imagePath","/images/resources/selection-support/fitting-replacement/q20/products/Q2001-SNV-SPPE.webp","F:\WebsiteProjects\foreach-website-2026\public\images\resources\selection-support\fitting-replacement\q20\products\Q2001-SNV-SPPE.webp","data/resources/fitting-replacement/all-compatible-products.generated.ts","第 1047 行","无需处理"
"2757","","839001","","","快插接头","正常","imagePath","/images/resources/selection-support/fitting-replacement/q20/products/Q2001-SNX-SACN.webp","F:\WebsiteProjects\foreach-website-2026\public\images\resources\selection-support\fitting-replacement\q20\products\Q2001-SNX-SACN.webp","data/resources/fitting-replacement/all-compatible-products.generated.ts","第 1063 行","无需处理"
"2758","","839045","","","快插接头","正常","imagePath","/images/resources/selection-support/fitting-replacement/q20/products/Q2001-SNX-SPPE.webp","F:\WebsiteProjects\foreach-website-2026\public\images\resources\selection-support\fitting-replacement\q20\products\Q2001-SNX-SPPE.webp","data/resources/fitting-replacement/all-compatible-products.generated.ts","第 1079 行","无需处理"
"2759","","839042","","","快插接头","正常","imagePath","/images/resources/selection-support/fitting-replacement/q20/products/Q2002-PMV-SACN.webp","F:\WebsiteProjects\foreach-website-2026\public\images\resources\selection-support\fitting-replacement\q20\products\Q2002-PMV-SACN.webp","data/resources/fitting-replacement/all-compatible-products.generated.ts","第 1095 行","无需处理"
"2760","","839086","","","快插接头","正常","imagePath","/images/resources/selection-support/fitting-replacement/q20/products/Q2002-PMV-SPPE.webp","F:\WebsiteProjects\foreach-website-2026\public\images\resources\selection-support\fitting-replacement\q20\products\Q2002-PMV-SPPE.webp","data/resources/fitting-replacement/all-compatible-products.generated.ts","第 1111 行","无需处理"
"2761","","839020","","","快插接头","正常","imagePath","/images/resources/selection-support/fitting-replacement/q20/products/Q2002-PMX-SACN.webp","F:\WebsiteProjects\foreach-website-2026\public\images\resources\selection-support\fitting-replacement\q20\products\Q2002-PMX-SACN.webp","data/resources/fitting-replacement/all-compatible-products.generated.ts","第 1126 行","无需处理"
"2762","","839064","","","快插接头","正常","imagePath","/images/resources/selection-support/fitting-replacement/q20/products/Q2002-PMX-SPPE.webp","F:\WebsiteProjects\foreach-website-2026\public\images\resources\selection-support\fitting-replacement\q20\products\Q2002-PMX-SPPE.webp","data/resources/fitting-replacement/all-compatible-products.generated.ts","第 1142 行","无需处理"
"2763","","839038","","","快插接头","正常","imagePath","/images/resources/selection-support/fitting-replacement/q20/products/Q2002-PNV-LACN.webp","F:\WebsiteProjects\foreach-website-2026\public\images\resources\selection-support\fitting-replacement\q20\products\Q2002-PNV-LACN.webp","data/resources/fitting-replacement/all-compatible-products.generated.ts","第 1158 行","无需处理"
"2764","","839082","","","快插接头","正常","imagePath","/images/resources/selection-support/fitting-replacement/q20/products/Q2002-PNV-LPPE.webp","F:\WebsiteProjects\foreach-website-2026\public\images\resources\selection-support\fitting-replacement\q20\products\Q2002-PNV-LPPE.webp","data/resources/fitting-replacement/all-compatible-products.generated.ts","第 1174 行","无需处理"
"2765","","839035","","","快插接头","正常","imagePath","/images/resources/selection-support/fitting-replacement/q20/products/Q2002-PNV-SACN.webp","F:\WebsiteProjects\foreach-website-2026\public\images\resources\selection-support\fitting-replacement\q20\products\Q2002-PNV-SACN.webp","data/resources/fitting-replacement/all-compatible-products.generated.ts","第 1190 行","无需处理"
"2766","","839079","","","快插接头","正常","imagePath","/images/resources/selection-support/fitting-replacement/q20/products/Q2002-PNV-SPPE.webp","F:\WebsiteProjects\foreach-website-2026\public\images\resources\selection-support\fitting-replacement\q20\products\Q2002-PNV-SPPE.webp","data/resources/fitting-replacement/all-compatible-products.generated.ts","第 1206 行","无需处理"
"2767","","839016","","","快插接头","正常","imagePath","/images/resources/selection-support/fitting-replacement/q20/products/Q2002-PNX-LACN.webp","F:\WebsiteProjects\foreach-website-2026\public\images\resources\selection-support\fitting-replacement\q20\products\Q2002-PNX-LACN.webp","data/resources/fitting-replacement/all-compatible-products.generated.ts","第 1222 行","无需处理"
"2768","","839060","","","快插接头","正常","imagePath","/images/resources/selection-support/fitting-replacement/q20/products/Q2002-PNX-LPPE.webp","F:\WebsiteProjects\foreach-website-2026\public\images\resources\selection-support\fitting-replacement\q20\products\Q2002-PNX-LPPE.webp","data/resources/fitting-replacement/all-compatible-products.generated.ts","第 1238 行","无需处理"
"2769","","839013","","","快插接头","正常","imagePath","/images/resources/selection-support/fitting-replacement/q20/products/Q2002-PNX-SACN.webp","F:\WebsiteProjects\foreach-website-2026\public\images\resources\selection-support\fitting-replacement\q20\products\Q2002-PNX-SACN.webp","data/resources/fitting-replacement/all-compatible-products.generated.ts","第 1254 行","无需处理"
"2770","","839057","","","快插接头","正常","imagePath","/images/resources/selection-support/fitting-replacement/q20/products/Q2002-PNX-SPPE.webp","F:\WebsiteProjects\foreach-website-2026\public\images\resources\selection-support\fitting-replacement\q20\products\Q2002-PNX-SPPE.webp","data/resources/fitting-replacement/all-compatible-products.generated.ts","第 1270 行","无需处理"
"2771","","839031","","","快插接头","正常","imagePath","/images/resources/selection-support/fitting-replacement/q20/products/Q2002-SMV-SACN.webp","F:\WebsiteProjects\foreach-website-2026\public\images\resources\selection-support\fitting-replacement\q20\products\Q2002-SMV-SACN.webp","data/resources/fitting-replacement/all-compatible-products.generated.ts","第 1286 行","无需处理"
"2772","","839075","","","快插接头","正常","imagePath","/images/resources/selection-support/fitting-replacement/q20/products/Q2002-SMV-SPPE.webp","F:\WebsiteProjects\foreach-website-2026\public\images\resources\selection-support\fitting-replacement\q20\products\Q2002-SMV-SPPE.webp","data/resources/fitting-replacement/all-compatible-products.generated.ts","第 1302 行","无需处理"
"2773","","839009","","","快插接头","正常","imagePath","/images/resources/selection-support/fitting-replacement/q20/products/Q2002-SMX-SACN.webp","F:\WebsiteProjects\foreach-website-2026\public\images\resources\selection-support\fitting-replacement\q20\products\Q2002-SMX-SACN.webp","data/resources/fitting-replacement/all-compatible-products.generated.ts","第 1318 行","无需处理"
"2774","","839053","","","快插接头","正常","imagePath","/images/resources/selection-support/fitting-replacement/q20/products/Q2002-SMX-SPPE.webp","F:\WebsiteProjects\foreach-website-2026\public\images\resources\selection-support\fitting-replacement\q20\products\Q2002-SMX-SPPE.webp","data/resources/fitting-replacement/all-compatible-products.generated.ts","第 1334 行","无需处理"
"2775","","839027","","","快插接头","正常","imagePath","/images/resources/selection-support/fitting-replacement/q20/products/Q2002-SNV-LACN.webp","F:\WebsiteProjects\foreach-website-2026\public\images\resources\selection-support\fitting-replacement\q20\products\Q2002-SNV-LACN.webp","data/resources/fitting-replacement/all-compatible-products.generated.ts","第 1350 行","无需处理"
"2776","","839024","","","快插接头","正常","imagePath","/images/resources/selection-support/fitting-replacement/q20/products/Q2002-SNV-SACN.webp","F:\WebsiteProjects\foreach-website-2026\public\images\resources\selection-support\fitting-replacement\q20\products\Q2002-SNV-SACN.webp","data/resources/fitting-replacement/all-compatible-products.generated.ts","第 1365 行","无需处理"
"2777","","839068","","","快插接头","正常","imagePath","/images/resources/selection-support/fitting-replacement/q20/products/Q2002-SNV-SPPE.webp","F:\WebsiteProjects\foreach-website-2026\public\images\resources\selection-support\fitting-replacement\q20\products\Q2002-SNV-SPPE.webp","data/resources/fitting-replacement/all-compatible-products.generated.ts","第 1381 行","无需处理"
"2778","","839005","","","快插接头","正常","imagePath","/images/resources/selection-support/fitting-replacement/q20/products/Q2002-SNX-LACN.webp","F:\WebsiteProjects\foreach-website-2026\public\images\resources\selection-support\fitting-replacement\q20\products\Q2002-SNX-LACN.webp","data/resources/fitting-replacement/all-compatible-products.generated.ts","第 1397 行","无需处理"
"2779","","839002","","","快插接头","正常","imagePath","/images/resources/selection-support/fitting-replacement/q20/products/Q2002-SNX-SACN.webp","F:\WebsiteProjects\foreach-website-2026\public\images\resources\selection-support\fitting-replacement\q20\products\Q2002-SNX-SACN.webp","data/resources/fitting-replacement/all-compatible-products.generated.ts","第 1412 行","无需处理"
"2780","","839046","","","快插接头","正常","imagePath","/images/resources/selection-support/fitting-replacement/q20/products/Q2002-SNX-SPPE.webp","F:\WebsiteProjects\foreach-website-2026\public\images\resources\selection-support\fitting-replacement\q20\products\Q2002-SNX-SPPE.webp","data/resources/fitting-replacement/all-compatible-products.generated.ts","第 1428 行","无需处理"
"2781","","839043","","","快插接头","正常","imagePath","/images/resources/selection-support/fitting-replacement/q20/products/Q2003-PMV-SACN.webp","F:\WebsiteProjects\foreach-website-2026\public\images\resources\selection-support\fitting-replacement\q20\products\Q2003-PMV-SACN.webp","data/resources/fitting-replacement/all-compatible-products.generated.ts","第 1444 行","无需处理"
"2782","","839087","","","快插接头","正常","imagePath","/images/resources/selection-support/fitting-replacement/q20/products/Q2003-PMV-SPPE.webp","F:\WebsiteProjects\foreach-website-2026\public\images\resources\selection-support\fitting-replacement\q20\products\Q2003-PMV-SPPE.webp","data/resources/fitting-replacement/all-compatible-products.generated.ts","第 1460 行","无需处理"
"2783","","839021","","","快插接头","正常","imagePath","/images/resources/selection-support/fitting-replacement/q20/products/Q2003-PMX-SACN.webp","F:\WebsiteProjects\foreach-website-2026\public\images\resources\selection-support\fitting-replacement\q20\products\Q2003-PMX-SACN.webp","data/resources/fitting-replacement/all-compatible-products.generated.ts","第 1475 行","无需处理"
"2784","","839065","","","快插接头","正常","imagePath","/images/resources/selection-support/fitting-replacement/q20/products/Q2003-PMX-SPPE.webp","F:\WebsiteProjects\foreach-website-2026\public\images\resources\selection-support\fitting-replacement\q20\products\Q2003-PMX-SPPE.webp","data/resources/fitting-replacement/all-compatible-products.generated.ts","第 1491 行","无需处理"
"2785","","839036","","","快插接头","正常","imagePath","/images/products/FIT/Quick connector_200x200_01_v001.jpg","F:\WebsiteProjects\foreach-website-2026\public\images\products\FIT\Quick connector_200x200_01_v001.jpg","data/resources/fitting-replacement/all-compatible-products.generated.ts","第 1507 行","无需处理"
"2786","","839080","","","快插接头","正常","imagePath","/images/resources/selection-support/fitting-replacement/q20/products/Q2003-PNV-SPPE.webp","F:\WebsiteProjects\foreach-website-2026\public\images\resources\selection-support\fitting-replacement\q20\products\Q2003-PNV-SPPE.webp","data/resources/fitting-replacement/all-compatible-products.generated.ts","第 1523 行","无需处理"
"2787","","839014","","","快插接头","正常","imagePath","/images/resources/selection-support/fitting-replacement/q20/products/Q2003-PNX-SACN.webp","F:\WebsiteProjects\foreach-website-2026\public\images\resources\selection-support\fitting-replacement\q20\products\Q2003-PNX-SACN.webp","data/resources/fitting-replacement/all-compatible-products.generated.ts","第 1539 行","无需处理"
"2788","","839058","","","快插接头","正常","imagePath","/images/resources/selection-support/fitting-replacement/q20/products/Q2003-PNX-SPPE.webp","F:\WebsiteProjects\foreach-website-2026\public\images\resources\selection-support\fitting-replacement\q20\products\Q2003-PNX-SPPE.webp","data/resources/fitting-replacement/all-compatible-products.generated.ts","第 1555 行","无需处理"
"2789","","839032","","","快插接头","正常","imagePath","/images/resources/selection-support/fitting-replacement/q20/products/Q2003-SMV-SACN.webp","F:\WebsiteProjects\foreach-website-2026\public\images\resources\selection-support\fitting-replacement\q20\products\Q2003-SMV-SACN.webp","data/resources/fitting-replacement/all-compatible-products.generated.ts","第 1571 行","无需处理"
"2790","","839076","","","快插接头","正常","imagePath","/images/resources/selection-support/fitting-replacement/q20/products/Q2003-SMV-SPPE.webp","F:\WebsiteProjects\foreach-website-2026\public\images\resources\selection-support\fitting-replacement\q20\products\Q2003-SMV-SPPE.webp","data/resources/fitting-replacement/all-compatible-products.generated.ts","第 1587 行","无需处理"
"2791","","839010","","","快插接头","正常","imagePath","/images/resources/selection-support/fitting-replacement/q20/products/Q2003-SMX-SACN.webp","F:\WebsiteProjects\foreach-website-2026\public\images\resources\selection-support\fitting-replacement\q20\products\Q2003-SMX-SACN.webp","data/resources/fitting-replacement/all-compatible-products.generated.ts","第 1602 行","无需处理"
"2792","","839054","","","快插接头","正常","imagePath","/images/resources/selection-support/fitting-replacement/q20/products/Q2003-SMX-SPPE.webp","F:\WebsiteProjects\foreach-website-2026\public\images\resources\selection-support\fitting-replacement\q20\products\Q2003-SMX-SPPE.webp","data/resources/fitting-replacement/all-compatible-products.generated.ts","第 1618 行","无需处理"
"2793","","839025","","","快插接头","正常","imagePath","/images/resources/selection-support/fitting-replacement/q20/products/Q2003-SNV-SACN.webp","F:\WebsiteProjects\foreach-website-2026\public\images\resources\selection-support\fitting-replacement\q20\products\Q2003-SNV-SACN.webp","data/resources/fitting-replacement/all-compatible-products.generated.ts","第 1633 行","无需处理"
"2794","","839069","","","快插接头","正常","imagePath","/images/resources/selection-support/fitting-replacement/q20/products/Q2003-SNV-SPPE.webp","F:\WebsiteProjects\foreach-website-2026\public\images\resources\selection-support\fitting-replacement\q20\products\Q2003-SNV-SPPE.webp","data/resources/fitting-replacement/all-compatible-products.generated.ts","第 1649 行","无需处理"
"2795","","839003","","","快插接头","正常","imagePath","/images/resources/selection-support/fitting-replacement/q20/products/Q2003-SNX-SACN.webp","F:\WebsiteProjects\foreach-website-2026\public\images\resources\selection-support\fitting-replacement\q20\products\Q2003-SNX-SACN.webp","data/resources/fitting-replacement/all-compatible-products.generated.ts","第 1665 行","无需处理"
"2796","","839047","","","快插接头","正常","imagePath","/images/resources/selection-support/fitting-replacement/q20/products/Q2003-SNX-SPPE.webp","F:\WebsiteProjects\foreach-website-2026\public\images\resources\selection-support\fitting-replacement\q20\products\Q2003-SNX-SPPE.webp","data/resources/fitting-replacement/all-compatible-products.generated.ts","第 1681 行","无需处理"
"2797","","839044","","","快插接头","正常","imagePath","/images/resources/selection-support/fitting-replacement/q20/products/Q2004-PMV-SACN.webp","F:\WebsiteProjects\foreach-website-2026\public\images\resources\selection-support\fitting-replacement\q20\products\Q2004-PMV-SACN.webp","data/resources/fitting-replacement/all-compatible-products.generated.ts","第 1697 行","无需处理"
"2798","","839088","","","快插接头","正常","imagePath","/images/resources/selection-support/fitting-replacement/q20/products/Q2004-PMV-SPPE.webp","F:\WebsiteProjects\foreach-website-2026\public\images\resources\selection-support\fitting-replacement\q20\products\Q2004-PMV-SPPE.webp","data/resources/fitting-replacement/all-compatible-products.generated.ts","第 1713 行","无需处理"
"2799","","839022","","","快插接头","正常","imagePath","/images/resources/selection-support/fitting-replacement/q20/products/Q2004-PMX-SACN.webp","F:\WebsiteProjects\foreach-website-2026\public\images\resources\selection-support\fitting-replacement\q20\products\Q2004-PMX-SACN.webp","data/resources/fitting-replacement/all-compatible-products.generated.ts","第 1728 行","无需处理"
"2800","","839066","","","快插接头","正常","imagePath","/images/resources/selection-support/fitting-replacement/q20/products/Q2004-PMX-SPPE.webp","F:\WebsiteProjects\foreach-website-2026\public\images\resources\selection-support\fitting-replacement\q20\products\Q2004-PMX-SPPE.webp","data/resources/fitting-replacement/all-compatible-products.generated.ts","第 1744 行","无需处理"
"2801","","839039","","","快插接头","正常","imagePath","/images/resources/selection-support/fitting-replacement/q20/products/Q2004-PNV-LACN.webp","F:\WebsiteProjects\foreach-website-2026\public\images\resources\selection-support\fitting-replacement\q20\products\Q2004-PNV-LACN.webp","data/resources/fitting-replacement/all-compatible-products.generated.ts","第 1760 行","无需处理"
"2802","","839083","","","快插接头","正常","imagePath","/images/resources/selection-support/fitting-replacement/q20/products/Q2004-PNV-LPPE.webp","F:\WebsiteProjects\foreach-website-2026\public\images\resources\selection-support\fitting-replacement\q20\products\Q2004-PNV-LPPE.webp","data/resources/fitting-replacement/all-compatible-products.generated.ts","第 1776 行","无需处理"
"2803","","839037","","","快插接头","正常","imagePath","/images/resources/selection-support/fitting-replacement/q20/products/Q2004-PNV-SACN.webp","F:\WebsiteProjects\foreach-website-2026\public\images\resources\selection-support\fitting-replacement\q20\products\Q2004-PNV-SACN.webp","data/resources/fitting-replacement/all-compatible-products.generated.ts","第 1792 行","无需处理"
"2804","","839081","","","快插接头","正常","imagePath","/images/resources/selection-support/fitting-replacement/q20/products/Q2004-PNV-SPPE.webp","F:\WebsiteProjects\foreach-website-2026\public\images\resources\selection-support\fitting-replacement\q20\products\Q2004-PNV-SPPE.webp","data/resources/fitting-replacement/all-compatible-products.generated.ts","第 1808 行","无需处理"
"2805","","839017","","","快插接头","正常","imagePath","/images/resources/selection-support/fitting-replacement/q20/products/Q2004-PNX-LACN.webp","F:\WebsiteProjects\foreach-website-2026\public\images\resources\selection-support\fitting-replacement\q20\products\Q2004-PNX-LACN.webp","data/resources/fitting-replacement/all-compatible-products.generated.ts","第 1824 行","无需处理"
"2806","","839061","","","快插接头","正常","imagePath","/images/resources/selection-support/fitting-replacement/q20/products/Q2004-PNX-LPPE.webp","F:\WebsiteProjects\foreach-website-2026\public\images\resources\selection-support\fitting-replacement\q20\products\Q2004-PNX-LPPE.webp","data/resources/fitting-replacement/all-compatible-products.generated.ts","第 1840 行","无需处理"
"2807","","839015","","","快插接头","正常","imagePath","/images/resources/selection-support/fitting-replacement/q20/products/Q2004-PNX-SACN.webp","F:\WebsiteProjects\foreach-website-2026\public\images\resources\selection-support\fitting-replacement\q20\products\Q2004-PNX-SACN.webp","data/resources/fitting-replacement/all-compatible-products.generated.ts","第 1856 行","无需处理"
"2808","","839059","","","快插接头","正常","imagePath","/images/resources/selection-support/fitting-replacement/q20/products/Q2004-PNX-SPPE.webp","F:\WebsiteProjects\foreach-website-2026\public\images\resources\selection-support\fitting-replacement\q20\products\Q2004-PNX-SPPE.webp","data/resources/fitting-replacement/all-compatible-products.generated.ts","第 1872 行","无需处理"
"2809","","839033","","","快插接头","正常","imagePath","/images/resources/selection-support/fitting-replacement/q20/products/Q2004-SMV-SACN.webp","F:\WebsiteProjects\foreach-website-2026\public\images\resources\selection-support\fitting-replacement\q20\products\Q2004-SMV-SACN.webp","data/resources/fitting-replacement/all-compatible-products.generated.ts","第 1888 行","无需处理"
"2810","","839077","","","快插接头","正常","imagePath","/images/resources/selection-support/fitting-replacement/q20/products/Q2004-SMV-SPPE.webp","F:\WebsiteProjects\foreach-website-2026\public\images\resources\selection-support\fitting-replacement\q20\products\Q2004-SMV-SPPE.webp","data/resources/fitting-replacement/all-compatible-products.generated.ts","第 1904 行","无需处理"
"2811","","839011","","","快插接头","正常","imagePath","/images/resources/selection-support/fitting-replacement/q20/products/Q2004-SMX-SACN.webp","F:\WebsiteProjects\foreach-website-2026\public\images\resources\selection-support\fitting-replacement\q20\products\Q2004-SMX-SACN.webp","data/resources/fitting-replacement/all-compatible-products.generated.ts","第 1920 行","无需处理"
"2812","","839055","","","快插接头","正常","imagePath","/images/resources/selection-support/fitting-replacement/q20/products/Q2004-SMX-SPPE.webp","F:\WebsiteProjects\foreach-website-2026\public\images\resources\selection-support\fitting-replacement\q20\products\Q2004-SMX-SPPE.webp","data/resources/fitting-replacement/all-compatible-products.generated.ts","第 1936 行","无需处理"
"2813","","839028","","","快插接头","正常","imagePath","/images/resources/selection-support/fitting-replacement/q20/products/Q2004-SNV-LACN.webp","F:\WebsiteProjects\foreach-website-2026\public\images\resources\selection-support\fitting-replacement\q20\products\Q2004-SNV-LACN.webp","data/resources/fitting-replacement/all-compatible-products.generated.ts","第 1952 行","无需处理"
"2814","","839026","","","快插接头","正常","imagePath","/images/resources/selection-support/fitting-replacement/q20/products/Q2004-SNV-SACN.webp","F:\WebsiteProjects\foreach-website-2026\public\images\resources\selection-support\fitting-replacement\q20\products\Q2004-SNV-SACN.webp","data/resources/fitting-replacement/all-compatible-products.generated.ts","第 1967 行","无需处理"
"2815","","839070","","","快插接头","正常","imagePath","/images/resources/selection-support/fitting-replacement/q20/products/Q2004-SNV-SPPE.webp","F:\WebsiteProjects\foreach-website-2026\public\images\resources\selection-support\fitting-replacement\q20\products\Q2004-SNV-SPPE.webp","data/resources/fitting-replacement/all-compatible-products.generated.ts","第 1983 行","无需处理"
"2816","","839006","","","快插接头","正常","imagePath","/images/resources/selection-support/fitting-replacement/q20/products/Q2004-SNX-LACN.webp","F:\WebsiteProjects\foreach-website-2026\public\images\resources\selection-support\fitting-replacement\q20\products\Q2004-SNX-LACN.webp","data/resources/fitting-replacement/all-compatible-products.generated.ts","第 1999 行","无需处理"
"2817","","839004","","","快插接头","正常","imagePath","/images/resources/selection-support/fitting-replacement/q20/products/Q2004-SNX-SACN.webp","F:\WebsiteProjects\foreach-website-2026\public\images\resources\selection-support\fitting-replacement\q20\products\Q2004-SNX-SACN.webp","data/resources/fitting-replacement/all-compatible-products.generated.ts","第 2014 行","无需处理"
"2818","","839048","","","快插接头","正常","imagePath","/images/resources/selection-support/fitting-replacement/q20/products/Q2004-SNX-SPPE.webp","F:\WebsiteProjects\foreach-website-2026\public\images\resources\selection-support\fitting-replacement\q20\products\Q2004-SNX-SPPE.webp","data/resources/fitting-replacement/all-compatible-products.generated.ts","第 2030 行","无需处理"
"2819","","839040","","","快插接头","正常","imagePath","/images/resources/selection-support/fitting-replacement/q20/products/Q2018N-PNV-SACN.webp","F:\WebsiteProjects\foreach-website-2026\public\images\resources\selection-support\fitting-replacement\q20\products\Q2018N-PNV-SACN.webp","data/resources/fitting-replacement/all-compatible-products.generated.ts","第 2046 行","无需处理"
"2820","","839084","","","快插接头","正常","imagePath","/images/resources/selection-support/fitting-replacement/q20/products/Q2018N-PNV-SPPE.webp","F:\WebsiteProjects\foreach-website-2026\public\images\resources\selection-support\fitting-replacement\q20\products\Q2018N-PNV-SPPE.webp","data/resources/fitting-replacement/all-compatible-products.generated.ts","第 2062 行","无需处理"
"2821","","839018","","","快插接头","正常","imagePath","/images/resources/selection-support/fitting-replacement/q20/products/Q2018N-PNX-SACN.webp","F:\WebsiteProjects\foreach-website-2026\public\images\resources\selection-support\fitting-replacement\q20\products\Q2018N-PNX-SACN.webp","data/resources/fitting-replacement/all-compatible-products.generated.ts","第 2078 行","无需处理"
"2822","","839062","","","快插接头","正常","imagePath","/images/resources/selection-support/fitting-replacement/q20/products/Q2018N-PNX-SPPE.webp","F:\WebsiteProjects\foreach-website-2026\public\images\resources\selection-support\fitting-replacement\q20\products\Q2018N-PNX-SPPE.webp","data/resources/fitting-replacement/all-compatible-products.generated.ts","第 2094 行","无需处理"
"2823","","839109","","","快插接头","正常","imagePath","/images/products/FIT/Quick connector_200x200_01_v001.jpg","F:\WebsiteProjects\foreach-website-2026\public\images\products\FIT\Quick connector_200x200_01_v001.jpg","data/resources/fitting-replacement/all-compatible-products.generated.ts","第 2110 行","无需处理"
"2824","","839097","","","快插接头","正常","imagePath","/images/products/FIT/Quick connector_200x200_01_v001.jpg","F:\WebsiteProjects\foreach-website-2026\public\images\products\FIT\Quick connector_200x200_01_v001.jpg","data/resources/fitting-replacement/all-compatible-products.generated.ts","第 2126 行","无需处理"
"2825","","839110","","","快插接头","正常","imagePath","/images/products/FIT/Quick connector_200x200_01_v001.jpg","F:\WebsiteProjects\foreach-website-2026\public\images\products\FIT\Quick connector_200x200_01_v001.jpg","data/resources/fitting-replacement/all-compatible-products.generated.ts","第 2142 行","无需处理"
"2826","","839104","","","快插接头","正常","imagePath","/images/products/FIT/Quick connector_200x200_01_v001.jpg","F:\WebsiteProjects\foreach-website-2026\public\images\products\FIT\Quick connector_200x200_01_v001.jpg","data/resources/fitting-replacement/all-compatible-products.generated.ts","第 2158 行","无需处理"
"2827","","849032","","","快插接头","正常","imagePath","/images/products/FIT/Quick connector_200x200_01_v001.jpg","F:\WebsiteProjects\foreach-website-2026\public\images\products\FIT\Quick connector_200x200_01_v001.jpg","data/resources/fitting-replacement/all-compatible-products.generated.ts","第 2174 行","无需处理"
"2828","","849066","","","快插接头","正常","imagePath","/images/products/FIT/Quick connector_200x200_01_v001.jpg","F:\WebsiteProjects\foreach-website-2026\public\images\products\FIT\Quick connector_200x200_01_v001.jpg","data/resources/fitting-replacement/all-compatible-products.generated.ts","第 2190 行","无需处理"
"2829","","849015","","","快插接头","正常","imagePath","/images/products/FIT/Quick connector_200x200_01_v001.jpg","F:\WebsiteProjects\foreach-website-2026\public\images\products\FIT\Quick connector_200x200_01_v001.jpg","data/resources/fitting-replacement/all-compatible-products.generated.ts","第 2206 行","无需处理"
"2830","","849049","","","快插接头","正常","imagePath","/images/products/FIT/Quick connector_200x200_01_v001.jpg","F:\WebsiteProjects\foreach-website-2026\public\images\products\FIT\Quick connector_200x200_01_v001.jpg","data/resources/fitting-replacement/all-compatible-products.generated.ts","第 2222 行","无需处理"
"2831","","849030","","","快插接头","正常","imagePath","/images/products/FIT/Quick connector_200x200_01_v001.jpg","F:\WebsiteProjects\foreach-website-2026\public\images\products\FIT\Quick connector_200x200_01_v001.jpg","data/resources/fitting-replacement/all-compatible-products.generated.ts","第 2238 行","无需处理"
"2832","","849064","","","快插接头","正常","imagePath","/images/products/FIT/Quick connector_200x200_01_v001.jpg","F:\WebsiteProjects\foreach-website-2026\public\images\products\FIT\Quick connector_200x200_01_v001.jpg","data/resources/fitting-replacement/all-compatible-products.generated.ts","第 2254 行","无需处理"
"2833","","849027","","","快插接头","正常","imagePath","/images/products/FIT/Quick connector_200x200_01_v001.jpg","F:\WebsiteProjects\foreach-website-2026\public\images\products\FIT\Quick connector_200x200_01_v001.jpg","data/resources/fitting-replacement/all-compatible-products.generated.ts","第 2270 行","无需处理"
"2834","","849061","","","快插接头","正常","imagePath","/images/products/FIT/Quick connector_200x200_01_v001.jpg","F:\WebsiteProjects\foreach-website-2026\public\images\products\FIT\Quick connector_200x200_01_v001.jpg","data/resources/fitting-replacement/all-compatible-products.generated.ts","第 2286 行","无需处理"
"2835","","849010","","","快插接头","正常","imagePath","/images/products/FIT/Quick connector_200x200_01_v001.jpg","F:\WebsiteProjects\foreach-website-2026\public\images\products\FIT\Quick connector_200x200_01_v001.jpg","data/resources/fitting-replacement/all-compatible-products.generated.ts","第 2302 行","无需处理"
"2836","","849044","","","快插接头","正常","imagePath","/images/products/FIT/Quick connector_200x200_01_v001.jpg","F:\WebsiteProjects\foreach-website-2026\public\images\products\FIT\Quick connector_200x200_01_v001.jpg","data/resources/fitting-replacement/all-compatible-products.generated.ts","第 2318 行","无需处理"
"2837","","849024","","","快插接头","正常","imagePath","/images/products/FIT/Quick connector_200x200_01_v001.jpg","F:\WebsiteProjects\foreach-website-2026\public\images\products\FIT\Quick connector_200x200_01_v001.jpg","data/resources/fitting-replacement/all-compatible-products.generated.ts","第 2334 行","无需处理"
"2838","","849058","","","快插接头","正常","imagePath","/images/products/FIT/Quick connector_200x200_01_v001.jpg","F:\WebsiteProjects\foreach-website-2026\public\images\products\FIT\Quick connector_200x200_01_v001.jpg","data/resources/fitting-replacement/all-compatible-products.generated.ts","第 2350 行","无需处理"
"2839","","849007","","","快插接头","正常","imagePath","/images/products/FIT/Quick connector_200x200_01_v001.jpg","F:\WebsiteProjects\foreach-website-2026\public\images\products\FIT\Quick connector_200x200_01_v001.jpg","data/resources/fitting-replacement/all-compatible-products.generated.ts","第 2366 行","无需处理"
"2840","","849041","","","快插接头","正常","imagePath","/images/products/FIT/Quick connector_200x200_01_v001.jpg","F:\WebsiteProjects\foreach-website-2026\public\images\products\FIT\Quick connector_200x200_01_v001.jpg","data/resources/fitting-replacement/all-compatible-products.generated.ts","第 2382 行","无需处理"
"2841","","849018","","","快插接头","正常","imagePath","/images/products/FIT/Quick connector_200x200_01_v001.jpg","F:\WebsiteProjects\foreach-website-2026\public\images\products\FIT\Quick connector_200x200_01_v001.jpg","data/resources/fitting-replacement/all-compatible-products.generated.ts","第 2398 行","无需处理"
"2842","","849052","","","快插接头","正常","imagePath","/images/products/FIT/Quick connector_200x200_01_v001.jpg","F:\WebsiteProjects\foreach-website-2026\public\images\products\FIT\Quick connector_200x200_01_v001.jpg","data/resources/fitting-replacement/all-compatible-products.generated.ts","第 2414 行","无需处理"
"2843","","849001","","","快插接头","正常","imagePath","/images/products/FIT/Quick connector_200x200_01_v001.jpg","F:\WebsiteProjects\foreach-website-2026\public\images\products\FIT\Quick connector_200x200_01_v001.jpg","data/resources/fitting-replacement/all-compatible-products.generated.ts","第 2430 行","无需处理"
"2844","","849035","","","快插接头","正常","imagePath","/images/products/FIT/Quick connector_200x200_01_v001.jpg","F:\WebsiteProjects\foreach-website-2026\public\images\products\FIT\Quick connector_200x200_01_v001.jpg","data/resources/fitting-replacement/all-compatible-products.generated.ts","第 2446 行","无需处理"
"2845","","849033","","","快插接头","正常","imagePath","/images/products/FIT/Quick connector_200x200_01_v001.jpg","F:\WebsiteProjects\foreach-website-2026\public\images\products\FIT\Quick connector_200x200_01_v001.jpg","data/resources/fitting-replacement/all-compatible-products.generated.ts","第 2462 行","无需处理"
"2846","","849067","","","快插接头","正常","imagePath","/images/products/FIT/Quick connector_200x200_01_v001.jpg","F:\WebsiteProjects\foreach-website-2026\public\images\products\FIT\Quick connector_200x200_01_v001.jpg","data/resources/fitting-replacement/all-compatible-products.generated.ts","第 2478 行","无需处理"
"2847","","849016","","","快插接头","正常","imagePath","/images/products/FIT/Quick connector_200x200_01_v001.jpg","F:\WebsiteProjects\foreach-website-2026\public\images\products\FIT\Quick connector_200x200_01_v001.jpg","data/resources/fitting-replacement/all-compatible-products.generated.ts","第 2493 行","无需处理"
"2848","","849050","","","快插接头","正常","imagePath","/images/products/FIT/Quick connector_200x200_01_v001.jpg","F:\WebsiteProjects\foreach-website-2026\public\images\products\FIT\Quick connector_200x200_01_v001.jpg","data/resources/fitting-replacement/all-compatible-products.generated.ts","第 2509 行","无需处理"
"2849","","849028","","","快插接头","正常","imagePath","/images/products/FIT/Quick connector_200x200_01_v001.jpg","F:\WebsiteProjects\foreach-website-2026\public\images\products\FIT\Quick connector_200x200_01_v001.jpg","data/resources/fitting-replacement/all-compatible-products.generated.ts","第 2524 行","无需处理"
"2850","","849062","","","快插接头","正常","imagePath","/images/products/FIT/Quick connector_200x200_01_v001.jpg","F:\WebsiteProjects\foreach-website-2026\public\images\products\FIT\Quick connector_200x200_01_v001.jpg","data/resources/fitting-replacement/all-compatible-products.generated.ts","第 2540 行","无需处理"
"2851","","849011","","","快插接头","正常","imagePath","/images/products/FIT/Quick connector_200x200_01_v001.jpg","F:\WebsiteProjects\foreach-website-2026\public\images\products\FIT\Quick connector_200x200_01_v001.jpg","data/resources/fitting-replacement/all-compatible-products.generated.ts","第 2556 行","无需处理"
"2852","","849045","","","快插接头","正常","imagePath","/images/products/FIT/Quick connector_200x200_01_v001.jpg","F:\WebsiteProjects\foreach-website-2026\public\images\products\FIT\Quick connector_200x200_01_v001.jpg","data/resources/fitting-replacement/all-compatible-products.generated.ts","第 2572 行","无需处理"
"2853","","849025","","","快插接头","正常","imagePath","/images/products/FIT/Quick connector_200x200_01_v001.jpg","F:\WebsiteProjects\foreach-website-2026\public\images\products\FIT\Quick connector_200x200_01_v001.jpg","data/resources/fitting-replacement/all-compatible-products.generated.ts","第 2588 行","无需处理"
"2854","","849059","","","快插接头","正常","imagePath","/images/products/FIT/Quick connector_200x200_01_v001.jpg","F:\WebsiteProjects\foreach-website-2026\public\images\products\FIT\Quick connector_200x200_01_v001.jpg","data/resources/fitting-replacement/all-compatible-products.generated.ts","第 2604 行","无需处理"
"2855","","849008","","","快插接头","正常","imagePath","/images/products/FIT/Quick connector_200x200_01_v001.jpg","F:\WebsiteProjects\foreach-website-2026\public\images\products\FIT\Quick connector_200x200_01_v001.jpg","data/resources/fitting-replacement/all-compatible-products.generated.ts","第 2620 行","无需处理"
"2856","","849042","","","快插接头","正常","imagePath","/images/products/FIT/Quick connector_200x200_01_v001.jpg","F:\WebsiteProjects\foreach-website-2026\public\images\products\FIT\Quick connector_200x200_01_v001.jpg","data/resources/fitting-replacement/all-compatible-products.generated.ts","第 2636 行","无需处理"
"2857","","849019","","","快插接头","正常","imagePath","/images/products/FIT/Quick connector_200x200_01_v001.jpg","F:\WebsiteProjects\foreach-website-2026\public\images\products\FIT\Quick connector_200x200_01_v001.jpg","data/resources/fitting-replacement/all-compatible-products.generated.ts","第 2652 行","无需处理"
"2858","","849053","","","快插接头","正常","imagePath","/images/products/FIT/Quick connector_200x200_01_v001.jpg","F:\WebsiteProjects\foreach-website-2026\public\images\products\FIT\Quick connector_200x200_01_v001.jpg","data/resources/fitting-replacement/all-compatible-products.generated.ts","第 2668 行","无需处理"
"2859","","849002","","","快插接头","正常","imagePath","/images/products/FIT/Quick connector_200x200_01_v001.jpg","F:\WebsiteProjects\foreach-website-2026\public\images\products\FIT\Quick connector_200x200_01_v001.jpg","data/resources/fitting-replacement/all-compatible-products.generated.ts","第 2684 行","无需处理"
"2860","","849036","","","快插接头","正常","imagePath","/images/products/FIT/Quick connector_200x200_01_v001.jpg","F:\WebsiteProjects\foreach-website-2026\public\images\products\FIT\Quick connector_200x200_01_v001.jpg","data/resources/fitting-replacement/all-compatible-products.generated.ts","第 2700 行","无需处理"
"2861","","849034","","","快插接头","正常","imagePath","/images/products/FIT/Quick connector_200x200_01_v001.jpg","F:\WebsiteProjects\foreach-website-2026\public\images\products\FIT\Quick connector_200x200_01_v001.jpg","data/resources/fitting-replacement/all-compatible-products.generated.ts","第 2716 行","无需处理"
"2862","","849068","","","快插接头","正常","imagePath","/images/products/FIT/Quick connector_200x200_01_v001.jpg","F:\WebsiteProjects\foreach-website-2026\public\images\products\FIT\Quick connector_200x200_01_v001.jpg","data/resources/fitting-replacement/all-compatible-products.generated.ts","第 2732 行","无需处理"
"2863","","849017","","","快插接头","正常","imagePath","/images/products/FIT/Quick connector_200x200_01_v001.jpg","F:\WebsiteProjects\foreach-website-2026\public\images\products\FIT\Quick connector_200x200_01_v001.jpg","data/resources/fitting-replacement/all-compatible-products.generated.ts","第 2748 行","无需处理"
"2864","","849051","","","快插接头","正常","imagePath","/images/products/FIT/Quick connector_200x200_01_v001.jpg","F:\WebsiteProjects\foreach-website-2026\public\images\products\FIT\Quick connector_200x200_01_v001.jpg","data/resources/fitting-replacement/all-compatible-products.generated.ts","第 2764 行","无需处理"
"2865","","849029","","","快插接头","正常","imagePath","/images/products/FIT/Quick connector_200x200_01_v001.jpg","F:\WebsiteProjects\foreach-website-2026\public\images\products\FIT\Quick connector_200x200_01_v001.jpg","data/resources/fitting-replacement/all-compatible-products.generated.ts","第 2780 行","无需处理"
"2866","","849063","","","快插接头","正常","imagePath","/images/products/FIT/Quick connector_200x200_01_v001.jpg","F:\WebsiteProjects\foreach-website-2026\public\images\products\FIT\Quick connector_200x200_01_v001.jpg","data/resources/fitting-replacement/all-compatible-products.generated.ts","第 2796 行","无需处理"
"2867","","849013","","","快插接头","正常","imagePath","/images/products/FIT/Quick connector_200x200_01_v001.jpg","F:\WebsiteProjects\foreach-website-2026\public\images\products\FIT\Quick connector_200x200_01_v001.jpg","data/resources/fitting-replacement/all-compatible-products.generated.ts","第 2812 行","无需处理"
"2868","","849047","","","快插接头","正常","imagePath","/images/products/FIT/Quick connector_200x200_01_v001.jpg","F:\WebsiteProjects\foreach-website-2026\public\images\products\FIT\Quick connector_200x200_01_v001.jpg","data/resources/fitting-replacement/all-compatible-products.generated.ts","第 2828 行","无需处理"
"2869","","849012","","","快插接头","正常","imagePath","/images/products/FIT/Quick connector_200x200_01_v001.jpg","F:\WebsiteProjects\foreach-website-2026\public\images\products\FIT\Quick connector_200x200_01_v001.jpg","data/resources/fitting-replacement/all-compatible-products.generated.ts","第 2844 行","无需处理"
"2870","","849046","","","快插接头","正常","imagePath","/images/products/FIT/Quick connector_200x200_01_v001.jpg","F:\WebsiteProjects\foreach-website-2026\public\images\products\FIT\Quick connector_200x200_01_v001.jpg","data/resources/fitting-replacement/all-compatible-products.generated.ts","第 2860 行","无需处理"
"2871","","849026","","","快插接头","正常","imagePath","/images/products/FIT/Quick connector_200x200_01_v001.jpg","F:\WebsiteProjects\foreach-website-2026\public\images\products\FIT\Quick connector_200x200_01_v001.jpg","data/resources/fitting-replacement/all-compatible-products.generated.ts","第 2876 行","无需处理"
"2872","","849060","","","快插接头","正常","imagePath","/images/products/FIT/Quick connector_200x200_01_v001.jpg","F:\WebsiteProjects\foreach-website-2026\public\images\products\FIT\Quick connector_200x200_01_v001.jpg","data/resources/fitting-replacement/all-compatible-products.generated.ts","第 2892 行","无需处理"
"2873","","849009","","","快插接头","正常","imagePath","/images/products/FIT/Quick connector_200x200_01_v001.jpg","F:\WebsiteProjects\foreach-website-2026\public\images\products\FIT\Quick connector_200x200_01_v001.jpg","data/resources/fitting-replacement/all-compatible-products.generated.ts","第 2908 行","无需处理"
"2874","","849043","","","快插接头","正常","imagePath","/images/products/FIT/Quick connector_200x200_01_v001.jpg","F:\WebsiteProjects\foreach-website-2026\public\images\products\FIT\Quick connector_200x200_01_v001.jpg","data/resources/fitting-replacement/all-compatible-products.generated.ts","第 2924 行","无需处理"
"2875","","849020","","","快插接头","正常","imagePath","/images/products/FIT/Quick connector_200x200_01_v001.jpg","F:\WebsiteProjects\foreach-website-2026\public\images\products\FIT\Quick connector_200x200_01_v001.jpg","data/resources/fitting-replacement/all-compatible-products.generated.ts","第 2940 行","无需处理"
"2876","","849054","","","快插接头","正常","imagePath","/images/products/FIT/Quick connector_200x200_01_v001.jpg","F:\WebsiteProjects\foreach-website-2026\public\images\products\FIT\Quick connector_200x200_01_v001.jpg","data/resources/fitting-replacement/all-compatible-products.generated.ts","第 2956 行","无需处理"
"2877","","849003","","","快插接头","正常","imagePath","/images/products/FIT/Quick connector_200x200_01_v001.jpg","F:\WebsiteProjects\foreach-website-2026\public\images\products\FIT\Quick connector_200x200_01_v001.jpg","data/resources/fitting-replacement/all-compatible-products.generated.ts","第 2972 行","无需处理"
"2878","","849037","","","快插接头","正常","imagePath","/images/products/FIT/Quick connector_200x200_01_v001.jpg","F:\WebsiteProjects\foreach-website-2026\public\images\products\FIT\Quick connector_200x200_01_v001.jpg","data/resources/fitting-replacement/all-compatible-products.generated.ts","第 2988 行","无需处理"
"2879","","849031","","","快插接头","正常","imagePath","/images/products/FIT/Quick connector_200x200_01_v001.jpg","F:\WebsiteProjects\foreach-website-2026\public\images\products\FIT\Quick connector_200x200_01_v001.jpg","data/resources/fitting-replacement/all-compatible-products.generated.ts","第 3004 行","无需处理"
"2880","","849065","","","快插接头","正常","imagePath","/images/products/FIT/Quick connector_200x200_01_v001.jpg","F:\WebsiteProjects\foreach-website-2026\public\images\products\FIT\Quick connector_200x200_01_v001.jpg","data/resources/fitting-replacement/all-compatible-products.generated.ts","第 3020 行","无需处理"
"2881","","849023","","","快插接头","正常","imagePath","/images/products/FIT/Quick connector_200x200_01_v001.jpg","F:\WebsiteProjects\foreach-website-2026\public\images\products\FIT\Quick connector_200x200_01_v001.jpg","data/resources/fitting-replacement/all-compatible-products.generated.ts","第 3036 行","无需处理"
"2882","","849057","","","快插接头","正常","imagePath","/images/products/FIT/Quick connector_200x200_01_v001.jpg","F:\WebsiteProjects\foreach-website-2026\public\images\products\FIT\Quick connector_200x200_01_v001.jpg","data/resources/fitting-replacement/all-compatible-products.generated.ts","第 3052 行","无需处理"
"2883","","849006","","","快插接头","正常","imagePath","/images/products/FIT/Quick connector_200x200_01_v001.jpg","F:\WebsiteProjects\foreach-website-2026\public\images\products\FIT\Quick connector_200x200_01_v001.jpg","data/resources/fitting-replacement/all-compatible-products.generated.ts","第 3068 行","无需处理"
"2884","","849040","","","快插接头","正常","imagePath","/images/products/FIT/Quick connector_200x200_01_v001.jpg","F:\WebsiteProjects\foreach-website-2026\public\images\products\FIT\Quick connector_200x200_01_v001.jpg","data/resources/fitting-replacement/all-compatible-products.generated.ts","第 3084 行","无需处理"
"2885","","869032","","","快插接头","正常","imagePath","/images/products/FIT/Quick connector_200x200_01_v001.jpg","F:\WebsiteProjects\foreach-website-2026\public\images\products\FIT\Quick connector_200x200_01_v001.jpg","data/resources/fitting-replacement/all-compatible-products.generated.ts","第 3100 行","无需处理"
"2886","","869029","","","快插接头","正常","imagePath","/images/products/FIT/Quick connector_200x200_01_v001.jpg","F:\WebsiteProjects\foreach-website-2026\public\images\products\FIT\Quick connector_200x200_01_v001.jpg","data/resources/fitting-replacement/all-compatible-products.generated.ts","第 3116 行","无需处理"
"2887","","869012","","","快插接头","正常","imagePath","/images/products/FIT/Quick connector_200x200_01_v001.jpg","F:\WebsiteProjects\foreach-website-2026\public\images\products\FIT\Quick connector_200x200_01_v001.jpg","data/resources/fitting-replacement/all-compatible-products.generated.ts","第 3132 行","无需处理"
"2888","","869009","","","快插接头","正常","imagePath","/images/products/FIT/Quick connector_200x200_01_v001.jpg","F:\WebsiteProjects\foreach-website-2026\public\images\products\FIT\Quick connector_200x200_01_v001.jpg","data/resources/fitting-replacement/all-compatible-products.generated.ts","第 3148 行","无需处理"
"2889","","869020","","","快插接头","正常","imagePath","/images/products/FIT/Quick connector_200x200_01_v001.jpg","F:\WebsiteProjects\foreach-website-2026\public\images\products\FIT\Quick connector_200x200_01_v001.jpg","data/resources/fitting-replacement/all-compatible-products.generated.ts","第 3164 行","无需处理"
"2890","","869026","","","快插接头","正常","imagePath","/images/products/FIT/Quick connector_200x200_01_v001.jpg","F:\WebsiteProjects\foreach-website-2026\public\images\products\FIT\Quick connector_200x200_01_v001.jpg","data/resources/fitting-replacement/all-compatible-products.generated.ts","第 3179 行","无需处理"
"2891","","869018","","","快插接头","正常","imagePath","/images/products/FIT/Quick connector_200x200_01_v001.jpg","F:\WebsiteProjects\foreach-website-2026\public\images\products\FIT\Quick connector_200x200_01_v001.jpg","data/resources/fitting-replacement/all-compatible-products.generated.ts","第 3195 行","无需处理"
"2892","","869006","","","快插接头","正常","imagePath","/images/products/FIT/Quick connector_200x200_01_v001.jpg","F:\WebsiteProjects\foreach-website-2026\public\images\products\FIT\Quick connector_200x200_01_v001.jpg","data/resources/fitting-replacement/all-compatible-products.generated.ts","第 3210 行","无需处理"
"2893","","869021","","","快插接头","正常","imagePath","/images/products/FIT/Quick connector_200x200_01_v001.jpg","F:\WebsiteProjects\foreach-website-2026\public\images\products\FIT\Quick connector_200x200_01_v001.jpg","data/resources/fitting-replacement/all-compatible-products.generated.ts","第 3226 行","无需处理"
"2894","","869001","","","快插接头","正常","imagePath","/images/products/FIT/Quick connector_200x200_01_v001.jpg","F:\WebsiteProjects\foreach-website-2026\public\images\products\FIT\Quick connector_200x200_01_v001.jpg","data/resources/fitting-replacement/all-compatible-products.generated.ts","第 3242 行","无需处理"
"2895","","869033","","","快插接头","正常","imagePath","/images/products/FIT/Quick connector_200x200_01_v001.jpg","F:\WebsiteProjects\foreach-website-2026\public\images\products\FIT\Quick connector_200x200_01_v001.jpg","data/resources/fitting-replacement/all-compatible-products.generated.ts","第 3258 行","无需处理"
"2896","","869030","","","快插接头","正常","imagePath","/images/products/FIT/Quick connector_200x200_01_v001.jpg","F:\WebsiteProjects\foreach-website-2026\public\images\products\FIT\Quick connector_200x200_01_v001.jpg","data/resources/fitting-replacement/all-compatible-products.generated.ts","第 3274 行","无需处理"
"2897","","869013","","","快插接头","正常","imagePath","/images/products/FIT/Quick connector_200x200_01_v001.jpg","F:\WebsiteProjects\foreach-website-2026\public\images\products\FIT\Quick connector_200x200_01_v001.jpg","data/resources/fitting-replacement/all-compatible-products.generated.ts","第 3290 行","无需处理"
"2898","","869010","","","快插接头","正常","imagePath","/images/products/FIT/Quick connector_200x200_01_v001.jpg","F:\WebsiteProjects\foreach-website-2026\public\images\products\FIT\Quick connector_200x200_01_v001.jpg","data/resources/fitting-replacement/all-compatible-products.generated.ts","第 3306 行","无需处理"
"2899","","869036","","","快插接头","正常","imagePath","/images/products/FIT/Quick connector_200x200_01_v001.jpg","F:\WebsiteProjects\foreach-website-2026\public\images\products\FIT\Quick connector_200x200_01_v001.jpg","data/resources/fitting-replacement/all-compatible-products.generated.ts","第 3322 行","无需处理"
"2900","","869027","","","快插接头","正常","imagePath","/images/products/FIT/Quick connector_200x200_01_v001.jpg","F:\WebsiteProjects\foreach-website-2026\public\images\products\FIT\Quick connector_200x200_01_v001.jpg","data/resources/fitting-replacement/all-compatible-products.generated.ts","第 3337 行","无需处理"
"2901","","869019","","","快插接头","正常","imagePath","/images/products/FIT/Quick connector_200x200_01_v001.jpg","F:\WebsiteProjects\foreach-website-2026\public\images\products\FIT\Quick connector_200x200_01_v001.jpg","data/resources/fitting-replacement/all-compatible-products.generated.ts","第 3353 行","无需处理"
"2902","","869007","","","快插接头","正常","imagePath","/images/products/FIT/Quick connector_200x200_01_v001.jpg","F:\WebsiteProjects\foreach-website-2026\public\images\products\FIT\Quick connector_200x200_01_v001.jpg","data/resources/fitting-replacement/all-compatible-products.generated.ts","第 3368 行","无需处理"
"2903","","869022","","","快插接头","正常","imagePath","/images/products/FIT/Quick connector_200x200_01_v001.jpg","F:\WebsiteProjects\foreach-website-2026\public\images\products\FIT\Quick connector_200x200_01_v001.jpg","data/resources/fitting-replacement/all-compatible-products.generated.ts","第 3384 行","无需处理"
"2904","","869002","","","快插接头","正常","imagePath","/images/products/FIT/Quick connector_200x200_01_v001.jpg","F:\WebsiteProjects\foreach-website-2026\public\images\products\FIT\Quick connector_200x200_01_v001.jpg","data/resources/fitting-replacement/all-compatible-products.generated.ts","第 3400 行","无需处理"
"2905","","869031","","","快插接头","正常","imagePath","/images/products/FIT/Quick connector_200x200_01_v001.jpg","F:\WebsiteProjects\foreach-website-2026\public\images\products\FIT\Quick connector_200x200_01_v001.jpg","data/resources/fitting-replacement/all-compatible-products.generated.ts","第 3416 行","无需处理"
"2906","","869011","","","快插接头","正常","imagePath","/images/products/FIT/Quick connector_200x200_01_v001.jpg","F:\WebsiteProjects\foreach-website-2026\public\images\products\FIT\Quick connector_200x200_01_v001.jpg","data/resources/fitting-replacement/all-compatible-products.generated.ts","第 3432 行","无需处理"
"2907","","869028","","","快插接头","正常","imagePath","/images/products/FIT/Quick connector_200x200_01_v001.jpg","F:\WebsiteProjects\foreach-website-2026\public\images\products\FIT\Quick connector_200x200_01_v001.jpg","data/resources/fitting-replacement/all-compatible-products.generated.ts","第 3448 行","无需处理"
"2908","","869008","","","快插接头","正常","imagePath","/images/products/FIT/Quick connector_200x200_01_v001.jpg","F:\WebsiteProjects\foreach-website-2026\public\images\products\FIT\Quick connector_200x200_01_v001.jpg","data/resources/fitting-replacement/all-compatible-products.generated.ts","第 3464 行","无需处理"
"2909","","869023","","","快插接头","正常","imagePath","/images/products/FIT/Quick connector_200x200_01_v001.jpg","F:\WebsiteProjects\foreach-website-2026\public\images\products\FIT\Quick connector_200x200_01_v001.jpg","data/resources/fitting-replacement/all-compatible-products.generated.ts","第 3480 行","无需处理"
"2910","","869003","","","快插接头","正常","imagePath","/images/products/FIT/Quick connector_200x200_01_v001.jpg","F:\WebsiteProjects\foreach-website-2026\public\images\products\FIT\Quick connector_200x200_01_v001.jpg","data/resources/fitting-replacement/all-compatible-products.generated.ts","第 3496 行","无需处理"
"2911","","869035","","","快插接头","正常","imagePath","/images/products/FIT/Quick connector_200x200_01_v001.jpg","F:\WebsiteProjects\foreach-website-2026\public\images\products\FIT\Quick connector_200x200_01_v001.jpg","data/resources/fitting-replacement/all-compatible-products.generated.ts","第 3512 行","无需处理"
"2912","","869015","","","快插接头","正常","imagePath","/images/products/FIT/Quick connector_200x200_01_v001.jpg","F:\WebsiteProjects\foreach-website-2026\public\images\products\FIT\Quick connector_200x200_01_v001.jpg","data/resources/fitting-replacement/all-compatible-products.generated.ts","第 3528 行","无需处理"
"2913","","869025","","","快插接头","正常","imagePath","/images/products/FIT/Quick connector_200x200_01_v001.jpg","F:\WebsiteProjects\foreach-website-2026\public\images\products\FIT\Quick connector_200x200_01_v001.jpg","data/resources/fitting-replacement/all-compatible-products.generated.ts","第 3544 行","无需处理"
"2914","","869005","","","快插接头","正常","imagePath","/images/products/FIT/Quick connector_200x200_01_v001.jpg","F:\WebsiteProjects\foreach-website-2026\public\images\products\FIT\Quick connector_200x200_01_v001.jpg","data/resources/fitting-replacement/all-compatible-products.generated.ts","第 3560 行","无需处理"
"2915","","869034","","","快插接头","正常","imagePath","/images/products/FIT/Quick connector_200x200_01_v001.jpg","F:\WebsiteProjects\foreach-website-2026\public\images\products\FIT\Quick connector_200x200_01_v001.jpg","data/resources/fitting-replacement/all-compatible-products.generated.ts","第 3576 行","无需处理"
"2916","","869014","","","快插接头","正常","imagePath","/images/products/FIT/Quick connector_200x200_01_v001.jpg","F:\WebsiteProjects\foreach-website-2026\public\images\products\FIT\Quick connector_200x200_01_v001.jpg","data/resources/fitting-replacement/all-compatible-products.generated.ts","第 3592 行","无需处理"
"2917","","869024","","","快插接头","正常","imagePath","/images/products/FIT/Quick connector_200x200_01_v001.jpg","F:\WebsiteProjects\foreach-website-2026\public\images\products\FIT\Quick connector_200x200_01_v001.jpg","data/resources/fitting-replacement/all-compatible-products.generated.ts","第 3608 行","无需处理"
"2918","","869004","","","快插接头","正常","imagePath","/images/products/FIT/Quick connector_200x200_01_v001.jpg","F:\WebsiteProjects\foreach-website-2026\public\images\products\FIT\Quick connector_200x200_01_v001.jpg","data/resources/fitting-replacement/all-compatible-products.generated.ts","第 3624 行","无需处理"
"2919","","809728","","","新版标滚卡箍接头","正常","imagePath","/images/products/fittings/hard-tube-fittings/standard-ferrule-fitting/hn-m6-16-pk-n-main.jpg","F:\WebsiteProjects\foreach-website-2026\public\images\products\fittings\hard-tube-fittings\standard-ferrule-fitting\hn-m6-16-pk-n-main.jpg","data/resources/fitting-replacement/all-compatible-products.generated.ts","第 3640 行","无需处理"
"2920","","809729","","","新版标滚卡箍接头","正常","imagePath","/images/products/fittings/hard-tube-fittings/standard-ferrule-fitting/hn-m6-32-pk-n-main.jpg","F:\WebsiteProjects\foreach-website-2026\public\images\products\fittings\hard-tube-fittings\standard-ferrule-fitting\hn-m6-32-pk-n-main.jpg","data/resources/fitting-replacement/all-compatible-products.generated.ts","第 3655 行","无需处理"
"2921","","809726","","","新版标滚卡箍接头","正常","imagePath","/images/products/fittings/hard-tube-fittings/standard-ferrule-fitting/hn-u28-16-pk-n-main.jpg","F:\WebsiteProjects\foreach-website-2026\public\images\products\fittings\hard-tube-fittings\standard-ferrule-fitting\hn-u28-16-pk-n-main.jpg","data/resources/fitting-replacement/all-compatible-products.generated.ts","第 3670 行","无需处理"
"2922","","809727","","","新版标滚卡箍接头","正常","imagePath","/images/products/fittings/hard-tube-fittings/standard-ferrule-fitting/hn-u28-32-pk-n-main.jpg","F:\WebsiteProjects\foreach-website-2026\public\images\products\fittings\hard-tube-fittings\standard-ferrule-fitting\hn-u28-32-pk-n-main.jpg","data/resources/fitting-replacement/all-compatible-products.generated.ts","第 3685 行","无需处理"
"2923","","809732","","","新版紧凑卡箍接头","正常","imagePath","/images/products/fittings/hard-tube-fittings/compact-ferrule-fitting/hn6-m6-16-pk-n-main.jpg","F:\WebsiteProjects\foreach-website-2026\public\images\products\fittings\hard-tube-fittings\compact-ferrule-fitting\hn6-m6-16-pk-n-main.jpg","data/resources/fitting-replacement/all-compatible-products.generated.ts","第 3700 行","无需处理"
"2924","","809733","","","新版紧凑卡箍接头","正常","imagePath","/images/products/fittings/hard-tube-fittings/compact-ferrule-fitting/hn6-m6-32-pk-n-main.jpg","F:\WebsiteProjects\foreach-website-2026\public\images\products\fittings\hard-tube-fittings\compact-ferrule-fitting\hn6-m6-32-pk-n-main.jpg","data/resources/fitting-replacement/all-compatible-products.generated.ts","第 3715 行","无需处理"
"2925","","809730","","","新版紧凑卡箍接头","正常","imagePath","/images/products/fittings/hard-tube-fittings/compact-ferrule-fitting/hn6-u28-16-pk-n-main.jpg","F:\WebsiteProjects\foreach-website-2026\public\images\products\fittings\hard-tube-fittings\compact-ferrule-fitting\hn6-u28-16-pk-n-main.jpg","data/resources/fitting-replacement/all-compatible-products.generated.ts","第 3730 行","无需处理"
"2926","","809923","","","新版紧凑卡箍接头","正常","imagePath","/images/products/fittings/hard-tube-fittings/compact-ferrule-fitting/hn6-u28-32-main.jpg","F:\WebsiteProjects\foreach-website-2026\public\images\products\fittings\hard-tube-fittings\compact-ferrule-fitting\hn6-u28-32-main.jpg","data/resources/fitting-replacement/all-compatible-products.generated.ts","第 3745 行","无需处理"
"2927","","809753","","","新版紧凑平底接头","正常","imagePath","/images/products/fittings/hard-tube-fittings/compact-flat-bottom-fitting/hf6-u28-20-ps-b-main.jpg","F:\WebsiteProjects\foreach-website-2026\public\images\products\fittings\hard-tube-fittings\compact-flat-bottom-fitting\hf6-u28-20-ps-b-main.jpg","data/resources/fitting-replacement/all-compatible-products.generated.ts","第 3760 行","无需处理"
"2928","","809755","","","新版紧凑平底接头","正常","imagePath","/images/products/fittings/hard-tube-fittings/compact-flat-bottom-fitting/hf6-u28-25-ps-b-main.jpg","F:\WebsiteProjects\foreach-website-2026\public\images\products\fittings\hard-tube-fittings\compact-flat-bottom-fitting\hf6-u28-25-ps-b-main.jpg","data/resources/fitting-replacement/all-compatible-products.generated.ts","第 3775 行","无需处理"
"2929","","809757","","","新版紧凑平底接头","正常","imagePath","/images/products/fittings/hard-tube-fittings/compact-flat-bottom-fitting/hf6-u28-32-ps-b-main.jpg","F:\WebsiteProjects\foreach-website-2026\public\images\products\fittings\hard-tube-fittings\compact-flat-bottom-fitting\hf6-u28-32-ps-b-main.jpg","data/resources/fitting-replacement/all-compatible-products.generated.ts","第 3790 行","无需处理"
"2930","","849032","","","快插接头","未配置主图字段","","","","data/resources/fitting-replacement/compatible-models.audit.json","$.audit.duplicateMappings[0].products[0]","确认该产品数据是否缺少主图字段；补图前暂不发布"
"2931","","849027","","","快插接头","未配置主图字段","","","","data/resources/fitting-replacement/compatible-models.audit.json","$.audit.duplicateMappings[0].products[1]","确认该产品数据是否缺少主图字段；补图前暂不发布"
"2932","","849033","","","快插接头","未配置主图字段","","","","data/resources/fitting-replacement/compatible-models.audit.json","$.audit.duplicateMappings[1].products[0]","确认该产品数据是否缺少主图字段；补图前暂不发布"
"2933","","849028","","","快插接头","未配置主图字段","","","","data/resources/fitting-replacement/compatible-models.audit.json","$.audit.duplicateMappings[1].products[1]","确认该产品数据是否缺少主图字段；补图前暂不发布"
"2934","","849030","","","快插接头","未配置主图字段","","","","data/resources/fitting-replacement/compatible-models.audit.json","$.audit.duplicateMappings[2].products[0]","确认该产品数据是否缺少主图字段；补图前暂不发布"
"2935","","849027","","","快插接头","未配置主图字段","","","","data/resources/fitting-replacement/compatible-models.audit.json","$.audit.duplicateMappings[2].products[1]","确认该产品数据是否缺少主图字段；补图前暂不发布"
"2936","单向阀 膜片式 CV-BV-32-PP-N 126007","126007","","","单向阀","未配置主图字段","","","","data/resources/fitting-replacement/compatible-models.audit.json","$.products[0]","确认该产品数据是否缺少主图字段；补图前暂不发布"
"2937","单向阀 膜片式 CV-BV-48-PP-N 126009","126009","","","单向阀","未配置主图字段","","","","data/resources/fitting-replacement/compatible-models.audit.json","$.products[1]","确认该产品数据是否缺少主图字段；补图前暂不发布"
"2938","单向阀 膜片式 CV-BV-64-PP-N 126011","126011","","","单向阀","未配置主图字段","","","","data/resources/fitting-replacement/compatible-models.audit.json","$.products[2]","确认该产品数据是否缺少主图字段；补图前暂不发布"
"2939","高压标准接头 PNC-U32-16-PK-N","809791","","","高压接头","未配置主图字段","","","","data/resources/fitting-replacement/compatible-models.audit.json","$.products[3]","确认该产品数据是否缺少主图字段；补图前暂不发布"
"2940","高压紧凑接头 PNC6-U32-16-PK-N","809661","","","高压接头","未配置主图字段","","","","data/resources/fitting-replacement/compatible-models.audit.json","$.products[4]","确认该产品数据是否缺少主图字段；补图前暂不发布"
"2941","过滤器 G-178-32-PA-V 136005","136005","","","过滤器","未配置主图字段","","","","data/resources/fitting-replacement/compatible-models.audit.json","$.products[5]","确认该产品数据是否缺少主图字段；补图前暂不发布"
"2942","过滤器 G-178-48-PA-V 136004","136004","","","过滤器","未配置主图字段","","","","data/resources/fitting-replacement/compatible-models.audit.json","$.products[6]","确认该产品数据是否缺少主图字段；补图前暂不发布"
"2943","过滤器 G-178-64-PA-V 136003","136003","","","过滤器","未配置主图字段","","","","data/resources/fitting-replacement/compatible-models.audit.json","$.products[7]","确认该产品数据是否缺少主图字段；补图前暂不发布"
"2944","标滚卡箍接头HNE-U28-32-PP-N","809927","","","环保接头","未配置主图字段","","","","data/resources/fitting-replacement/compatible-models.audit.json","$.products[8]","确认该产品数据是否缺少主图字段；补图前暂不发布"
"2945","紧凑六方卡箍接头HNE6-U28-32-PS-B","809922","","","环保接头","未配置主图字段","","","","data/resources/fitting-replacement/compatible-models.audit.json","$.products[9]","确认该产品数据是否缺少主图字段；补图前暂不发布"
"2946","标滚平底接头 HFL-M6-16-PV-B","809421","","","旧版标滚平底接头","未配置主图字段","","","","data/resources/fitting-replacement/compatible-models.audit.json","$.products[10]","确认该产品数据是否缺少主图字段；补图前暂不发布"
"2947","标滚平底接头 HFL-M6-32-PV-B","809423","","","旧版标滚平底接头","未配置主图字段","","","","data/resources/fitting-replacement/compatible-models.audit.json","$.products[11]","确认该产品数据是否缺少主图字段；补图前暂不发布"
"2948","标滚平底接头 HFL-U28-16-PV-B","809391","","","旧版标滚平底接头","未配置主图字段","","","","data/resources/fitting-replacement/compatible-models.audit.json","$.products[12]","确认该产品数据是否缺少主图字段；补图前暂不发布"
"2949","标滚平底接头 HFL-U28-16-PV-N","809030","","","旧版标滚平底接头","未配置主图字段","","","","data/resources/fitting-replacement/compatible-models.audit.json","$.products[13]","确认该产品数据是否缺少主图字段；补图前暂不发布"
"2950","标滚平底接头 HFL-U28-20-PV-N","809040","","","旧版标滚平底接头","未配置主图字段","","","","data/resources/fitting-replacement/compatible-models.audit.json","$.products[14]","确认该产品数据是否缺少主图字段；补图前暂不发布"
"2951","标滚平底接头 HFL-U28-25-PV-N","809052","","","旧版标滚平底接头","未配置主图字段","","","","data/resources/fitting-replacement/compatible-models.audit.json","$.products[15]","确认该产品数据是否缺少主图字段；补图前暂不发布"
"2952","标滚平底接头 HFL-U28-30-PV-N","809047","","","旧版标滚平底接头","未配置主图字段","","","","data/resources/fitting-replacement/compatible-models.audit.json","$.products[16]","确认该产品数据是否缺少主图字段；补图前暂不发布"
"2953","标滚平底接头 HFL-U28-32-PV-N","809035","","","旧版标滚平底接头","未配置主图字段","","","","data/resources/fitting-replacement/compatible-models.audit.json","$.products[17]","确认该产品数据是否缺少主图字段；补图前暂不发布"
"2954","紧凑卡箍接头 HNF6-M6-16-PS-B","809128","","","旧版紧凑卡箍接头","未配置主图字段","","","","data/resources/fitting-replacement/compatible-models.audit.json","$.products[18]","确认该产品数据是否缺少主图字段；补图前暂不发布"
"2955","紧凑卡箍接头 HNF6-M6-32-PS-B","809138","","","旧版紧凑卡箍接头","未配置主图字段","","","","data/resources/fitting-replacement/compatible-models.audit.json","$.products[19]","确认该产品数据是否缺少主图字段；补图前暂不发布"
"2956","紧凑卡箍接头 HNF6-U28-16-PS-B","809127","","","旧版紧凑卡箍接头","未配置主图字段","","","","data/resources/fitting-replacement/compatible-models.audit.json","$.products[20]","确认该产品数据是否缺少主图字段；补图前暂不发布"
"2957","紧凑卡箍接头 HNF6-U28-32-PS-B","809137","","","旧版紧凑卡箍接头","未配置主图字段","","","","data/resources/fitting-replacement/compatible-models.audit.json","$.products[21]","确认该产品数据是否缺少主图字段；补图前暂不发布"
"2958","紧凑平底接头 HFL6-M6-16-PS-B","809058","","","旧版紧凑平底接头","未配置主图字段","","","","data/resources/fitting-replacement/compatible-models.audit.json","$.products[22]","确认该产品数据是否缺少主图字段；补图前暂不发布"
"2959","紧凑平底接头 HFL6-M6-20-PS-B","809078","","","旧版紧凑平底接头","未配置主图字段","","","","data/resources/fitting-replacement/compatible-models.audit.json","$.products[23]","确认该产品数据是否缺少主图字段；补图前暂不发布"
"2960","紧凑平底接头 HFL6-M6-25-PS-B","809098","","","旧版紧凑平底接头","未配置主图字段","","","","data/resources/fitting-replacement/compatible-models.audit.json","$.products[24]","确认该产品数据是否缺少主图字段；补图前暂不发布"
"2961","紧凑平底接头 HFL6-M6-30-PS-B","809088","","","旧版紧凑平底接头","未配置主图字段","","","","data/resources/fitting-replacement/compatible-models.audit.json","$.products[25]","确认该产品数据是否缺少主图字段；补图前暂不发布"
"2962","紧凑平底接头 HFL6-U28-16-PS-B","809057","","","旧版紧凑平底接头","未配置主图字段","","","","data/resources/fitting-replacement/compatible-models.audit.json","$.products[26]","确认该产品数据是否缺少主图字段；补图前暂不发布"
"2963","紧凑平底接头 HFL6-U28-16-PS-U","809550","","","旧版紧凑平底接头","未配置主图字段","","","","data/resources/fitting-replacement/compatible-models.audit.json","$.products[27]","确认该产品数据是否缺少主图字段；补图前暂不发布"
"2964","紧凑平底接头 HFL6-U28-20-PS-B","809077","","","旧版紧凑平底接头","未配置主图字段","","","","data/resources/fitting-replacement/compatible-models.audit.json","$.products[28]","确认该产品数据是否缺少主图字段；补图前暂不发布"
"2965","紧凑平底接头 HFL6-U28-25-PS-B","809097","","","旧版紧凑平底接头","未配置主图字段","","","","data/resources/fitting-replacement/compatible-models.audit.json","$.products[29]","确认该产品数据是否缺少主图字段；补图前暂不发布"
"2966","紧凑平底接头 HFL6-U28-30-PS-B","809087","","","旧版紧凑平底接头","未配置主图字段","","","","data/resources/fitting-replacement/compatible-models.audit.json","$.products[30]","确认该产品数据是否缺少主图字段；补图前暂不发布"
"2967","卡箍 CL-0-16-ET-N","809201","","","卡箍","未配置主图字段","","","","data/resources/fitting-replacement/compatible-models.audit.json","$.products[31]","确认该产品数据是否缺少主图字段；补图前暂不发布"
"2968","卡箍 CL-0-20-ET-N","809205","","","卡箍","未配置主图字段","","","","data/resources/fitting-replacement/compatible-models.audit.json","$.products[32]","确认该产品数据是否缺少主图字段；补图前暂不发布"
"2969","卡箍 CL-0-25-ET-N","809207","","","卡箍","未配置主图字段","","","","data/resources/fitting-replacement/compatible-models.audit.json","$.products[33]","确认该产品数据是否缺少主图字段；补图前暂不发布"
"2970","卡箍 CL-0-30-ET-N","809209","","","卡箍","未配置主图字段","","","","data/resources/fitting-replacement/compatible-models.audit.json","$.products[34]","确认该产品数据是否缺少主图字段；补图前暂不发布"
"2971","卡箍 CL-0-32-ET-N","809203","","","卡箍","未配置主图字段","","","","data/resources/fitting-replacement/compatible-models.audit.json","$.products[35]","确认该产品数据是否缺少主图字段；补图前暂不发布"
"2972","卡箍 CL-0X-16-ET-N","809731","","","卡箍","未配置主图字段","","","","data/resources/fitting-replacement/compatible-models.audit.json","$.products[36]","确认该产品数据是否缺少主图字段；补图前暂不发布"
"2973","卡箍 CL-0X-20-ET-N","809734","","","卡箍","未配置主图字段","","","","data/resources/fitting-replacement/compatible-models.audit.json","$.products[37]","确认该产品数据是否缺少主图字段；补图前暂不发布"
"2974","卡箍 CL-0X-25-ET-N","809735","","","卡箍","未配置主图字段","","","","data/resources/fitting-replacement/compatible-models.audit.json","$.products[38]","确认该产品数据是否缺少主图字段；补图前暂不发布"
"2975","卡箍 CL-0X-30-ET-N","809736","","","卡箍","未配置主图字段","","","","data/resources/fitting-replacement/compatible-models.audit.json","$.products[39]","确认该产品数据是否缺少主图字段；补图前暂不发布"
"2976","卡箍 CL-0X-32-ET-N","809780","","","卡箍","未配置主图字段","","","","data/resources/fitting-replacement/compatible-models.audit.json","$.products[40]","确认该产品数据是否缺少主图字段；补图前暂不发布"
"2977","标滚卡环接头 HSF-U28-16-PK-N 809937","809937","","","卡环接头","未配置主图字段","","","","data/resources/fitting-replacement/compatible-models.audit.json","$.products[41]","确认该产品数据是否缺少主图字段；补图前暂不发布"
"2978","标滚卡环接头 HSF-U28-32-PEEK-N","809861","","","卡环接头","未配置主图字段","","","","data/resources/fitting-replacement/compatible-models.audit.json","$.products[42]","确认该产品数据是否缺少主图字段；补图前暂不发布"
"2979","紧凑卡环接头 HSF6-U28-16-PS-B","809814","","","卡环接头","未配置主图字段","","","","data/resources/fitting-replacement/compatible-models.audit.json","$.products[43]","确认该产品数据是否缺少主图字段；补图前暂不发布"
"2980","紧凑卡环接头 HSF6-U28-32-PK-N 809828 短","809828","","","卡环接头","未配置主图字段","","","","data/resources/fitting-replacement/compatible-models.audit.json","$.products[44]","确认该产品数据是否缺少主图字段；补图前暂不发布"
"2981","紧凑卡环接头 HSF6-U28-32-PS-B","809815","","","卡环接头","未配置主图字段","","","","data/resources/fitting-replacement/compatible-models.audit.json","$.products[45]","确认该产品数据是否缺少主图字段；补图前暂不发布"
"2982","紧凑卡环接头HSF6-U28-16-PK-N","809945","","","卡环接头","未配置主图字段","","","","data/resources/fitting-replacement/compatible-models.audit.json","$.products[46]","确认该产品数据是否缺少主图字段；补图前暂不发布"
"2983","卡环套件 CL-1-16 809654（两件套）","809654","","","卡环套件","未配置主图字段","","","","data/resources/fitting-replacement/compatible-models.audit.json","$.products[47]","确认该产品数据是否缺少主图字段；补图前暂不发布"
"2984","卡环套件 CL-1S-16 809801(两件套)","809801","","","卡环套件","未配置主图字段","","","","data/resources/fitting-replacement/compatible-models.audit.json","$.products[48]","确认该产品数据是否缺少主图字段；补图前暂不发布"
"2985","卡环套件 CL-1S-20 809802 (两件套)","809802","","","卡环套件","未配置主图字段","","","","data/resources/fitting-replacement/compatible-models.audit.json","$.products[49]","确认该产品数据是否缺少主图字段；补图前暂不发布"
"2986","卡环套件 CL-1S-25 809803 (两件套)","809803","","","卡环套件","未配置主图字段","","","","data/resources/fitting-replacement/compatible-models.audit.json","$.products[50]","确认该产品数据是否缺少主图字段；补图前暂不发布"
"2987","卡环套件 CL-1S-30 809804 (两件套)","809804","","","卡环套件","未配置主图字段","","","","data/resources/fitting-replacement/compatible-models.audit.json","$.products[51]","确认该产品数据是否缺少主图字段；补图前暂不发布"
"2988","卡环套件 CL-1S-32 809805 (两件套)","809805","","","卡环套件","未配置主图字段","","","","data/resources/fitting-replacement/compatible-models.audit.json","$.products[52]","确认该产品数据是否缺少主图字段；补图前暂不发布"
"2989","卡环套件 CL-1X-16 809653（两件套）","809653","","","卡环套件","未配置主图字段","","","","data/resources/fitting-replacement/compatible-models.audit.json","$.products[53]","确认该产品数据是否缺少主图字段；补图前暂不发布"
"2990","Q2001-PMV-SACN","839041","","","快插接头","未配置主图字段","","","","data/resources/fitting-replacement/compatible-models.audit.json","$.products[54]","确认该产品数据是否缺少主图字段；补图前暂不发布"
"2991","Q2001-PMV-SPPE","839085","","","快插接头","未配置主图字段","","","","data/resources/fitting-replacement/compatible-models.audit.json","$.products[55]","确认该产品数据是否缺少主图字段；补图前暂不发布"
"2992","Q2001-PMX-SACN","839019","","","快插接头","未配置主图字段","","","","data/resources/fitting-replacement/compatible-models.audit.json","$.products[56]","确认该产品数据是否缺少主图字段；补图前暂不发布"
"2993","Q2001-PMX-SPPE","839063","","","快插接头","未配置主图字段","","","","data/resources/fitting-replacement/compatible-models.audit.json","$.products[57]","确认该产品数据是否缺少主图字段；补图前暂不发布"
"2994","Q2001-PNV-SACN","839034","","","快插接头","未配置主图字段","","","","data/resources/fitting-replacement/compatible-models.audit.json","$.products[58]","确认该产品数据是否缺少主图字段；补图前暂不发布"
"2995","Q2001-PNV-SPPE","839078","","","快插接头","未配置主图字段","","","","data/resources/fitting-replacement/compatible-models.audit.json","$.products[59]","确认该产品数据是否缺少主图字段；补图前暂不发布"
"2996","Q2001-PNX-SACN","839012","","","快插接头","未配置主图字段","","","","data/resources/fitting-replacement/compatible-models.audit.json","$.products[60]","确认该产品数据是否缺少主图字段；补图前暂不发布"
"2997","Q2001-PNX-SPPE","839056","","","快插接头","未配置主图字段","","","","data/resources/fitting-replacement/compatible-models.audit.json","$.products[61]","确认该产品数据是否缺少主图字段；补图前暂不发布"
"2998","Q2001-SMV-SACN","839030","","","快插接头","未配置主图字段","","","","data/resources/fitting-replacement/compatible-models.audit.json","$.products[62]","确认该产品数据是否缺少主图字段；补图前暂不发布"
"2999","Q2001-SMV-SPPE","839074","","","快插接头","未配置主图字段","","","","data/resources/fitting-replacement/compatible-models.audit.json","$.products[63]","确认该产品数据是否缺少主图字段；补图前暂不发布"
"3000","Q2001-SMX-SACN","839008","","","快插接头","未配置主图字段","","","","data/resources/fitting-replacement/compatible-models.audit.json","$.products[64]","确认该产品数据是否缺少主图字段；补图前暂不发布"
"3001","Q2001-SMX-SPPE","839052","","","快插接头","未配置主图字段","","","","data/resources/fitting-replacement/compatible-models.audit.json","$.products[65]","确认该产品数据是否缺少主图字段；补图前暂不发布"
"3002","Q2001-SNV-SACN","839023","","","快插接头","未配置主图字段","","","","data/resources/fitting-replacement/compatible-models.audit.json","$.products[66]","确认该产品数据是否缺少主图字段；补图前暂不发布"
"3003","Q2001-SNV-SPPE","839067","","","快插接头","未配置主图字段","","","","data/resources/fitting-replacement/compatible-models.audit.json","$.products[67]","确认该产品数据是否缺少主图字段；补图前暂不发布"
"3004","Q2001-SNX-SACN","839001","","","快插接头","未配置主图字段","","","","data/resources/fitting-replacement/compatible-models.audit.json","$.products[68]","确认该产品数据是否缺少主图字段；补图前暂不发布"
"3005","Q2001-SNX-SPPE","839045","","","快插接头","未配置主图字段","","","","data/resources/fitting-replacement/compatible-models.audit.json","$.products[69]","确认该产品数据是否缺少主图字段；补图前暂不发布"
"3006","Q2002-PMV-SACN","839042","","","快插接头","未配置主图字段","","","","data/resources/fitting-replacement/compatible-models.audit.json","$.products[70]","确认该产品数据是否缺少主图字段；补图前暂不发布"
"3007","Q2002-PMV-SPPE","839086","","","快插接头","未配置主图字段","","","","data/resources/fitting-replacement/compatible-models.audit.json","$.products[71]","确认该产品数据是否缺少主图字段；补图前暂不发布"
"3008","Q2002-PMX-SACN","839020","","","快插接头","未配置主图字段","","","","data/resources/fitting-replacement/compatible-models.audit.json","$.products[72]","确认该产品数据是否缺少主图字段；补图前暂不发布"
"3009","Q2002-PMX-SPPE","839064","","","快插接头","未配置主图字段","","","","data/resources/fitting-replacement/compatible-models.audit.json","$.products[73]","确认该产品数据是否缺少主图字段；补图前暂不发布"
"3010","Q2002-PNV-LACN","839038","","","快插接头","未配置主图字段","","","","data/resources/fitting-replacement/compatible-models.audit.json","$.products[74]","确认该产品数据是否缺少主图字段；补图前暂不发布"
"3011","Q2002-PNV-LPPE","839082","","","快插接头","未配置主图字段","","","","data/resources/fitting-replacement/compatible-models.audit.json","$.products[75]","确认该产品数据是否缺少主图字段；补图前暂不发布"
"3012","Q2002-PNV-SACN","839035","","","快插接头","未配置主图字段","","","","data/resources/fitting-replacement/compatible-models.audit.json","$.products[76]","确认该产品数据是否缺少主图字段；补图前暂不发布"
"3013","Q2002-PNV-SPPE","839079","","","快插接头","未配置主图字段","","","","data/resources/fitting-replacement/compatible-models.audit.json","$.products[77]","确认该产品数据是否缺少主图字段；补图前暂不发布"
"3014","Q2002-PNX-LACN","839016","","","快插接头","未配置主图字段","","","","data/resources/fitting-replacement/compatible-models.audit.json","$.products[78]","确认该产品数据是否缺少主图字段；补图前暂不发布"
"3015","Q2002-PNX-LPPE","839060","","","快插接头","未配置主图字段","","","","data/resources/fitting-replacement/compatible-models.audit.json","$.products[79]","确认该产品数据是否缺少主图字段；补图前暂不发布"
"3016","Q2002-PNX-SACN","839013","","","快插接头","未配置主图字段","","","","data/resources/fitting-replacement/compatible-models.audit.json","$.products[80]","确认该产品数据是否缺少主图字段；补图前暂不发布"
"3017","Q2002-PNX-SPPE","839057","","","快插接头","未配置主图字段","","","","data/resources/fitting-replacement/compatible-models.audit.json","$.products[81]","确认该产品数据是否缺少主图字段；补图前暂不发布"
"3018","Q2002-SMV-SACN","839031","","","快插接头","未配置主图字段","","","","data/resources/fitting-replacement/compatible-models.audit.json","$.products[82]","确认该产品数据是否缺少主图字段；补图前暂不发布"
"3019","Q2002-SMV-SPPE","839075","","","快插接头","未配置主图字段","","","","data/resources/fitting-replacement/compatible-models.audit.json","$.products[83]","确认该产品数据是否缺少主图字段；补图前暂不发布"
"3020","Q2002-SMX-SACN","839009","","","快插接头","未配置主图字段","","","","data/resources/fitting-replacement/compatible-models.audit.json","$.products[84]","确认该产品数据是否缺少主图字段；补图前暂不发布"
"3021","Q2002-SMX-SPPE","839053","","","快插接头","未配置主图字段","","","","data/resources/fitting-replacement/compatible-models.audit.json","$.products[85]","确认该产品数据是否缺少主图字段；补图前暂不发布"
"3022","Q2002-SNV-LACN","839027","","","快插接头","未配置主图字段","","","","data/resources/fitting-replacement/compatible-models.audit.json","$.products[86]","确认该产品数据是否缺少主图字段；补图前暂不发布"
"3023","Q2002-SNV-SACN","839024","","","快插接头","未配置主图字段","","","","data/resources/fitting-replacement/compatible-models.audit.json","$.products[87]","确认该产品数据是否缺少主图字段；补图前暂不发布"
"3024","Q2002-SNV-SPPE","839068","","","快插接头","未配置主图字段","","","","data/resources/fitting-replacement/compatible-models.audit.json","$.products[88]","确认该产品数据是否缺少主图字段；补图前暂不发布"
"3025","Q2002-SNX-LACN","839005","","","快插接头","未配置主图字段","","","","data/resources/fitting-replacement/compatible-models.audit.json","$.products[89]","确认该产品数据是否缺少主图字段；补图前暂不发布"
"3026","Q2002-SNX-SACN","839002","","","快插接头","未配置主图字段","","","","data/resources/fitting-replacement/compatible-models.audit.json","$.products[90]","确认该产品数据是否缺少主图字段；补图前暂不发布"
"3027","Q2002-SNX-SPPE","839046","","","快插接头","未配置主图字段","","","","data/resources/fitting-replacement/compatible-models.audit.json","$.products[91]","确认该产品数据是否缺少主图字段；补图前暂不发布"
"3028","Q2003-PMV-SACN","839043","","","快插接头","未配置主图字段","","","","data/resources/fitting-replacement/compatible-models.audit.json","$.products[92]","确认该产品数据是否缺少主图字段；补图前暂不发布"
"3029","Q2003-PMV-SPPE","839087","","","快插接头","未配置主图字段","","","","data/resources/fitting-replacement/compatible-models.audit.json","$.products[93]","确认该产品数据是否缺少主图字段；补图前暂不发布"
"3030","Q2003-PMX-SACN","839021","","","快插接头","未配置主图字段","","","","data/resources/fitting-replacement/compatible-models.audit.json","$.products[94]","确认该产品数据是否缺少主图字段；补图前暂不发布"
"3031","Q2003-PMX-SPPE","839065","","","快插接头","未配置主图字段","","","","data/resources/fitting-replacement/compatible-models.audit.json","$.products[95]","确认该产品数据是否缺少主图字段；补图前暂不发布"
"3032","Q2003-PNV-SACN","839036","","","快插接头","未配置主图字段","","","","data/resources/fitting-replacement/compatible-models.audit.json","$.products[96]","确认该产品数据是否缺少主图字段；补图前暂不发布"
"3033","Q2003-PNV-SPPE","839080","","","快插接头","未配置主图字段","","","","data/resources/fitting-replacement/compatible-models.audit.json","$.products[97]","确认该产品数据是否缺少主图字段；补图前暂不发布"
"3034","Q2003-PNX-SACN","839014","","","快插接头","未配置主图字段","","","","data/resources/fitting-replacement/compatible-models.audit.json","$.products[98]","确认该产品数据是否缺少主图字段；补图前暂不发布"
"3035","Q2003-PNX-SPPE","839058","","","快插接头","未配置主图字段","","","","data/resources/fitting-replacement/compatible-models.audit.json","$.products[99]","确认该产品数据是否缺少主图字段；补图前暂不发布"
"3036","Q2003-SMV-SACN","839032","","","快插接头","未配置主图字段","","","","data/resources/fitting-replacement/compatible-models.audit.json","$.products[100]","确认该产品数据是否缺少主图字段；补图前暂不发布"
"3037","Q2003-SMV-SPPE","839076","","","快插接头","未配置主图字段","","","","data/resources/fitting-replacement/compatible-models.audit.json","$.products[101]","确认该产品数据是否缺少主图字段；补图前暂不发布"
"3038","Q2003-SMX-SACN","839010","","","快插接头","未配置主图字段","","","","data/resources/fitting-replacement/compatible-models.audit.json","$.products[102]","确认该产品数据是否缺少主图字段；补图前暂不发布"
"3039","Q2003-SMX-SPPE","839054","","","快插接头","未配置主图字段","","","","data/resources/fitting-replacement/compatible-models.audit.json","$.products[103]","确认该产品数据是否缺少主图字段；补图前暂不发布"
"3040","Q2003-SNV-SACN","839025","","","快插接头","未配置主图字段","","","","data/resources/fitting-replacement/compatible-models.audit.json","$.products[104]","确认该产品数据是否缺少主图字段；补图前暂不发布"
"3041","Q2003-SNV-SPPE","839069","","","快插接头","未配置主图字段","","","","data/resources/fitting-replacement/compatible-models.audit.json","$.products[105]","确认该产品数据是否缺少主图字段；补图前暂不发布"
"3042","Q2003-SNX-SACN","839003","","","快插接头","未配置主图字段","","","","data/resources/fitting-replacement/compatible-models.audit.json","$.products[106]","确认该产品数据是否缺少主图字段；补图前暂不发布"
"3043","Q2003-SNX-SPPE","839047","","","快插接头","未配置主图字段","","","","data/resources/fitting-replacement/compatible-models.audit.json","$.products[107]","确认该产品数据是否缺少主图字段；补图前暂不发布"
"3044","Q2004-PMV-SACN","839044","","","快插接头","未配置主图字段","","","","data/resources/fitting-replacement/compatible-models.audit.json","$.products[108]","确认该产品数据是否缺少主图字段；补图前暂不发布"
"3045","Q2004-PMV-SPPE","839088","","","快插接头","未配置主图字段","","","","data/resources/fitting-replacement/compatible-models.audit.json","$.products[109]","确认该产品数据是否缺少主图字段；补图前暂不发布"
"3046","Q2004-PMX-SACN","839022","","","快插接头","未配置主图字段","","","","data/resources/fitting-replacement/compatible-models.audit.json","$.products[110]","确认该产品数据是否缺少主图字段；补图前暂不发布"
"3047","Q2004-PMX-SPPE","839066","","","快插接头","未配置主图字段","","","","data/resources/fitting-replacement/compatible-models.audit.json","$.products[111]","确认该产品数据是否缺少主图字段；补图前暂不发布"
"3048","Q2004-PNV-LACN","839039","","","快插接头","未配置主图字段","","","","data/resources/fitting-replacement/compatible-models.audit.json","$.products[112]","确认该产品数据是否缺少主图字段；补图前暂不发布"
"3049","Q2004-PNV-LPPE","839083","","","快插接头","未配置主图字段","","","","data/resources/fitting-replacement/compatible-models.audit.json","$.products[113]","确认该产品数据是否缺少主图字段；补图前暂不发布"
"3050","Q2004-PNV-SACN","839037","","","快插接头","未配置主图字段","","","","data/resources/fitting-replacement/compatible-models.audit.json","$.products[114]","确认该产品数据是否缺少主图字段；补图前暂不发布"
"3051","Q2004-PNV-SPPE","839081","","","快插接头","未配置主图字段","","","","data/resources/fitting-replacement/compatible-models.audit.json","$.products[115]","确认该产品数据是否缺少主图字段；补图前暂不发布"
"3052","Q2004-PNX-LACN","839017","","","快插接头","未配置主图字段","","","","data/resources/fitting-replacement/compatible-models.audit.json","$.products[116]","确认该产品数据是否缺少主图字段；补图前暂不发布"
"3053","Q2004-PNX-LPPE","839061","","","快插接头","未配置主图字段","","","","data/resources/fitting-replacement/compatible-models.audit.json","$.products[117]","确认该产品数据是否缺少主图字段；补图前暂不发布"
"3054","Q2004-PNX-SACN","839015","","","快插接头","未配置主图字段","","","","data/resources/fitting-replacement/compatible-models.audit.json","$.products[118]","确认该产品数据是否缺少主图字段；补图前暂不发布"
"3055","Q2004-PNX-SPPE","839059","","","快插接头","未配置主图字段","","","","data/resources/fitting-replacement/compatible-models.audit.json","$.products[119]","确认该产品数据是否缺少主图字段；补图前暂不发布"
"3056","Q2004-SMV-SACN","839033","","","快插接头","未配置主图字段","","","","data/resources/fitting-replacement/compatible-models.audit.json","$.products[120]","确认该产品数据是否缺少主图字段；补图前暂不发布"
"3057","Q2004-SMV-SPPE","839077","","","快插接头","未配置主图字段","","","","data/resources/fitting-replacement/compatible-models.audit.json","$.products[121]","确认该产品数据是否缺少主图字段；补图前暂不发布"
"3058","Q2004-SMX-SACN","839011","","","快插接头","未配置主图字段","","","","data/resources/fitting-replacement/compatible-models.audit.json","$.products[122]","确认该产品数据是否缺少主图字段；补图前暂不发布"
"3059","Q2004-SMX-SPPE","839055","","","快插接头","未配置主图字段","","","","data/resources/fitting-replacement/compatible-models.audit.json","$.products[123]","确认该产品数据是否缺少主图字段；补图前暂不发布"
"3060","Q2004-SNV-LACN","839028","","","快插接头","未配置主图字段","","","","data/resources/fitting-replacement/compatible-models.audit.json","$.products[124]","确认该产品数据是否缺少主图字段；补图前暂不发布"
"3061","Q2004-SNV-SACN","839026","","","快插接头","未配置主图字段","","","","data/resources/fitting-replacement/compatible-models.audit.json","$.products[125]","确认该产品数据是否缺少主图字段；补图前暂不发布"
"3062","Q2004-SNV-SPPE","839070","","","快插接头","未配置主图字段","","","","data/resources/fitting-replacement/compatible-models.audit.json","$.products[126]","确认该产品数据是否缺少主图字段；补图前暂不发布"
"3063","Q2004-SNX-LACN","839006","","","快插接头","未配置主图字段","","","","data/resources/fitting-replacement/compatible-models.audit.json","$.products[127]","确认该产品数据是否缺少主图字段；补图前暂不发布"
"3064","Q2004-SNX-SACN","839004","","","快插接头","未配置主图字段","","","","data/resources/fitting-replacement/compatible-models.audit.json","$.products[128]","确认该产品数据是否缺少主图字段；补图前暂不发布"
"3065","Q2004-SNX-SPPE","839048","","","快插接头","未配置主图字段","","","","data/resources/fitting-replacement/compatible-models.audit.json","$.products[129]","确认该产品数据是否缺少主图字段；补图前暂不发布"
"3066","Q2018N-PNV-SACN","839040","","","快插接头","未配置主图字段","","","","data/resources/fitting-replacement/compatible-models.audit.json","$.products[130]","确认该产品数据是否缺少主图字段；补图前暂不发布"
"3067","Q2018N-PNV-SPPE","839084","","","快插接头","未配置主图字段","","","","data/resources/fitting-replacement/compatible-models.audit.json","$.products[131]","确认该产品数据是否缺少主图字段；补图前暂不发布"
"3068","Q2018N-PNX-SACN","839018","","","快插接头","未配置主图字段","","","","data/resources/fitting-replacement/compatible-models.audit.json","$.products[132]","确认该产品数据是否缺少主图字段；补图前暂不发布"
"3069","Q2018N-PNX-SPPE","839062","","","快插接头","未配置主图字段","","","","data/resources/fitting-replacement/compatible-models.audit.json","$.products[133]","确认该产品数据是否缺少主图字段；补图前暂不发布"
"3070","Q2018T-SNV-SACN","839109","","","快插接头","未配置主图字段","","","","data/resources/fitting-replacement/compatible-models.audit.json","$.products[134]","确认该产品数据是否缺少主图字段；补图前暂不发布"
"3071","Q2018T-SNV-SPPE","839097","","","快插接头","未配置主图字段","","","","data/resources/fitting-replacement/compatible-models.audit.json","$.products[135]","确认该产品数据是否缺少主图字段；补图前暂不发布"
"3072","Q2018T-SNX-SACN","839110","","","快插接头","未配置主图字段","","","","data/resources/fitting-replacement/compatible-models.audit.json","$.products[136]","确认该产品数据是否缺少主图字段；补图前暂不发布"
"3073","Q2018T-SNX-SPPE","839104","","","快插接头","未配置主图字段","","","","data/resources/fitting-replacement/compatible-models.audit.json","$.products[137]","确认该产品数据是否缺少主图字段；补图前暂不发布"
"3074","Q4004-PMV-SACN","849032","","","快插接头","未配置主图字段","","","","data/resources/fitting-replacement/compatible-models.audit.json","$.products[138]","确认该产品数据是否缺少主图字段；补图前暂不发布"
"3075","Q4004-PMV-SPPE","849066","","","快插接头","未配置主图字段","","","","data/resources/fitting-replacement/compatible-models.audit.json","$.products[139]","确认该产品数据是否缺少主图字段；补图前暂不发布"
"3076","Q4004-PMX-SACN","849015","","","快插接头","未配置主图字段","","","","data/resources/fitting-replacement/compatible-models.audit.json","$.products[140]","确认该产品数据是否缺少主图字段；补图前暂不发布"
"3077","Q4004-PMX-SPPE","849049","","","快插接头","未配置主图字段","","","","data/resources/fitting-replacement/compatible-models.audit.json","$.products[141]","确认该产品数据是否缺少主图字段；补图前暂不发布"
"3078","Q4004-PNV-LACN","849030","","","快插接头","未配置主图字段","","","","data/resources/fitting-replacement/compatible-models.audit.json","$.products[142]","确认该产品数据是否缺少主图字段；补图前暂不发布"
"3079","Q4004-PNV-LPPE","849064","","","快插接头","未配置主图字段","","","","data/resources/fitting-replacement/compatible-models.audit.json","$.products[143]","确认该产品数据是否缺少主图字段；补图前暂不发布"
"3080","Q4004-PNV-SACN","849027","","","快插接头","未配置主图字段","","","","data/resources/fitting-replacement/compatible-models.audit.json","$.products[144]","确认该产品数据是否缺少主图字段；补图前暂不发布"
"3081","Q4004-PNV-SPPE","849061","","","快插接头","未配置主图字段","","","","data/resources/fitting-replacement/compatible-models.audit.json","$.products[145]","确认该产品数据是否缺少主图字段；补图前暂不发布"
"3082","Q4004-PNX-SACN","849010","","","快插接头","未配置主图字段","","","","data/resources/fitting-replacement/compatible-models.audit.json","$.products[146]","确认该产品数据是否缺少主图字段；补图前暂不发布"
"3083","Q4004-PNX-SPPE","849044","","","快插接头","未配置主图字段","","","","data/resources/fitting-replacement/compatible-models.audit.json","$.products[147]","确认该产品数据是否缺少主图字段；补图前暂不发布"
"3084","Q4004-SMV-SACN","849024","","","快插接头","未配置主图字段","","","","data/resources/fitting-replacement/compatible-models.audit.json","$.products[148]","确认该产品数据是否缺少主图字段；补图前暂不发布"
"3085","Q4004-SMV-SPPE","849058","","","快插接头","未配置主图字段","","","","data/resources/fitting-replacement/compatible-models.audit.json","$.products[149]","确认该产品数据是否缺少主图字段；补图前暂不发布"
"3086","Q4004-SMX-SACN","849007","","","快插接头","未配置主图字段","","","","data/resources/fitting-replacement/compatible-models.audit.json","$.products[150]","确认该产品数据是否缺少主图字段；补图前暂不发布"
"3087","Q4004-SMX-SPPE","849041","","","快插接头","未配置主图字段","","","","data/resources/fitting-replacement/compatible-models.audit.json","$.products[151]","确认该产品数据是否缺少主图字段；补图前暂不发布"
"3088","Q4004-SNV-SACN","849018","","","快插接头","未配置主图字段","","","","data/resources/fitting-replacement/compatible-models.audit.json","$.products[152]","确认该产品数据是否缺少主图字段；补图前暂不发布"
"3089","Q4004-SNV-SPPE","849052","","","快插接头","未配置主图字段","","","","data/resources/fitting-replacement/compatible-models.audit.json","$.products[153]","确认该产品数据是否缺少主图字段；补图前暂不发布"
"3090","Q4004-SNX-SACN","849001","","","快插接头","未配置主图字段","","","","data/resources/fitting-replacement/compatible-models.audit.json","$.products[154]","确认该产品数据是否缺少主图字段；补图前暂不发布"
"3091","Q4004-SNX-SPPE","849035","","","快插接头","未配置主图字段","","","","data/resources/fitting-replacement/compatible-models.audit.json","$.products[155]","确认该产品数据是否缺少主图字段；补图前暂不发布"
"3092","Q4005-PMV-SACN","849033","","","快插接头","未配置主图字段","","","","data/resources/fitting-replacement/compatible-models.audit.json","$.products[156]","确认该产品数据是否缺少主图字段；补图前暂不发布"
"3093","Q4005-PMV-SPPE","849067","","","快插接头","未配置主图字段","","","","data/resources/fitting-replacement/compatible-models.audit.json","$.products[157]","确认该产品数据是否缺少主图字段；补图前暂不发布"
"3094","Q4005-PMX-SACN","849016","","","快插接头","未配置主图字段","","","","data/resources/fitting-replacement/compatible-models.audit.json","$.products[158]","确认该产品数据是否缺少主图字段；补图前暂不发布"
"3095","Q4005-PMX-SPPE","849050","","","快插接头","未配置主图字段","","","","data/resources/fitting-replacement/compatible-models.audit.json","$.products[159]","确认该产品数据是否缺少主图字段；补图前暂不发布"
"3096","Q4005-PNV-SACN","849028","","","快插接头","未配置主图字段","","","","data/resources/fitting-replacement/compatible-models.audit.json","$.products[160]","确认该产品数据是否缺少主图字段；补图前暂不发布"
"3097","Q4005-PNV-SPPE","849062","","","快插接头","未配置主图字段","","","","data/resources/fitting-replacement/compatible-models.audit.json","$.products[161]","确认该产品数据是否缺少主图字段；补图前暂不发布"
"3098","Q4005-PNX-SACN","849011","","","快插接头","未配置主图字段","","","","data/resources/fitting-replacement/compatible-models.audit.json","$.products[162]","确认该产品数据是否缺少主图字段；补图前暂不发布"
"3099","Q4005-PNX-SPPE","849045","","","快插接头","未配置主图字段","","","","data/resources/fitting-replacement/compatible-models.audit.json","$.products[163]","确认该产品数据是否缺少主图字段；补图前暂不发布"
"3100","Q4005-SMV-SACN","849025","","","快插接头","未配置主图字段","","","","data/resources/fitting-replacement/compatible-models.audit.json","$.products[164]","确认该产品数据是否缺少主图字段；补图前暂不发布"
"3101","Q4005-SMV-SPPE","849059","","","快插接头","未配置主图字段","","","","data/resources/fitting-replacement/compatible-models.audit.json","$.products[165]","确认该产品数据是否缺少主图字段；补图前暂不发布"
"3102","Q4005-SMX-SACN","849008","","","快插接头","未配置主图字段","","","","data/resources/fitting-replacement/compatible-models.audit.json","$.products[166]","确认该产品数据是否缺少主图字段；补图前暂不发布"
"3103","Q4005-SMX-SPPE","849042","","","快插接头","未配置主图字段","","","","data/resources/fitting-replacement/compatible-models.audit.json","$.products[167]","确认该产品数据是否缺少主图字段；补图前暂不发布"
"3104","Q4005-SNV-SACN","849019","","","快插接头","未配置主图字段","","","","data/resources/fitting-replacement/compatible-models.audit.json","$.products[168]","确认该产品数据是否缺少主图字段；补图前暂不发布"
"3105","Q4005-SNV-SPPE","849053","","","快插接头","未配置主图字段","","","","data/resources/fitting-replacement/compatible-models.audit.json","$.products[169]","确认该产品数据是否缺少主图字段；补图前暂不发布"
"3106","Q4005-SNX-SACN","849002","","","快插接头","未配置主图字段","","","","data/resources/fitting-replacement/compatible-models.audit.json","$.products[170]","确认该产品数据是否缺少主图字段；补图前暂不发布"
"3107","Q4005-SNX-SPPE","849036","","","快插接头","未配置主图字段","","","","data/resources/fitting-replacement/compatible-models.audit.json","$.products[171]","确认该产品数据是否缺少主图字段；补图前暂不发布"
"3108","Q4006-PMV-SACN","849034","","","快插接头","未配置主图字段","","","","data/resources/fitting-replacement/compatible-models.audit.json","$.products[172]","确认该产品数据是否缺少主图字段；补图前暂不发布"
"3109","Q4006-PMV-SPPE","849068","","","快插接头","未配置主图字段","","","","data/resources/fitting-replacement/compatible-models.audit.json","$.products[173]","确认该产品数据是否缺少主图字段；补图前暂不发布"
"3110","Q4006-PMX-SACN","849017","","","快插接头","未配置主图字段","","","","data/resources/fitting-replacement/compatible-models.audit.json","$.products[174]","确认该产品数据是否缺少主图字段；补图前暂不发布"
"3111","Q4006-PMX-SPPE","849051","","","快插接头","未配置主图字段","","","","data/resources/fitting-replacement/compatible-models.audit.json","$.products[175]","确认该产品数据是否缺少主图字段；补图前暂不发布"
"3112","Q4006-PNV-SACN","849029","","","快插接头","未配置主图字段","","","","data/resources/fitting-replacement/compatible-models.audit.json","$.products[176]","确认该产品数据是否缺少主图字段；补图前暂不发布"
"3113","Q4006-PNV-SPPE","849063","","","快插接头","未配置主图字段","","","","data/resources/fitting-replacement/compatible-models.audit.json","$.products[177]","确认该产品数据是否缺少主图字段；补图前暂不发布"
"3114","Q4006-PNX-LACN","849013","","","快插接头","未配置主图字段","","","","data/resources/fitting-replacement/compatible-models.audit.json","$.products[178]","确认该产品数据是否缺少主图字段；补图前暂不发布"
"3115","Q4006-PNX-LPPE","849047","","","快插接头","未配置主图字段","","","","data/resources/fitting-replacement/compatible-models.audit.json","$.products[179]","确认该产品数据是否缺少主图字段；补图前暂不发布"
"3116","Q4006-PNX-SACN","849012","","","快插接头","未配置主图字段","","","","data/resources/fitting-replacement/compatible-models.audit.json","$.products[180]","确认该产品数据是否缺少主图字段；补图前暂不发布"
"3117","Q4006-PNX-SPPE","849046","","","快插接头","未配置主图字段","","","","data/resources/fitting-replacement/compatible-models.audit.json","$.products[181]","确认该产品数据是否缺少主图字段；补图前暂不发布"
"3118","Q4006-SMV-SACN","849026","","","快插接头","未配置主图字段","","","","data/resources/fitting-replacement/compatible-models.audit.json","$.products[182]","确认该产品数据是否缺少主图字段；补图前暂不发布"
"3119","Q4006-SMV-SPPE","849060","","","快插接头","未配置主图字段","","","","data/resources/fitting-replacement/compatible-models.audit.json","$.products[183]","确认该产品数据是否缺少主图字段；补图前暂不发布"
"3120","Q4006-SMX-SACN","849009","","","快插接头","未配置主图字段","","","","data/resources/fitting-replacement/compatible-models.audit.json","$.products[184]","确认该产品数据是否缺少主图字段；补图前暂不发布"
"3121","Q4006-SMX-SPPE","849043","","","快插接头","未配置主图字段","","","","data/resources/fitting-replacement/compatible-models.audit.json","$.products[185]","确认该产品数据是否缺少主图字段；补图前暂不发布"
"3122","Q4006-SNV-SACN","849020","","","快插接头","未配置主图字段","","","","data/resources/fitting-replacement/compatible-models.audit.json","$.products[186]","确认该产品数据是否缺少主图字段；补图前暂不发布"
"3123","Q4006-SNV-SPPE","849054","","","快插接头","未配置主图字段","","","","data/resources/fitting-replacement/compatible-models.audit.json","$.products[187]","确认该产品数据是否缺少主图字段；补图前暂不发布"
"3124","Q4006-SNX-SACN","849003","","","快插接头","未配置主图字段","","","","data/resources/fitting-replacement/compatible-models.audit.json","$.products[188]","确认该产品数据是否缺少主图字段；补图前暂不发布"
"3125","Q4006-SNX-SPPE","849037","","","快插接头","未配置主图字段","","","","data/resources/fitting-replacement/compatible-models.audit.json","$.products[189]","确认该产品数据是否缺少主图字段；补图前暂不发布"
"3126","Q4014N-PNV-SACN","849031","","","快插接头","未配置主图字段","","","","data/resources/fitting-replacement/compatible-models.audit.json","$.products[190]","确认该产品数据是否缺少主图字段；补图前暂不发布"
"3127","Q4014N-PNV-SPPE","849065","","","快插接头","未配置主图字段","","","","data/resources/fitting-replacement/compatible-models.audit.json","$.products[191]","确认该产品数据是否缺少主图字段；补图前暂不发布"
"3128","Q4014N-SNV-SACN","849023","","","快插接头","未配置主图字段","","","","data/resources/fitting-replacement/compatible-models.audit.json","$.products[192]","确认该产品数据是否缺少主图字段；补图前暂不发布"
"3129","Q4014N-SNV-SPPE","849057","","","快插接头","未配置主图字段","","","","data/resources/fitting-replacement/compatible-models.audit.json","$.products[193]","确认该产品数据是否缺少主图字段；补图前暂不发布"
"3130","Q4014N-SNX-SACN","849006","","","快插接头","未配置主图字段","","","","data/resources/fitting-replacement/compatible-models.audit.json","$.products[194]","确认该产品数据是否缺少主图字段；补图前暂不发布"
"3131","Q4014N-SNX-SPPE","849040","","","快插接头","未配置主图字段","","","","data/resources/fitting-replacement/compatible-models.audit.json","$.products[195]","确认该产品数据是否缺少主图字段；补图前暂不发布"
"3132","Q6006-PNV-LPPE","869032","","","快插接头","未配置主图字段","","","","data/resources/fitting-replacement/compatible-models.audit.json","$.products[196]","确认该产品数据是否缺少主图字段；补图前暂不发布"
"3133","Q6006-PNV-SPPE","869029","","","快插接头","未配置主图字段","","","","data/resources/fitting-replacement/compatible-models.audit.json","$.products[197]","确认该产品数据是否缺少主图字段；补图前暂不发布"
"3134","Q6006-PNX-LPPE","869012","","","快插接头","未配置主图字段","","","","data/resources/fitting-replacement/compatible-models.audit.json","$.products[198]","确认该产品数据是否缺少主图字段；补图前暂不发布"
"3135","Q6006-PNX-SPPE","869009","","","快插接头","未配置主图字段","","","","data/resources/fitting-replacement/compatible-models.audit.json","$.products[199]","确认该产品数据是否缺少主图字段；补图前暂不发布"
"3136","Q6006-SMV-LPPE","869020","","","快插接头","未配置主图字段","","","","data/resources/fitting-replacement/compatible-models.audit.json","$.products[200]","确认该产品数据是否缺少主图字段；补图前暂不发布"
"3137","Q6006-SMV-SPPE","869026","","","快插接头","未配置主图字段","","","","data/resources/fitting-replacement/compatible-models.audit.json","$.products[201]","确认该产品数据是否缺少主图字段；补图前暂不发布"
"3138","Q6006-SMX-LPPE","869018","","","快插接头","未配置主图字段","","","","data/resources/fitting-replacement/compatible-models.audit.json","$.products[202]","确认该产品数据是否缺少主图字段；补图前暂不发布"
"3139","Q6006-SMX-SPPE","869006","","","快插接头","未配置主图字段","","","","data/resources/fitting-replacement/compatible-models.audit.json","$.products[203]","确认该产品数据是否缺少主图字段；补图前暂不发布"
"3140","Q6006-SNV-SPPE","869021","","","快插接头","未配置主图字段","","","","data/resources/fitting-replacement/compatible-models.audit.json","$.products[204]","确认该产品数据是否缺少主图字段；补图前暂不发布"
"3141","Q6006-SNX-SPPE","869001","","","快插接头","未配置主图字段","","","","data/resources/fitting-replacement/compatible-models.audit.json","$.products[205]","确认该产品数据是否缺少主图字段；补图前暂不发布"
"3142","Q6008-PNV-LPPE","869033","","","快插接头","未配置主图字段","","","","data/resources/fitting-replacement/compatible-models.audit.json","$.products[206]","确认该产品数据是否缺少主图字段；补图前暂不发布"
"3143","Q6008-PNV-SPPE","869030","","","快插接头","未配置主图字段","","","","data/resources/fitting-replacement/compatible-models.audit.json","$.products[207]","确认该产品数据是否缺少主图字段；补图前暂不发布"
"3144","Q6008-PNX-LPPE","869013","","","快插接头","未配置主图字段","","","","data/resources/fitting-replacement/compatible-models.audit.json","$.products[208]","确认该产品数据是否缺少主图字段；补图前暂不发布"
"3145","Q6008-PNX-SPPE","869010","","","快插接头","未配置主图字段","","","","data/resources/fitting-replacement/compatible-models.audit.json","$.products[209]","确认该产品数据是否缺少主图字段；补图前暂不发布"
"3146","Q6008-SMV-LPPE","869036","","","快插接头","未配置主图字段","","","","data/resources/fitting-replacement/compatible-models.audit.json","$.products[210]","确认该产品数据是否缺少主图字段；补图前暂不发布"
"3147","Q6008-SMV-SPPE","869027","","","快插接头","未配置主图字段","","","","data/resources/fitting-replacement/compatible-models.audit.json","$.products[211]","确认该产品数据是否缺少主图字段；补图前暂不发布"
"3148","Q6008-SMX-LPPE","869019","","","快插接头","未配置主图字段","","","","data/resources/fitting-replacement/compatible-models.audit.json","$.products[212]","确认该产品数据是否缺少主图字段；补图前暂不发布"
"3149","Q6008-SMX-SPPE","869007","","","快插接头","未配置主图字段","","","","data/resources/fitting-replacement/compatible-models.audit.json","$.products[213]","确认该产品数据是否缺少主图字段；补图前暂不发布"
"3150","Q6008-SNV-SPPE","869022","","","快插接头","未配置主图字段","","","","data/resources/fitting-replacement/compatible-models.audit.json","$.products[214]","确认该产品数据是否缺少主图字段；补图前暂不发布"
"3151","Q6008-SNX-SPPE","869002","","","快插接头","未配置主图字段","","","","data/resources/fitting-replacement/compatible-models.audit.json","$.products[215]","确认该产品数据是否缺少主图字段；补图前暂不发布"
"3152","Q6012-PNV-SPPE","869031","","","快插接头","未配置主图字段","","","","data/resources/fitting-replacement/compatible-models.audit.json","$.products[216]","确认该产品数据是否缺少主图字段；补图前暂不发布"
"3153","Q6012-PNX-SPPE","869011","","","快插接头","未配置主图字段","","","","data/resources/fitting-replacement/compatible-models.audit.json","$.products[217]","确认该产品数据是否缺少主图字段；补图前暂不发布"
"3154","Q6012-SMV-SPPE","869028","","","快插接头","未配置主图字段","","","","data/resources/fitting-replacement/compatible-models.audit.json","$.products[218]","确认该产品数据是否缺少主图字段；补图前暂不发布"
"3155","Q6012-SMX-SPPE","869008","","","快插接头","未配置主图字段","","","","data/resources/fitting-replacement/compatible-models.audit.json","$.products[219]","确认该产品数据是否缺少主图字段；补图前暂不发布"
"3156","Q6012-SNV-SPPE","869023","","","快插接头","未配置主图字段","","","","data/resources/fitting-replacement/compatible-models.audit.json","$.products[220]","确认该产品数据是否缺少主图字段；补图前暂不发布"
"3157","Q6012-SNX-SPPE","869003","","","快插接头","未配置主图字段","","","","data/resources/fitting-replacement/compatible-models.audit.json","$.products[221]","确认该产品数据是否缺少主图字段；补图前暂不发布"
"3158","Q6012N-PNV-SPPE","869035","","","快插接头","未配置主图字段","","","","data/resources/fitting-replacement/compatible-models.audit.json","$.products[222]","确认该产品数据是否缺少主图字段；补图前暂不发布"
"3159","Q6012N-PNX-SPPE","869015","","","快插接头","未配置主图字段","","","","data/resources/fitting-replacement/compatible-models.audit.json","$.products[223]","确认该产品数据是否缺少主图字段；补图前暂不发布"
"3160","Q6012N-SNV-SPPE","869025","","","快插接头","未配置主图字段","","","","data/resources/fitting-replacement/compatible-models.audit.json","$.products[224]","确认该产品数据是否缺少主图字段；补图前暂不发布"
"3161","Q6012N-SNX-SPPE","869005","","","快插接头","未配置主图字段","","","","data/resources/fitting-replacement/compatible-models.audit.json","$.products[225]","确认该产品数据是否缺少主图字段；补图前暂不发布"
"3162","Q6038N-PNV-SPPE","869034","","","快插接头","未配置主图字段","","","","data/resources/fitting-replacement/compatible-models.audit.json","$.products[226]","确认该产品数据是否缺少主图字段；补图前暂不发布"
"3163","Q6038N-PNX-SPPE","869014","","","快插接头","未配置主图字段","","","","data/resources/fitting-replacement/compatible-models.audit.json","$.products[227]","确认该产品数据是否缺少主图字段；补图前暂不发布"
"3164","Q6038N-SNV-SPPE","869024","","","快插接头","未配置主图字段","","","","data/resources/fitting-replacement/compatible-models.audit.json","$.products[228]","确认该产品数据是否缺少主图字段；补图前暂不发布"
"3165","Q6038N-SNX-SPPE","869004","","","快插接头","未配置主图字段","","","","data/resources/fitting-replacement/compatible-models.audit.json","$.products[229]","确认该产品数据是否缺少主图字段；补图前暂不发布"
"3166","标滚卡箍接头 HN-M6-16-PK-N","809728","","","新版标滚卡箍接头","未配置主图字段","","","","data/resources/fitting-replacement/compatible-models.audit.json","$.products[230]","确认该产品数据是否缺少主图字段；补图前暂不发布"
"3167","标滚卡箍接头 HN-M6-32-PK-N","809729","","","新版标滚卡箍接头","未配置主图字段","","","","data/resources/fitting-replacement/compatible-models.audit.json","$.products[231]","确认该产品数据是否缺少主图字段；补图前暂不发布"
"3168","标滚卡箍接头 HN-U28-16-PK-N","809726","","","新版标滚卡箍接头","未配置主图字段","","","","data/resources/fitting-replacement/compatible-models.audit.json","$.products[232]","确认该产品数据是否缺少主图字段；补图前暂不发布"
"3169","标滚卡箍接头 HN-U28-32-PK-N","809727","","","新版标滚卡箍接头","未配置主图字段","","","","data/resources/fitting-replacement/compatible-models.audit.json","$.products[233]","确认该产品数据是否缺少主图字段；补图前暂不发布"
"3170","紧凑卡箍接头 HN6-M6-16-PK-N","809732","","","新版紧凑卡箍接头","未配置主图字段","","","","data/resources/fitting-replacement/compatible-models.audit.json","$.products[234]","确认该产品数据是否缺少主图字段；补图前暂不发布"
"3171","紧凑卡箍接头 HN6-M6-32-PK-N","809733","","","新版紧凑卡箍接头","未配置主图字段","","","","data/resources/fitting-replacement/compatible-models.audit.json","$.products[235]","确认该产品数据是否缺少主图字段；补图前暂不发布"
"3172","紧凑卡箍接头 HN6-U28-16-PK-N","809730","","","新版紧凑卡箍接头","未配置主图字段","","","","data/resources/fitting-replacement/compatible-models.audit.json","$.products[236]","确认该产品数据是否缺少主图字段；补图前暂不发布"
"3173","紧凑卡箍接头 HN6-U28-32-PK-B","809923","","","新版紧凑卡箍接头","未配置主图字段","","","","data/resources/fitting-replacement/compatible-models.audit.json","$.products[237]","确认该产品数据是否缺少主图字段；补图前暂不发布"
"3174","紧凑平底接头 HF6-U28-20-PS-B","809753","","","新版紧凑平底接头","未配置主图字段","","","","data/resources/fitting-replacement/compatible-models.audit.json","$.products[238]","确认该产品数据是否缺少主图字段；补图前暂不发布"
"3175","紧凑平底接头 HF6-U28-25-PS-B","809755","","","新版紧凑平底接头","未配置主图字段","","","","data/resources/fitting-replacement/compatible-models.audit.json","$.products[239]","确认该产品数据是否缺少主图字段；补图前暂不发布"
"3176","紧凑平底接头 HF6-U28-32-PS-B","809757","","","新版紧凑平底接头","未配置主图字段","","","","data/resources/fitting-replacement/compatible-models.audit.json","$.products[240]","确认该产品数据是否缺少主图字段；补图前暂不发布"
"3177","单向阀 膜片式 CV-BV-32-PP-N 126007","126007","","","单向阀","未配置主图字段","","","","data/resources/fitting-replacement/compatible-models.generated.ts","第 35 行","确认该产品数据是否缺少主图字段；补图前暂不发布"
"3178","单向阀 膜片式 CV-BV-48-PP-N 126009","126009","","","单向阀","未配置主图字段","","","","data/resources/fitting-replacement/compatible-models.generated.ts","第 58 行","确认该产品数据是否缺少主图字段；补图前暂不发布"
"3179","单向阀 膜片式 CV-BV-64-PP-N 126011","126011","","","单向阀","未配置主图字段","","","","data/resources/fitting-replacement/compatible-models.generated.ts","第 81 行","确认该产品数据是否缺少主图字段；补图前暂不发布"
"3180","高压标准接头 PNC-U32-16-PK-N","809791","","","高压接头","未配置主图字段","","","","data/resources/fitting-replacement/compatible-models.generated.ts","第 104 行","确认该产品数据是否缺少主图字段；补图前暂不发布"
"3181","高压紧凑接头 PNC6-U32-16-PK-N","809661","","","高压接头","未配置主图字段","","","","data/resources/fitting-replacement/compatible-models.generated.ts","第 127 行","确认该产品数据是否缺少主图字段；补图前暂不发布"
"3182","过滤器 G-178-32-PA-V 136005","136005","","","过滤器","未配置主图字段","","","","data/resources/fitting-replacement/compatible-models.generated.ts","第 158 行","确认该产品数据是否缺少主图字段；补图前暂不发布"
"3183","过滤器 G-178-48-PA-V 136004","136004","","","过滤器","未配置主图字段","","","","data/resources/fitting-replacement/compatible-models.generated.ts","第 181 行","确认该产品数据是否缺少主图字段；补图前暂不发布"
"3184","过滤器 G-178-64-PA-V 136003","136003","","","过滤器","未配置主图字段","","","","data/resources/fitting-replacement/compatible-models.generated.ts","第 204 行","确认该产品数据是否缺少主图字段；补图前暂不发布"
"3185","标滚卡箍接头HNE-U28-32-PP-N","809927","","","环保接头","未配置主图字段","","","","data/resources/fitting-replacement/compatible-models.generated.ts","第 227 行","确认该产品数据是否缺少主图字段；补图前暂不发布"
"3186","紧凑六方卡箍接头HNE6-U28-32-PS-B","809922","","","环保接头","未配置主图字段","","","","data/resources/fitting-replacement/compatible-models.generated.ts","第 250 行","确认该产品数据是否缺少主图字段；补图前暂不发布"
"3187","标滚平底接头 HFL-M6-16-PV-B","809421","","","旧版标滚平底接头","未配置主图字段","","","","data/resources/fitting-replacement/compatible-models.generated.ts","第 273 行","确认该产品数据是否缺少主图字段；补图前暂不发布"
"3188","标滚平底接头 HFL-M6-32-PV-B","809423","","","旧版标滚平底接头","未配置主图字段","","","","data/resources/fitting-replacement/compatible-models.generated.ts","第 296 行","确认该产品数据是否缺少主图字段；补图前暂不发布"
"3189","标滚平底接头 HFL-U28-16-PV-B","809391","","","旧版标滚平底接头","未配置主图字段","","","","data/resources/fitting-replacement/compatible-models.generated.ts","第 319 行","确认该产品数据是否缺少主图字段；补图前暂不发布"
"3190","标滚平底接头 HFL-U28-16-PV-N","809030","","","旧版标滚平底接头","未配置主图字段","","","","data/resources/fitting-replacement/compatible-models.generated.ts","第 342 行","确认该产品数据是否缺少主图字段；补图前暂不发布"
"3191","标滚平底接头 HFL-U28-20-PV-N","809040","","","旧版标滚平底接头","未配置主图字段","","","","data/resources/fitting-replacement/compatible-models.generated.ts","第 365 行","确认该产品数据是否缺少主图字段；补图前暂不发布"
"3192","标滚平底接头 HFL-U28-25-PV-N","809052","","","旧版标滚平底接头","未配置主图字段","","","","data/resources/fitting-replacement/compatible-models.generated.ts","第 388 行","确认该产品数据是否缺少主图字段；补图前暂不发布"
"3193","标滚平底接头 HFL-U28-30-PV-N","809047","","","旧版标滚平底接头","未配置主图字段","","","","data/resources/fitting-replacement/compatible-models.generated.ts","第 411 行","确认该产品数据是否缺少主图字段；补图前暂不发布"
"3194","标滚平底接头 HFL-U28-32-PV-N","809035","","","旧版标滚平底接头","未配置主图字段","","","","data/resources/fitting-replacement/compatible-models.generated.ts","第 434 行","确认该产品数据是否缺少主图字段；补图前暂不发布"
"3195","紧凑卡箍接头 HNF6-M6-16-PS-B","809128","","","旧版紧凑卡箍接头","未配置主图字段","","","","data/resources/fitting-replacement/compatible-models.generated.ts","第 457 行","确认该产品数据是否缺少主图字段；补图前暂不发布"
"3196","紧凑卡箍接头 HNF6-M6-32-PS-B","809138","","","旧版紧凑卡箍接头","未配置主图字段","","","","data/resources/fitting-replacement/compatible-models.generated.ts","第 480 行","确认该产品数据是否缺少主图字段；补图前暂不发布"
"3197","紧凑卡箍接头 HNF6-U28-16-PS-B","809127","","","旧版紧凑卡箍接头","未配置主图字段","","","","data/resources/fitting-replacement/compatible-models.generated.ts","第 503 行","确认该产品数据是否缺少主图字段；补图前暂不发布"
"3198","紧凑卡箍接头 HNF6-U28-32-PS-B","809137","","","旧版紧凑卡箍接头","未配置主图字段","","","","data/resources/fitting-replacement/compatible-models.generated.ts","第 534 行","确认该产品数据是否缺少主图字段；补图前暂不发布"
"3199","紧凑平底接头 HFL6-M6-16-PS-B","809058","","","旧版紧凑平底接头","未配置主图字段","","","","data/resources/fitting-replacement/compatible-models.generated.ts","第 565 行","确认该产品数据是否缺少主图字段；补图前暂不发布"
"3200","紧凑平底接头 HFL6-M6-20-PS-B","809078","","","旧版紧凑平底接头","未配置主图字段","","","","data/resources/fitting-replacement/compatible-models.generated.ts","第 588 行","确认该产品数据是否缺少主图字段；补图前暂不发布"
"3201","紧凑平底接头 HFL6-M6-25-PS-B","809098","","","旧版紧凑平底接头","未配置主图字段","","","","data/resources/fitting-replacement/compatible-models.generated.ts","第 611 行","确认该产品数据是否缺少主图字段；补图前暂不发布"
"3202","紧凑平底接头 HFL6-M6-30-PS-B","809088","","","旧版紧凑平底接头","未配置主图字段","","","","data/resources/fitting-replacement/compatible-models.generated.ts","第 634 行","确认该产品数据是否缺少主图字段；补图前暂不发布"
"3203","紧凑平底接头 HFL6-U28-16-PS-B","809057","","","旧版紧凑平底接头","未配置主图字段","","","","data/resources/fitting-replacement/compatible-models.generated.ts","第 657 行","确认该产品数据是否缺少主图字段；补图前暂不发布"
"3204","紧凑平底接头 HFL6-U28-16-PS-U","809550","","","旧版紧凑平底接头","未配置主图字段","","","","data/resources/fitting-replacement/compatible-models.generated.ts","第 680 行","确认该产品数据是否缺少主图字段；补图前暂不发布"
"3205","紧凑平底接头 HFL6-U28-20-PS-B","809077","","","旧版紧凑平底接头","未配置主图字段","","","","data/resources/fitting-replacement/compatible-models.generated.ts","第 703 行","确认该产品数据是否缺少主图字段；补图前暂不发布"
"3206","紧凑平底接头 HFL6-U28-25-PS-B","809097","","","旧版紧凑平底接头","未配置主图字段","","","","data/resources/fitting-replacement/compatible-models.generated.ts","第 726 行","确认该产品数据是否缺少主图字段；补图前暂不发布"
"3207","紧凑平底接头 HFL6-U28-30-PS-B","809087","","","旧版紧凑平底接头","未配置主图字段","","","","data/resources/fitting-replacement/compatible-models.generated.ts","第 749 行","确认该产品数据是否缺少主图字段；补图前暂不发布"
"3208","卡箍 CL-0-16-ET-N","809201","","","卡箍","未配置主图字段","","","","data/resources/fitting-replacement/compatible-models.generated.ts","第 772 行","确认该产品数据是否缺少主图字段；补图前暂不发布"
"3209","卡箍 CL-0-20-ET-N","809205","","","卡箍","未配置主图字段","","","","data/resources/fitting-replacement/compatible-models.generated.ts","第 802 行","确认该产品数据是否缺少主图字段；补图前暂不发布"
"3210","卡箍 CL-0-25-ET-N","809207","","","卡箍","未配置主图字段","","","","data/resources/fitting-replacement/compatible-models.generated.ts","第 833 行","确认该产品数据是否缺少主图字段；补图前暂不发布"
"3211","卡箍 CL-0-30-ET-N","809209","","","卡箍","未配置主图字段","","","","data/resources/fitting-replacement/compatible-models.generated.ts","第 863 行","确认该产品数据是否缺少主图字段；补图前暂不发布"
"3212","卡箍 CL-0-32-ET-N","809203","","","卡箍","未配置主图字段","","","","data/resources/fitting-replacement/compatible-models.generated.ts","第 893 行","确认该产品数据是否缺少主图字段；补图前暂不发布"
"3213","卡箍 CL-0X-16-ET-N","809731","","","卡箍","未配置主图字段","","","","data/resources/fitting-replacement/compatible-models.generated.ts","第 923 行","确认该产品数据是否缺少主图字段；补图前暂不发布"
"3214","卡箍 CL-0X-20-ET-N","809734","","","卡箍","未配置主图字段","","","","data/resources/fitting-replacement/compatible-models.generated.ts","第 946 行","确认该产品数据是否缺少主图字段；补图前暂不发布"
"3215","卡箍 CL-0X-25-ET-N","809735","","","卡箍","未配置主图字段","","","","data/resources/fitting-replacement/compatible-models.generated.ts","第 977 行","确认该产品数据是否缺少主图字段；补图前暂不发布"
"3216","卡箍 CL-0X-30-ET-N","809736","","","卡箍","未配置主图字段","","","","data/resources/fitting-replacement/compatible-models.generated.ts","第 1008 行","确认该产品数据是否缺少主图字段；补图前暂不发布"
"3217","卡箍 CL-0X-32-ET-N","809780","","","卡箍","未配置主图字段","","","","data/resources/fitting-replacement/compatible-models.generated.ts","第 1039 行","确认该产品数据是否缺少主图字段；补图前暂不发布"
"3218","标滚卡环接头 HSF-U28-16-PK-N 809937","809937","","","卡环接头","未配置主图字段","","","","data/resources/fitting-replacement/compatible-models.generated.ts","第 1070 行","确认该产品数据是否缺少主图字段；补图前暂不发布"
"3219","标滚卡环接头 HSF-U28-32-PEEK-N","809861","","","卡环接头","未配置主图字段","","","","data/resources/fitting-replacement/compatible-models.generated.ts","第 1093 行","确认该产品数据是否缺少主图字段；补图前暂不发布"
"3220","紧凑卡环接头 HSF6-U28-16-PS-B","809814","","","卡环接头","未配置主图字段","","","","data/resources/fitting-replacement/compatible-models.generated.ts","第 1116 行","确认该产品数据是否缺少主图字段；补图前暂不发布"
"3221","紧凑卡环接头 HSF6-U28-32-PK-N 809828 短","809828","","","卡环接头","未配置主图字段","","","","data/resources/fitting-replacement/compatible-models.generated.ts","第 1139 行","确认该产品数据是否缺少主图字段；补图前暂不发布"
"3222","紧凑卡环接头 HSF6-U28-32-PS-B","809815","","","卡环接头","未配置主图字段","","","","data/resources/fitting-replacement/compatible-models.generated.ts","第 1162 行","确认该产品数据是否缺少主图字段；补图前暂不发布"
"3223","紧凑卡环接头HSF6-U28-16-PK-N","809945","","","卡环接头","未配置主图字段","","","","data/resources/fitting-replacement/compatible-models.generated.ts","第 1185 行","确认该产品数据是否缺少主图字段；补图前暂不发布"
"3224","卡环套件 CL-1-16 809654（两件套）","809654","","","卡环套件","未配置主图字段","","","","data/resources/fitting-replacement/compatible-models.generated.ts","第 1208 行","确认该产品数据是否缺少主图字段；补图前暂不发布"
"3225","卡环套件 CL-1S-16 809801(两件套)","809801","","","卡环套件","未配置主图字段","","","","data/resources/fitting-replacement/compatible-models.generated.ts","第 1239 行","确认该产品数据是否缺少主图字段；补图前暂不发布"
"3226","卡环套件 CL-1S-20 809802 (两件套)","809802","","","卡环套件","未配置主图字段","","","","data/resources/fitting-replacement/compatible-models.generated.ts","第 1285 行","确认该产品数据是否缺少主图字段；补图前暂不发布"
"3227","卡环套件 CL-1S-25 809803 (两件套)","809803","","","卡环套件","未配置主图字段","","","","data/resources/fitting-replacement/compatible-models.generated.ts","第 1316 行","确认该产品数据是否缺少主图字段；补图前暂不发布"
"3228","卡环套件 CL-1S-30 809804 (两件套)","809804","","","卡环套件","未配置主图字段","","","","data/resources/fitting-replacement/compatible-models.generated.ts","第 1347 行","确认该产品数据是否缺少主图字段；补图前暂不发布"
"3229","卡环套件 CL-1S-32 809805 (两件套)","809805","","","卡环套件","未配置主图字段","","","","data/resources/fitting-replacement/compatible-models.generated.ts","第 1378 行","确认该产品数据是否缺少主图字段；补图前暂不发布"
"3230","卡环套件 CL-1X-16 809653（两件套）","809653","","","卡环套件","未配置主图字段","","","","data/resources/fitting-replacement/compatible-models.generated.ts","第 1424 行","确认该产品数据是否缺少主图字段；补图前暂不发布"
"3231","Q2001-PMV-SACN","839041","","","快插接头","未配置主图字段","","","","data/resources/fitting-replacement/compatible-models.generated.ts","第 1447 行","确认该产品数据是否缺少主图字段；补图前暂不发布"
"3232","Q2001-PMV-SPPE","839085","","","快插接头","未配置主图字段","","","","data/resources/fitting-replacement/compatible-models.generated.ts","第 1478 行","确认该产品数据是否缺少主图字段；补图前暂不发布"
"3233","Q2001-PMX-SACN","839019","","","快插接头","未配置主图字段","","","","data/resources/fitting-replacement/compatible-models.generated.ts","第 1501 行","确认该产品数据是否缺少主图字段；补图前暂不发布"
"3234","Q2001-PMX-SPPE","839063","","","快插接头","未配置主图字段","","","","data/resources/fitting-replacement/compatible-models.generated.ts","第 1532 行","确认该产品数据是否缺少主图字段；补图前暂不发布"
"3235","Q2001-PNV-SACN","839034","","","快插接头","未配置主图字段","","","","data/resources/fitting-replacement/compatible-models.generated.ts","第 1563 行","确认该产品数据是否缺少主图字段；补图前暂不发布"
"3236","Q2001-PNV-SPPE","839078","","","快插接头","未配置主图字段","","","","data/resources/fitting-replacement/compatible-models.generated.ts","第 1594 行","确认该产品数据是否缺少主图字段；补图前暂不发布"
"3237","Q2001-PNX-SACN","839012","","","快插接头","未配置主图字段","","","","data/resources/fitting-replacement/compatible-models.generated.ts","第 1625 行","确认该产品数据是否缺少主图字段；补图前暂不发布"
"3238","Q2001-PNX-SPPE","839056","","","快插接头","未配置主图字段","","","","data/resources/fitting-replacement/compatible-models.generated.ts","第 1656 行","确认该产品数据是否缺少主图字段；补图前暂不发布"
"3239","Q2001-SMV-SACN","839030","","","快插接头","未配置主图字段","","","","data/resources/fitting-replacement/compatible-models.generated.ts","第 1687 行","确认该产品数据是否缺少主图字段；补图前暂不发布"
"3240","Q2001-SMV-SPPE","839074","","","快插接头","未配置主图字段","","","","data/resources/fitting-replacement/compatible-models.generated.ts","第 1718 行","确认该产品数据是否缺少主图字段；补图前暂不发布"
"3241","Q2001-SMX-SACN","839008","","","快插接头","未配置主图字段","","","","data/resources/fitting-replacement/compatible-models.generated.ts","第 1749 行","确认该产品数据是否缺少主图字段；补图前暂不发布"
"3242","Q2001-SMX-SPPE","839052","","","快插接头","未配置主图字段","","","","data/resources/fitting-replacement/compatible-models.generated.ts","第 1780 行","确认该产品数据是否缺少主图字段；补图前暂不发布"
"3243","Q2001-SNV-SACN","839023","","","快插接头","未配置主图字段","","","","data/resources/fitting-replacement/compatible-models.generated.ts","第 1811 行","确认该产品数据是否缺少主图字段；补图前暂不发布"
"3244","Q2001-SNV-SPPE","839067","","","快插接头","未配置主图字段","","","","data/resources/fitting-replacement/compatible-models.generated.ts","第 1842 行","确认该产品数据是否缺少主图字段；补图前暂不发布"
"3245","Q2001-SNX-SACN","839001","","","快插接头","未配置主图字段","","","","data/resources/fitting-replacement/compatible-models.generated.ts","第 1873 行","确认该产品数据是否缺少主图字段；补图前暂不发布"
"3246","Q2001-SNX-SPPE","839045","","","快插接头","未配置主图字段","","","","data/resources/fitting-replacement/compatible-models.generated.ts","第 1904 行","确认该产品数据是否缺少主图字段；补图前暂不发布"
"3247","Q2002-PMV-SACN","839042","","","快插接头","未配置主图字段","","","","data/resources/fitting-replacement/compatible-models.generated.ts","第 1935 行","确认该产品数据是否缺少主图字段；补图前暂不发布"
"3248","Q2002-PMV-SPPE","839086","","","快插接头","未配置主图字段","","","","data/resources/fitting-replacement/compatible-models.generated.ts","第 1966 行","确认该产品数据是否缺少主图字段；补图前暂不发布"
"3249","Q2002-PMX-SACN","839020","","","快插接头","未配置主图字段","","","","data/resources/fitting-replacement/compatible-models.generated.ts","第 1989 行","确认该产品数据是否缺少主图字段；补图前暂不发布"
"3250","Q2002-PMX-SPPE","839064","","","快插接头","未配置主图字段","","","","data/resources/fitting-replacement/compatible-models.generated.ts","第 2020 行","确认该产品数据是否缺少主图字段；补图前暂不发布"
"3251","Q2002-PNV-LACN","839038","","","快插接头","未配置主图字段","","","","data/resources/fitting-replacement/compatible-models.generated.ts","第 2051 行","确认该产品数据是否缺少主图字段；补图前暂不发布"
"3252","Q2002-PNV-LPPE","839082","","","快插接头","未配置主图字段","","","","data/resources/fitting-replacement/compatible-models.generated.ts","第 2082 行","确认该产品数据是否缺少主图字段；补图前暂不发布"
"3253","Q2002-PNV-SACN","839035","","","快插接头","未配置主图字段","","","","data/resources/fitting-replacement/compatible-models.generated.ts","第 2113 行","确认该产品数据是否缺少主图字段；补图前暂不发布"
"3254","Q2002-PNV-SPPE","839079","","","快插接头","未配置主图字段","","","","data/resources/fitting-replacement/compatible-models.generated.ts","第 2144 行","确认该产品数据是否缺少主图字段；补图前暂不发布"
"3255","Q2002-PNX-LACN","839016","","","快插接头","未配置主图字段","","","","data/resources/fitting-replacement/compatible-models.generated.ts","第 2175 行","确认该产品数据是否缺少主图字段；补图前暂不发布"
"3256","Q2002-PNX-LPPE","839060","","","快插接头","未配置主图字段","","","","data/resources/fitting-replacement/compatible-models.generated.ts","第 2206 行","确认该产品数据是否缺少主图字段；补图前暂不发布"
"3257","Q2002-PNX-SACN","839013","","","快插接头","未配置主图字段","","","","data/resources/fitting-replacement/compatible-models.generated.ts","第 2237 行","确认该产品数据是否缺少主图字段；补图前暂不发布"
"3258","Q2002-PNX-SPPE","839057","","","快插接头","未配置主图字段","","","","data/resources/fitting-replacement/compatible-models.generated.ts","第 2268 行","确认该产品数据是否缺少主图字段；补图前暂不发布"
"3259","Q2002-SMV-SACN","839031","","","快插接头","未配置主图字段","","","","data/resources/fitting-replacement/compatible-models.generated.ts","第 2299 行","确认该产品数据是否缺少主图字段；补图前暂不发布"
"3260","Q2002-SMV-SPPE","839075","","","快插接头","未配置主图字段","","","","data/resources/fitting-replacement/compatible-models.generated.ts","第 2330 行","确认该产品数据是否缺少主图字段；补图前暂不发布"
"3261","Q2002-SMX-SACN","839009","","","快插接头","未配置主图字段","","","","data/resources/fitting-replacement/compatible-models.generated.ts","第 2361 行","确认该产品数据是否缺少主图字段；补图前暂不发布"
"3262","Q2002-SMX-SPPE","839053","","","快插接头","未配置主图字段","","","","data/resources/fitting-replacement/compatible-models.generated.ts","第 2392 行","确认该产品数据是否缺少主图字段；补图前暂不发布"
"3263","Q2002-SNV-LACN","839027","","","快插接头","未配置主图字段","","","","data/resources/fitting-replacement/compatible-models.generated.ts","第 2423 行","确认该产品数据是否缺少主图字段；补图前暂不发布"
"3264","Q2002-SNV-SACN","839024","","","快插接头","未配置主图字段","","","","data/resources/fitting-replacement/compatible-models.generated.ts","第 2446 行","确认该产品数据是否缺少主图字段；补图前暂不发布"
"3265","Q2002-SNV-SPPE","839068","","","快插接头","未配置主图字段","","","","data/resources/fitting-replacement/compatible-models.generated.ts","第 2477 行","确认该产品数据是否缺少主图字段；补图前暂不发布"
"3266","Q2002-SNX-LACN","839005","","","快插接头","未配置主图字段","","","","data/resources/fitting-replacement/compatible-models.generated.ts","第 2508 行","确认该产品数据是否缺少主图字段；补图前暂不发布"
"3267","Q2002-SNX-SACN","839002","","","快插接头","未配置主图字段","","","","data/resources/fitting-replacement/compatible-models.generated.ts","第 2531 行","确认该产品数据是否缺少主图字段；补图前暂不发布"
"3268","Q2002-SNX-SPPE","839046","","","快插接头","未配置主图字段","","","","data/resources/fitting-replacement/compatible-models.generated.ts","第 2562 行","确认该产品数据是否缺少主图字段；补图前暂不发布"
"3269","Q2003-PMV-SACN","839043","","","快插接头","未配置主图字段","","","","data/resources/fitting-replacement/compatible-models.generated.ts","第 2593 行","确认该产品数据是否缺少主图字段；补图前暂不发布"
"3270","Q2003-PMV-SPPE","839087","","","快插接头","未配置主图字段","","","","data/resources/fitting-replacement/compatible-models.generated.ts","第 2624 行","确认该产品数据是否缺少主图字段；补图前暂不发布"
"3271","Q2003-PMX-SACN","839021","","","快插接头","未配置主图字段","","","","data/resources/fitting-replacement/compatible-models.generated.ts","第 2647 行","确认该产品数据是否缺少主图字段；补图前暂不发布"
"3272","Q2003-PMX-SPPE","839065","","","快插接头","未配置主图字段","","","","data/resources/fitting-replacement/compatible-models.generated.ts","第 2678 行","确认该产品数据是否缺少主图字段；补图前暂不发布"
"3273","Q2003-PNV-SACN","839036","","","快插接头","未配置主图字段","","","","data/resources/fitting-replacement/compatible-models.generated.ts","第 2709 行","确认该产品数据是否缺少主图字段；补图前暂不发布"
"3274","Q2003-PNV-SPPE","839080","","","快插接头","未配置主图字段","","","","data/resources/fitting-replacement/compatible-models.generated.ts","第 2740 行","确认该产品数据是否缺少主图字段；补图前暂不发布"
"3275","Q2003-PNX-SACN","839014","","","快插接头","未配置主图字段","","","","data/resources/fitting-replacement/compatible-models.generated.ts","第 2771 行","确认该产品数据是否缺少主图字段；补图前暂不发布"
"3276","Q2003-PNX-SPPE","839058","","","快插接头","未配置主图字段","","","","data/resources/fitting-replacement/compatible-models.generated.ts","第 2802 行","确认该产品数据是否缺少主图字段；补图前暂不发布"
"3277","Q2003-SMV-SACN","839032","","","快插接头","未配置主图字段","","","","data/resources/fitting-replacement/compatible-models.generated.ts","第 2833 行","确认该产品数据是否缺少主图字段；补图前暂不发布"
"3278","Q2003-SMV-SPPE","839076","","","快插接头","未配置主图字段","","","","data/resources/fitting-replacement/compatible-models.generated.ts","第 2864 行","确认该产品数据是否缺少主图字段；补图前暂不发布"
"3279","Q2003-SMX-SACN","839010","","","快插接头","未配置主图字段","","","","data/resources/fitting-replacement/compatible-models.generated.ts","第 2887 行","确认该产品数据是否缺少主图字段；补图前暂不发布"
"3280","Q2003-SMX-SPPE","839054","","","快插接头","未配置主图字段","","","","data/resources/fitting-replacement/compatible-models.generated.ts","第 2918 行","确认该产品数据是否缺少主图字段；补图前暂不发布"
"3281","Q2003-SNV-SACN","839025","","","快插接头","未配置主图字段","","","","data/resources/fitting-replacement/compatible-models.generated.ts","第 2941 行","确认该产品数据是否缺少主图字段；补图前暂不发布"
"3282","Q2003-SNV-SPPE","839069","","","快插接头","未配置主图字段","","","","data/resources/fitting-replacement/compatible-models.generated.ts","第 2972 行","确认该产品数据是否缺少主图字段；补图前暂不发布"
"3283","Q2003-SNX-SACN","839003","","","快插接头","未配置主图字段","","","","data/resources/fitting-replacement/compatible-models.generated.ts","第 3003 行","确认该产品数据是否缺少主图字段；补图前暂不发布"
"3284","Q2003-SNX-SPPE","839047","","","快插接头","未配置主图字段","","","","data/resources/fitting-replacement/compatible-models.generated.ts","第 3034 行","确认该产品数据是否缺少主图字段；补图前暂不发布"
"3285","Q2004-PMV-SACN","839044","","","快插接头","未配置主图字段","","","","data/resources/fitting-replacement/compatible-models.generated.ts","第 3065 行","确认该产品数据是否缺少主图字段；补图前暂不发布"
"3286","Q2004-PMV-SPPE","839088","","","快插接头","未配置主图字段","","","","data/resources/fitting-replacement/compatible-models.generated.ts","第 3096 行","确认该产品数据是否缺少主图字段；补图前暂不发布"
"3287","Q2004-PMX-SACN","839022","","","快插接头","未配置主图字段","","","","data/resources/fitting-replacement/compatible-models.generated.ts","第 3119 行","确认该产品数据是否缺少主图字段；补图前暂不发布"
"3288","Q2004-PMX-SPPE","839066","","","快插接头","未配置主图字段","","","","data/resources/fitting-replacement/compatible-models.generated.ts","第 3150 行","确认该产品数据是否缺少主图字段；补图前暂不发布"
"3289","Q2004-PNV-LACN","839039","","","快插接头","未配置主图字段","","","","data/resources/fitting-replacement/compatible-models.generated.ts","第 3181 行","确认该产品数据是否缺少主图字段；补图前暂不发布"
"3290","Q2004-PNV-LPPE","839083","","","快插接头","未配置主图字段","","","","data/resources/fitting-replacement/compatible-models.generated.ts","第 3212 行","确认该产品数据是否缺少主图字段；补图前暂不发布"
"3291","Q2004-PNV-SACN","839037","","","快插接头","未配置主图字段","","","","data/resources/fitting-replacement/compatible-models.generated.ts","第 3243 行","确认该产品数据是否缺少主图字段；补图前暂不发布"
"3292","Q2004-PNV-SPPE","839081","","","快插接头","未配置主图字段","","","","data/resources/fitting-replacement/compatible-models.generated.ts","第 3274 行","确认该产品数据是否缺少主图字段；补图前暂不发布"
"3293","Q2004-PNX-LACN","839017","","","快插接头","未配置主图字段","","","","data/resources/fitting-replacement/compatible-models.generated.ts","第 3305 行","确认该产品数据是否缺少主图字段；补图前暂不发布"
"3294","Q2004-PNX-LPPE","839061","","","快插接头","未配置主图字段","","","","data/resources/fitting-replacement/compatible-models.generated.ts","第 3336 行","确认该产品数据是否缺少主图字段；补图前暂不发布"
"3295","Q2004-PNX-SACN","839015","","","快插接头","未配置主图字段","","","","data/resources/fitting-replacement/compatible-models.generated.ts","第 3367 行","确认该产品数据是否缺少主图字段；补图前暂不发布"
"3296","Q2004-PNX-SPPE","839059","","","快插接头","未配置主图字段","","","","data/resources/fitting-replacement/compatible-models.generated.ts","第 3398 行","确认该产品数据是否缺少主图字段；补图前暂不发布"
"3297","Q2004-SMV-SACN","839033","","","快插接头","未配置主图字段","","","","data/resources/fitting-replacement/compatible-models.generated.ts","第 3429 行","确认该产品数据是否缺少主图字段；补图前暂不发布"
"3298","Q2004-SMV-SPPE","839077","","","快插接头","未配置主图字段","","","","data/resources/fitting-replacement/compatible-models.generated.ts","第 3460 行","确认该产品数据是否缺少主图字段；补图前暂不发布"
"3299","Q2004-SMX-SACN","839011","","","快插接头","未配置主图字段","","","","data/resources/fitting-replacement/compatible-models.generated.ts","第 3491 行","确认该产品数据是否缺少主图字段；补图前暂不发布"
"3300","Q2004-SMX-SPPE","839055","","","快插接头","未配置主图字段","","","","data/resources/fitting-replacement/compatible-models.generated.ts","第 3522 行","确认该产品数据是否缺少主图字段；补图前暂不发布"
"3301","Q2004-SNV-LACN","839028","","","快插接头","未配置主图字段","","","","data/resources/fitting-replacement/compatible-models.generated.ts","第 3553 行","确认该产品数据是否缺少主图字段；补图前暂不发布"
"3302","Q2004-SNV-SACN","839026","","","快插接头","未配置主图字段","","","","data/resources/fitting-replacement/compatible-models.generated.ts","第 3576 行","确认该产品数据是否缺少主图字段；补图前暂不发布"
"3303","Q2004-SNV-SPPE","839070","","","快插接头","未配置主图字段","","","","data/resources/fitting-replacement/compatible-models.generated.ts","第 3607 行","确认该产品数据是否缺少主图字段；补图前暂不发布"
"3304","Q2004-SNX-LACN","839006","","","快插接头","未配置主图字段","","","","data/resources/fitting-replacement/compatible-models.generated.ts","第 3638 行","确认该产品数据是否缺少主图字段；补图前暂不发布"
"3305","Q2004-SNX-SACN","839004","","","快插接头","未配置主图字段","","","","data/resources/fitting-replacement/compatible-models.generated.ts","第 3661 行","确认该产品数据是否缺少主图字段；补图前暂不发布"
"3306","Q2004-SNX-SPPE","839048","","","快插接头","未配置主图字段","","","","data/resources/fitting-replacement/compatible-models.generated.ts","第 3692 行","确认该产品数据是否缺少主图字段；补图前暂不发布"
"3307","Q2018N-PNV-SACN","839040","","","快插接头","未配置主图字段","","","","data/resources/fitting-replacement/compatible-models.generated.ts","第 3723 行","确认该产品数据是否缺少主图字段；补图前暂不发布"
"3308","Q2018N-PNV-SPPE","839084","","","快插接头","未配置主图字段","","","","data/resources/fitting-replacement/compatible-models.generated.ts","第 3754 行","确认该产品数据是否缺少主图字段；补图前暂不发布"
"3309","Q2018N-PNX-SACN","839018","","","快插接头","未配置主图字段","","","","data/resources/fitting-replacement/compatible-models.generated.ts","第 3785 行","确认该产品数据是否缺少主图字段；补图前暂不发布"
"3310","Q2018N-PNX-SPPE","839062","","","快插接头","未配置主图字段","","","","data/resources/fitting-replacement/compatible-models.generated.ts","第 3816 行","确认该产品数据是否缺少主图字段；补图前暂不发布"
"3311","Q2018T-SNV-SACN","839109","","","快插接头","未配置主图字段","","","","data/resources/fitting-replacement/compatible-models.generated.ts","第 3847 行","确认该产品数据是否缺少主图字段；补图前暂不发布"
"3312","Q2018T-SNV-SPPE","839097","","","快插接头","未配置主图字段","","","","data/resources/fitting-replacement/compatible-models.generated.ts","第 3878 行","确认该产品数据是否缺少主图字段；补图前暂不发布"
"3313","Q2018T-SNX-SACN","839110","","","快插接头","未配置主图字段","","","","data/resources/fitting-replacement/compatible-models.generated.ts","第 3909 行","确认该产品数据是否缺少主图字段；补图前暂不发布"
"3314","Q2018T-SNX-SPPE","839104","","","快插接头","未配置主图字段","","","","data/resources/fitting-replacement/compatible-models.generated.ts","第 3940 行","确认该产品数据是否缺少主图字段；补图前暂不发布"
"3315","Q4004-PMV-SACN","849032","","","快插接头","未配置主图字段","","","","data/resources/fitting-replacement/compatible-models.generated.ts","第 3971 行","确认该产品数据是否缺少主图字段；补图前暂不发布"
"3316","Q4004-PMV-SPPE","849066","","","快插接头","未配置主图字段","","","","data/resources/fitting-replacement/compatible-models.generated.ts","第 4002 行","确认该产品数据是否缺少主图字段；补图前暂不发布"
"3317","Q4004-PMX-SACN","849015","","","快插接头","未配置主图字段","","","","data/resources/fitting-replacement/compatible-models.generated.ts","第 4033 行","确认该产品数据是否缺少主图字段；补图前暂不发布"
"3318","Q4004-PMX-SPPE","849049","","","快插接头","未配置主图字段","","","","data/resources/fitting-replacement/compatible-models.generated.ts","第 4064 行","确认该产品数据是否缺少主图字段；补图前暂不发布"
"3319","Q4004-PNV-LACN","849030","","","快插接头","未配置主图字段","","","","data/resources/fitting-replacement/compatible-models.generated.ts","第 4095 行","确认该产品数据是否缺少主图字段；补图前暂不发布"
"3320","Q4004-PNV-LPPE","849064","","","快插接头","未配置主图字段","","","","data/resources/fitting-replacement/compatible-models.generated.ts","第 4126 行","确认该产品数据是否缺少主图字段；补图前暂不发布"
"3321","Q4004-PNV-SACN","849027","","","快插接头","未配置主图字段","","","","data/resources/fitting-replacement/compatible-models.generated.ts","第 4157 行","确认该产品数据是否缺少主图字段；补图前暂不发布"
"3322","Q4004-PNV-SPPE","849061","","","快插接头","未配置主图字段","","","","data/resources/fitting-replacement/compatible-models.generated.ts","第 4188 行","确认该产品数据是否缺少主图字段；补图前暂不发布"
"3323","Q4004-PNX-SACN","849010","","","快插接头","未配置主图字段","","","","data/resources/fitting-replacement/compatible-models.generated.ts","第 4219 行","确认该产品数据是否缺少主图字段；补图前暂不发布"
"3324","Q4004-PNX-SPPE","849044","","","快插接头","未配置主图字段","","","","data/resources/fitting-replacement/compatible-models.generated.ts","第 4250 行","确认该产品数据是否缺少主图字段；补图前暂不发布"
"3325","Q4004-SMV-SACN","849024","","","快插接头","未配置主图字段","","","","data/resources/fitting-replacement/compatible-models.generated.ts","第 4281 行","确认该产品数据是否缺少主图字段；补图前暂不发布"
"3326","Q4004-SMV-SPPE","849058","","","快插接头","未配置主图字段","","","","data/resources/fitting-replacement/compatible-models.generated.ts","第 4312 行","确认该产品数据是否缺少主图字段；补图前暂不发布"
"3327","Q4004-SMX-SACN","849007","","","快插接头","未配置主图字段","","","","data/resources/fitting-replacement/compatible-models.generated.ts","第 4343 行","确认该产品数据是否缺少主图字段；补图前暂不发布"
"3328","Q4004-SMX-SPPE","849041","","","快插接头","未配置主图字段","","","","data/resources/fitting-replacement/compatible-models.generated.ts","第 4374 行","确认该产品数据是否缺少主图字段；补图前暂不发布"
"3329","Q4004-SNV-SACN","849018","","","快插接头","未配置主图字段","","","","data/resources/fitting-replacement/compatible-models.generated.ts","第 4405 行","确认该产品数据是否缺少主图字段；补图前暂不发布"
"3330","Q4004-SNV-SPPE","849052","","","快插接头","未配置主图字段","","","","data/resources/fitting-replacement/compatible-models.generated.ts","第 4436 行","确认该产品数据是否缺少主图字段；补图前暂不发布"
"3331","Q4004-SNX-SACN","849001","","","快插接头","未配置主图字段","","","","data/resources/fitting-replacement/compatible-models.generated.ts","第 4467 行","确认该产品数据是否缺少主图字段；补图前暂不发布"
"3332","Q4004-SNX-SPPE","849035","","","快插接头","未配置主图字段","","","","data/resources/fitting-replacement/compatible-models.generated.ts","第 4498 行","确认该产品数据是否缺少主图字段；补图前暂不发布"
"3333","Q4005-PMV-SACN","849033","","","快插接头","未配置主图字段","","","","data/resources/fitting-replacement/compatible-models.generated.ts","第 4529 行","确认该产品数据是否缺少主图字段；补图前暂不发布"
"3334","Q4005-PMV-SPPE","849067","","","快插接头","未配置主图字段","","","","data/resources/fitting-replacement/compatible-models.generated.ts","第 4560 行","确认该产品数据是否缺少主图字段；补图前暂不发布"
"3335","Q4005-PMX-SACN","849016","","","快插接头","未配置主图字段","","","","data/resources/fitting-replacement/compatible-models.generated.ts","第 4583 行","确认该产品数据是否缺少主图字段；补图前暂不发布"
"3336","Q4005-PMX-SPPE","849050","","","快插接头","未配置主图字段","","","","data/resources/fitting-replacement/compatible-models.generated.ts","第 4614 行","确认该产品数据是否缺少主图字段；补图前暂不发布"
"3337","Q4005-PNV-SACN","849028","","","快插接头","未配置主图字段","","","","data/resources/fitting-replacement/compatible-models.generated.ts","第 4637 行","确认该产品数据是否缺少主图字段；补图前暂不发布"
"3338","Q4005-PNV-SPPE","849062","","","快插接头","未配置主图字段","","","","data/resources/fitting-replacement/compatible-models.generated.ts","第 4668 行","确认该产品数据是否缺少主图字段；补图前暂不发布"
"3339","Q4005-PNX-SACN","849011","","","快插接头","未配置主图字段","","","","data/resources/fitting-replacement/compatible-models.generated.ts","第 4699 行","确认该产品数据是否缺少主图字段；补图前暂不发布"
"3340","Q4005-PNX-SPPE","849045","","","快插接头","未配置主图字段","","","","data/resources/fitting-replacement/compatible-models.generated.ts","第 4730 行","确认该产品数据是否缺少主图字段；补图前暂不发布"
"3341","Q4005-SMV-SACN","849025","","","快插接头","未配置主图字段","","","","data/resources/fitting-replacement/compatible-models.generated.ts","第 4761 行","确认该产品数据是否缺少主图字段；补图前暂不发布"
"3342","Q4005-SMV-SPPE","849059","","","快插接头","未配置主图字段","","","","data/resources/fitting-replacement/compatible-models.generated.ts","第 4792 行","确认该产品数据是否缺少主图字段；补图前暂不发布"
"3343","Q4005-SMX-SACN","849008","","","快插接头","未配置主图字段","","","","data/resources/fitting-replacement/compatible-models.generated.ts","第 4823 行","确认该产品数据是否缺少主图字段；补图前暂不发布"
"3344","Q4005-SMX-SPPE","849042","","","快插接头","未配置主图字段","","","","data/resources/fitting-replacement/compatible-models.generated.ts","第 4854 行","确认该产品数据是否缺少主图字段；补图前暂不发布"
"3345","Q4005-SNV-SACN","849019","","","快插接头","未配置主图字段","","","","data/resources/fitting-replacement/compatible-models.generated.ts","第 4885 行","确认该产品数据是否缺少主图字段；补图前暂不发布"
"3346","Q4005-SNV-SPPE","849053","","","快插接头","未配置主图字段","","","","data/resources/fitting-replacement/compatible-models.generated.ts","第 4916 行","确认该产品数据是否缺少主图字段；补图前暂不发布"
"3347","Q4005-SNX-SACN","849002","","","快插接头","未配置主图字段","","","","data/resources/fitting-replacement/compatible-models.generated.ts","第 4947 行","确认该产品数据是否缺少主图字段；补图前暂不发布"
"3348","Q4005-SNX-SPPE","849036","","","快插接头","未配置主图字段","","","","data/resources/fitting-replacement/compatible-models.generated.ts","第 4978 行","确认该产品数据是否缺少主图字段；补图前暂不发布"
"3349","Q4006-PMV-SACN","849034","","","快插接头","未配置主图字段","","","","data/resources/fitting-replacement/compatible-models.generated.ts","第 5009 行","确认该产品数据是否缺少主图字段；补图前暂不发布"
"3350","Q4006-PMV-SPPE","849068","","","快插接头","未配置主图字段","","","","data/resources/fitting-replacement/compatible-models.generated.ts","第 5040 行","确认该产品数据是否缺少主图字段；补图前暂不发布"
"3351","Q4006-PMX-SACN","849017","","","快插接头","未配置主图字段","","","","data/resources/fitting-replacement/compatible-models.generated.ts","第 5071 行","确认该产品数据是否缺少主图字段；补图前暂不发布"
"3352","Q4006-PMX-SPPE","849051","","","快插接头","未配置主图字段","","","","data/resources/fitting-replacement/compatible-models.generated.ts","第 5102 行","确认该产品数据是否缺少主图字段；补图前暂不发布"
"3353","Q4006-PNV-SACN","849029","","","快插接头","未配置主图字段","","","","data/resources/fitting-replacement/compatible-models.generated.ts","第 5133 行","确认该产品数据是否缺少主图字段；补图前暂不发布"
"3354","Q4006-PNV-SPPE","849063","","","快插接头","未配置主图字段","","","","data/resources/fitting-replacement/compatible-models.generated.ts","第 5164 行","确认该产品数据是否缺少主图字段；补图前暂不发布"
"3355","Q4006-PNX-LACN","849013","","","快插接头","未配置主图字段","","","","data/resources/fitting-replacement/compatible-models.generated.ts","第 5195 行","确认该产品数据是否缺少主图字段；补图前暂不发布"
"3356","Q4006-PNX-LPPE","849047","","","快插接头","未配置主图字段","","","","data/resources/fitting-replacement/compatible-models.generated.ts","第 5226 行","确认该产品数据是否缺少主图字段；补图前暂不发布"
"3357","Q4006-PNX-SACN","849012","","","快插接头","未配置主图字段","","","","data/resources/fitting-replacement/compatible-models.generated.ts","第 5257 行","确认该产品数据是否缺少主图字段；补图前暂不发布"
"3358","Q4006-PNX-SPPE","849046","","","快插接头","未配置主图字段","","","","data/resources/fitting-replacement/compatible-models.generated.ts","第 5288 行","确认该产品数据是否缺少主图字段；补图前暂不发布"
"3359","Q4006-SMV-SACN","849026","","","快插接头","未配置主图字段","","","","data/resources/fitting-replacement/compatible-models.generated.ts","第 5319 行","确认该产品数据是否缺少主图字段；补图前暂不发布"
"3360","Q4006-SMV-SPPE","849060","","","快插接头","未配置主图字段","","","","data/resources/fitting-replacement/compatible-models.generated.ts","第 5350 行","确认该产品数据是否缺少主图字段；补图前暂不发布"
"3361","Q4006-SMX-SACN","849009","","","快插接头","未配置主图字段","","","","data/resources/fitting-replacement/compatible-models.generated.ts","第 5381 行","确认该产品数据是否缺少主图字段；补图前暂不发布"
"3362","Q4006-SMX-SPPE","849043","","","快插接头","未配置主图字段","","","","data/resources/fitting-replacement/compatible-models.generated.ts","第 5412 行","确认该产品数据是否缺少主图字段；补图前暂不发布"
"3363","Q4006-SNV-SACN","849020","","","快插接头","未配置主图字段","","","","data/resources/fitting-replacement/compatible-models.generated.ts","第 5443 行","确认该产品数据是否缺少主图字段；补图前暂不发布"
"3364","Q4006-SNV-SPPE","849054","","","快插接头","未配置主图字段","","","","data/resources/fitting-replacement/compatible-models.generated.ts","第 5474 行","确认该产品数据是否缺少主图字段；补图前暂不发布"
"3365","Q4006-SNX-SACN","849003","","","快插接头","未配置主图字段","","","","data/resources/fitting-replacement/compatible-models.generated.ts","第 5505 行","确认该产品数据是否缺少主图字段；补图前暂不发布"
"3366","Q4006-SNX-SPPE","849037","","","快插接头","未配置主图字段","","","","data/resources/fitting-replacement/compatible-models.generated.ts","第 5536 行","确认该产品数据是否缺少主图字段；补图前暂不发布"
"3367","Q4014N-PNV-SACN","849031","","","快插接头","未配置主图字段","","","","data/resources/fitting-replacement/compatible-models.generated.ts","第 5567 行","确认该产品数据是否缺少主图字段；补图前暂不发布"
"3368","Q4014N-PNV-SPPE","849065","","","快插接头","未配置主图字段","","","","data/resources/fitting-replacement/compatible-models.generated.ts","第 5598 行","确认该产品数据是否缺少主图字段；补图前暂不发布"
"3369","Q4014N-SNV-SACN","849023","","","快插接头","未配置主图字段","","","","data/resources/fitting-replacement/compatible-models.generated.ts","第 5629 行","确认该产品数据是否缺少主图字段；补图前暂不发布"
"3370","Q4014N-SNV-SPPE","849057","","","快插接头","未配置主图字段","","","","data/resources/fitting-replacement/compatible-models.generated.ts","第 5660 行","确认该产品数据是否缺少主图字段；补图前暂不发布"
"3371","Q4014N-SNX-SACN","849006","","","快插接头","未配置主图字段","","","","data/resources/fitting-replacement/compatible-models.generated.ts","第 5691 行","确认该产品数据是否缺少主图字段；补图前暂不发布"
"3372","Q4014N-SNX-SPPE","849040","","","快插接头","未配置主图字段","","","","data/resources/fitting-replacement/compatible-models.generated.ts","第 5722 行","确认该产品数据是否缺少主图字段；补图前暂不发布"
"3373","Q6006-PNV-LPPE","869032","","","快插接头","未配置主图字段","","","","data/resources/fitting-replacement/compatible-models.generated.ts","第 5753 行","确认该产品数据是否缺少主图字段；补图前暂不发布"
"3374","Q6006-PNV-SPPE","869029","","","快插接头","未配置主图字段","","","","data/resources/fitting-replacement/compatible-models.generated.ts","第 5784 行","确认该产品数据是否缺少主图字段；补图前暂不发布"
"3375","Q6006-PNX-LPPE","869012","","","快插接头","未配置主图字段","","","","data/resources/fitting-replacement/compatible-models.generated.ts","第 5815 行","确认该产品数据是否缺少主图字段；补图前暂不发布"
"3376","Q6006-PNX-SPPE","869009","","","快插接头","未配置主图字段","","","","data/resources/fitting-replacement/compatible-models.generated.ts","第 5846 行","确认该产品数据是否缺少主图字段；补图前暂不发布"
"3377","Q6006-SMV-LPPE","869020","","","快插接头","未配置主图字段","","","","data/resources/fitting-replacement/compatible-models.generated.ts","第 5877 行","确认该产品数据是否缺少主图字段；补图前暂不发布"
"3378","Q6006-SMV-SPPE","869026","","","快插接头","未配置主图字段","","","","data/resources/fitting-replacement/compatible-models.generated.ts","第 5900 行","确认该产品数据是否缺少主图字段；补图前暂不发布"
"3379","Q6006-SMX-LPPE","869018","","","快插接头","未配置主图字段","","","","data/resources/fitting-replacement/compatible-models.generated.ts","第 5931 行","确认该产品数据是否缺少主图字段；补图前暂不发布"
"3380","Q6006-SMX-SPPE","869006","","","快插接头","未配置主图字段","","","","data/resources/fitting-replacement/compatible-models.generated.ts","第 5954 行","确认该产品数据是否缺少主图字段；补图前暂不发布"
"3381","Q6006-SNV-SPPE","869021","","","快插接头","未配置主图字段","","","","data/resources/fitting-replacement/compatible-models.generated.ts","第 5985 行","确认该产品数据是否缺少主图字段；补图前暂不发布"
"3382","Q6006-SNX-SPPE","869001","","","快插接头","未配置主图字段","","","","data/resources/fitting-replacement/compatible-models.generated.ts","第 6016 行","确认该产品数据是否缺少主图字段；补图前暂不发布"
"3383","Q6008-PNV-LPPE","869033","","","快插接头","未配置主图字段","","","","data/resources/fitting-replacement/compatible-models.generated.ts","第 6047 行","确认该产品数据是否缺少主图字段；补图前暂不发布"
"3384","Q6008-PNV-SPPE","869030","","","快插接头","未配置主图字段","","","","data/resources/fitting-replacement/compatible-models.generated.ts","第 6078 行","确认该产品数据是否缺少主图字段；补图前暂不发布"
"3385","Q6008-PNX-LPPE","869013","","","快插接头","未配置主图字段","","","","data/resources/fitting-replacement/compatible-models.generated.ts","第 6109 行","确认该产品数据是否缺少主图字段；补图前暂不发布"
"3386","Q6008-PNX-SPPE","869010","","","快插接头","未配置主图字段","","","","data/resources/fitting-replacement/compatible-models.generated.ts","第 6140 行","确认该产品数据是否缺少主图字段；补图前暂不发布"
"3387","Q6008-SMV-LPPE","869036","","","快插接头","未配置主图字段","","","","data/resources/fitting-replacement/compatible-models.generated.ts","第 6171 行","确认该产品数据是否缺少主图字段；补图前暂不发布"
"3388","Q6008-SMV-SPPE","869027","","","快插接头","未配置主图字段","","","","data/resources/fitting-replacement/compatible-models.generated.ts","第 6194 行","确认该产品数据是否缺少主图字段；补图前暂不发布"
"3389","Q6008-SMX-LPPE","869019","","","快插接头","未配置主图字段","","","","data/resources/fitting-replacement/compatible-models.generated.ts","第 6225 行","确认该产品数据是否缺少主图字段；补图前暂不发布"
"3390","Q6008-SMX-SPPE","869007","","","快插接头","未配置主图字段","","","","data/resources/fitting-replacement/compatible-models.generated.ts","第 6248 行","确认该产品数据是否缺少主图字段；补图前暂不发布"
"3391","Q6008-SNV-SPPE","869022","","","快插接头","未配置主图字段","","","","data/resources/fitting-replacement/compatible-models.generated.ts","第 6279 行","确认该产品数据是否缺少主图字段；补图前暂不发布"
"3392","Q6008-SNX-SPPE","869002","","","快插接头","未配置主图字段","","","","data/resources/fitting-replacement/compatible-models.generated.ts","第 6310 行","确认该产品数据是否缺少主图字段；补图前暂不发布"
"3393","Q6012-PNV-SPPE","869031","","","快插接头","未配置主图字段","","","","data/resources/fitting-replacement/compatible-models.generated.ts","第 6341 行","确认该产品数据是否缺少主图字段；补图前暂不发布"
"3394","Q6012-PNX-SPPE","869011","","","快插接头","未配置主图字段","","","","data/resources/fitting-replacement/compatible-models.generated.ts","第 6372 行","确认该产品数据是否缺少主图字段；补图前暂不发布"
"3395","Q6012-SMV-SPPE","869028","","","快插接头","未配置主图字段","","","","data/resources/fitting-replacement/compatible-models.generated.ts","第 6403 行","确认该产品数据是否缺少主图字段；补图前暂不发布"
"3396","Q6012-SMX-SPPE","869008","","","快插接头","未配置主图字段","","","","data/resources/fitting-replacement/compatible-models.generated.ts","第 6434 行","确认该产品数据是否缺少主图字段；补图前暂不发布"
"3397","Q6012-SNV-SPPE","869023","","","快插接头","未配置主图字段","","","","data/resources/fitting-replacement/compatible-models.generated.ts","第 6465 行","确认该产品数据是否缺少主图字段；补图前暂不发布"
"3398","Q6012-SNX-SPPE","869003","","","快插接头","未配置主图字段","","","","data/resources/fitting-replacement/compatible-models.generated.ts","第 6496 行","确认该产品数据是否缺少主图字段；补图前暂不发布"
"3399","Q6012N-PNV-SPPE","869035","","","快插接头","未配置主图字段","","","","data/resources/fitting-replacement/compatible-models.generated.ts","第 6527 行","确认该产品数据是否缺少主图字段；补图前暂不发布"
"3400","Q6012N-PNX-SPPE","869015","","","快插接头","未配置主图字段","","","","data/resources/fitting-replacement/compatible-models.generated.ts","第 6558 行","确认该产品数据是否缺少主图字段；补图前暂不发布"
"3401","Q6012N-SNV-SPPE","869025","","","快插接头","未配置主图字段","","","","data/resources/fitting-replacement/compatible-models.generated.ts","第 6589 行","确认该产品数据是否缺少主图字段；补图前暂不发布"
"3402","Q6012N-SNX-SPPE","869005","","","快插接头","未配置主图字段","","","","data/resources/fitting-replacement/compatible-models.generated.ts","第 6620 行","确认该产品数据是否缺少主图字段；补图前暂不发布"
"3403","Q6038N-PNV-SPPE","869034","","","快插接头","未配置主图字段","","","","data/resources/fitting-replacement/compatible-models.generated.ts","第 6651 行","确认该产品数据是否缺少主图字段；补图前暂不发布"
"3404","Q6038N-PNX-SPPE","869014","","","快插接头","未配置主图字段","","","","data/resources/fitting-replacement/compatible-models.generated.ts","第 6682 行","确认该产品数据是否缺少主图字段；补图前暂不发布"
"3405","Q6038N-SNV-SPPE","869024","","","快插接头","未配置主图字段","","","","data/resources/fitting-replacement/compatible-models.generated.ts","第 6713 行","确认该产品数据是否缺少主图字段；补图前暂不发布"
"3406","Q6038N-SNX-SPPE","869004","","","快插接头","未配置主图字段","","","","data/resources/fitting-replacement/compatible-models.generated.ts","第 6744 行","确认该产品数据是否缺少主图字段；补图前暂不发布"
"3407","标滚卡箍接头 HN-M6-16-PK-N","809728","","","新版标滚卡箍接头","未配置主图字段","","","","data/resources/fitting-replacement/compatible-models.generated.ts","第 6775 行","确认该产品数据是否缺少主图字段；补图前暂不发布"
"3408","标滚卡箍接头 HN-M6-32-PK-N","809729","","","新版标滚卡箍接头","未配置主图字段","","","","data/resources/fitting-replacement/compatible-models.generated.ts","第 6798 行","确认该产品数据是否缺少主图字段；补图前暂不发布"
"3409","标滚卡箍接头 HN-U28-16-PK-N","809726","","","新版标滚卡箍接头","未配置主图字段","","","","data/resources/fitting-replacement/compatible-models.generated.ts","第 6821 行","确认该产品数据是否缺少主图字段；补图前暂不发布"
"3410","标滚卡箍接头 HN-U28-32-PK-N","809727","","","新版标滚卡箍接头","未配置主图字段","","","","data/resources/fitting-replacement/compatible-models.generated.ts","第 6844 行","确认该产品数据是否缺少主图字段；补图前暂不发布"
"3411","紧凑卡箍接头 HN6-M6-16-PK-N","809732","","","新版紧凑卡箍接头","未配置主图字段","","","","data/resources/fitting-replacement/compatible-models.generated.ts","第 6867 行","确认该产品数据是否缺少主图字段；补图前暂不发布"
"3412","紧凑卡箍接头 HN6-M6-32-PK-N","809733","","","新版紧凑卡箍接头","未配置主图字段","","","","data/resources/fitting-replacement/compatible-models.generated.ts","第 6890 行","确认该产品数据是否缺少主图字段；补图前暂不发布"
"3413","紧凑卡箍接头 HN6-U28-16-PK-N","809730","","","新版紧凑卡箍接头","未配置主图字段","","","","data/resources/fitting-replacement/compatible-models.generated.ts","第 6913 行","确认该产品数据是否缺少主图字段；补图前暂不发布"
"3414","紧凑卡箍接头 HN6-U28-32-PK-B","809923","","","新版紧凑卡箍接头","未配置主图字段","","","","data/resources/fitting-replacement/compatible-models.generated.ts","第 6936 行","确认该产品数据是否缺少主图字段；补图前暂不发布"
"3415","紧凑平底接头 HF6-U28-20-PS-B","809753","","","新版紧凑平底接头","未配置主图字段","","","","data/resources/fitting-replacement/compatible-models.generated.ts","第 6959 行","确认该产品数据是否缺少主图字段；补图前暂不发布"
"3416","紧凑平底接头 HF6-U28-25-PS-B","809755","","","新版紧凑平底接头","未配置主图字段","","","","data/resources/fitting-replacement/compatible-models.generated.ts","第 6982 行","确认该产品数据是否缺少主图字段；补图前暂不发布"
"3417","紧凑平底接头 HF6-U28-32-PS-B","809757","","","新版紧凑平底接头","未配置主图字段","","","","data/resources/fitting-replacement/compatible-models.generated.ts","第 7005 行","确认该产品数据是否缺少主图字段；补图前暂不发布"
"3418","Q20 快插接头","商品编码：","","","","未配置主图字段","","","","data/resources/fitting-replacement/fittings/quick-connect/q20/q20.page.intl.ts","第 85 行","确认该产品数据是否缺少主图字段；补图前暂不发布"
"3419","Q20 Quick-connect Fitting","Product Code:","","","","未配置主图字段","","","","data/resources/fitting-replacement/fittings/quick-connect/q20/q20.page.intl.ts","第 166 行","确认该产品数据是否缺少主图字段；补图前暂不发布"
"3420","Conector Q20","Código:","","","","未配置主图字段","","","","data/resources/fitting-replacement/fittings/quick-connect/q20/q20.page.intl.ts","第 247 行","确认该产品数据是否缺少主图字段；补图前暂不发布"
"3421","Raccord Q20","Code :","","","","未配置主图字段","","","","data/resources/fitting-replacement/fittings/quick-connect/q20/q20.page.intl.ts","第 328 行","确认该产品数据是否缺少主图字段；补图前暂不发布"
"3422","Q20 퀵 커넥트 피팅","제품 코드:","","","","未配置主图字段","","","","data/resources/fitting-replacement/fittings/quick-connect/q20/q20.page.intl.ts","第 409 行","确认该产品数据是否缺少主图字段；补图前暂不发布"
"3423","Фитинг Q20","Код:","","","","未配置主图字段","","","","data/resources/fitting-replacement/fittings/quick-connect/q20/q20.page.intl.ts","第 489 行","确认该产品数据是否缺少主图字段；补图前暂不发布"
"3424","","839041","","","","正常","imagePath","/images/resources/selection-support/fitting-replacement/q20/products/Q2001-PMV-SACN.webp","F:\WebsiteProjects\foreach-website-2026\public\images\resources\selection-support\fitting-replacement\q20\products\Q2001-PMV-SACN.webp","data/resources/fitting-replacement/fittings/quick-connect/q20/q20.zh.ts","第 53 行","无需处理"
"3425","","839130","","","","正常","imagePath","/images/resources/selection-support/fitting-replacement/q20/products/Q2001-PMV-SACN.webp","F:\WebsiteProjects\foreach-website-2026\public\images\resources\selection-support\fitting-replacement\q20\products\Q2001-PMV-SACN.webp","data/resources/fitting-replacement/fittings/quick-connect/q20/q20.zh.ts","第 67 行","无需处理"
"3426","","839019","","","","正常","imagePath","/images/resources/selection-support/fitting-replacement/q20/products/Q2001-PMX-SACN.webp","F:\WebsiteProjects\foreach-website-2026\public\images\resources\selection-support\fitting-replacement\q20\products\Q2001-PMX-SACN.webp","data/resources/fitting-replacement/fittings/quick-connect/q20/q20.zh.ts","第 81 行","无需处理"
"3427","","839034","","","","正常","imagePath","/images/resources/selection-support/fitting-replacement/q20/products/Q2001-PNV-SACN.webp","F:\WebsiteProjects\foreach-website-2026\public\images\resources\selection-support\fitting-replacement\q20\products\Q2001-PNV-SACN.webp","data/resources/fitting-replacement/fittings/quick-connect/q20/q20.zh.ts","第 95 行","无需处理"
"3428","","839120","","","","图片文件不存在","imagePath","/images/resources/selection-support/fitting-replacement/q20/products/Q2001-PNX-SACE.webp","F:\WebsiteProjects\foreach-website-2026\public\images\resources\selection-support\fitting-replacement\q20\products\Q2001-PNX-SACE.webp | F:\images\resources\selection-support\fitting-replacement\q20\products\Q2001-PNX-SACE.webp | F:\WebsiteProjects\foreach-website-2026\public\images\resources\selection-support\fitting-replacement\q20\products\Q2001-PNX-SACE.webp | F:\WebsiteProjects\foreach-website-2026\images\resources\selection-support\fitting-replacement\q20\products\Q2001-PNX-SACE.webp","data/resources/fitting-replacement/fittings/quick-connect/q20/q20.zh.ts","第 109 行","确认图片是否漏传、路径是否写错；无图产品暂不发布"
"3429","","839012","","","","正常","imagePath","/images/resources/selection-support/fitting-replacement/q20/products/Q2001-PNX-SACN.webp","F:\WebsiteProjects\foreach-website-2026\public\images\resources\selection-support\fitting-replacement\q20\products\Q2001-PNX-SACN.webp","data/resources/fitting-replacement/fittings/quick-connect/q20/q20.zh.ts","第 123 行","无需处理"
"3430","","839085","","","","正常","imagePath","/images/resources/selection-support/fitting-replacement/q20/products/Q2001-PMV-SPPE.webp","F:\WebsiteProjects\foreach-website-2026\public\images\resources\selection-support\fitting-replacement\q20\products\Q2001-PMV-SPPE.webp","data/resources/fitting-replacement/fittings/quick-connect/q20/q20.zh.ts","第 137 行","无需处理"
"3431","","839063","","","","正常","imagePath","/images/resources/selection-support/fitting-replacement/q20/products/Q2001-PMX-SPPE.webp","F:\WebsiteProjects\foreach-website-2026\public\images\resources\selection-support\fitting-replacement\q20\products\Q2001-PMX-SPPE.webp","data/resources/fitting-replacement/fittings/quick-connect/q20/q20.zh.ts","第 151 行","无需处理"
"3432","","839078","","","","正常","imagePath","/images/resources/selection-support/fitting-replacement/q20/products/Q2001-PNV-SPPE.webp","F:\WebsiteProjects\foreach-website-2026\public\images\resources\selection-support\fitting-replacement\q20\products\Q2001-PNV-SPPE.webp","data/resources/fitting-replacement/fittings/quick-connect/q20/q20.zh.ts","第 165 行","无需处理"
"3433","","839056","","","","正常","imagePath","/images/resources/selection-support/fitting-replacement/q20/products/Q2001-PNX-SPPE.webp","F:\WebsiteProjects\foreach-website-2026\public\images\resources\selection-support\fitting-replacement\q20\products\Q2001-PNX-SPPE.webp","data/resources/fitting-replacement/fittings/quick-connect/q20/q20.zh.ts","第 179 行","无需处理"
"3434","","839030","","","","正常","imagePath","/images/resources/selection-support/fitting-replacement/q20/products/Q2001-SMV-SACN.webp","F:\WebsiteProjects\foreach-website-2026\public\images\resources\selection-support\fitting-replacement\q20\products\Q2001-SMV-SACN.webp","data/resources/fitting-replacement/fittings/quick-connect/q20/q20.zh.ts","第 193 行","无需处理"
"3435","","839115","","","","正常","imagePath","/images/resources/selection-support/fitting-replacement/q20/products/Q2001-SMV-SACN.webp","F:\WebsiteProjects\foreach-website-2026\public\images\resources\selection-support\fitting-replacement\q20\products\Q2001-SMV-SACN.webp","data/resources/fitting-replacement/fittings/quick-connect/q20/q20.zh.ts","第 207 行","无需处理"
"3436","","839008","","","","正常","imagePath","/images/resources/selection-support/fitting-replacement/q20/products/Q2001-SMX-SACN.webp","F:\WebsiteProjects\foreach-website-2026\public\images\resources\selection-support\fitting-replacement\q20\products\Q2001-SMX-SACN.webp","data/resources/fitting-replacement/fittings/quick-connect/q20/q20.zh.ts","第 221 行","无需处理"
"3437","","839133","","","","正常","imagePath","/images/resources/selection-support/fitting-replacement/q20/products/Q2001-SMX-SACN.webp","F:\WebsiteProjects\foreach-website-2026\public\images\resources\selection-support\fitting-replacement\q20\products\Q2001-SMX-SACN.webp","data/resources/fitting-replacement/fittings/quick-connect/q20/q20.zh.ts","第 235 行","无需处理"
"3438","","839023","","","","正常","imagePath","/images/resources/selection-support/fitting-replacement/q20/products/Q2001-SNV-SACN.webp","F:\WebsiteProjects\foreach-website-2026\public\images\resources\selection-support\fitting-replacement\q20\products\Q2001-SNV-SACN.webp","data/resources/fitting-replacement/fittings/quick-connect/q20/q20.zh.ts","第 249 行","无需处理"
"3439","","839001","","","","正常","imagePath","/images/resources/selection-support/fitting-replacement/q20/products/Q2001-SNX-SACN.webp","F:\WebsiteProjects\foreach-website-2026\public\images\resources\selection-support\fitting-replacement\q20\products\Q2001-SNX-SACN.webp","data/resources/fitting-replacement/fittings/quick-connect/q20/q20.zh.ts","第 263 行","无需处理"
"3440","","839074","","","","正常","imagePath","/images/resources/selection-support/fitting-replacement/q20/products/Q2001-SMV-SPPE.webp","F:\WebsiteProjects\foreach-website-2026\public\images\resources\selection-support\fitting-replacement\q20\products\Q2001-SMV-SPPE.webp","data/resources/fitting-replacement/fittings/quick-connect/q20/q20.zh.ts","第 277 行","无需处理"
"3441","","839052","","","","正常","imagePath","/images/resources/selection-support/fitting-replacement/q20/products/Q2001-SMX-SPPE.webp","F:\WebsiteProjects\foreach-website-2026\public\images\resources\selection-support\fitting-replacement\q20\products\Q2001-SMX-SPPE.webp","data/resources/fitting-replacement/fittings/quick-connect/q20/q20.zh.ts","第 291 行","无需处理"
"3442","","839067","","","","正常","imagePath","/images/resources/selection-support/fitting-replacement/q20/products/Q2001-SNV-SPPE.webp","F:\WebsiteProjects\foreach-website-2026\public\images\resources\selection-support\fitting-replacement\q20\products\Q2001-SNV-SPPE.webp","data/resources/fitting-replacement/fittings/quick-connect/q20/q20.zh.ts","第 305 行","无需处理"
"3443","","839045","","","","正常","imagePath","/images/resources/selection-support/fitting-replacement/q20/products/Q2001-SNX-SPPE.webp","F:\WebsiteProjects\foreach-website-2026\public\images\resources\selection-support\fitting-replacement\q20\products\Q2001-SNX-SPPE.webp","data/resources/fitting-replacement/fittings/quick-connect/q20/q20.zh.ts","第 319 行","无需处理"
"3444","","839042","","","","正常","imagePath","/images/resources/selection-support/fitting-replacement/q20/products/Q2002-PMV-SACN.webp","F:\WebsiteProjects\foreach-website-2026\public\images\resources\selection-support\fitting-replacement\q20\products\Q2002-PMV-SACN.webp","data/resources/fitting-replacement/fittings/quick-connect/q20/q20.zh.ts","第 333 行","无需处理"
"3445","","839119","","","","图片文件不存在","imagePath","/images/resources/selection-support/fitting-replacement/q20/products/Q2002-PMX-SACE.webp","F:\WebsiteProjects\foreach-website-2026\public\images\resources\selection-support\fitting-replacement\q20\products\Q2002-PMX-SACE.webp | F:\images\resources\selection-support\fitting-replacement\q20\products\Q2002-PMX-SACE.webp | F:\WebsiteProjects\foreach-website-2026\public\images\resources\selection-support\fitting-replacement\q20\products\Q2002-PMX-SACE.webp | F:\WebsiteProjects\foreach-website-2026\images\resources\selection-support\fitting-replacement\q20\products\Q2002-PMX-SACE.webp","data/resources/fitting-replacement/fittings/quick-connect/q20/q20.zh.ts","第 347 行","确认图片是否漏传、路径是否写错；无图产品暂不发布"
"3446","","839020","","","","正常","imagePath","/images/resources/selection-support/fitting-replacement/q20/products/Q2002-PMX-SACN.webp","F:\WebsiteProjects\foreach-website-2026\public\images\resources\selection-support\fitting-replacement\q20\products\Q2002-PMX-SACN.webp","data/resources/fitting-replacement/fittings/quick-connect/q20/q20.zh.ts","第 361 行","无需处理"
"3447","","839035","","","","正常","imagePath","/images/resources/selection-support/fitting-replacement/q20/products/Q2002-PNV-SACN.webp","F:\WebsiteProjects\foreach-website-2026\public\images\resources\selection-support\fitting-replacement\q20\products\Q2002-PNV-SACN.webp","data/resources/fitting-replacement/fittings/quick-connect/q20/q20.zh.ts","第 375 行","无需处理"
"3448","","839099","","","","图片文件不存在","imagePath","/images/resources/selection-support/fitting-replacement/q20/products/Q2002-PNX-SACE.webp","F:\WebsiteProjects\foreach-website-2026\public\images\resources\selection-support\fitting-replacement\q20\products\Q2002-PNX-SACE.webp | F:\images\resources\selection-support\fitting-replacement\q20\products\Q2002-PNX-SACE.webp | F:\WebsiteProjects\foreach-website-2026\public\images\resources\selection-support\fitting-replacement\q20\products\Q2002-PNX-SACE.webp | F:\WebsiteProjects\foreach-website-2026\images\resources\selection-support\fitting-replacement\q20\products\Q2002-PNX-SACE.webp","data/resources/fitting-replacement/fittings/quick-connect/q20/q20.zh.ts","第 389 行","确认图片是否漏传、路径是否写错；无图产品暂不发布"
"3449","","839013","","","","正常","imagePath","/images/resources/selection-support/fitting-replacement/q20/products/Q2002-PNX-SACN.webp","F:\WebsiteProjects\foreach-website-2026\public\images\resources\selection-support\fitting-replacement\q20\products\Q2002-PNX-SACN.webp","data/resources/fitting-replacement/fittings/quick-connect/q20/q20.zh.ts","第 403 行","无需处理"
"3450","","839086","","","","正常","imagePath","/images/resources/selection-support/fitting-replacement/q20/products/Q2002-PMV-SPPE.webp","F:\WebsiteProjects\foreach-website-2026\public\images\resources\selection-support\fitting-replacement\q20\products\Q2002-PMV-SPPE.webp","data/resources/fitting-replacement/fittings/quick-connect/q20/q20.zh.ts","第 417 行","无需处理"
"3451","","839064","","","","正常","imagePath","/images/resources/selection-support/fitting-replacement/q20/products/Q2002-PMX-SPPE.webp","F:\WebsiteProjects\foreach-website-2026\public\images\resources\selection-support\fitting-replacement\q20\products\Q2002-PMX-SPPE.webp","data/resources/fitting-replacement/fittings/quick-connect/q20/q20.zh.ts","第 431 行","无需处理"
"3452","","839138","","","","正常","imagePath","/images/resources/selection-support/fitting-replacement/q20/products/Q2002-PMX-SPPE.webp","F:\WebsiteProjects\foreach-website-2026\public\images\resources\selection-support\fitting-replacement\q20\products\Q2002-PMX-SPPE.webp","data/resources/fitting-replacement/fittings/quick-connect/q20/q20.zh.ts","第 445 行","无需处理"
"3453","","839079","","","","正常","imagePath","/images/resources/selection-support/fitting-replacement/q20/products/Q2002-PNV-SPPE.webp","F:\WebsiteProjects\foreach-website-2026\public\images\resources\selection-support\fitting-replacement\q20\products\Q2002-PNV-SPPE.webp","data/resources/fitting-replacement/fittings/quick-connect/q20/q20.zh.ts","第 459 行","无需处理"
"3454","","839057","","","","正常","imagePath","/images/resources/selection-support/fitting-replacement/q20/products/Q2002-PNX-SPPE.webp","F:\WebsiteProjects\foreach-website-2026\public\images\resources\selection-support\fitting-replacement\q20\products\Q2002-PNX-SPPE.webp","data/resources/fitting-replacement/fittings/quick-connect/q20/q20.zh.ts","第 473 行","无需处理"
"3455","","839038","","","","正常","imagePath","/images/resources/selection-support/fitting-replacement/q20/products/Q2002-PNV-LACN.webp","F:\WebsiteProjects\foreach-website-2026\public\images\resources\selection-support\fitting-replacement\q20\products\Q2002-PNV-LACN.webp","data/resources/fitting-replacement/fittings/quick-connect/q20/q20.zh.ts","第 487 行","无需处理"
"3456","","839016","","","","正常","imagePath","/images/resources/selection-support/fitting-replacement/q20/products/Q2002-PNX-LACN.webp","F:\WebsiteProjects\foreach-website-2026\public\images\resources\selection-support\fitting-replacement\q20\products\Q2002-PNX-LACN.webp","data/resources/fitting-replacement/fittings/quick-connect/q20/q20.zh.ts","第 501 行","无需处理"
"3457","","839082","","","","正常","imagePath","/images/resources/selection-support/fitting-replacement/q20/products/Q2002-PNV-LPPE.webp","F:\WebsiteProjects\foreach-website-2026\public\images\resources\selection-support\fitting-replacement\q20\products\Q2002-PNV-LPPE.webp","data/resources/fitting-replacement/fittings/quick-connect/q20/q20.zh.ts","第 515 行","无需处理"
"3458","","839060","","","","正常","imagePath","/images/resources/selection-support/fitting-replacement/q20/products/Q2002-PNX-LPPE.webp","F:\WebsiteProjects\foreach-website-2026\public\images\resources\selection-support\fitting-replacement\q20\products\Q2002-PNX-LPPE.webp","data/resources/fitting-replacement/fittings/quick-connect/q20/q20.zh.ts","第 529 行","无需处理"
"3459","","Q20","","","Q20","未配置主图字段","","","","data/resources/fitting-replacement/fittings/quick-connect/q20/q20.zh.ts","第 546 行","确认该产品数据是否缺少主图字段；补图前暂不发布"
"3460","","01","","","Q20","未配置主图字段","","","","data/resources/fitting-replacement/fittings/quick-connect/q20/q20.zh.ts","第 569 行","确认该产品数据是否缺少主图字段；补图前暂不发布"
"3461","","02","","","Q20","未配置主图字段","","","","data/resources/fitting-replacement/fittings/quick-connect/q20/q20.zh.ts","第 592 行","确认该产品数据是否缺少主图字段；补图前暂不发布"
"3462","","03","","","Q20","未配置主图字段","","","","data/resources/fitting-replacement/fittings/quick-connect/q20/q20.zh.ts","第 615 行","确认该产品数据是否缺少主图字段；补图前暂不发布"
"3463","","04","","","Q20","未配置主图字段","","","","data/resources/fitting-replacement/fittings/quick-connect/q20/q20.zh.ts","第 638 行","确认该产品数据是否缺少主图字段；补图前暂不发布"
"3464","","18N","","","Q20","未配置主图字段","","","","data/resources/fitting-replacement/fittings/quick-connect/q20/q20.zh.ts","第 661 行","确认该产品数据是否缺少主图字段；补图前暂不发布"
"3465","","P","","","Q20","未配置主图字段","","","","data/resources/fitting-replacement/fittings/quick-connect/q20/q20.zh.ts","第 684 行","确认该产品数据是否缺少主图字段；补图前暂不发布"
"3466","","S","","","Q20","未配置主图字段","","","","data/resources/fitting-replacement/fittings/quick-connect/q20/q20.zh.ts","第 707 行","确认该产品数据是否缺少主图字段；补图前暂不发布"
"3467","","M","","","Q20","未配置主图字段","","","","data/resources/fitting-replacement/fittings/quick-connect/q20/q20.zh.ts","第 730 行","确认该产品数据是否缺少主图字段；补图前暂不发布"
"3468","","N","","","Q20","未配置主图字段","","","","data/resources/fitting-replacement/fittings/quick-connect/q20/q20.zh.ts","第 753 行","确认该产品数据是否缺少主图字段；补图前暂不发布"
"3469","","V","","","Q20","未配置主图字段","","","","data/resources/fitting-replacement/fittings/quick-connect/q20/q20.zh.ts","第 776 行","确认该产品数据是否缺少主图字段；补图前暂不发布"
"3470","","X","","","Q20","未配置主图字段","","","","data/resources/fitting-replacement/fittings/quick-connect/q20/q20.zh.ts","第 799 行","确认该产品数据是否缺少主图字段；补图前暂不发布"
"3471","","S","","","Q20","未配置主图字段","","","","data/resources/fitting-replacement/fittings/quick-connect/q20/q20.zh.ts","第 822 行","确认该产品数据是否缺少主图字段；补图前暂不发布"
"3472","","L","","","Q20","未配置主图字段","","","","data/resources/fitting-replacement/fittings/quick-connect/q20/q20.zh.ts","第 845 行","确认该产品数据是否缺少主图字段；补图前暂不发布"
"3473","","AC","","","Q20","未配置主图字段","","","","data/resources/fitting-replacement/fittings/quick-connect/q20/q20.zh.ts","第 868 行","确认该产品数据是否缺少主图字段；补图前暂不发布"
"3474","","PP","","","Q20","未配置主图字段","","","","data/resources/fitting-replacement/fittings/quick-connect/q20/q20.zh.ts","第 891 行","确认该产品数据是否缺少主图字段；补图前暂不发布"
"3475","","N","","","Q20","未配置主图字段","","","","data/resources/fitting-replacement/fittings/quick-connect/q20/q20.zh.ts","第 914 行","确认该产品数据是否缺少主图字段；补图前暂不发布"
"3476","","E","","","Q20","未配置主图字段","","","","data/resources/fitting-replacement/fittings/quick-connect/q20/q20.zh.ts","第 937 行","确认该产品数据是否缺少主图字段；补图前暂不发布"
"3477","","F","","","Q20","未配置主图字段","","","","data/resources/fitting-replacement/fittings/quick-connect/q20/q20.zh.ts","第 960 行","确认该产品数据是否缺少主图字段；补图前暂不发布"
"3478","直通等径倒刺接头","","BA-16F-PP-N","","","未配置主图字段","","","","reports/barbed-fitting-detail-setup-report.json","$.examples[0]","确认该产品数据是否缺少主图字段；补图前暂不发布"
"3479","直通等径倒刺接头","","BA-24F-PP-N","","","未配置主图字段","","","","reports/barbed-fitting-detail-setup-report.json","$.examples[1]","确认该产品数据是否缺少主图字段；补图前暂不发布"
"3480","直通等径倒刺接头","","BA-32F-PP-N","","","未配置主图字段","","","","reports/barbed-fitting-detail-setup-report.json","$.examples[2]","确认该产品数据是否缺少主图字段；补图前暂不发布"
"3481","直通等径倒刺接头","","BA-40F-PP-N","","","未配置主图字段","","","","reports/barbed-fitting-detail-setup-report.json","$.examples[3]","确认该产品数据是否缺少主图字段；补图前暂不发布"
"3482","直通异径倒刺接头","","BA-16F-24F-PP-N","","","未配置主图字段","","","","reports/barbed-fitting-detail-setup-report.json","$.examples[4]","确认该产品数据是否缺少主图字段；补图前暂不发布"
"3483","过滤器 G-178-64-PA-V 136003","","G-178-64-PA-V","","过滤器","未配置主图字段","","","","reports/filter-check-valve-authoritative-data-audit.json","$.duplicateModels[0][0]","确认该产品数据是否缺少主图字段；补图前暂不发布"
"3484","过滤器 G-178-64-PA-V 136003","","G-178-64-PA-V","","过滤器","未配置主图字段","","","","reports/filter-check-valve-authoritative-data-audit.json","$.duplicateModels[0][1]","确认该产品数据是否缺少主图字段；补图前暂不发布"
"3485","水循环过滤器 F-SS-150-127D-PP-N 139008","","F-SS-150-127D-PP-N","","过滤器","未配置主图字段","","","","reports/filter-check-valve-authoritative-data-audit.json","$.duplicateModels[1][0]","确认该产品数据是否缺少主图字段；补图前暂不发布"
"3486","水循环过滤器 F-SS-150-127D-PP-N 139008","","F-SS-150-127D-PP-N","","过滤器","未配置主图字段","","","","reports/filter-check-valve-authoritative-data-audit.json","$.duplicateModels[1][1]","确认该产品数据是否缺少主图字段；补图前暂不发布"
"3487","水循环过滤器 F-SS-150-95D-PP-N 139013","","F-SS-150-95D-PP-N","","过滤器","未配置主图字段","","","","reports/filter-check-valve-authoritative-data-audit.json","$.duplicateModels[2][0]","确认该产品数据是否缺少主图字段；补图前暂不发布"
"3488","水循环过滤器 F-SS-150-95D-PP-N 139016","","F-SS-150-95D-PP-N","","过滤器","未配置主图字段","","","","reports/filter-check-valve-authoritative-data-audit.json","$.duplicateModels[2][1]","确认该产品数据是否缺少主图字段；补图前暂不发布"
"3489","单向阀 膜片式 CV-BV-48-PP-N 126009","","CV-BV-48-PP-N","","单向阀","未配置主图字段","","","","reports/filter-check-valve-authoritative-data-audit.json","$.duplicateModels[3][0]","确认该产品数据是否缺少主图字段；补图前暂不发布"
"3490","单向阀 膜片式 CV-BV-48-PP-N 126028","","CV-BV-48-PP-N","","单向阀","未配置主图字段","","","","reports/filter-check-valve-authoritative-data-audit.json","$.duplicateModels[3][1]","确认该产品数据是否缺少主图字段；补图前暂不发布"
"3491","过滤器 G-178-64-PA-V 136003","","G-178-64-PA-V","","过滤器","未配置主图字段","","","","reports/filter-check-valve-authoritative-data-audit.json","$.duplicateProductIds[0][0]","确认该产品数据是否缺少主图字段；补图前暂不发布"
"3492","过滤器 G-178-64-PA-V 136003","","G-178-64-PA-V","","过滤器","未配置主图字段","","","","reports/filter-check-valve-authoritative-data-audit.json","$.duplicateProductIds[0][1]","确认该产品数据是否缺少主图字段；补图前暂不发布"
"3493","水循环过滤器 F-SS-150-127D-PP-N 139008","","F-SS-150-127D-PP-N","","过滤器","未配置主图字段","","","","reports/filter-check-valve-authoritative-data-audit.json","$.duplicateProductIds[1][0]","确认该产品数据是否缺少主图字段；补图前暂不发布"
"3494","水循环过滤器 F-SS-150-127D-PP-N 139008","","F-SS-150-127D-PP-N","","过滤器","未配置主图字段","","","","reports/filter-check-valve-authoritative-data-audit.json","$.duplicateProductIds[1][1]","确认该产品数据是否缺少主图字段；补图前暂不发布"
"3495","水循环过滤器组件 86x48.8 POM 139009","","","","过滤器","未配置主图字段","","","","reports/filter-check-valve-authoritative-data-audit.json","$.missingModels[0]","确认该产品数据是否缺少主图字段；补图前暂不发布"
"3496","水循环过滤器组件 78x46 PP 本色 139010","","","","过滤器","未配置主图字段","","","","reports/filter-check-valve-authoritative-data-audit.json","$.missingModels[1]","确认该产品数据是否缺少主图字段；补图前暂不发布"
"3497","过滤器 G-178-64-PA-V 136003","","G-178-64-PA-V","","过滤器","未配置主图字段","","","","reports/filter-check-valve-authoritative-data-audit.json","$.products[0]","确认该产品数据是否缺少主图字段；补图前暂不发布"
"3498","过滤器 G-178-48-PA-V 136004","","G-178-48-PA-V","","过滤器","未配置主图字段","","","","reports/filter-check-valve-authoritative-data-audit.json","$.products[1]","确认该产品数据是否缺少主图字段；补图前暂不发布"
"3499","过滤器 G-178-32-PA-V 136005","","G-178-32-PA-V","","过滤器","未配置主图字段","","","","reports/filter-check-valve-authoritative-data-audit.json","$.products[2]","确认该产品数据是否缺少主图字段；补图前暂不发布"
"3500","过滤器 F-PE-10-24-PP-N 136009","","F-PE-10-24-PP-N","","过滤器","未配置主图字段","","","","reports/filter-check-valve-authoritative-data-audit.json","$.products[3]","确认该产品数据是否缺少主图字段；补图前暂不发布"
"3501","过滤器 G-178-64-PA-V 136003","","G-178-64-PA-V","","过滤器","未配置主图字段","","","","reports/filter-check-valve-authoritative-data-audit.json","$.products[4]","确认该产品数据是否缺少主图字段；补图前暂不发布"
"3502","过滤器 F-PE-100-32-PP-N 139001","","F-PE-100-32-PP-N","","过滤器","未配置主图字段","","","","reports/filter-check-valve-authoritative-data-audit.json","$.products[5]","确认该产品数据是否缺少主图字段；补图前暂不发布"
"3503","过滤器 F-PE-100-32-PV-N 139002","","F-PE-100-32-PV-N","","过滤器","未配置主图字段","","","","reports/filter-check-valve-authoritative-data-audit.json","$.products[6]","确认该产品数据是否缺少主图字段；补图前暂不发布"
"3504","过滤器 F-PE-60-32-PP-N 139003","","F-PE-60-32-PP-N","","过滤器","未配置主图字段","","","","reports/filter-check-valve-authoritative-data-audit.json","$.products[7]","确认该产品数据是否缺少主图字段；补图前暂不发布"
"3505","过滤器 F-PA-150-32-PP-N 139012","","F-PA-150-32-PP-N","","过滤器","未配置主图字段","","","","reports/filter-check-valve-authoritative-data-audit.json","$.products[8]","确认该产品数据是否缺少主图字段；补图前暂不发布"
"3506","过滤器 F-PA-250-32D-PA-N 139014","","F-PA-250-32D-PA-N","","过滤器","未配置主图字段","","","","reports/filter-check-valve-authoritative-data-audit.json","$.products[9]","确认该产品数据是否缺少主图字段；补图前暂不发布"
"3507","水循环过滤器 F-SS-150-127-AC-N 139005","","F-SS-150-127-AC-N","","过滤器","未配置主图字段","","","","reports/filter-check-valve-authoritative-data-audit.json","$.products[10]","确认该产品数据是否缺少主图字段；补图前暂不发布"
"3508","水循环过滤器 F-SS-150-127D-AC-N 139006","","F-SS-150-127D-AC-N","","过滤器","未配置主图字段","","","","reports/filter-check-valve-authoritative-data-audit.json","$.products[11]","确认该产品数据是否缺少主图字段；补图前暂不发布"
"3509","水循环过滤器 F-SS-150-127-PP-N 139007","","F-SS-150-127-PP-N","","过滤器","未配置主图字段","","","","reports/filter-check-valve-authoritative-data-audit.json","$.products[12]","确认该产品数据是否缺少主图字段；补图前暂不发布"
"3510","水循环过滤器 F-SS-150-127D-PP-N 139008","","F-SS-150-127D-PP-N","","过滤器","未配置主图字段","","","","reports/filter-check-valve-authoritative-data-audit.json","$.products[13]","确认该产品数据是否缺少主图字段；补图前暂不发布"
"3511","水循环过滤器 F-SS-150-79D-PP-N 139011","","F-SS-150-79D-PP-N","","过滤器","未配置主图字段","","","","reports/filter-check-valve-authoritative-data-audit.json","$.products[14]","确认该产品数据是否缺少主图字段；补图前暂不发布"
"3512","水循环过滤器 F-SS-150-95D-PP-N 139013","","F-SS-150-95D-PP-N","","过滤器","未配置主图字段","","","","reports/filter-check-valve-authoritative-data-audit.json","$.products[15]","确认该产品数据是否缺少主图字段；补图前暂不发布"
"3513","水循环过滤器 F-SS-150-191-PP-N 139015","","F-SS-150-191-PP-N","","过滤器","未配置主图字段","","","","reports/filter-check-valve-authoritative-data-audit.json","$.products[16]","确认该产品数据是否缺少主图字段；补图前暂不发布"
"3514","水循环过滤器 F-SS-150-127D-PP-N 139008","","F-SS-150-127D-PP-N","","过滤器","未配置主图字段","","","","reports/filter-check-valve-authoritative-data-audit.json","$.products[17]","确认该产品数据是否缺少主图字段；补图前暂不发布"
"3515","水循环过滤器 F-SS-150-95D-PP-N 139016","","F-SS-150-95D-PP-N","","过滤器","未配置主图字段","","","","reports/filter-check-valve-authoritative-data-audit.json","$.products[18]","确认该产品数据是否缺少主图字段；补图前暂不发布"
"3516","水循环过滤器组件 86x48.8 POM 139009","","","","过滤器","未配置主图字段","","","","reports/filter-check-valve-authoritative-data-audit.json","$.products[19]","确认该产品数据是否缺少主图字段；补图前暂不发布"
"3517","水循环过滤器组件 78x46 PP 本色 139010","","","","过滤器","未配置主图字段","","","","reports/filter-check-valve-authoritative-data-audit.json","$.products[20]","确认该产品数据是否缺少主图字段；补图前暂不发布"
"3518","单向阀 鸭嘴式 CV-DE-16-PV-N 126006","","CV-DE-16-PV-N","","单向阀","未配置主图字段","","","","reports/filter-check-valve-authoritative-data-audit.json","$.products[21]","确认该产品数据是否缺少主图字段；补图前暂不发布"
"3519","单向阀 膜片式 CV-BV-32-PP-N 126007","","CV-BV-32-PP-N","","单向阀","未配置主图字段","","","","reports/filter-check-valve-authoritative-data-audit.json","$.products[22]","确认该产品数据是否缺少主图字段；补图前暂不发布"
"3520","单向阀 膜片式 CV-BV-48-PP-N 126009","","CV-BV-48-PP-N","","单向阀","未配置主图字段","","","","reports/filter-check-valve-authoritative-data-audit.json","$.products[23]","确认该产品数据是否缺少主图字段；补图前暂不发布"
"3521","单向阀 膜片式 CV-BV-64-PP-N 126011","","CV-BV-64-PP-N","","单向阀","未配置主图字段","","","","reports/filter-check-valve-authoritative-data-audit.json","$.products[24]","确认该产品数据是否缺少主图字段；补图前暂不发布"
"3522","单向阀 膜片式 CV-BE-64-PP-N 126012","","CV-BE-64-PP-N","","单向阀","未配置主图字段","","","","reports/filter-check-valve-authoritative-data-audit.json","$.products[25]","确认该产品数据是否缺少主图字段；补图前暂不发布"
"3523","单向阀 膜片式 CV-BV-79-PP-N 126013","","CV-BV-79-PP-N","","单向阀","未配置主图字段","","","","reports/filter-check-valve-authoritative-data-audit.json","$.products[26]","确认该产品数据是否缺少主图字段；补图前暂不发布"
"3524","单向阀 膜片式 CV-BE-79-PP-N 126014","","CV-BE-79-PP-N","","单向阀","未配置主图字段","","","","reports/filter-check-valve-authoritative-data-audit.json","$.products[27]","确认该产品数据是否缺少主图字段；补图前暂不发布"
"3525","单向阀 膜片式 CV-BE-95-PP-N 126016","","CV-BE-95-PP-N","","单向阀","未配置主图字段","","","","reports/filter-check-valve-authoritative-data-audit.json","$.products[28]","确认该产品数据是否缺少主图字段；补图前暂不发布"
"3526","单向阀 膜片式 CV-BF-16-PV-N 126025","","CV-BF-16-PV-N","","单向阀","未配置主图字段","","","","reports/filter-check-valve-authoritative-data-audit.json","$.products[29]","确认该产品数据是否缺少主图字段；补图前暂不发布"
"3527","单向阀 鸭嘴式 CV-DE-24-PV-N 126026","","CV-DE-24-PV-N","","单向阀","未配置主图字段","","","","reports/filter-check-valve-authoritative-data-audit.json","$.products[30]","确认该产品数据是否缺少主图字段；补图前暂不发布"
"3528","单向阀 鸭嘴式 CV-DE-32-PV-N 126027","","CV-DE-32-PV-N","","单向阀","未配置主图字段","","","","reports/filter-check-valve-authoritative-data-audit.json","$.products[31]","确认该产品数据是否缺少主图字段；补图前暂不发布"
"3529","单向阀 膜片式 CV-BV-48-PP-N 126028","","CV-BV-48-PP-N","","单向阀","未配置主图字段","","","","reports/filter-check-valve-authoritative-data-audit.json","$.products[32]","确认该产品数据是否缺少主图字段；补图前暂不发布"
"3530","单向阀 膜片式 CV-BE-32-PP-N 129001","","CV-BE-32-PP-N","","单向阀","未配置主图字段","","","","reports/filter-check-valve-authoritative-data-audit.json","$.products[33]","确认该产品数据是否缺少主图字段；补图前暂不发布"
"3531","单向阀 膜片式 CV-BE-32-PV-N 129002","","CV-BE-32-PV-N","","单向阀","未配置主图字段","","","","reports/filter-check-valve-authoritative-data-audit.json","$.products[34]","确认该产品数据是否缺少主图字段；补图前暂不发布"
"3532","单向阀 膜片式 CV-BF-32-PP-N 129003","","CV-BF-32-PP-N","","单向阀","未配置主图字段","","","","reports/filter-check-valve-authoritative-data-audit.json","$.products[35]","确认该产品数据是否缺少主图字段；补图前暂不发布"
"3533","单向阀 膜片式 CV-BE-24-PP-N 129004","","CV-BE-24-PP-N","","单向阀","未配置主图字段","","","","reports/filter-check-valve-authoritative-data-audit.json","$.products[36]","确认该产品数据是否缺少主图字段；补图前暂不发布"
"3534","单向阀 膜片式 CV-BF-32-PP-B 129005","","CV-BF-32-PP-B","","单向阀","未配置主图字段","","","","reports/filter-check-valve-authoritative-data-audit.json","$.products[37]","确认该产品数据是否缺少主图字段；补图前暂不发布"
"3535","","","G-178-64-PA-V","g-178-64-pa-v","过滤器","正常","image","/images/products/fittings/filters/products/g-178-64-pa-v-main.jpg","F:\WebsiteProjects\foreach-website-2026\public\images\products\fittings\filters\products\g-178-64-pa-v-main.jpg","reports/filter-check-valve-generation-report.json","$.items[0]","无需处理"
"3536","","","G-178-48-PA-V","g-178-48-pa-v","过滤器","正常","image","/images/products/fittings/filters/products/g-178-48-pa-v-main.jpg","F:\WebsiteProjects\foreach-website-2026\public\images\products\fittings\filters\products\g-178-48-pa-v-main.jpg","reports/filter-check-valve-generation-report.json","$.items[1]","无需处理"
"3537","","","G-178-32-PA-V","g-178-32-pa-v","过滤器","正常","image","/images/products/fittings/filters/products/g-178-32-pa-v-main.jpg","F:\WebsiteProjects\foreach-website-2026\public\images\products\fittings\filters\products\g-178-32-pa-v-main.jpg","reports/filter-check-valve-generation-report.json","$.items[2]","无需处理"
"3538","","","F-PE-10-24-PP-N","f-pe-10-24-pp-n","过滤器","正常","image","/images/logo/foreach-logo-color.svg","F:\WebsiteProjects\foreach-website-2026\public\images\logo\foreach-logo-color.svg","reports/filter-check-valve-generation-report.json","$.items[3]","无需处理"
"3539","","","F-PE-100-32-PP-N","f-pe-100-32-pp-n","过滤器","正常","image","/images/products/fittings/filters/products/f-pe-100-32-pp-n-main.jpg","F:\WebsiteProjects\foreach-website-2026\public\images\products\fittings\filters\products\f-pe-100-32-pp-n-main.jpg","reports/filter-check-valve-generation-report.json","$.items[4]","无需处理"
"3540","","","F-PE-100-32-PV-N","f-pe-100-32-pv-n","过滤器","正常","image","/images/logo/foreach-logo-color.svg","F:\WebsiteProjects\foreach-website-2026\public\images\logo\foreach-logo-color.svg","reports/filter-check-valve-generation-report.json","$.items[5]","无需处理"
"3541","","","F-PE-60-32-PP-N","f-pe-60-32-pp-n","过滤器","正常","image","/images/products/fittings/filters/products/f-pe-60-32-pp-n-main.jpg","F:\WebsiteProjects\foreach-website-2026\public\images\products\fittings\filters\products\f-pe-60-32-pp-n-main.jpg","reports/filter-check-valve-generation-report.json","$.items[6]","无需处理"
"3542","","","F-PA-150-32-PP-N","f-pa-150-32-pp-n","过滤器","正常","image","/images/logo/foreach-logo-color.svg","F:\WebsiteProjects\foreach-website-2026\public\images\logo\foreach-logo-color.svg","reports/filter-check-valve-generation-report.json","$.items[7]","无需处理"
"3543","","","F-PA-250-32D-PA-N","f-pa-250-32d-pa-n","过滤器","正常","image","/images/logo/foreach-logo-color.svg","F:\WebsiteProjects\foreach-website-2026\public\images\logo\foreach-logo-color.svg","reports/filter-check-valve-generation-report.json","$.items[8]","无需处理"
"3544","","","F-SS-150-127-AC-N","f-ss-150-127-ac-n","过滤器","正常","image","/images/logo/foreach-logo-color.svg","F:\WebsiteProjects\foreach-website-2026\public\images\logo\foreach-logo-color.svg","reports/filter-check-valve-generation-report.json","$.items[9]","无需处理"
"3545","","","F-SS-150-127D-AC-N","f-ss-150-127d-ac-n","过滤器","正常","image","/images/logo/foreach-logo-color.svg","F:\WebsiteProjects\foreach-website-2026\public\images\logo\foreach-logo-color.svg","reports/filter-check-valve-generation-report.json","$.items[10]","无需处理"
"3546","","","F-SS-150-127-PP-N","f-ss-150-127-pp-n","过滤器","正常","image","/images/logo/foreach-logo-color.svg","F:\WebsiteProjects\foreach-website-2026\public\images\logo\foreach-logo-color.svg","reports/filter-check-valve-generation-report.json","$.items[11]","无需处理"
"3547","","","F-SS-150-127D-PP-N","f-ss-150-127d-pp-n","过滤器","正常","image","/images/logo/foreach-logo-color.svg","F:\WebsiteProjects\foreach-website-2026\public\images\logo\foreach-logo-color.svg","reports/filter-check-valve-generation-report.json","$.items[12]","无需处理"
"3548","","","F-SS-150-79D-PP-N","f-ss-150-79d-pp-n","过滤器","正常","image","/images/logo/foreach-logo-color.svg","F:\WebsiteProjects\foreach-website-2026\public\images\logo\foreach-logo-color.svg","reports/filter-check-valve-generation-report.json","$.items[13]","无需处理"
"3549","","","F-SS-150-95D-PP-N","f-ss-150-95d-pp-n","过滤器","正常","image","/images/logo/foreach-logo-color.svg","F:\WebsiteProjects\foreach-website-2026\public\images\logo\foreach-logo-color.svg","reports/filter-check-valve-generation-report.json","$.items[14]","无需处理"
"3550","","","F-SS-150-191-PP-N","f-ss-150-191-pp-n","过滤器","正常","image","/images/logo/foreach-logo-color.svg","F:\WebsiteProjects\foreach-website-2026\public\images\logo\foreach-logo-color.svg","reports/filter-check-valve-generation-report.json","$.items[15]","无需处理"
"3551","","","CV-DE-16-PV-N","cv-de-16-pv-n","单向阀","正常","image","/images/logo/foreach-logo-color.svg","F:\WebsiteProjects\foreach-website-2026\public\images\logo\foreach-logo-color.svg","reports/filter-check-valve-generation-report.json","$.items[18]","无需处理"
"3552","","","CV-BV-32-PP-N","cv-bv-32-pp-n","单向阀","正常","image","/images/logo/foreach-logo-color.svg","F:\WebsiteProjects\foreach-website-2026\public\images\logo\foreach-logo-color.svg","reports/filter-check-valve-generation-report.json","$.items[19]","无需处理"
"3553","","","CV-BV-48-PP-N","cv-bv-48-pp-n","单向阀","正常","image","/images/logo/foreach-logo-color.svg","F:\WebsiteProjects\foreach-website-2026\public\images\logo\foreach-logo-color.svg","reports/filter-check-valve-generation-report.json","$.items[20]","无需处理"
"3554","","","CV-BV-64-PP-N","cv-bv-64-pp-n","单向阀","正常","image","/images/logo/foreach-logo-color.svg","F:\WebsiteProjects\foreach-website-2026\public\images\logo\foreach-logo-color.svg","reports/filter-check-valve-generation-report.json","$.items[21]","无需处理"
"3555","","","CV-BE-64-PP-N","cv-be-64-pp-n","单向阀","正常","image","/images/logo/foreach-logo-color.svg","F:\WebsiteProjects\foreach-website-2026\public\images\logo\foreach-logo-color.svg","reports/filter-check-valve-generation-report.json","$.items[22]","无需处理"
"3556","","","CV-BV-79-PP-N","cv-bv-79-pp-n","单向阀","正常","image","/images/logo/foreach-logo-color.svg","F:\WebsiteProjects\foreach-website-2026\public\images\logo\foreach-logo-color.svg","reports/filter-check-valve-generation-report.json","$.items[23]","无需处理"
"3557","","","CV-BE-79-PP-N","cv-be-79-pp-n","单向阀","正常","image","/images/logo/foreach-logo-color.svg","F:\WebsiteProjects\foreach-website-2026\public\images\logo\foreach-logo-color.svg","reports/filter-check-valve-generation-report.json","$.items[24]","无需处理"
"3558","","","CV-BE-95-PP-N","cv-be-95-pp-n","单向阀","正常","image","/images/logo/foreach-logo-color.svg","F:\WebsiteProjects\foreach-website-2026\public\images\logo\foreach-logo-color.svg","reports/filter-check-valve-generation-report.json","$.items[25]","无需处理"
"3559","","","CV-BF-16-PV-N","cv-bf-16-pv-n","单向阀","正常","image","/images/logo/foreach-logo-color.svg","F:\WebsiteProjects\foreach-website-2026\public\images\logo\foreach-logo-color.svg","reports/filter-check-valve-generation-report.json","$.items[26]","无需处理"
"3560","","","CV-DE-24-PV-N","cv-de-24-pv-n","单向阀","正常","image","/images/logo/foreach-logo-color.svg","F:\WebsiteProjects\foreach-website-2026\public\images\logo\foreach-logo-color.svg","reports/filter-check-valve-generation-report.json","$.items[27]","无需处理"
"3561","","","CV-DE-32-PV-N","cv-de-32-pv-n","单向阀","正常","image","/images/logo/foreach-logo-color.svg","F:\WebsiteProjects\foreach-website-2026\public\images\logo\foreach-logo-color.svg","reports/filter-check-valve-generation-report.json","$.items[28]","无需处理"
"3562","","","CV-BE-32-PP-N","cv-be-32-pp-n","单向阀","正常","image","/images/products/fittings/check-valves/products/cv-be-32-pp-n-main.jpg","F:\WebsiteProjects\foreach-website-2026\public\images\products\fittings\check-valves\products\cv-be-32-pp-n-main.jpg","reports/filter-check-valve-generation-report.json","$.items[29]","无需处理"
"3563","","","CV-BE-32-PV-N","cv-be-32-pv-n","单向阀","正常","image","/images/logo/foreach-logo-color.svg","F:\WebsiteProjects\foreach-website-2026\public\images\logo\foreach-logo-color.svg","reports/filter-check-valve-generation-report.json","$.items[30]","无需处理"
"3564","","","CV-BF-32-PP-N","cv-bf-32-pp-n","单向阀","正常","image","/images/logo/foreach-logo-color.svg","F:\WebsiteProjects\foreach-website-2026\public\images\logo\foreach-logo-color.svg","reports/filter-check-valve-generation-report.json","$.items[31]","无需处理"
"3565","","","CV-BE-24-PP-N","cv-be-24-pp-n","单向阀","正常","image","/images/logo/foreach-logo-color.svg","F:\WebsiteProjects\foreach-website-2026\public\images\logo\foreach-logo-color.svg","reports/filter-check-valve-generation-report.json","$.items[32]","无需处理"
"3566","","","CV-BF-32-PP-B","cv-bf-32-pp-b","单向阀","正常","image","/images/logo/foreach-logo-color.svg","F:\WebsiteProjects\foreach-website-2026\public\images\logo\foreach-logo-color.svg","reports/filter-check-valve-generation-report.json","$.items[33]","无需处理"
"3567","固定公鲁尔芯子","","LSL-16-PP-N","","","未配置主图字段","","","","reports/luer-female-thread-detail-generation-report.json","$.targets[0].samples[0]","确认该产品数据是否缺少主图字段；补图前暂不发布"
"3568","固定公鲁尔芯子","","LSL-16-PA-W","","","未配置主图字段","","","","reports/luer-female-thread-detail-generation-report.json","$.targets[0].samples[1]","确认该产品数据是否缺少主图字段；补图前暂不发布"
"3569","固定公鲁尔芯子","","LSL-24-PP-N","","","未配置主图字段","","","","reports/luer-female-thread-detail-generation-report.json","$.targets[0].samples[2]","确认该产品数据是否缺少主图字段；补图前暂不发布"
"3570","方形二通内螺纹互转接头","","US-M6-05-AC-B","","","未配置主图字段","","","","reports/luer-female-thread-detail-generation-report.json","$.targets[1].samples[0]","确认该产品数据是否缺少主图字段；补图前暂不发布"
"3571","方形二通内螺纹互转接头","","US-M6-10-AC-B","","","未配置主图字段","","","","reports/luer-female-thread-detail-generation-report.json","$.targets[1].samples[1]","确认该产品数据是否缺少主图字段；补图前暂不发布"
"3572","方形二通内螺纹互转接头","","US-M6-15-AC-B","","","未配置主图字段","","","","reports/luer-female-thread-detail-generation-report.json","$.targets[1].samples[2]","确认该产品数据是否缺少主图字段；补图前暂不发布"
"3573","Q20公端直通带阀快插接头","","Q2001-PMV-SACN","","","未配置主图字段","","","","reports/quick-connect-model-detail-setup-report.json","$.examples[0]","确认该产品数据是否缺少主图字段；补图前暂不发布"
"3574","Q20公端直通带阀快插接头","","Q2001-PMV-SPPE","","","未配置主图字段","","","","reports/quick-connect-model-detail-setup-report.json","$.examples[1]","确认该产品数据是否缺少主图字段；补图前暂不发布"
"3575","Q20公端直通不带阀快插接头","","Q2001-PMX-SACN","","","未配置主图字段","","","","reports/quick-connect-model-detail-setup-report.json","$.examples[2]","确认该产品数据是否缺少主图字段；补图前暂不发布"
"3576","Q20公端直通不带阀快插接头","","Q2001-PMX-SPPE","","","未配置主图字段","","","","reports/quick-connect-model-detail-setup-report.json","$.examples[3]","确认该产品数据是否缺少主图字段；补图前暂不发布"
"3577","Q20公端直通带阀快插接头","","Q2001-PNV-SACN","","","未配置主图字段","","","","reports/quick-connect-model-detail-setup-report.json","$.examples[4]","确认该产品数据是否缺少主图字段；补图前暂不发布"
"3578","","","SA-U32-24F-PP-N","sa-u32-24f-pp-n","","主图字段为空","mainImage","","","reports/thread-to-barbed-detail-generation-report.json","$.examples[0]","补充主图路径；补图前暂不发布"
"3579","","","SA-U32-32F-PP-N","sa-u32-32f-pp-n","","正常","mainImage","/images/products/fittings/thread-to-barbed-fittings/details/sa-u32-32f-pp-n.jpg","F:\WebsiteProjects\foreach-website-2026\public\images\products\fittings\thread-to-barbed-fittings\details\sa-u32-32f-pp-n.jpg","reports/thread-to-barbed-detail-generation-report.json","$.examples[1]","无需处理"
"3580","","","SA-U32-24F-PA-W","sa-u32-24f-pa-w","","主图字段为空","mainImage","","","reports/thread-to-barbed-detail-generation-report.json","$.examples[2]","补充主图路径；补图前暂不发布"
"3581","","","SA-U32-16F-PA-W","sa-u32-16f-pa-w","","主图字段为空","mainImage","","","reports/thread-to-barbed-detail-generation-report.json","$.examples[3]","补充主图路径；补图前暂不发布"
"3582","","","SA-U32-32F-PA-W","sa-u32-32f-pa-w","","正常","mainImage","/images/products/fittings/thread-to-barbed-fittings/details/sa-u32-32f-pa-w.jpg","F:\WebsiteProjects\foreach-website-2026\public\images\products\fittings\thread-to-barbed-fittings\details\sa-u32-32f-pa-w.jpg","reports/thread-to-barbed-detail-generation-report.json","$.examples[4]","无需处理"
"3583","采样针系列","","采样针系列","sampling-probes","","图片文件不存在","image","/images/products/probes/sampling-probes/sampling-probes-main.webp","F:\WebsiteProjects\foreach-website-2026\public\images\products\probes\sampling-probes\sampling-probes-main.webp | F:\images\products\probes\sampling-probes\sampling-probes-main.webp | F:\WebsiteProjects\foreach-website-2026\public\images\products\probes\sampling-probes\sampling-probes-main.webp | F:\WebsiteProjects\foreach-website-2026\images\products\probes\sampling-probes\sampling-probes-main.webp","scripts/products/add-probe-series-pages.cjs","第 440 行","确认图片是否漏传、路径是否写错；无图产品暂不发布"
"3584","穿刺针系列","","穿刺针系列","piercing-probes","","图片文件不存在","image","/images/products/probes/piercing-probes/piercing-probes-main.webp","F:\WebsiteProjects\foreach-website-2026\public\images\products\probes\piercing-probes\piercing-probes-main.webp | F:\images\products\probes\piercing-probes\piercing-probes-main.webp | F:\WebsiteProjects\foreach-website-2026\public\images\products\probes\piercing-probes\piercing-probes-main.webp | F:\WebsiteProjects\foreach-website-2026\images\products\probes\piercing-probes\piercing-probes-main.webp","scripts/products/add-probe-series-pages.cjs","第 503 行","确认图片是否漏传、路径是否写错；无图产品暂不发布"
"3585","清洗针系列","","清洗针系列","wash-probes","","图片文件不存在","image","/images/products/probes/wash-probes/wash-probes-main.webp","F:\WebsiteProjects\foreach-website-2026\public\images\products\probes\wash-probes\wash-probes-main.webp | F:\images\products\probes\wash-probes\wash-probes-main.webp | F:\WebsiteProjects\foreach-website-2026\public\images\products\probes\wash-probes\wash-probes-main.webp | F:\WebsiteProjects\foreach-website-2026\images\products\probes\wash-probes\wash-probes-main.webp","scripts/products/add-probe-series-pages.cjs","第 565 行","确认图片是否漏传、路径是否写错；无图产品暂不发布"
"3586","搅拌桨系列","","搅拌桨系列","stirring-paddles","","图片文件不存在","image","/images/products/probes/stirring-paddles/stirring-paddles-main.webp","F:\WebsiteProjects\foreach-website-2026\public\images\products\probes\stirring-paddles\stirring-paddles-main.webp | F:\images\products\probes\stirring-paddles\stirring-paddles-main.webp | F:\WebsiteProjects\foreach-website-2026\public\images\products\probes\stirring-paddles\stirring-paddles-main.webp | F:\WebsiteProjects\foreach-website-2026\images\products\probes\stirring-paddles\stirring-paddles-main.webp","scripts/products/add-probe-series-pages.cjs","第 627 行","确认图片是否漏传、路径是否写错；无图产品暂不发布"
"3587","PVC 绠?,","","","pvc-tubing","","未配置主图字段","","","","scripts/products/add-tubing-detail-pages-clean.cjs","第 29 行","确认该产品数据是否缺少主图字段；补图前暂不发布"
"3588","TPU 绠?,","","","tpu-tubing","","未配置主图字段","","","","scripts/products/add-tubing-detail-pages-clean.cjs","第 49 行","确认该产品数据是否缺少主图字段；补图前暂不发布"
"3589","FEP 绠?,","","","fep-tubing","","未配置主图字段","","","","scripts/products/add-tubing-detail-pages-clean.cjs","第 69 行","确认该产品数据是否缺少主图字段；补图前暂不发布"
"3590","PTFE 绠?,","","","ptfe-tubing","","未配置主图字段","","","","scripts/products/add-tubing-detail-pages-clean.cjs","第 89 行","确认该产品数据是否缺少主图字段；补图前暂不发布"
"3591","PEEK 绠?,","","","peek-tubing","","未配置主图字段","","","","scripts/products/add-tubing-detail-pages-clean.cjs","第 109 行","确认该产品数据是否缺少主图字段；补图前暂不发布"
"3592","PFA 绠?,","","","pfa-tubing","","未配置主图字段","","","","scripts/products/add-tubing-detail-pages-clean.cjs","第 129 行","确认该产品数据是否缺少主图字段；补图前暂不发布"
"3593","旋转阀系列","","Rotary Valve Series","rotary-valves","","正常","image","/images/products/VALVE/Rotary valve_200x200_01_v001.jpg","F:\WebsiteProjects\foreach-website-2026\public\images\products\VALVE\Rotary valve_200x200_01_v001.jpg","scripts/products/add-valve-series-selection.cjs","第 302 行","无需处理"
"3594","高压阀系列","","High-pressure Valve Series","high-pressure-valves","","正常","image","/images/products/common/product-placeholder.svg","F:\WebsiteProjects\foreach-website-2026\public\images\products\common\product-placeholder.svg","scripts/products/add-valve-series-selection.cjs","第 330 行","无需处理"
"3595","电磁阀系列","","Solenoid Valve Series","solenoid-valves","","正常","image","/images/products/VALVE/Solenoid valve_200x200_01_v001.jpg","F:\WebsiteProjects\foreach-website-2026\public\images\products\VALVE\Solenoid valve_200x200_01_v001.jpg","scripts/products/add-valve-series-selection.cjs","第 358 行","无需处理"
"3596","","809498","PMBSN-U28-PA-W","","六角螺母","未配置主图字段","","","","scripts/products/audit-bulkhead-barbed-and-nut-resources.cjs","第 32 行","确认该产品数据是否缺少主图字段；补图前暂不发布"
"3597","","809464","PMBSN-U28-PP-N","","六角螺母","未配置主图字段","","","","scripts/products/audit-bulkhead-barbed-and-nut-resources.cjs","第 39 行","确认该产品数据是否缺少主图字段；补图前暂不发布"
"3598","穿板倒刺接头","","","","fittings","主图字段为空","images[0]","","","scripts/products/build-bulkhead-barbed-fitting-series.cjs","第 194 行","补充主图路径；补图前暂不发布"
"3599","","","","pvc-tubing","","正常","image","/images/products/tubing/pvc-tubing/pvc-tubing-main.webp","F:\WebsiteProjects\foreach-website-2026\public\images\products\tubing\pvc-tubing\pvc-tubing-main.webp","scripts/products/connect-tubing-selection-products.cjs","第 26 行","无需处理"
"3600","","","","tpu-tubing","","正常","image","/images/products/tubing/tpu-tubing/tpu-tubing-main.webp","F:\WebsiteProjects\foreach-website-2026\public\images\products\tubing\tpu-tubing\tpu-tubing-main.webp","scripts/products/connect-tubing-selection-products.cjs","第 38 行","无需处理"
"3601","","","","fep-tubing","","正常","image","/images/products/tubing/fep-tubing/fep-tubing-main.webp","F:\WebsiteProjects\foreach-website-2026\public\images\products\tubing\fep-tubing\fep-tubing-main.webp","scripts/products/connect-tubing-selection-products.cjs","第 50 行","无需处理"
"3602","","","","ptfe-tubing","","正常","image","/images/products/tubing/ptfe-tubing/ptfe-tubing-main.webp","F:\WebsiteProjects\foreach-website-2026\public\images\products\tubing\ptfe-tubing\ptfe-tubing-main.webp","scripts/products/connect-tubing-selection-products.cjs","第 62 行","无需处理"
"3603","","","","peek-tubing","","正常","image","/images/products/tubing/peek-tubing/peek-tubing-main.webp","F:\WebsiteProjects\foreach-website-2026\public\images\products\tubing\peek-tubing\peek-tubing-main.webp","scripts/products/connect-tubing-selection-products.cjs","第 74 行","无需处理"
"3604","","","","pfa-tubing","","正常","image","/images/products/tubing/pfa-tubing/pfa-tubing-main.webp","F:\WebsiteProjects\foreach-website-2026\public\images\products\tubing\pfa-tubing\pfa-tubing-main.webp","scripts/products/connect-tubing-selection-products.cjs","第 86 行","无需处理"
"3605","HMD3 30mm 电磁阀注射泵","","HMD3 30mm 电磁阀注射泵","hmd3-30mm-solenoid-syringe-pump","pumps","正常","imagePath","/images/products/pumps/syringe-pumps/foreach-hmd3-solenoid-valve-syringe-pump.webp","F:\WebsiteProjects\foreach-website-2026\public\images\products\pumps\syringe-pumps\foreach-hmd3-solenoid-valve-syringe-pump.webp","scripts/products/create-syringe-pump-detail-pages.cjs","第 38 行","无需处理"
"3606","HMD6 60mm 电磁阀注射泵","","HMD6 60mm 电磁阀注射泵","hmd6-60mm-solenoid-syringe-pump","pumps","正常","imagePath","/images/products/pumps/syringe-pumps/foreach-hmd6-solenoid-valve-syringe-pump.webp","F:\WebsiteProjects\foreach-website-2026\public\images\products\pumps\syringe-pumps\foreach-hmd6-solenoid-valve-syringe-pump.webp","scripts/products/create-syringe-pump-detail-pages.cjs","第 135 行","无需处理"
"3607","HLD3 30mm 旋转阀注射泵","","HLD3 30mm 旋转阀注射泵","hld3-30mm-rotary-valve-syringe-pump","pumps","正常","imagePath","/images/products/pumps/syringe-pumps/foreach-hld3-rotary-valve-syringe-pump.webp","F:\WebsiteProjects\foreach-website-2026\public\images\products\pumps\syringe-pumps\foreach-hld3-rotary-valve-syringe-pump.webp","scripts/products/create-syringe-pump-detail-pages.cjs","第 234 行","无需处理"
"3608","HLD6 60mm 旋转阀注射泵","","HLD6 60mm 旋转阀注射泵","hld6-60mm-rotary-valve-syringe-pump","pumps","正常","imagePath","/images/products/pumps/syringe-pumps/foreach-hld6-rotary-valve-syringe-pump.webp","F:\WebsiteProjects\foreach-website-2026\public\images\products\pumps\syringe-pumps\foreach-hld6-rotary-valve-syringe-pump.webp","scripts/products/create-syringe-pump-detail-pages.cjs","第 332 行","无需处理"
"3609","","","","pvc-tubing","","正常","image","/images/products/tubing/pvc-tubing/pvc-tubing-main.webp","F:\WebsiteProjects\foreach-website-2026\public\images\products\tubing\pvc-tubing\pvc-tubing-main.webp","scripts/products/fix-tubing-card-subtitle-three-lines.cjs","第 23 行","无需处理"
"3610","","","","tpu-tubing","","正常","image","/images/products/tubing/tpu-tubing/tpu-tubing-main.webp","F:\WebsiteProjects\foreach-website-2026\public\images\products\tubing\tpu-tubing\tpu-tubing-main.webp","scripts/products/fix-tubing-card-subtitle-three-lines.cjs","第 35 行","无需处理"
"3611","","","","fep-tubing","","正常","image","/images/products/tubing/fep-tubing/fep-tubing-main.webp","F:\WebsiteProjects\foreach-website-2026\public\images\products\tubing\fep-tubing\fep-tubing-main.webp","scripts/products/fix-tubing-card-subtitle-three-lines.cjs","第 47 行","无需处理"
"3612","","","","ptfe-tubing","","正常","image","/images/products/tubing/ptfe-tubing/ptfe-tubing-main.webp","F:\WebsiteProjects\foreach-website-2026\public\images\products\tubing\ptfe-tubing\ptfe-tubing-main.webp","scripts/products/fix-tubing-card-subtitle-three-lines.cjs","第 59 行","无需处理"
"3613","","","","peek-tubing","","正常","image","/images/products/tubing/peek-tubing/peek-tubing-main.webp","F:\WebsiteProjects\foreach-website-2026\public\images\products\tubing\peek-tubing\peek-tubing-main.webp","scripts/products/fix-tubing-card-subtitle-three-lines.cjs","第 71 行","无需处理"
"3614","","","","pfa-tubing","","正常","image","/images/products/tubing/pfa-tubing/pfa-tubing-main.webp","F:\WebsiteProjects\foreach-website-2026\public\images\products\tubing\pfa-tubing\pfa-tubing-main.webp","scripts/products/fix-tubing-card-subtitle-three-lines.cjs","第 83 行","无需处理"
"3615","PVC 管","","PVC 管","pvc-tubing","","正常","image","/images/products/tubing/pvc-tubing/pvc-tubing-main.webp","F:\WebsiteProjects\foreach-website-2026\public\images\products\tubing\pvc-tubing\pvc-tubing-main.webp","scripts/products/fix-tubing-selection-links.cjs","第 20 行","无需处理"
"3616","TPU 管","","TPU 管","tpu-tubing","","正常","image","/images/products/tubing/tpu-tubing/tpu-tubing-main.webp","F:\WebsiteProjects\foreach-website-2026\public\images\products\tubing\tpu-tubing\tpu-tubing-main.webp","scripts/products/fix-tubing-selection-links.cjs","第 31 行","无需处理"
"3617","FEP 管","","FEP 管","fep-tubing","","正常","image","/images/products/tubing/fep-tubing/fep-tubing-main.webp","F:\WebsiteProjects\foreach-website-2026\public\images\products\tubing\fep-tubing\fep-tubing-main.webp","scripts/products/fix-tubing-selection-links.cjs","第 42 行","无需处理"
"3618","PTFE 管","","PTFE 管","ptfe-tubing","","正常","image","/images/products/tubing/ptfe-tubing/ptfe-tubing-main.webp","F:\WebsiteProjects\foreach-website-2026\public\images\products\tubing\ptfe-tubing\ptfe-tubing-main.webp","scripts/products/fix-tubing-selection-links.cjs","第 53 行","无需处理"
"3619","PEEK 管","","PEEK 管","peek-tubing","","正常","image","/images/products/tubing/peek-tubing/peek-tubing-main.webp","F:\WebsiteProjects\foreach-website-2026\public\images\products\tubing\peek-tubing\peek-tubing-main.webp","scripts/products/fix-tubing-selection-links.cjs","第 64 行","无需处理"
"3620","PFA 管","","PFA 管","pfa-tubing","","正常","image","/images/products/tubing/pfa-tubing/pfa-tubing-main.webp","F:\WebsiteProjects\foreach-website-2026\public\images\products\tubing\pfa-tubing\pfa-tubing-main.webp","scripts/products/fix-tubing-selection-links.cjs","第 75 行","无需处理"
"3621","SMTP2 1000μL 可编程气体置换式移液泵","SMTP2-1000μL","SMTP2 1000μL 可编程气体置换式移液泵","smtp2-1000ul","pumps","未配置主图字段","","","","scripts/products/generate-pipetting-pump-detail-data.js","第 106 行","确认该产品数据是否缺少主图字段；补图前暂不发布"
"3622","SMTP4 100μL 气体置换式移液泵","SMTP4-100μL","SMTP4 100μL 气体置换式移液泵","smtp4-100ul","pumps","未配置主图字段","","","","scripts/products/generate-pipetting-pump-detail-data.js","第 204 行","确认该产品数据是否缺少主图字段；补图前暂不发布"
"3623","SMTP4 500μL 气体置换式移液泵","SMTP4-500μL","SMTP4 500μL 气体置换式移液泵","smtp4-500ul","pumps","未配置主图字段","","","","scripts/products/generate-pipetting-pump-detail-data.js","第 297 行","确认该产品数据是否缺少主图字段；补图前暂不发布"
"3624","RPL-P4 12–80 μL/rev 小量程无阀泵","RPL-P4","RPL-P4 12–80 μL/rev 小量程无阀泵","rpl-p4","","未配置主图字段","","","","scripts/products/generate-valveless-pump-detail-data.js","第 81 行","确认该产品数据是否缺少主图字段；补图前暂不发布"
"3625","RPL-P6.35 50–300 μL/rev 中小量程无阀泵","RPL-P6.35","RPL-P6.35 50–300 μL/rev 中小量程无阀泵","rpl-p635","","未配置主图字段","","","","scripts/products/generate-valveless-pump-detail-data.js","第 166 行","确认该产品数据是否缺少主图字段；补图前暂不发布"
"3626","RPL-P15 300–1200 μL/rev 中大量程无阀泵","RPL-P15","RPL-P15 300–1200 μL/rev 中大量程无阀泵","rpl-p15","","未配置主图字段","","","","scripts/products/generate-valveless-pump-detail-data.js","第 252 行","确认该产品数据是否缺少主图字段；补图前暂不发布"
"3627","DRPL 1:9–1:19 双头比例输送无阀泵","DRPL","DRPL 1:9–1:19 双头比例输送无阀泵","drpl","","未配置主图字段","","","","scripts/products/generate-valveless-pump-detail-data.js","第 337 行","确认该产品数据是否缺少主图字段；补图前暂不发布"
"3628","MRV3 陶瓷多通道旋转阀","","MRV3 陶瓷多通道旋转阀","rotary-valves","","正常","image","/images/products/VALVE/Rotary valve_200x200_01_v001.jpg","F:\WebsiteProjects\foreach-website-2026\public\images\products\VALVE\Rotary valve_200x200_01_v001.jpg","scripts/products/restore-valve-detail-to-rpl-style.cjs","第 42 行","无需处理"
"3629","HP 三位七通高压阀","","HP 三位七通高压阀","high-pressure-valves","","正常","image","/images/products/common/product-placeholder.svg","F:\WebsiteProjects\foreach-website-2026\public\images\products\common\product-placeholder.svg","scripts/products/restore-valve-detail-to-rpl-style.cjs","第 90 行","无需处理"
"3630","6010 系列电磁阀","","6010 系列电磁阀","solenoid-valves","","正常","image","/images/products/VALVE/Solenoid valve_200x200_01_v001.jpg","F:\WebsiteProjects\foreach-website-2026\public\images\products\VALVE\Solenoid valve_200x200_01_v001.jpg","scripts/products/restore-valve-detail-to-rpl-style.cjs","第 134 行","无需处理"
"3631","MRV3 陶瓷多通道旋转阀","","","rotary-valves","旋转阀","正常","image","/images/products/VALVE/Rotary valve_200x200_01_v001.jpg","F:\WebsiteProjects\foreach-website-2026\public\images\products\VALVE\Rotary valve_200x200_01_v001.jpg","scripts/products/rewrite-valve-custom-detail.cjs","第 39 行","无需处理"
"3632","HP 三位七通高压阀","","","high-pressure-valves","高压阀","正常","image","/images/products/common/product-placeholder.svg","F:\WebsiteProjects\foreach-website-2026\public\images\products\common\product-placeholder.svg","scripts/products/rewrite-valve-custom-detail.cjs","第 96 行","无需处理"
"3633","6010 系列电磁阀","","","solenoid-valves","电磁阀","正常","image","/images/products/VALVE/Solenoid valve_200x200_01_v001.jpg","F:\WebsiteProjects\foreach-website-2026\public\images\products\VALVE\Solenoid valve_200x200_01_v001.jpg","scripts/products/rewrite-valve-custom-detail.cjs","第 152 行","无需处理"
"3634","MRV3 陶瓷多通道旋转阀","","MRV3-D10 / MRV3-D16 / MRV3-D24","rotary-valves","","正常","image","/images/products/VALVE/Rotary valve_200x200_01_v001.jpg","F:\WebsiteProjects\foreach-website-2026\public\images\products\VALVE\Rotary valve_200x200_01_v001.jpg","scripts/products/rewrite-valve-selection-by-type.cjs","第 304 行","无需处理"
"3635","HP 三位七通高压阀","","HP-37SSU3204","high-pressure-valves","","正常","image","/images/products/common/product-placeholder.svg","F:\WebsiteProjects\foreach-website-2026\public\images\products\common\product-placeholder.svg","scripts/products/rewrite-valve-selection-by-type.cjs","第 334 行","无需处理"
"3636","6010 系列电磁阀","","SV10-P / SV10-M6 / SV10-U28 / SV10-B16","solenoid-valves","","正常","image","/images/products/VALVE/Solenoid valve_200x200_01_v001.jpg","F:\WebsiteProjects\foreach-website-2026\public\images\products\VALVE\Solenoid valve_200x200_01_v001.jpg","scripts/products/rewrite-valve-selection-by-type.cjs","第 365 行","无需处理"
"3637","","","","rotary-valves","","主图为变量或导入对象，需人工确认","image","","","scripts/products/shorten-valve-apps-and-set-image-slots.cjs","第 147 行","需要人工检查图片导入变量或动态映射"
"3638","","","","high-pressure-valves","","主图为变量或导入对象，需人工确认","image","","","scripts/products/shorten-valve-apps-and-set-image-slots.cjs","第 156 行","需要人工检查图片导入变量或动态映射"
"3639","","","","solenoid-valves","","主图为变量或导入对象，需人工确认","image","","","scripts/products/shorten-valve-apps-and-set-image-slots.cjs","第 165 行","需要人工检查图片导入变量或动态映射"