"序号","产品编码","型号","产品ID","产品名称","接头类型","数据来源类型","当前状态","详情Slug","详情链接","主图字段","主图引用路径","实际匹配路径","检查结果","建议动作","数据文件","数据位置"
"1","806033","BA-32-64-PP-N","806033","BA-32-64-PP-N","barbed-fittings","barbed-fitting-selection","active","barbed-fittings","/products/fittings/barbed-fittings","imageCard","/images/logo/foreach-logo-color.svg","/images/logo/foreach-logo-color.svg","使用占位图或公司Logo","列入待下架清单，正式修改前再次确认","data/products/selection/barbed-fitting-selection.generated.ts","data/products/selection/barbed-fitting-selection.generated.ts 第 2915 行"
"2","806036","BA-24-40-PP-N","806036","BA-24-40-PP-N","barbed-fittings","barbed-fitting-selection","active","barbed-fittings","/products/fittings/barbed-fittings","imageCard","/images/logo/foreach-logo-color.svg","/images/logo/foreach-logo-color.svg","使用占位图或公司Logo","列入待下架清单，正式修改前再次确认","data/products/selection/barbed-fitting-selection.generated.ts","data/products/selection/barbed-fitting-selection.generated.ts 第 2857 行"
"3","806037","BA-40-64-PP-N","806037","BA-40-64-PP-N","barbed-fittings","barbed-fitting-selection","active","barbed-fittings","/products/fittings/barbed-fittings","imageCard","/images/logo/foreach-logo-color.svg","/images/logo/foreach-logo-color.svg","使用占位图或公司Logo","列入待下架清单，正式修改前再次确认","data/products/selection/barbed-fitting-selection.generated.ts","data/products/selection/barbed-fitting-selection.generated.ts 第 2683 行"
"4","806055","BF4-24-PP-N","806055","BF4-24-PP-N","barbed-fittings","barbed-fitting-selection","active","barbed-fittings","/products/fittings/barbed-fittings","imageCard","/images/logo/foreach-logo-color.svg","/images/logo/foreach-logo-color.svg","使用占位图或公司Logo","列入待下架清单，正式修改前再次确认","data/products/selection/barbed-fitting-selection.generated.ts","data/products/selection/barbed-fitting-selection.generated.ts 第 9077 行"
"5","806147","BA-32-48-PP-N","806147","BA-32-48-PP-N","barbed-fittings","barbed-fitting-selection","active","barbed-fittings","/products/fittings/barbed-fittings","imageCard","/images/logo/foreach-logo-color.svg","/images/logo/foreach-logo-color.svg","使用占位图或公司Logo","列入待下架清单，正式修改前再次确认","data/products/selection/barbed-fitting-selection.generated.ts","data/products/selection/barbed-fitting-selection.generated.ts 第 3147 行"
"6","806148","BA-32-95-PP-N","806148","BA-32-95-PP-N","barbed-fittings","barbed-fitting-selection","active","barbed-fittings","/products/fittings/barbed-fittings","imageCard","/images/logo/foreach-logo-color.svg","/images/logo/foreach-logo-color.svg","使用占位图或公司Logo","列入待下架清单，正式修改前再次确认","data/products/selection/barbed-fitting-selection.generated.ts","data/products/selection/barbed-fitting-selection.generated.ts 第 2741 行"
"7","806189","BF4-32-PP-N","806189","BF4-32-PP-N","barbed-fittings","barbed-fitting-selection","active","barbed-fittings","/products/fittings/barbed-fittings","imageCard","/images/logo/foreach-logo-color.svg","/images/logo/foreach-logo-color.svg","使用占位图或公司Logo","列入待下架清单，正式修改前再次确认","data/products/selection/barbed-fitting-selection.generated.ts","data/products/selection/barbed-fitting-selection.generated.ts 第 9134 行"
"8","806192","BX4-24-PP-N","806192","BX4-24-PP-N","barbed-fittings","barbed-fitting-selection","active","barbed-fittings","/products/fittings/barbed-fittings","imageCard","/images/logo/foreach-logo-color.svg","/images/logo/foreach-logo-color.svg","使用占位图或公司Logo","列入待下架清单，正式修改前再次确认","data/products/selection/barbed-fitting-selection.generated.ts","data/products/selection/barbed-fitting-selection.generated.ts 第 9248 行"
"9","806197","BT-24-16-16-PP-N","806197","BT-24-16-16-PP-N","barbed-fittings","barbed-fitting-selection","active","barbed-fittings","/products/fittings/barbed-fittings","imageCard","/images/logo/foreach-logo-color.svg","/images/logo/foreach-logo-color.svg","使用占位图或公司Logo","列入待下架清单，正式修改前再次确认","data/products/selection/barbed-fitting-selection.generated.ts","data/products/selection/barbed-fitting-selection.generated.ts 第 6483 行"
"10","806201","BA-127-PP-N","806201","BA-127-PP-N","barbed-fittings","barbed-fitting-selection","active","barbed-fittings","/products/fittings/barbed-fittings","imageCard","/images/logo/foreach-logo-color.svg","/images/logo/foreach-logo-color.svg","使用占位图或公司Logo","列入待下架清单，正式修改前再次确认","data/products/selection/barbed-fitting-selection.generated.ts","data/products/selection/barbed-fitting-selection.generated.ts 第 2973 行"
"11","806208","BY-64-40-40-PP-N","806208","BY-64-40-40-PP-N","barbed-fittings","barbed-fitting-selection","active","barbed-fittings","/products/fittings/barbed-fittings","imageCard","/images/logo/foreach-logo-color.svg","/images/logo/foreach-logo-color.svg","使用占位图或公司Logo","列入待下架清单，正式修改前再次确认","data/products/selection/barbed-fitting-selection.generated.ts","data/products/selection/barbed-fitting-selection.generated.ts 第 8902 行"
"12","806220","BX4-16-PP-N","806220","BX4-16-PP-N","barbed-fittings","barbed-fitting-selection","active","barbed-fittings","/products/fittings/barbed-fittings","imageCard","/images/logo/foreach-logo-color.svg","/images/logo/foreach-logo-color.svg","使用占位图或公司Logo","列入待下架清单，正式修改前再次确认","data/products/selection/barbed-fitting-selection.generated.ts","data/products/selection/barbed-fitting-selection.generated.ts 第 9191 行"
"13","806221","BX4-32-PP-N","806221","BX4-32-PP-N","barbed-fittings","barbed-fitting-selection","active","barbed-fittings","/products/fittings/barbed-fittings","imageCard","/images/logo/foreach-logo-color.svg","/images/logo/foreach-logo-color.svg","使用占位图或公司Logo","列入待下架清单，正式修改前再次确认","data/products/selection/barbed-fitting-selection.generated.ts","data/products/selection/barbed-fitting-selection.generated.ts 第 9305 行"
"14","806224","BF4-16-PP-N","806224","BF4-16-PP-N","barbed-fittings","barbed-fitting-selection","active","barbed-fittings","/products/fittings/barbed-fittings","imageCard","/images/logo/foreach-logo-color.svg","/images/logo/foreach-logo-color.svg","使用占位图或公司Logo","列入待下架清单，正式修改前再次确认","data/products/selection/barbed-fitting-selection.generated.ts","data/products/selection/barbed-fitting-selection.generated.ts 第 9020 行"
"15","806256","BA-95-127-PP-N","806256","BA-95-127-PP-N","barbed-fittings","barbed-fitting-selection","active","barbed-fittings","/products/fittings/barbed-fittings","imageCard","/images/logo/foreach-logo-color.svg","/images/logo/foreach-logo-color.svg","使用占位图或公司Logo","列入待下架清单，正式修改前再次确认","data/products/selection/barbed-fitting-selection.generated.ts","data/products/selection/barbed-fitting-selection.generated.ts 第 3031 行"
"16","806272","BA-40-79-AC-W","806272","BA-40-79-AC-W","barbed-fittings","barbed-fitting-selection","active","barbed-fittings","/products/fittings/barbed-fittings","imageCard","/images/logo/foreach-logo-color.svg","/images/logo/foreach-logo-color.svg","使用占位图或公司Logo","列入待下架清单，正式修改前再次确认","data/products/selection/barbed-fitting-selection.generated.ts","data/products/selection/barbed-fitting-selection.generated.ts 第 3089 行"
"17","806276","BA-48-95-PP-N","806276","BA-48-95-PP-N","barbed-fittings","barbed-fitting-selection","active","barbed-fittings","/products/fittings/barbed-fittings","imageCard","/images/logo/foreach-logo-color.svg","/images/logo/foreach-logo-color.svg","使用占位图或公司Logo","列入待下架清单，正式修改前再次确认","data/products/selection/barbed-fitting-selection.generated.ts","data/products/selection/barbed-fitting-selection.generated.ts 第 2799 行"
"18","806282","BY-79-PP-N","806282","BY-79-PP-N","barbed-fittings","barbed-fitting-selection","active","barbed-fittings","/products/fittings/barbed-fittings","imageCard","/images/logo/foreach-logo-color.svg","/images/logo/foreach-logo-color.svg","使用占位图或公司Logo","列入待下架清单，正式修改前再次确认","data/products/selection/barbed-fitting-selection.generated.ts","data/products/selection/barbed-fitting-selection.generated.ts 第 8961 行"
"19","809276","BA-16F-PP-N","809276","BA-16F-PP-N","barbed-fittings","barbed-fitting-selection","active","barbed-fittings","/products/fittings/barbed-fittings","imageCard","/images/products/fittings/barbed-fittings/products/ba-16f-pp-n-main.jpg","F:\WebsiteProjects\foreach-website-2026\public\images\products\fittings\barbed-fittings\products\ba-16f-pp-n-main.jpg","正常","无需处理","data/products/selection/barbed-fitting-selection.generated.ts","data/products/selection/barbed-fitting-selection.generated.ts 第 15 行"
"20","809277","BA-24F-PP-N","809277","BA-24F-PP-N","barbed-fittings","barbed-fitting-selection","active","barbed-fittings","/products/fittings/barbed-fittings","imageCard","/images/products/fittings/barbed-fittings/products/ba-24f-pp-n-main.jpg","F:\WebsiteProjects\foreach-website-2026\public\images\products\fittings\barbed-fittings\products\ba-24f-pp-n-main.jpg","正常","无需处理","data/products/selection/barbed-fitting-selection.generated.ts","data/products/selection/barbed-fitting-selection.generated.ts 第 73 行"
"21","809278","BA-32F-PP-N","809278","BA-32F-PP-N","barbed-fittings","barbed-fitting-selection","active","barbed-fittings","/products/fittings/barbed-fittings","imageCard","/images/products/fittings/barbed-fittings/products/ba-32f-pp-n-main.jpg","F:\WebsiteProjects\foreach-website-2026\public\images\products\fittings\barbed-fittings\products\ba-32f-pp-n-main.jpg","正常","无需处理","data/products/selection/barbed-fitting-selection.generated.ts","data/products/selection/barbed-fitting-selection.generated.ts 第 131 行"
"22","809279","BA-40F-PP-N","809279","BA-40F-PP-N","barbed-fittings","barbed-fitting-selection","active","barbed-fittings","/products/fittings/barbed-fittings","imageCard","/images/products/fittings/barbed-fittings/products/ba-40f-pp-n-main.jpg","F:\WebsiteProjects\foreach-website-2026\public\images\products\fittings\barbed-fittings\products\ba-40f-pp-n-main.jpg","正常","无需处理","data/products/selection/barbed-fitting-selection.generated.ts","data/products/selection/barbed-fitting-selection.generated.ts 第 189 行"
"23","809283","BBL-16D-PP-N","809283","BBL-16D-PP-N","barbed-fittings","barbed-fitting-selection","active","barbed-fittings","/products/fittings/barbed-fittings","imageCard","/images/products/fittings/barbed-fittings/products/bbl-16d-pp-n-main.jpg","F:\WebsiteProjects\foreach-website-2026\public\images\products\fittings\barbed-fittings\products\bbl-16d-pp-n-main.jpg","正常","无需处理","data/products/selection/barbed-fitting-selection.generated.ts","data/products/selection/barbed-fitting-selection.generated.ts 第 9362 行"
"24","809284","BBL-24D-PP-N","809284","BBL-24D-PP-N","barbed-fittings","barbed-fitting-selection","active","barbed-fittings","/products/fittings/barbed-fittings","imageCard","/images/products/fittings/barbed-fittings/products/bbl-24d-pp-n-main.jpg","F:\WebsiteProjects\foreach-website-2026\public\images\products\fittings\barbed-fittings\products\bbl-24d-pp-n-main.jpg","正常","无需处理","data/products/selection/barbed-fitting-selection.generated.ts","data/products/selection/barbed-fitting-selection.generated.ts 第 9419 行"
"25","809285","BBL-32D-PP-N","809285","BBL-32D-PP-N","barbed-fittings","barbed-fitting-selection","active","barbed-fittings","/products/fittings/barbed-fittings","imageCard","/images/products/fittings/barbed-fittings/products/bbl-32d-pp-n-main.jpg","F:\WebsiteProjects\foreach-website-2026\public\images\products\fittings\barbed-fittings\products\bbl-32d-pp-n-main.jpg","正常","无需处理","data/products/selection/barbed-fitting-selection.generated.ts","data/products/selection/barbed-fitting-selection.generated.ts 第 9476 行"
"26","809287","BT-16D-24D-24D-PP-N","809287","BT-16D-24D-24D-PP-N","barbed-fittings","barbed-fitting-selection","active","barbed-fittings","/products/fittings/barbed-fittings","imageCard","/images/products/fittings/barbed-fittings/products/bt-16d-24d-24d-pp-n-main.jpg","F:\WebsiteProjects\foreach-website-2026\public\images\products\fittings\barbed-fittings\products\bt-16d-24d-24d-pp-n-main.jpg","正常","无需处理","data/products/selection/barbed-fitting-selection.generated.ts","data/products/selection/barbed-fitting-selection.generated.ts 第 6955 行"
"27","809288","BA-16F-24F-PP-N","809288","BA-16F-24F-PP-N","barbed-fittings","barbed-fitting-selection","active","barbed-fittings","/products/fittings/barbed-fittings","imageCard","/images/products/fittings/barbed-fittings/products/ba-16f-24f-pp-n-main.jpg","F:\WebsiteProjects\foreach-website-2026\public\images\products\fittings\barbed-fittings\products\ba-16f-24f-pp-n-main.jpg","正常","无需处理","data/products/selection/barbed-fitting-selection.generated.ts","data/products/selection/barbed-fitting-selection.generated.ts 第 247 行"
"28","809289","BA-24F-32F-PP-N","809289","BA-24F-32F-PP-N","barbed-fittings","barbed-fitting-selection","active","barbed-fittings","/products/fittings/barbed-fittings","imageCard","/images/products/fittings/barbed-fittings/products/ba-24f-32f-pp-n-main.jpg","F:\WebsiteProjects\foreach-website-2026\public\images\products\fittings\barbed-fittings\products\ba-24f-32f-pp-n-main.jpg","正常","无需处理","data/products/selection/barbed-fitting-selection.generated.ts","data/products/selection/barbed-fitting-selection.generated.ts 第 305 行"
"29","809294","BY-16F-PP-N","809294","BY-16F-PP-N","barbed-fittings","barbed-fitting-selection","active","barbed-fittings","/products/fittings/barbed-fittings","imageCard","/images/products/fittings/barbed-fittings/products/by-16f-pp-n-main.jpg","F:\WebsiteProjects\foreach-website-2026\public\images\products\fittings\barbed-fittings\products\by-16f-pp-n-main.jpg","正常","无需处理","data/products/selection/barbed-fitting-selection.generated.ts","data/products/selection/barbed-fitting-selection.generated.ts 第 7309 行"
"30","809295","BY-24F-PP-N","809295","BY-24F-PP-N","barbed-fittings","barbed-fitting-selection","active","barbed-fittings","/products/fittings/barbed-fittings","imageCard","/images/products/fittings/barbed-fittings/products/by-24f-pp-n-main.jpg","F:\WebsiteProjects\foreach-website-2026\public\images\products\fittings\barbed-fittings\products\by-24f-pp-n-main.jpg","正常","无需处理","data/products/selection/barbed-fitting-selection.generated.ts","data/products/selection/barbed-fitting-selection.generated.ts 第 7368 行"
"31","809296","BY-32F-PP-N","809296","BY-32F-PP-N","barbed-fittings","barbed-fitting-selection","active","barbed-fittings","/products/fittings/barbed-fittings","imageCard","/images/products/fittings/barbed-fittings/products/by-32f-pp-n-main.jpg","F:\WebsiteProjects\foreach-website-2026\public\images\products\fittings\barbed-fittings\products\by-32f-pp-n-main.jpg","正常","无需处理","data/products/selection/barbed-fitting-selection.generated.ts","data/products/selection/barbed-fitting-selection.generated.ts 第 7427 行"
"32","809297","BY-40D-PP-N","809297","BY-40D-PP-N","barbed-fittings","barbed-fitting-selection","active","barbed-fittings","/products/fittings/barbed-fittings","imageCard","/images/products/fittings/barbed-fittings/products/by-40d-pp-n-main.jpg","F:\WebsiteProjects\foreach-website-2026\public\images\products\fittings\barbed-fittings\products\by-40d-pp-n-main.jpg","正常","无需处理","data/products/selection/barbed-fitting-selection.generated.ts","data/products/selection/barbed-fitting-selection.generated.ts 第 7486 行"
"33","809298","BY-64F-PP-N","809298","BY-64F-PP-N","barbed-fittings","barbed-fitting-selection","active","barbed-fittings","/products/fittings/barbed-fittings","imageCard","/images/products/fittings/barbed-fittings/products/by-64f-pp-n-main.jpg","F:\WebsiteProjects\foreach-website-2026\public\images\products\fittings\barbed-fittings\products\by-64f-pp-n-main.jpg","正常","无需处理","data/products/selection/barbed-fitting-selection.generated.ts","data/products/selection/barbed-fitting-selection.generated.ts 第 7545 行"
"34","809300","BA-16C-PA-W","809300","BA-16C-PA-W","barbed-fittings","barbed-fitting-selection","active","barbed-fittings","/products/fittings/barbed-fittings","imageCard","/images/products/fittings/barbed-fittings/products/ba-16c-pa-w-main.jpg","F:\WebsiteProjects\foreach-website-2026\public\images\products\fittings\barbed-fittings\products\ba-16c-pa-w-main.jpg","正常","无需处理","data/products/selection/barbed-fitting-selection.generated.ts","data/products/selection/barbed-fitting-selection.generated.ts 第 2277 行"
"35","809309","BT-16F-PP-N","809309","BT-16F-PP-N","barbed-fittings","barbed-fitting-selection","active","barbed-fittings","/products/fittings/barbed-fittings","imageCard","/images/products/fittings/barbed-fittings/products/bt-16f-pp-n-main.jpg","F:\WebsiteProjects\foreach-website-2026\public\images\products\fittings\barbed-fittings\products\bt-16f-pp-n-main.jpg","正常","无需处理","data/products/selection/barbed-fitting-selection.generated.ts","data/products/selection/barbed-fitting-selection.generated.ts 第 4713 行"
"36","809310","BT-24F-PP-N","809310","BT-24F-PP-N","barbed-fittings","barbed-fitting-selection","active","barbed-fittings","/products/fittings/barbed-fittings","imageCard","/images/products/fittings/barbed-fittings/products/bt-24f-pp-n-main.jpg","F:\WebsiteProjects\foreach-website-2026\public\images\products\fittings\barbed-fittings\products\bt-24f-pp-n-main.jpg","正常","无需处理","data/products/selection/barbed-fitting-selection.generated.ts","data/products/selection/barbed-fitting-selection.generated.ts 第 4772 行"
"37","809311","BT-32F-PP-N","809311","BT-32F-PP-N","barbed-fittings","barbed-fitting-selection","active","barbed-fittings","/products/fittings/barbed-fittings","imageCard","/images/products/fittings/barbed-fittings/products/bt-32f-pp-n-main.jpg","F:\WebsiteProjects\foreach-website-2026\public\images\products\fittings\barbed-fittings\products\bt-32f-pp-n-main.jpg","正常","无需处理","data/products/selection/barbed-fitting-selection.generated.ts","data/products/selection/barbed-fitting-selection.generated.ts 第 4831 行"
"38","809321","BA-16F-PA-W","809321","BA-16F-PA-W","barbed-fittings","barbed-fitting-selection","active","barbed-fittings","/products/fittings/barbed-fittings","imageCard","/images/products/fittings/barbed-fittings/products/ba-16f-pa-w-main.jpg","F:\WebsiteProjects\foreach-website-2026\public\images\products\fittings\barbed-fittings\products\ba-16f-pa-w-main.jpg","正常","无需处理","data/products/selection/barbed-fitting-selection.generated.ts","data/products/selection/barbed-fitting-selection.generated.ts 第 363 行"
"39","809322","BA-16F-24F-PA-W","809322","BA-16F-24F-PA-W","barbed-fittings","barbed-fitting-selection","active","barbed-fittings","/products/fittings/barbed-fittings","imageCard","/images/products/fittings/barbed-fittings/products/ba-16f-24f-pa-w-main.jpg","F:\WebsiteProjects\foreach-website-2026\public\images\products\fittings\barbed-fittings\products\ba-16f-24f-pa-w-main.jpg","正常","无需处理","data/products/selection/barbed-fitting-selection.generated.ts","data/products/selection/barbed-fitting-selection.generated.ts 第 421 行"
"40","809324","BA-24F-PA-W","809324","BA-24F-PA-W","barbed-fittings","barbed-fitting-selection","active","barbed-fittings","/products/fittings/barbed-fittings","imageCard","/images/products/fittings/barbed-fittings/products/ba-24f-pa-w-main.jpg","F:\WebsiteProjects\foreach-website-2026\public\images\products\fittings\barbed-fittings\products\ba-24f-pa-w-main.jpg","正常","无需处理","data/products/selection/barbed-fitting-selection.generated.ts","data/products/selection/barbed-fitting-selection.generated.ts 第 479 行"
"41","809325","BA-24F-32F-PA-W","809325","BA-24F-32F-PA-W","barbed-fittings","barbed-fitting-selection","active","barbed-fittings","/products/fittings/barbed-fittings","imageCard","/images/products/fittings/barbed-fittings/products/ba-24f-32f-pa-w-main.jpg","F:\WebsiteProjects\foreach-website-2026\public\images\products\fittings\barbed-fittings\products\ba-24f-32f-pa-w-main.jpg","正常","无需处理","data/products/selection/barbed-fitting-selection.generated.ts","data/products/selection/barbed-fitting-selection.generated.ts 第 537 行"
"42","809326","BY-24F-PA-W","809326","BY-24F-PA-W","barbed-fittings","barbed-fitting-selection","active","barbed-fittings","/products/fittings/barbed-fittings","imageCard","/images/products/fittings/barbed-fittings/products/by-24f-pa-w-main.jpg","F:\WebsiteProjects\foreach-website-2026\public\images\products\fittings\barbed-fittings\products\by-24f-pa-w-main.jpg","正常","无需处理","data/products/selection/barbed-fitting-selection.generated.ts","data/products/selection/barbed-fitting-selection.generated.ts 第 7604 行"
"43","809327","BT-24F-PA-W","809327","BT-24F-PA-W","barbed-fittings","barbed-fitting-selection","active","barbed-fittings","/products/fittings/barbed-fittings","imageCard","/images/products/fittings/barbed-fittings/products/bt-24f-pa-w-main.jpg","F:\WebsiteProjects\foreach-website-2026\public\images\products\fittings\barbed-fittings\products\bt-24f-pa-w-main.jpg","正常","无需处理","data/products/selection/barbed-fitting-selection.generated.ts","data/products/selection/barbed-fitting-selection.generated.ts 第 4890 行"
"44","809328","BA-32F-PA-W","809328","BA-32F-PA-W","barbed-fittings","barbed-fitting-selection","active","barbed-fittings","/products/fittings/barbed-fittings","imageCard","/images/products/fittings/barbed-fittings/products/ba-32f-pa-w-main.jpg","F:\WebsiteProjects\foreach-website-2026\public\images\products\fittings\barbed-fittings\products\ba-32f-pa-w-main.jpg","正常","无需处理","data/products/selection/barbed-fitting-selection.generated.ts","data/products/selection/barbed-fitting-selection.generated.ts 第 595 行"
"45","809329","BA-40F-PA-W","809329","BA-40F-PA-W","barbed-fittings","barbed-fitting-selection","active","barbed-fittings","/products/fittings/barbed-fittings","imageCard","/images/products/fittings/barbed-fittings/products/ba-40f-pa-w-main.jpg","F:\WebsiteProjects\foreach-website-2026\public\images\products\fittings\barbed-fittings\products\ba-40f-pa-w-main.jpg","正常","无需处理","data/products/selection/barbed-fitting-selection.generated.ts","data/products/selection/barbed-fitting-selection.generated.ts 第 653 行"
"46","809330","BA-16F-32F-PP-N","809330","BA-16F-32F-PP-N","barbed-fittings","barbed-fitting-selection","active","barbed-fittings","/products/fittings/barbed-fittings","imageCard","/images/products/fittings/barbed-fittings/products/ba-16f-32f-pp-n-main.jpg","F:\WebsiteProjects\foreach-website-2026\public\images\products\fittings\barbed-fittings\products\ba-16f-32f-pp-n-main.jpg","正常","无需处理","data/products/selection/barbed-fitting-selection.generated.ts","data/products/selection/barbed-fitting-selection.generated.ts 第 711 行"
"47","809332","BA-16F-32F-PA-W","809332","BA-16F-32F-PA-W","barbed-fittings","barbed-fitting-selection","active","barbed-fittings","/products/fittings/barbed-fittings","imageCard","/images/products/fittings/barbed-fittings/products/ba-16f-32f-pa-w-main.jpg","F:\WebsiteProjects\foreach-website-2026\public\images\products\fittings\barbed-fittings\products\ba-16f-32f-pa-w-main.jpg","正常","无需处理","data/products/selection/barbed-fitting-selection.generated.ts","data/products/selection/barbed-fitting-selection.generated.ts 第 769 行"
"48","809334","BY-16F-PA-W","809334","BY-16F-PA-W","barbed-fittings","barbed-fitting-selection","active","barbed-fittings","/products/fittings/barbed-fittings","imageCard","/images/products/fittings/barbed-fittings/products/by-16f-pa-w-main.jpg","F:\WebsiteProjects\foreach-website-2026\public\images\products\fittings\barbed-fittings\products\by-16f-pa-w-main.jpg","正常","无需处理","data/products/selection/barbed-fitting-selection.generated.ts","data/products/selection/barbed-fitting-selection.generated.ts 第 7663 行"
"49","809335","BY-32F-PA-W","809335","BY-32F-PA-W","barbed-fittings","barbed-fitting-selection","active","barbed-fittings","/products/fittings/barbed-fittings","imageCard","/images/products/fittings/barbed-fittings/products/by-32f-pa-w-main.jpg","F:\WebsiteProjects\foreach-website-2026\public\images\products\fittings\barbed-fittings\products\by-32f-pa-w-main.jpg","正常","无需处理","data/products/selection/barbed-fitting-selection.generated.ts","data/products/selection/barbed-fitting-selection.generated.ts 第 7722 行"
"50","809336","BY-64F-PA-W","809336","BY-64F-PA-W","barbed-fittings","barbed-fitting-selection","active","barbed-fittings","/products/fittings/barbed-fittings","imageCard","/images/products/fittings/barbed-fittings/products/by-64f-pa-w-main.jpg","F:\WebsiteProjects\foreach-website-2026\public\images\products\fittings\barbed-fittings\products\by-64f-pa-w-main.jpg","正常","无需处理","data/products/selection/barbed-fitting-selection.generated.ts","data/products/selection/barbed-fitting-selection.generated.ts 第 7781 行"
"51","809337","BT-16F-PA-W","809337","BT-16F-PA-W","barbed-fittings","barbed-fitting-selection","active","barbed-fittings","/products/fittings/barbed-fittings","imageCard","/images/products/fittings/barbed-fittings/products/bt-16f-pa-w-main.jpg","F:\WebsiteProjects\foreach-website-2026\public\images\products\fittings\barbed-fittings\products\bt-16f-pa-w-main.jpg","正常","无需处理","data/products/selection/barbed-fitting-selection.generated.ts","data/products/selection/barbed-fitting-selection.generated.ts 第 4949 行"
"52","809338","BT-32F-PA-W","809338","BT-32F-PA-W","barbed-fittings","barbed-fitting-selection","active","barbed-fittings","/products/fittings/barbed-fittings","imageCard","/images/products/fittings/barbed-fittings/products/bt-32f-pa-w-main.jpg","F:\WebsiteProjects\foreach-website-2026\public\images\products\fittings\barbed-fittings\products\bt-32f-pa-w-main.jpg","正常","无需处理","data/products/selection/barbed-fitting-selection.generated.ts","data/products/selection/barbed-fitting-selection.generated.ts 第 5008 行"
"53","809341","BY-48F-PP-N","809341","BY-48F-PP-N","barbed-fittings","barbed-fitting-selection","active","barbed-fittings","/products/fittings/barbed-fittings","imageCard","/images/products/fittings/barbed-fittings/products/by-48f-pp-n-main.jpg","F:\WebsiteProjects\foreach-website-2026\public\images\products\fittings\barbed-fittings\products\by-48f-pp-n-main.jpg","正常","无需处理","data/products/selection/barbed-fitting-selection.generated.ts","data/products/selection/barbed-fitting-selection.generated.ts 第 7840 行"
"54","809343","BY-48F-PA-W","809343","BY-48F-PA-W","barbed-fittings","barbed-fitting-selection","active","barbed-fittings","/products/fittings/barbed-fittings","imageCard","/images/products/fittings/barbed-fittings/products/by-48f-pa-w-main.jpg","F:\WebsiteProjects\foreach-website-2026\public\images\products\fittings\barbed-fittings\products\by-48f-pa-w-main.jpg","正常","无需处理","data/products/selection/barbed-fitting-selection.generated.ts","data/products/selection/barbed-fitting-selection.generated.ts 第 7899 行"
"55","809345","BL-16F-PA-W","809345","BL-16F-PA-W","barbed-fittings","barbed-fitting-selection","active","barbed-fittings","/products/fittings/barbed-fittings","imageCard","/images/products/fittings/barbed-fittings/products/bl-16f-pa-w-main.jpg","F:\WebsiteProjects\foreach-website-2026\public\images\products\fittings\barbed-fittings\products\bl-16f-pa-w-main.jpg","正常","无需处理","data/products/selection/barbed-fitting-selection.generated.ts","data/products/selection/barbed-fitting-selection.generated.ts 第 3205 行"
"56","809346","BL-24F-PA-W","809346","BL-24F-PA-W","barbed-fittings","barbed-fitting-selection","active","barbed-fittings","/products/fittings/barbed-fittings","imageCard","/images/products/fittings/barbed-fittings/products/bl-24f-pa-w-main.jpg","F:\WebsiteProjects\foreach-website-2026\public\images\products\fittings\barbed-fittings\products\bl-24f-pa-w-main.jpg","正常","无需处理","data/products/selection/barbed-fitting-selection.generated.ts","data/products/selection/barbed-fitting-selection.generated.ts 第 3263 行"
"57","809347","BL-32F-PA-W","809347","BL-32F-PA-W","barbed-fittings","barbed-fitting-selection","active","barbed-fittings","/products/fittings/barbed-fittings","imageCard","/images/products/fittings/barbed-fittings/products/bl-32f-pa-w-main.jpg","F:\WebsiteProjects\foreach-website-2026\public\images\products\fittings\barbed-fittings\products\bl-32f-pa-w-main.jpg","正常","无需处理","data/products/selection/barbed-fitting-selection.generated.ts","data/products/selection/barbed-fitting-selection.generated.ts 第 3321 行"
"58","809348","BL-40F-PA-W","809348","BL-40F-PA-W","barbed-fittings","barbed-fitting-selection","active","barbed-fittings","/products/fittings/barbed-fittings","imageCard","/images/products/fittings/barbed-fittings/products/bl-40f-pa-w-main.jpg","F:\WebsiteProjects\foreach-website-2026\public\images\products\fittings\barbed-fittings\products\bl-40f-pa-w-main.jpg","正常","无需处理","data/products/selection/barbed-fitting-selection.generated.ts","data/products/selection/barbed-fitting-selection.generated.ts 第 3379 行"
"59","809349","BL-64F-PA-W","809349","BL-64F-PA-W","barbed-fittings","barbed-fitting-selection","active","barbed-fittings","/products/fittings/barbed-fittings","imageCard","/images/products/fittings/barbed-fittings/products/bl-64f-pa-w-main.jpg","F:\WebsiteProjects\foreach-website-2026\public\images\products\fittings\barbed-fittings\products\bl-64f-pa-w-main.jpg","正常","无需处理","data/products/selection/barbed-fitting-selection.generated.ts","data/products/selection/barbed-fitting-selection.generated.ts 第 3437 行"
"60","809350","BL-95D-PA-W","809350","BL-95D-PA-W","barbed-fittings","barbed-fitting-selection","active","barbed-fittings","/products/fittings/barbed-fittings","imageCard","/images/products/fittings/barbed-fittings/products/bl-95d-pa-w-main.jpg","F:\WebsiteProjects\foreach-website-2026\public\images\products\fittings\barbed-fittings\products\bl-95d-pa-w-main.jpg","正常","无需处理","data/products/selection/barbed-fitting-selection.generated.ts","data/products/selection/barbed-fitting-selection.generated.ts 第 3495 行"
"61","809357","BL-16F-PP-N","809357","BL-16F-PP-N","barbed-fittings","barbed-fitting-selection","active","barbed-fittings","/products/fittings/barbed-fittings","imageCard","/images/products/fittings/barbed-fittings/products/bl-16f-pp-n-main.jpg","F:\WebsiteProjects\foreach-website-2026\public\images\products\fittings\barbed-fittings\products\bl-16f-pp-n-main.jpg","正常","无需处理","data/products/selection/barbed-fitting-selection.generated.ts","data/products/selection/barbed-fitting-selection.generated.ts 第 3553 行"
"62","809358","BL-24F-PP-N","809358","BL-24F-PP-N","barbed-fittings","barbed-fitting-selection","active","barbed-fittings","/products/fittings/barbed-fittings","imageCard","/images/products/fittings/barbed-fittings/products/bl-24f-pp-n-main.jpg","F:\WebsiteProjects\foreach-website-2026\public\images\products\fittings\barbed-fittings\products\bl-24f-pp-n-main.jpg","正常","无需处理","data/products/selection/barbed-fitting-selection.generated.ts","data/products/selection/barbed-fitting-selection.generated.ts 第 3611 行"
"63","809359","BL-32F-PP-N","809359","BL-32F-PP-N","barbed-fittings","barbed-fitting-selection","active","barbed-fittings","/products/fittings/barbed-fittings","imageCard","/images/products/fittings/barbed-fittings/products/bl-32f-pp-n-main.jpg","F:\WebsiteProjects\foreach-website-2026\public\images\products\fittings\barbed-fittings\products\bl-32f-pp-n-main.jpg","正常","无需处理","data/products/selection/barbed-fitting-selection.generated.ts","data/products/selection/barbed-fitting-selection.generated.ts 第 3669 行"
"64","809360","BL-40F-PP-N","809360","BL-40F-PP-N","barbed-fittings","barbed-fitting-selection","active","barbed-fittings","/products/fittings/barbed-fittings","imageCard","/images/products/fittings/barbed-fittings/products/bl-40f-pp-n-main.jpg","F:\WebsiteProjects\foreach-website-2026\public\images\products\fittings\barbed-fittings\products\bl-40f-pp-n-main.jpg","正常","无需处理","data/products/selection/barbed-fitting-selection.generated.ts","data/products/selection/barbed-fitting-selection.generated.ts 第 3727 行"
"65","809361","BL-64F-PP-N","809361","BL-64F-PP-N","barbed-fittings","barbed-fitting-selection","active","barbed-fittings","/products/fittings/barbed-fittings","imageCard","/images/products/fittings/barbed-fittings/products/bl-64f-pp-n-main.jpg","F:\WebsiteProjects\foreach-website-2026\public\images\products\fittings\barbed-fittings\products\bl-64f-pp-n-main.jpg","正常","无需处理","data/products/selection/barbed-fitting-selection.generated.ts","data/products/selection/barbed-fitting-selection.generated.ts 第 3785 行"
"66","809362","BL-95D-PP-N","809362","BL-95D-PP-N","barbed-fittings","barbed-fitting-selection","active","barbed-fittings","/products/fittings/barbed-fittings","imageCard","/images/products/fittings/barbed-fittings/products/bl-95d-pp-n-main.jpg","F:\WebsiteProjects\foreach-website-2026\public\images\products\fittings\barbed-fittings\products\bl-95d-pp-n-main.jpg","正常","无需处理","data/products/selection/barbed-fitting-selection.generated.ts","data/products/selection/barbed-fitting-selection.generated.ts 第 3843 行"
"67","809369","BY-40D-PA-W","809369","BY-40D-PA-W","barbed-fittings","barbed-fitting-selection","active","barbed-fittings","/products/fittings/barbed-fittings","imageCard","/images/products/fittings/barbed-fittings/products/by-40d-pa-w-main.jpg","F:\WebsiteProjects\foreach-website-2026\public\images\products\fittings\barbed-fittings\products\by-40d-pa-w-main.jpg","正常","无需处理","data/products/selection/barbed-fitting-selection.generated.ts","data/products/selection/barbed-fitting-selection.generated.ts 第 7958 行"
"68","809370","BA-32C-64C-PP-N","809370","BA-32C-64C-PP-N","barbed-fittings","barbed-fitting-selection","active","barbed-fittings","/products/fittings/barbed-fittings","imageCard","/images/products/fittings/barbed-fittings/products/ba-32c-64c-pp-n-main.jpg","F:\WebsiteProjects\foreach-website-2026\public\images\products\fittings\barbed-fittings\products\ba-32c-64c-pp-n-main.jpg","正常","无需处理","data/products/selection/barbed-fitting-selection.generated.ts","data/products/selection/barbed-fitting-selection.generated.ts 第 885 行"
"69","809371","BA-32C-64C-PA-W","809371","BA-32C-64C-PA-W","barbed-fittings","barbed-fitting-selection","active","barbed-fittings","/products/fittings/barbed-fittings","imageCard","/images/products/fittings/barbed-fittings/products/ba-32c-64c-pa-w-main.jpg","F:\WebsiteProjects\foreach-website-2026\public\images\products\fittings\barbed-fittings\products\ba-32c-64c-pa-w-main.jpg","正常","无需处理","data/products/selection/barbed-fitting-selection.generated.ts","data/products/selection/barbed-fitting-selection.generated.ts 第 827 行"
"70","809374","BA-32V-40V-PP-N","809374","BA-32V-40V-PP-N","barbed-fittings","barbed-fitting-selection","active","barbed-fittings","/products/fittings/barbed-fittings","imageCard","/images/products/fittings/barbed-fittings/products/ba-32v-40v-pp-n-main.jpg","F:\WebsiteProjects\foreach-website-2026\public\images\products\fittings\barbed-fittings\products\ba-32v-40v-pp-n-main.jpg","正常","无需处理","data/products/selection/barbed-fitting-selection.generated.ts","data/products/selection/barbed-fitting-selection.generated.ts 第 943 行"
"71","809375","BA-32V-40V-PA-W","809375","BA-32V-40V-PA-W","barbed-fittings","barbed-fitting-selection","active","barbed-fittings","/products/fittings/barbed-fittings","imageCard","/images/products/fittings/barbed-fittings/products/ba-32v-40v-pa-w-main.jpg","F:\WebsiteProjects\foreach-website-2026\public\images\products\fittings\barbed-fittings\products\ba-32v-40v-pa-w-main.jpg","正常","无需处理","data/products/selection/barbed-fitting-selection.generated.ts","data/products/selection/barbed-fitting-selection.generated.ts 第 1001 行"
"72","809376","BA-24V-40V-PP-N","809376","BA-24V-40V-PP-N","barbed-fittings","barbed-fitting-selection","active","barbed-fittings","/products/fittings/barbed-fittings","imageCard","/images/products/fittings/barbed-fittings/products/ba-24v-40v-pp-n-main.jpg","F:\WebsiteProjects\foreach-website-2026\public\images\products\fittings\barbed-fittings\products\ba-24v-40v-pp-n-main.jpg","正常","无需处理","data/products/selection/barbed-fitting-selection.generated.ts","data/products/selection/barbed-fitting-selection.generated.ts 第 1059 行"
"73","809377","BA-24V-40V-PA-W","809377","BA-24V-40V-PA-W","barbed-fittings","barbed-fitting-selection","active","barbed-fittings","/products/fittings/barbed-fittings","imageCard","/images/products/fittings/barbed-fittings/products/ba-24v-40v-pa-w-main.jpg","F:\WebsiteProjects\foreach-website-2026\public\images\products\fittings\barbed-fittings\products\ba-24v-40v-pa-w-main.jpg","正常","无需处理","data/products/selection/barbed-fitting-selection.generated.ts","data/products/selection/barbed-fitting-selection.generated.ts 第 1117 行"
"74","809378","BA-64V-79V-PP-N","809378","BA-64V-79V-PP-N","barbed-fittings","barbed-fitting-selection","active","barbed-fittings","/products/fittings/barbed-fittings","imageCard","/images/products/fittings/barbed-fittings/products/ba-64v-79v-pp-n-main.jpg","F:\WebsiteProjects\foreach-website-2026\public\images\products\fittings\barbed-fittings\products\ba-64v-79v-pp-n-main.jpg","正常","无需处理","data/products/selection/barbed-fitting-selection.generated.ts","data/products/selection/barbed-fitting-selection.generated.ts 第 1175 行"
"75","809379","BA-64V-79V-PA-W","809379","BA-64V-79V-PA-W","barbed-fittings","barbed-fitting-selection","active","barbed-fittings","/products/fittings/barbed-fittings","imageCard","/images/products/fittings/barbed-fittings/products/ba-64v-79v-pa-w-main.jpg","F:\WebsiteProjects\foreach-website-2026\public\images\products\fittings\barbed-fittings\products\ba-64v-79v-pa-w-main.jpg","正常","无需处理","data/products/selection/barbed-fitting-selection.generated.ts","data/products/selection/barbed-fitting-selection.generated.ts 第 1233 行"
"76","809380","BY-24D-16D-16D-PP-N","809380","BY-24D-16D-16D-PP-N","barbed-fittings","barbed-fitting-selection","active","barbed-fittings","/products/fittings/barbed-fittings","imageCard","/images/products/fittings/barbed-fittings/products/by-24d-16d-16d-pp-n-main.jpg","F:\WebsiteProjects\foreach-website-2026\public\images\products\fittings\barbed-fittings\products\by-24d-16d-16d-pp-n-main.jpg","正常","无需处理","data/products/selection/barbed-fitting-selection.generated.ts","data/products/selection/barbed-fitting-selection.generated.ts 第 8017 行"
"77","809381","BY-24D-16D-16D-PA-W","809381","BY-24D-16D-16D-PA-W","barbed-fittings","barbed-fitting-selection","active","barbed-fittings","/products/fittings/barbed-fittings","imageCard","/images/products/fittings/barbed-fittings/products/by-24d-16d-16d-pa-w-main.jpg","F:\WebsiteProjects\foreach-website-2026\public\images\products\fittings\barbed-fittings\products\by-24d-16d-16d-pa-w-main.jpg","正常","无需处理","data/products/selection/barbed-fitting-selection.generated.ts","data/products/selection/barbed-fitting-selection.generated.ts 第 8076 行"
"78","809406","BBL-16D-PA-W","809406","BBL-16D-PA-W","barbed-fittings","barbed-fitting-selection","active","barbed-fittings","/products/fittings/barbed-fittings","imageCard","/images/products/fittings/barbed-fittings/products/bbl-16d-pa-w-main.jpg","F:\WebsiteProjects\foreach-website-2026\public\images\products\fittings\barbed-fittings\products\bbl-16d-pa-w-main.jpg","正常","无需处理","data/products/selection/barbed-fitting-selection.generated.ts","data/products/selection/barbed-fitting-selection.generated.ts 第 9533 行"
"79","809407","BBL-24D-PA-W","809407","BBL-24D-PA-W","barbed-fittings","barbed-fitting-selection","active","barbed-fittings","/products/fittings/barbed-fittings","imageCard","/images/products/fittings/barbed-fittings/products/bbl-24d-pa-w-main.jpg","F:\WebsiteProjects\foreach-website-2026\public\images\products\fittings\barbed-fittings\products\bbl-24d-pa-w-main.jpg","正常","无需处理","data/products/selection/barbed-fitting-selection.generated.ts","data/products/selection/barbed-fitting-selection.generated.ts 第 9590 行"
"80","809408","BBL-32D-PA-W","809408","BBL-32D-PA-W","barbed-fittings","barbed-fitting-selection","active","barbed-fittings","/products/fittings/barbed-fittings","imageCard","/images/products/fittings/barbed-fittings/products/bbl-32d-pa-w-main.jpg","F:\WebsiteProjects\foreach-website-2026\public\images\products\fittings\barbed-fittings\products\bbl-32d-pa-w-main.jpg","正常","无需处理","data/products/selection/barbed-fitting-selection.generated.ts","data/products/selection/barbed-fitting-selection.generated.ts 第 9647 行"
"81","809410","BT-16D-24D-24D-PA-W","809410","BT-16D-24D-24D-PA-W","barbed-fittings","barbed-fitting-selection","active","barbed-fittings","/products/fittings/barbed-fittings","imageCard","/images/products/fittings/barbed-fittings/products/bt-16d-24d-24d-pa-w-main.jpg","F:\WebsiteProjects\foreach-website-2026\public\images\products\fittings\barbed-fittings\products\bt-16d-24d-24d-pa-w-main.jpg","正常","无需处理","data/products/selection/barbed-fitting-selection.generated.ts","data/products/selection/barbed-fitting-selection.generated.ts 第 7014 行"
"82","809424","BA-64C-PP-N","809424","BA-64C-PP-N","barbed-fittings","barbed-fitting-selection","active","barbed-fittings","/products/fittings/barbed-fittings","imageCard","/images/products/fittings/barbed-fittings/products/ba-64c-pp-n-main.jpg","F:\WebsiteProjects\foreach-website-2026\public\images\products\fittings\barbed-fittings\products\ba-64c-pp-n-main.jpg","正常","无需处理","data/products/selection/barbed-fitting-selection.generated.ts","data/products/selection/barbed-fitting-selection.generated.ts 第 1291 行"
"83","809425","BA-64C-PA-W","809425","BA-64C-PA-W","barbed-fittings","barbed-fitting-selection","active","barbed-fittings","/products/fittings/barbed-fittings","imageCard","/images/products/fittings/barbed-fittings/products/ba-64c-pa-w-main.jpg","F:\WebsiteProjects\foreach-website-2026\public\images\products\fittings\barbed-fittings\products\ba-64c-pa-w-main.jpg","正常","无需处理","data/products/selection/barbed-fitting-selection.generated.ts","data/products/selection/barbed-fitting-selection.generated.ts 第 1349 行"
"84","809426","BA-64V-95V-PP-N","809426","BA-64V-95V-PP-N","barbed-fittings","barbed-fitting-selection","active","barbed-fittings","/products/fittings/barbed-fittings","imageCard","/images/products/fittings/barbed-fittings/products/ba-64v-95v-pp-n-main.jpg","F:\WebsiteProjects\foreach-website-2026\public\images\products\fittings\barbed-fittings\products\ba-64v-95v-pp-n-main.jpg","正常","无需处理","data/products/selection/barbed-fitting-selection.generated.ts","data/products/selection/barbed-fitting-selection.generated.ts 第 1407 行"
"85","809427","BA-64V-95V-PA-W","809427","BA-64V-95V-PA-W","barbed-fittings","barbed-fitting-selection","active","barbed-fittings","/products/fittings/barbed-fittings","imageCard","/images/products/fittings/barbed-fittings/products/ba-64v-95v-pa-w-main.jpg","F:\WebsiteProjects\foreach-website-2026\public\images\products\fittings\barbed-fittings\products\ba-64v-95v-pa-w-main.jpg","正常","无需处理","data/products/selection/barbed-fitting-selection.generated.ts","data/products/selection/barbed-fitting-selection.generated.ts 第 1465 行"
"86","809428","BA-64X-127X-PP-N","809428","BA-64X-127X-PP-N","barbed-fittings","barbed-fitting-selection","active","barbed-fittings","/products/fittings/barbed-fittings","imageCard","/images/products/fittings/barbed-fittings/products/ba-64x-127x-pp-n-main.jpg","F:\WebsiteProjects\foreach-website-2026\public\images\products\fittings\barbed-fittings\products\ba-64x-127x-pp-n-main.jpg","正常","无需处理","data/products/selection/barbed-fitting-selection.generated.ts","data/products/selection/barbed-fitting-selection.generated.ts 第 1523 行"
"87","809429","BA-64X-127X-PA-W","809429","BA-64X-127X-PA-W","barbed-fittings","barbed-fitting-selection","active","barbed-fittings","/products/fittings/barbed-fittings","imageCard","/images/products/fittings/barbed-fittings/products/ba-64x-127x-pa-w-main.jpg","F:\WebsiteProjects\foreach-website-2026\public\images\products\fittings\barbed-fittings\products\ba-64x-127x-pa-w-main.jpg","正常","无需处理","data/products/selection/barbed-fitting-selection.generated.ts","data/products/selection/barbed-fitting-selection.generated.ts 第 1581 行"
"88","809430","BY-32D-PP-N","809430","BY-32D-PP-N","barbed-fittings","barbed-fitting-selection","active","barbed-fittings","/products/fittings/barbed-fittings","imageCard","/images/products/fittings/barbed-fittings/products/by-32d-pp-n-main.jpg","F:\WebsiteProjects\foreach-website-2026\public\images\products\fittings\barbed-fittings\products\by-32d-pp-n-main.jpg","正常","无需处理","data/products/selection/barbed-fitting-selection.generated.ts","data/products/selection/barbed-fitting-selection.generated.ts 第 8135 行"
"89","809431","BY-32D-PA-W","809431","BY-32D-PA-W","barbed-fittings","barbed-fitting-selection","active","barbed-fittings","/products/fittings/barbed-fittings","imageCard","/images/products/fittings/barbed-fittings/products/by-32d-pa-w-main.jpg","F:\WebsiteProjects\foreach-website-2026\public\images\products\fittings\barbed-fittings\products\by-32d-pa-w-main.jpg","正常","无需处理","data/products/selection/barbed-fitting-selection.generated.ts","data/products/selection/barbed-fitting-selection.generated.ts 第 8194 行"
"90","809432","BY-95X-PP-N","809432","BY-95X-PP-N","barbed-fittings","barbed-fitting-selection","active","barbed-fittings","/products/fittings/barbed-fittings","imageCard","/images/products/fittings/barbed-fittings/products/by-95x-pp-n-main.jpg","F:\WebsiteProjects\foreach-website-2026\public\images\products\fittings\barbed-fittings\products\by-95x-pp-n-main.jpg","正常","无需处理","data/products/selection/barbed-fitting-selection.generated.ts","data/products/selection/barbed-fitting-selection.generated.ts 第 8253 行"
"91","809433","BY-95X-PA-W","809433","BY-95X-PA-W","barbed-fittings","barbed-fitting-selection","active","barbed-fittings","/products/fittings/barbed-fittings","imageCard","/images/products/fittings/barbed-fittings/products/by-95x-pa-w-main.jpg","F:\WebsiteProjects\foreach-website-2026\public\images\products\fittings\barbed-fittings\products\by-95x-pa-w-main.jpg","正常","无需处理","data/products/selection/barbed-fitting-selection.generated.ts","data/products/selection/barbed-fitting-selection.generated.ts 第 8312 行"
"92","809434","BY-32D-16D-16D-PP-N","809434","BY-32D-16D-16D-PP-N","barbed-fittings","barbed-fitting-selection","active","barbed-fittings","/products/fittings/barbed-fittings","imageCard","/images/products/fittings/barbed-fittings/products/by-32d-16d-16d-pp-n-main.jpg","F:\WebsiteProjects\foreach-website-2026\public\images\products\fittings\barbed-fittings\products\by-32d-16d-16d-pp-n-main.jpg","正常","无需处理","data/products/selection/barbed-fitting-selection.generated.ts","data/products/selection/barbed-fitting-selection.generated.ts 第 8371 行"
"93","809435","BY-32D-16D-16D-PA-W","809435","BY-32D-16D-16D-PA-W","barbed-fittings","barbed-fitting-selection","active","barbed-fittings","/products/fittings/barbed-fittings","imageCard","/images/products/fittings/barbed-fittings/products/by-32d-16d-16d-pa-w-main.jpg","F:\WebsiteProjects\foreach-website-2026\public\images\products\fittings\barbed-fittings\products\by-32d-16d-16d-pa-w-main.jpg","正常","无需处理","data/products/selection/barbed-fitting-selection.generated.ts","data/products/selection/barbed-fitting-selection.generated.ts 第 8430 行"
"94","809436","BY-64D-32D-32D-PP-N","809436","BY-64D-32D-32D-PP-N","barbed-fittings","barbed-fitting-selection","active","barbed-fittings","/products/fittings/barbed-fittings","imageCard","/images/products/fittings/barbed-fittings/products/by-64d-32d-32d-pp-n-main.jpg","F:\WebsiteProjects\foreach-website-2026\public\images\products\fittings\barbed-fittings\products\by-64d-32d-32d-pp-n-main.jpg","正常","无需处理","data/products/selection/barbed-fitting-selection.generated.ts","data/products/selection/barbed-fitting-selection.generated.ts 第 8489 行"
"95","809437","BY-64D-32D-32D-PA-W","809437","BY-64D-32D-32D-PA-W","barbed-fittings","barbed-fitting-selection","active","barbed-fittings","/products/fittings/barbed-fittings","imageCard","/images/products/fittings/barbed-fittings/products/by-64d-32d-32d-pa-w-main.jpg","F:\WebsiteProjects\foreach-website-2026\public\images\products\fittings\barbed-fittings\products\by-64d-32d-32d-pa-w-main.jpg","正常","无需处理","data/products/selection/barbed-fitting-selection.generated.ts","data/products/selection/barbed-fitting-selection.generated.ts 第 8548 行"
"96","809438","BT-40C-PP-N","809438","BT-40C-PP-N","barbed-fittings","barbed-fitting-selection","active","barbed-fittings","/products/fittings/barbed-fittings","imageCard","/images/products/fittings/barbed-fittings/products/bt-40c-pp-n-main.jpg","F:\WebsiteProjects\foreach-website-2026\public\images\products\fittings\barbed-fittings\products\bt-40c-pp-n-main.jpg","正常","无需处理","data/products/selection/barbed-fitting-selection.generated.ts","data/products/selection/barbed-fitting-selection.generated.ts 第 5067 行"
"97","809439","BT-40C-PA-W","809439","BT-40C-PA-W","barbed-fittings","barbed-fitting-selection","active","barbed-fittings","/products/fittings/barbed-fittings","imageCard","/images/products/fittings/barbed-fittings/products/bt-40c-pa-w-main.jpg","F:\WebsiteProjects\foreach-website-2026\public\images\products\fittings\barbed-fittings\products\bt-40c-pa-w-main.jpg","正常","无需处理","data/products/selection/barbed-fitting-selection.generated.ts","data/products/selection/barbed-fitting-selection.generated.ts 第 5126 行"
"98","809440","BT-64C-PP-N","809440","BT-64C-PP-N","barbed-fittings","barbed-fitting-selection","active","barbed-fittings","/products/fittings/barbed-fittings","imageCard","/images/products/fittings/barbed-fittings/products/bt-64c-pp-n-main.jpg","F:\WebsiteProjects\foreach-website-2026\public\images\products\fittings\barbed-fittings\products\bt-64c-pp-n-main.jpg","正常","无需处理","data/products/selection/barbed-fitting-selection.generated.ts","data/products/selection/barbed-fitting-selection.generated.ts 第 5185 行"
"99","809441","BT-64C-PA-W","809441","BT-64C-PA-W","barbed-fittings","barbed-fitting-selection","active","barbed-fittings","/products/fittings/barbed-fittings","imageCard","/images/products/fittings/barbed-fittings/products/bt-64c-pa-w-main.jpg","F:\WebsiteProjects\foreach-website-2026\public\images\products\fittings\barbed-fittings\products\bt-64c-pa-w-main.jpg","正常","无需处理","data/products/selection/barbed-fitting-selection.generated.ts","data/products/selection/barbed-fitting-selection.generated.ts 第 5244 行"
"100","809442","BT-95X-PP-N","809442","BT-95X-PP-N","barbed-fittings","barbed-fitting-selection","active","barbed-fittings","/products/fittings/barbed-fittings","imageCard","/images/products/fittings/barbed-fittings/products/bt-95x-pp-n-main.jpg","F:\WebsiteProjects\foreach-website-2026\public\images\products\fittings\barbed-fittings\products\bt-95x-pp-n-main.jpg","正常","无需处理","data/products/selection/barbed-fitting-selection.generated.ts","data/products/selection/barbed-fitting-selection.generated.ts 第 5303 行"
"101","809443","BT-95X-PA-W","809443","BT-95X-PA-W","barbed-fittings","barbed-fitting-selection","active","barbed-fittings","/products/fittings/barbed-fittings","imageCard","/images/products/fittings/barbed-fittings/products/bt-95x-pa-w-main.jpg","F:\WebsiteProjects\foreach-website-2026\public\images\products\fittings\barbed-fittings\products\bt-95x-pa-w-main.jpg","正常","无需处理","data/products/selection/barbed-fitting-selection.generated.ts","data/products/selection/barbed-fitting-selection.generated.ts 第 5362 行"
"102","809444","BT-32D-32D-16D-PP-N","809444","BT-32D-32D-16D-PP-N","barbed-fittings","barbed-fitting-selection","active","barbed-fittings","/products/fittings/barbed-fittings","imageCard","/images/products/fittings/barbed-fittings/products/bt-32d-32d-16d-pp-n-main.jpg","F:\WebsiteProjects\foreach-website-2026\public\images\products\fittings\barbed-fittings\products\bt-32d-32d-16d-pp-n-main.jpg","正常","无需处理","data/products/selection/barbed-fitting-selection.generated.ts","data/products/selection/barbed-fitting-selection.generated.ts 第 5421 行"
"103","809445","BT-32D-32D-16D-PA-W","809445","BT-32D-32D-16D-PA-W","barbed-fittings","barbed-fitting-selection","active","barbed-fittings","/products/fittings/barbed-fittings","imageCard","/images/products/fittings/barbed-fittings/products/bt-32d-32d-16d-pa-w-main.jpg","F:\WebsiteProjects\foreach-website-2026\public\images\products\fittings\barbed-fittings\products\bt-32d-32d-16d-pa-w-main.jpg","正常","无需处理","data/products/selection/barbed-fitting-selection.generated.ts","data/products/selection/barbed-fitting-selection.generated.ts 第 5480 行"
"104","809446","BT-24D-24D-16D-PP-N","809446","BT-24D-24D-16D-PP-N","barbed-fittings","barbed-fitting-selection","active","barbed-fittings","/products/fittings/barbed-fittings","imageCard","/images/products/fittings/barbed-fittings/products/bt-24d-24d-16d-pp-n-main.jpg","F:\WebsiteProjects\foreach-website-2026\public\images\products\fittings\barbed-fittings\products\bt-24d-24d-16d-pp-n-main.jpg","正常","无需处理","data/products/selection/barbed-fitting-selection.generated.ts","data/products/selection/barbed-fitting-selection.generated.ts 第 5539 行"
"105","809447","BT-24D-24D-16D-PA-W","809447","BT-24D-24D-16D-PA-W","barbed-fittings","barbed-fitting-selection","active","barbed-fittings","/products/fittings/barbed-fittings","imageCard","/images/products/fittings/barbed-fittings/products/bt-24d-24d-16d-pa-w-main.jpg","F:\WebsiteProjects\foreach-website-2026\public\images\products\fittings\barbed-fittings\products\bt-24d-24d-16d-pa-w-main.jpg","正常","无需处理","data/products/selection/barbed-fitting-selection.generated.ts","data/products/selection/barbed-fitting-selection.generated.ts 第 5598 行"
"106","809448","BT-32D-32D-24D-PP-N","809448","BT-32D-32D-24D-PP-N","barbed-fittings","barbed-fitting-selection","active","barbed-fittings","/products/fittings/barbed-fittings","imageCard","/images/products/fittings/barbed-fittings/products/bt-32d-32d-24d-pp-n-main.jpg","F:\WebsiteProjects\foreach-website-2026\public\images\products\fittings\barbed-fittings\products\bt-32d-32d-24d-pp-n-main.jpg","正常","无需处理","data/products/selection/barbed-fitting-selection.generated.ts","data/products/selection/barbed-fitting-selection.generated.ts 第 5657 行"
"107","809449","BT-32D-32D-24D-PA-W","809449","BT-32D-32D-24D-PA-W","barbed-fittings","barbed-fitting-selection","active","barbed-fittings","/products/fittings/barbed-fittings","imageCard","/images/products/fittings/barbed-fittings/products/bt-32d-32d-24d-pa-w-main.jpg","F:\WebsiteProjects\foreach-website-2026\public\images\products\fittings\barbed-fittings\products\bt-32d-32d-24d-pa-w-main.jpg","正常","无需处理","data/products/selection/barbed-fitting-selection.generated.ts","data/products/selection/barbed-fitting-selection.generated.ts 第 5716 行"
"108","809450","BT-64D-64D-32D-PP-N","809450","BT-64D-64D-32D-PP-N","barbed-fittings","barbed-fitting-selection","active","barbed-fittings","/products/fittings/barbed-fittings","imageCard","/images/products/fittings/barbed-fittings/products/bt-64d-64d-32d-pp-n-main.jpg","F:\WebsiteProjects\foreach-website-2026\public\images\products\fittings\barbed-fittings\products\bt-64d-64d-32d-pp-n-main.jpg","正常","无需处理","data/products/selection/barbed-fitting-selection.generated.ts","data/products/selection/barbed-fitting-selection.generated.ts 第 5775 行"
"109","809451","BT-64D-64D-32D-PA-W","809451","BT-64D-64D-32D-PA-W","barbed-fittings","barbed-fitting-selection","active","barbed-fittings","/products/fittings/barbed-fittings","imageCard","/images/products/fittings/barbed-fittings/products/bt-64d-64d-32d-pa-w-main.jpg","F:\WebsiteProjects\foreach-website-2026\public\images\products\fittings\barbed-fittings\products\bt-64d-64d-32d-pa-w-main.jpg","正常","无需处理","data/products/selection/barbed-fitting-selection.generated.ts","data/products/selection/barbed-fitting-selection.generated.ts 第 5834 行"
"110","809452","BT-24D-32D-32D-PP-N","809452","BT-24D-32D-32D-PP-N","barbed-fittings","barbed-fitting-selection","active","barbed-fittings","/products/fittings/barbed-fittings","imageCard","/images/products/fittings/barbed-fittings/products/bt-24d-32d-32d-pp-n-main.jpg","F:\WebsiteProjects\foreach-website-2026\public\images\products\fittings\barbed-fittings\products\bt-24d-32d-32d-pp-n-main.jpg","正常","无需处理","data/products/selection/barbed-fitting-selection.generated.ts","data/products/selection/barbed-fitting-selection.generated.ts 第 5893 行"
"111","809453","BT-24D-32D-32D-PA-W","809453","BT-24D-32D-32D-PA-W","barbed-fittings","barbed-fitting-selection","active","barbed-fittings","/products/fittings/barbed-fittings","imageCard","/images/products/fittings/barbed-fittings/products/bt-24d-32d-32d-pa-w-main.jpg","F:\WebsiteProjects\foreach-website-2026\public\images\products\fittings\barbed-fittings\products\bt-24d-32d-32d-pa-w-main.jpg","正常","无需处理","data/products/selection/barbed-fitting-selection.generated.ts","data/products/selection/barbed-fitting-selection.generated.ts 第 5952 行"
"112","809454","BT-32D-16D-16D-PP-N","809454","BT-32D-16D-16D-PP-N","barbed-fittings","barbed-fitting-selection","active","barbed-fittings","/products/fittings/barbed-fittings","imageCard","/images/products/fittings/barbed-fittings/products/bt-32d-16d-16d-pp-n-main.jpg","F:\WebsiteProjects\foreach-website-2026\public\images\products\fittings\barbed-fittings\products\bt-32d-16d-16d-pp-n-main.jpg","正常","无需处理","data/products/selection/barbed-fitting-selection.generated.ts","data/products/selection/barbed-fitting-selection.generated.ts 第 6011 行"
"113","809455","BT-32D-16D-16D-PA-W","809455","BT-32D-16D-16D-PA-W","barbed-fittings","barbed-fitting-selection","active","barbed-fittings","/products/fittings/barbed-fittings","imageCard","/images/products/fittings/barbed-fittings/products/bt-32d-16d-16d-pa-w-main.jpg","F:\WebsiteProjects\foreach-website-2026\public\images\products\fittings\barbed-fittings\products\bt-32d-16d-16d-pa-w-main.jpg","正常","无需处理","data/products/selection/barbed-fitting-selection.generated.ts","data/products/selection/barbed-fitting-selection.generated.ts 第 6070 行"
"114","809456","BT-32D-24D-24D-PP-N","809456","BT-32D-24D-24D-PP-N","barbed-fittings","barbed-fitting-selection","active","barbed-fittings","/products/fittings/barbed-fittings","imageCard","/images/products/fittings/barbed-fittings/products/bt-32d-24d-24d-pp-n-main.jpg","F:\WebsiteProjects\foreach-website-2026\public\images\products\fittings\barbed-fittings\products\bt-32d-24d-24d-pp-n-main.jpg","正常","无需处理","data/products/selection/barbed-fitting-selection.generated.ts","data/products/selection/barbed-fitting-selection.generated.ts 第 6129 行"
"115","809457","BT-32D-24D-24D-PA-W","809457","BT-32D-24D-24D-PA-W","barbed-fittings","barbed-fitting-selection","active","barbed-fittings","/products/fittings/barbed-fittings","imageCard","/images/products/fittings/barbed-fittings/products/bt-32d-24d-24d-pa-w-main.jpg","F:\WebsiteProjects\foreach-website-2026\public\images\products\fittings\barbed-fittings\products\bt-32d-24d-24d-pa-w-main.jpg","正常","无需处理","data/products/selection/barbed-fitting-selection.generated.ts","data/products/selection/barbed-fitting-selection.generated.ts 第 6188 行"
"116","809458","BT-32D-64T-64T-PP-N","809458","BT-32D-64T-64T-PP-N","barbed-fittings","barbed-fitting-selection","active","barbed-fittings","/products/fittings/barbed-fittings","imageCard","/images/products/fittings/barbed-fittings/products/bt-32d-64t-64t-pp-n-main.jpg","F:\WebsiteProjects\foreach-website-2026\public\images\products\fittings\barbed-fittings\products\bt-32d-64t-64t-pp-n-main.jpg","正常","无需处理","data/products/selection/barbed-fitting-selection.generated.ts","data/products/selection/barbed-fitting-selection.generated.ts 第 6247 行"
"117","809459","BT-32D-64T-64T-PA-W","809459","BT-32D-64T-64T-PA-W","barbed-fittings","barbed-fitting-selection","active","barbed-fittings","/products/fittings/barbed-fittings","imageCard","/images/products/fittings/barbed-fittings/products/bt-32d-64t-64t-pa-w-main.jpg","F:\WebsiteProjects\foreach-website-2026\public\images\products\fittings\barbed-fittings\products\bt-32d-64t-64t-pa-w-main.jpg","正常","无需处理","data/products/selection/barbed-fitting-selection.generated.ts","data/products/selection/barbed-fitting-selection.generated.ts 第 6306 行"
"118","809460","BT-64V-95V-95V-PP-N","809460","BT-64V-95V-95V-PP-N","barbed-fittings","barbed-fitting-selection","active","barbed-fittings","/products/fittings/barbed-fittings","imageCard","/images/products/fittings/barbed-fittings/products/bt-64v-95v-95v-pp-n-main.jpg","F:\WebsiteProjects\foreach-website-2026\public\images\products\fittings\barbed-fittings\products\bt-64v-95v-95v-pp-n-main.jpg","正常","无需处理","data/products/selection/barbed-fitting-selection.generated.ts","data/products/selection/barbed-fitting-selection.generated.ts 第 6365 行"
"119","809461","BT-64V-95V-95V-PA-W","809461","BT-64V-95V-95V-PA-W","barbed-fittings","barbed-fitting-selection","active","barbed-fittings","/products/fittings/barbed-fittings","imageCard","/images/products/fittings/barbed-fittings/products/bt-64v-95v-95v-pa-w-main.jpg","F:\WebsiteProjects\foreach-website-2026\public\images\products\fittings\barbed-fittings\products\bt-64v-95v-95v-pa-w-main.jpg","正常","无需处理","data/products/selection/barbed-fitting-selection.generated.ts","data/products/selection/barbed-fitting-selection.generated.ts 第 6424 行"
"120","809519","BA-24C-48C-PP-N","809519","BA-24C-48C-PP-N","barbed-fittings","barbed-fitting-selection","active","barbed-fittings","/products/fittings/barbed-fittings","imageCard","/images/products/fittings/barbed-fittings/products/ba-24c-48c-pp-n-main.jpg","F:\WebsiteProjects\foreach-website-2026\public\images\products\fittings\barbed-fittings\products\ba-24c-48c-pp-n-main.jpg","正常","无需处理","data/products/selection/barbed-fitting-selection.generated.ts","data/products/selection/barbed-fitting-selection.generated.ts 第 2393 行"
"121","809520","BA-24C-48C-PA-W","809520","BA-24C-48C-PA-W","barbed-fittings","barbed-fitting-selection","active","barbed-fittings","/products/fittings/barbed-fittings","imageCard","/images/products/fittings/barbed-fittings/products/ba-24c-48c-pa-w-main.jpg","F:\WebsiteProjects\foreach-website-2026\public\images\products\fittings\barbed-fittings\products\ba-24c-48c-pa-w-main.jpg","正常","无需处理","data/products/selection/barbed-fitting-selection.generated.ts","data/products/selection/barbed-fitting-selection.generated.ts 第 2451 行"
"122","809521","BT-16D-PP-N","809521","BT-16D-PP-N","barbed-fittings","barbed-fitting-selection","active","barbed-fittings","/products/fittings/barbed-fittings","imageCard","/images/products/fittings/barbed-fittings/products/bt-16d-pp-n-main.jpg","F:\WebsiteProjects\foreach-website-2026\public\images\products\fittings\barbed-fittings\products\bt-16d-pp-n-main.jpg","正常","无需处理","data/products/selection/barbed-fitting-selection.generated.ts","data/products/selection/barbed-fitting-selection.generated.ts 第 6542 行"
"123","809545","BT-16D-PA-W","809545","BT-16D-PA-W","barbed-fittings","barbed-fitting-selection","active","barbed-fittings","/products/fittings/barbed-fittings","imageCard","/images/products/fittings/barbed-fittings/products/bt-16d-pa-w-main.jpg","F:\WebsiteProjects\foreach-website-2026\public\images\products\fittings\barbed-fittings\products\bt-16d-pa-w-main.jpg","正常","无需处理","data/products/selection/barbed-fitting-selection.generated.ts","data/products/selection/barbed-fitting-selection.generated.ts 第 6601 行"
"124","809547","BA-16C-PP-N","809547","BA-16C-PP-N","barbed-fittings","barbed-fitting-selection","active","barbed-fittings","/products/fittings/barbed-fittings","imageCard","/images/products/fittings/barbed-fittings/products/ba-16c-pp-n-main.jpg","F:\WebsiteProjects\foreach-website-2026\public\images\products\fittings\barbed-fittings\products\ba-16c-pp-n-main.jpg","正常","无需处理","data/products/selection/barbed-fitting-selection.generated.ts","data/products/selection/barbed-fitting-selection.generated.ts 第 1639 行"
"125","809604","BA-16D-24D-PP-N","809604","BA-16D-24D-PP-N","barbed-fittings","barbed-fitting-selection","active","barbed-fittings","/products/fittings/barbed-fittings","imageCard","/images/products/fittings/barbed-fittings/products/ba-16d-24d-pp-n-main.jpg","F:\WebsiteProjects\foreach-website-2026\public\images\products\fittings\barbed-fittings\products\ba-16d-24d-pp-n-main.jpg","正常","无需处理","data/products/selection/barbed-fitting-selection.generated.ts","data/products/selection/barbed-fitting-selection.generated.ts 第 1697 行"
"126","809605","BA-16D-24D-PA-W","809605","BA-16D-24D-PA-W","barbed-fittings","barbed-fitting-selection","active","barbed-fittings","/products/fittings/barbed-fittings","imageCard","/images/products/fittings/barbed-fittings/products/ba-16d-24d-pa-w-main.jpg","F:\WebsiteProjects\foreach-website-2026\public\images\products\fittings\barbed-fittings\products\ba-16d-24d-pa-w-main.jpg","正常","无需处理","data/products/selection/barbed-fitting-selection.generated.ts","data/products/selection/barbed-fitting-selection.generated.ts 第 1755 行"
"127","809606","BA-24D-32D-PP-N","809606","BA-24D-32D-PP-N","barbed-fittings","barbed-fitting-selection","active","barbed-fittings","/products/fittings/barbed-fittings","imageCard","/images/products/fittings/barbed-fittings/products/ba-24d-32d-pp-n-main.jpg","F:\WebsiteProjects\foreach-website-2026\public\images\products\fittings\barbed-fittings\products\ba-24d-32d-pp-n-main.jpg","正常","无需处理","data/products/selection/barbed-fitting-selection.generated.ts","data/products/selection/barbed-fitting-selection.generated.ts 第 1813 行"
"128","809607","BA-24D-32D-PA-W","809607","BA-24D-32D-PA-W","barbed-fittings","barbed-fitting-selection","active","barbed-fittings","/products/fittings/barbed-fittings","imageCard","/images/products/fittings/barbed-fittings/products/ba-24d-32d-pa-w-main.jpg","F:\WebsiteProjects\foreach-website-2026\public\images\products\fittings\barbed-fittings\products\ba-24d-32d-pa-w-main.jpg","正常","无需处理","data/products/selection/barbed-fitting-selection.generated.ts","data/products/selection/barbed-fitting-selection.generated.ts 第 1871 行"
"129","809608","BY-24D-PP-N","809608","BY-24D-PP-N","barbed-fittings","barbed-fitting-selection","active","barbed-fittings","/products/fittings/barbed-fittings","imageCard","/images/products/fittings/barbed-fittings/products/by-24d-pp-n-main.jpg","F:\WebsiteProjects\foreach-website-2026\public\images\products\fittings\barbed-fittings\products\by-24d-pp-n-main.jpg","正常","无需处理","data/products/selection/barbed-fitting-selection.generated.ts","data/products/selection/barbed-fitting-selection.generated.ts 第 8607 行"
"130","809609","BY-24D-PA-W","809609","BY-24D-PA-W","barbed-fittings","barbed-fitting-selection","active","barbed-fittings","/products/fittings/barbed-fittings","imageCard","/images/products/fittings/barbed-fittings/products/by-24d-pa-w-main.jpg","F:\WebsiteProjects\foreach-website-2026\public\images\products\fittings\barbed-fittings\products\by-24d-pa-w-main.jpg","正常","无需处理","data/products/selection/barbed-fitting-selection.generated.ts","data/products/selection/barbed-fitting-selection.generated.ts 第 8666 行"
"131","809610","BT-24D-PP-N","809610","BT-24D-PP-N","barbed-fittings","barbed-fitting-selection","active","barbed-fittings","/products/fittings/barbed-fittings","imageCard","/images/products/fittings/barbed-fittings/products/bt-24d-pp-n-main.jpg","F:\WebsiteProjects\foreach-website-2026\public\images\products\fittings\barbed-fittings\products\bt-24d-pp-n-main.jpg","正常","无需处理","data/products/selection/barbed-fitting-selection.generated.ts","data/products/selection/barbed-fitting-selection.generated.ts 第 6660 行"
"132","809611","BT-24D-PA-W","809611","BT-24D-PA-W","barbed-fittings","barbed-fitting-selection","active","barbed-fittings","/products/fittings/barbed-fittings","imageCard","/images/products/fittings/barbed-fittings/products/bt-24d-pa-w-main.jpg","F:\WebsiteProjects\foreach-website-2026\public\images\products\fittings\barbed-fittings\products\bt-24d-pa-w-main.jpg","正常","无需处理","data/products/selection/barbed-fitting-selection.generated.ts","data/products/selection/barbed-fitting-selection.generated.ts 第 6719 行"
"133","809621","BT-32D-PP-N","809621","BT-32D-PP-N","barbed-fittings","barbed-fitting-selection","active","barbed-fittings","/products/fittings/barbed-fittings","imageCard","/images/products/fittings/barbed-fittings/products/bt-32d-pp-n-main.jpg","F:\WebsiteProjects\foreach-website-2026\public\images\products\fittings\barbed-fittings\products\bt-32d-pp-n-main.jpg","正常","无需处理","data/products/selection/barbed-fitting-selection.generated.ts","data/products/selection/barbed-fitting-selection.generated.ts 第 6778 行"
"134","809622","BT-32D-PA-W","809622","BT-32D-PA-W","barbed-fittings","barbed-fitting-selection","active","barbed-fittings","/products/fittings/barbed-fittings","imageCard","/images/products/fittings/barbed-fittings/products/bt-32d-pa-w-main.jpg","F:\WebsiteProjects\foreach-website-2026\public\images\products\fittings\barbed-fittings\products\bt-32d-pa-w-main.jpg","正常","无需处理","data/products/selection/barbed-fitting-selection.generated.ts","data/products/selection/barbed-fitting-selection.generated.ts 第 6837 行"
"135","809623","BY-16D-PP-N","809623","BY-16D-PP-N","barbed-fittings","barbed-fitting-selection","active","barbed-fittings","/products/fittings/barbed-fittings","imageCard","/images/products/fittings/barbed-fittings/products/by-16d-pp-n-main.jpg","F:\WebsiteProjects\foreach-website-2026\public\images\products\fittings\barbed-fittings\products\by-16d-pp-n-main.jpg","正常","无需处理","data/products/selection/barbed-fitting-selection.generated.ts","data/products/selection/barbed-fitting-selection.generated.ts 第 8725 行"
"136","809624","BY-16D-PA-W","809624","BY-16D-PA-W","barbed-fittings","barbed-fitting-selection","active","barbed-fittings","/products/fittings/barbed-fittings","imageCard","/images/products/fittings/barbed-fittings/products/by-16d-pa-w-main.jpg","F:\WebsiteProjects\foreach-website-2026\public\images\products\fittings\barbed-fittings\products\by-16d-pa-w-main.jpg","正常","无需处理","data/products/selection/barbed-fitting-selection.generated.ts","data/products/selection/barbed-fitting-selection.generated.ts 第 8784 行"
"137","809625","BA-24D-PP-N","809625","BA-24D-PP-N","barbed-fittings","barbed-fitting-selection","active","barbed-fittings","/products/fittings/barbed-fittings","imageCard","/images/products/fittings/barbed-fittings/products/ba-24d-pp-n-main.jpg","F:\WebsiteProjects\foreach-website-2026\public\images\products\fittings\barbed-fittings\products\ba-24d-pp-n-main.jpg","正常","无需处理","data/products/selection/barbed-fitting-selection.generated.ts","data/products/selection/barbed-fitting-selection.generated.ts 第 1929 行"
"138","809626","BA-24D-PA-W","809626","BA-24D-PA-W","barbed-fittings","barbed-fitting-selection","active","barbed-fittings","/products/fittings/barbed-fittings","imageCard","/images/products/fittings/barbed-fittings/products/ba-24d-pa-w-main.jpg","F:\WebsiteProjects\foreach-website-2026\public\images\products\fittings\barbed-fittings\products\ba-24d-pa-w-main.jpg","正常","无需处理","data/products/selection/barbed-fitting-selection.generated.ts","data/products/selection/barbed-fitting-selection.generated.ts 第 1987 行"
"139","809627","BA-32D-PP-N","809627","BA-32D-PP-N","barbed-fittings","barbed-fitting-selection","active","barbed-fittings","/products/fittings/barbed-fittings","imageCard","/images/products/fittings/barbed-fittings/products/ba-32d-pp-n-main.jpg","F:\WebsiteProjects\foreach-website-2026\public\images\products\fittings\barbed-fittings\products\ba-32d-pp-n-main.jpg","正常","无需处理","data/products/selection/barbed-fitting-selection.generated.ts","data/products/selection/barbed-fitting-selection.generated.ts 第 2045 行"
"140","809628","BA-32D-PA-W","809628","BA-32D-PA-W","barbed-fittings","barbed-fitting-selection","active","barbed-fittings","/products/fittings/barbed-fittings","imageCard","/images/products/fittings/barbed-fittings/products/ba-32d-pa-w-main.jpg","F:\WebsiteProjects\foreach-website-2026\public\images\products\fittings\barbed-fittings\products\ba-32d-pa-w-main.jpg","正常","无需处理","data/products/selection/barbed-fitting-selection.generated.ts","data/products/selection/barbed-fitting-selection.generated.ts 第 2103 行"
"141","809629","BA-16D-32D-PP-N","809629","BA-16D-32D-PP-N","barbed-fittings","barbed-fitting-selection","active","barbed-fittings","/products/fittings/barbed-fittings","imageCard","/images/products/fittings/barbed-fittings/products/ba-16d-32d-pp-n-main.jpg","F:\WebsiteProjects\foreach-website-2026\public\images\products\fittings\barbed-fittings\products\ba-16d-32d-pp-n-main.jpg","正常","无需处理","data/products/selection/barbed-fitting-selection.generated.ts","data/products/selection/barbed-fitting-selection.generated.ts 第 2161 行"
"142","809630","BA-16D-32D-PA-W","809630","BA-16D-32D-PA-W","barbed-fittings","barbed-fitting-selection","active","barbed-fittings","/products/fittings/barbed-fittings","imageCard","/images/products/fittings/barbed-fittings/products/ba-16d-32d-pa-w-main.jpg","F:\WebsiteProjects\foreach-website-2026\public\images\products\fittings\barbed-fittings\products\ba-16d-32d-pa-w-main.jpg","正常","无需处理","data/products/selection/barbed-fitting-selection.generated.ts","data/products/selection/barbed-fitting-selection.generated.ts 第 2219 行"
"143","809632","BL-16D-PP-N","809632","BL-16D-PP-N","barbed-fittings","barbed-fitting-selection","active","barbed-fittings","/products/fittings/barbed-fittings","imageCard","/images/products/fittings/barbed-fittings/products/bl-16d-pp-n-main.jpg","F:\WebsiteProjects\foreach-website-2026\public\images\products\fittings\barbed-fittings\products\bl-16d-pp-n-main.jpg","正常","无需处理","data/products/selection/barbed-fitting-selection.generated.ts","data/products/selection/barbed-fitting-selection.generated.ts 第 3901 行"
"144","809633","BL-16D-PA-W","809633","BL-16D-PA-W","barbed-fittings","barbed-fitting-selection","active","barbed-fittings","/products/fittings/barbed-fittings","imageCard","/images/products/fittings/barbed-fittings/products/bl-16d-pa-w-main.jpg","F:\WebsiteProjects\foreach-website-2026\public\images\products\fittings\barbed-fittings\products\bl-16d-pa-w-main.jpg","正常","无需处理","data/products/selection/barbed-fitting-selection.generated.ts","data/products/selection/barbed-fitting-selection.generated.ts 第 3959 行"
"145","809634","BL-24D-PP-N","809634","BL-24D-PP-N","barbed-fittings","barbed-fitting-selection","active","barbed-fittings","/products/fittings/barbed-fittings","imageCard","/images/products/fittings/barbed-fittings/products/bl-24d-pp-n-main.jpg","F:\WebsiteProjects\foreach-website-2026\public\images\products\fittings\barbed-fittings\products\bl-24d-pp-n-main.jpg","正常","无需处理","data/products/selection/barbed-fitting-selection.generated.ts","data/products/selection/barbed-fitting-selection.generated.ts 第 4017 行"
"146","809635","BL-24D-PA-W","809635","BL-24D-PA-W","barbed-fittings","barbed-fitting-selection","active","barbed-fittings","/products/fittings/barbed-fittings","imageCard","/images/products/fittings/barbed-fittings/products/bl-24d-pa-w-main.jpg","F:\WebsiteProjects\foreach-website-2026\public\images\products\fittings\barbed-fittings\products\bl-24d-pa-w-main.jpg","正常","无需处理","data/products/selection/barbed-fitting-selection.generated.ts","data/products/selection/barbed-fitting-selection.generated.ts 第 4075 行"
"147","809636","BL-32D-PP-N","809636","BL-32D-PP-N","barbed-fittings","barbed-fitting-selection","active","barbed-fittings","/products/fittings/barbed-fittings","imageCard","/images/products/fittings/barbed-fittings/products/bl-32d-pp-n-main.jpg","F:\WebsiteProjects\foreach-website-2026\public\images\products\fittings\barbed-fittings\products\bl-32d-pp-n-main.jpg","正常","无需处理","data/products/selection/barbed-fitting-selection.generated.ts","data/products/selection/barbed-fitting-selection.generated.ts 第 4133 行"
"148","809637","BL-32D-PA-W","809637","BL-32D-PA-W","barbed-fittings","barbed-fitting-selection","active","barbed-fittings","/products/fittings/barbed-fittings","imageCard","/images/products/fittings/barbed-fittings/products/bl-32d-pa-w-main.jpg","F:\WebsiteProjects\foreach-website-2026\public\images\products\fittings\barbed-fittings\products\bl-32d-pa-w-main.jpg","正常","无需处理","data/products/selection/barbed-fitting-selection.generated.ts","data/products/selection/barbed-fitting-selection.generated.ts 第 4191 行"
"149","809638","BL-16D-24D-PP-N","809638","BL-16D-24D-PP-N","barbed-fittings","barbed-fitting-selection","active","barbed-fittings","/products/fittings/barbed-fittings","imageCard","/images/products/fittings/barbed-fittings/products/bl-16d-24d-pp-n-main.jpg","F:\WebsiteProjects\foreach-website-2026\public\images\products\fittings\barbed-fittings\products\bl-16d-24d-pp-n-main.jpg","正常","无需处理","data/products/selection/barbed-fitting-selection.generated.ts","data/products/selection/barbed-fitting-selection.generated.ts 第 4249 行"
"150","809639","BL-16D-24D-PA-W","809639","BL-16D-24D-PA-W","barbed-fittings","barbed-fitting-selection","active","barbed-fittings","/products/fittings/barbed-fittings","imageCard","/images/products/fittings/barbed-fittings/products/bl-16d-24d-pa-w-main.jpg","F:\WebsiteProjects\foreach-website-2026\public\images\products\fittings\barbed-fittings\products\bl-16d-24d-pa-w-main.jpg","正常","无需处理","data/products/selection/barbed-fitting-selection.generated.ts","data/products/selection/barbed-fitting-selection.generated.ts 第 4307 行"
"151","809640","BL-24D-32D-PP-N","809640","BL-24D-32D-PP-N","barbed-fittings","barbed-fitting-selection","active","barbed-fittings","/products/fittings/barbed-fittings","imageCard","/images/products/fittings/barbed-fittings/products/bl-24d-32d-pp-n-main.jpg","F:\WebsiteProjects\foreach-website-2026\public\images\products\fittings\barbed-fittings\products\bl-24d-32d-pp-n-main.jpg","正常","无需处理","data/products/selection/barbed-fitting-selection.generated.ts","data/products/selection/barbed-fitting-selection.generated.ts 第 4365 行"
"152","809641","BL-24D-32D-PA-W","809641","BL-24D-32D-PA-W","barbed-fittings","barbed-fitting-selection","active","barbed-fittings","/products/fittings/barbed-fittings","imageCard","/images/products/fittings/barbed-fittings/products/bl-24d-32d-pa-w-main.jpg","F:\WebsiteProjects\foreach-website-2026\public\images\products\fittings\barbed-fittings\products\bl-24d-32d-pa-w-main.jpg","正常","无需处理","data/products/selection/barbed-fitting-selection.generated.ts","data/products/selection/barbed-fitting-selection.generated.ts 第 4423 行"
"153","809642","BL-16D-32D-PP-N","809642","BL-16D-32D-PP-N","barbed-fittings","barbed-fitting-selection","active","barbed-fittings","/products/fittings/barbed-fittings","imageCard","/images/products/fittings/barbed-fittings/products/bl-16d-32d-pp-n-main.jpg","F:\WebsiteProjects\foreach-website-2026\public\images\products\fittings\barbed-fittings\products\bl-16d-32d-pp-n-main.jpg","正常","无需处理","data/products/selection/barbed-fitting-selection.generated.ts","data/products/selection/barbed-fitting-selection.generated.ts 第 4481 行"
"154","809643","BL-16D-32D-PA-W","809643","BL-16D-32D-PA-W","barbed-fittings","barbed-fitting-selection","active","barbed-fittings","/products/fittings/barbed-fittings","imageCard","/images/products/fittings/barbed-fittings/products/bl-16d-32d-pa-w-main.jpg","F:\WebsiteProjects\foreach-website-2026\public\images\products\fittings\barbed-fittings\products\bl-16d-32d-pa-w-main.jpg","正常","无需处理","data/products/selection/barbed-fitting-selection.generated.ts","data/products/selection/barbed-fitting-selection.generated.ts 第 4539 行"
"155","809644","BT-127V-PP-N","809644","BT-127V-PP-N","barbed-fittings","barbed-fitting-selection","active","barbed-fittings","/products/fittings/barbed-fittings","imageCard","/images/products/fittings/barbed-fittings/products/bt-127v-pp-n-main.jpg","F:\WebsiteProjects\foreach-website-2026\public\images\products\fittings\barbed-fittings\products\bt-127v-pp-n-main.jpg","正常","无需处理","data/products/selection/barbed-fitting-selection.generated.ts","data/products/selection/barbed-fitting-selection.generated.ts 第 6896 行"
"156","809645","BL-127V-PP-N","809645","BL-127V-PP-N","barbed-fittings","barbed-fitting-selection","active","barbed-fittings","/products/fittings/barbed-fittings","imageCard","/images/products/fittings/barbed-fittings/products/bl-127v-pp-n-main.jpg","F:\WebsiteProjects\foreach-website-2026\public\images\products\fittings\barbed-fittings\products\bl-127v-pp-n-main.jpg","正常","无需处理","data/products/selection/barbed-fitting-selection.generated.ts","data/products/selection/barbed-fitting-selection.generated.ts 第 4597 行"
"157","809646","BY-127V-PP-N","809646","BY-127V-PP-N","barbed-fittings","barbed-fitting-selection","active","barbed-fittings","/products/fittings/barbed-fittings","imageCard","/images/products/fittings/barbed-fittings/products/by-127v-pp-n-main.jpg","F:\WebsiteProjects\foreach-website-2026\public\images\products\fittings\barbed-fittings\products\by-127v-pp-n-main.jpg","正常","无需处理","data/products/selection/barbed-fitting-selection.generated.ts","data/products/selection/barbed-fitting-selection.generated.ts 第 8843 行"
"158","809788","BA-16F-24F-PV-N","809788","BA-16F-24F-PV-N","barbed-fittings","barbed-fitting-selection","active","barbed-fittings","/products/fittings/barbed-fittings","imageCard","/images/products/fittings/barbed-fittings/products/ba-16f-24f-pv-n-main.jpg","F:\WebsiteProjects\foreach-website-2026\public\images\products\fittings\barbed-fittings\products\ba-16f-24f-pv-n-main.jpg","正常","无需处理","data/products/selection/barbed-fitting-selection.generated.ts","data/products/selection/barbed-fitting-selection.generated.ts 第 2335 行"
"159","809842","BT-16D-32D-32D-PA-W","809842","BT-16D-32D-32D-PA-W","barbed-fittings","barbed-fitting-selection","active","barbed-fittings","/products/fittings/barbed-fittings","imageCard","/images/products/fittings/barbed-fittings/products/bt-16d-32d-32d-pa-w-main.jpg","F:\WebsiteProjects\foreach-website-2026\public\images\products\fittings\barbed-fittings\products\bt-16d-32d-32d-pa-w-main.jpg","正常","无需处理","data/products/selection/barbed-fitting-selection.generated.ts","data/products/selection/barbed-fitting-selection.generated.ts 第 7073 行"
"160","809843","BA-16V-40V-PA-W","809843","BA-16V-40V-PA-W","barbed-fittings","barbed-fitting-selection","active","barbed-fittings","/products/fittings/barbed-fittings","imageCard","/images/products/fittings/barbed-fittings/products/ba-16v-40v-pa-w-main.jpg","F:\WebsiteProjects\foreach-website-2026\public\images\products\fittings\barbed-fittings\products\ba-16v-40v-pa-w-main.jpg","正常","无需处理","data/products/selection/barbed-fitting-selection.generated.ts","data/products/selection/barbed-fitting-selection.generated.ts 第 2509 行"
"161","809851","BT-16D-32D-32D-PP-N","809851","BT-16D-32D-32D-PP-N","barbed-fittings","barbed-fitting-selection","active","barbed-fittings","/products/fittings/barbed-fittings","imageCard","/images/products/fittings/barbed-fittings/products/bt-16d-32d-32d-pp-n-main.jpg","F:\WebsiteProjects\foreach-website-2026\public\images\products\fittings\barbed-fittings\products\bt-16d-32d-32d-pp-n-main.jpg","正常","无需处理","data/products/selection/barbed-fitting-selection.generated.ts","data/products/selection/barbed-fitting-selection.generated.ts 第 7132 行"
"162","809854","BA-16V-40V-PP-N","809854","BA-16V-40V-PP-N","barbed-fittings","barbed-fitting-selection","active","barbed-fittings","/products/fittings/barbed-fittings","imageCard","/images/products/fittings/barbed-fittings/products/ba-16v-40v-pp-n-main.jpg","F:\WebsiteProjects\foreach-website-2026\public\images\products\fittings\barbed-fittings\products\ba-16v-40v-pp-n-main.jpg","正常","无需处理","data/products/selection/barbed-fitting-selection.generated.ts","data/products/selection/barbed-fitting-selection.generated.ts 第 2567 行"
"163","809862","BA-40D-64D-PP-N","809862","BA-40D-64D-PP-N","barbed-fittings","barbed-fitting-selection","active","barbed-fittings","/products/fittings/barbed-fittings","imageCard","/images/logo/foreach-logo-color.svg","/images/logo/foreach-logo-color.svg","使用占位图或公司Logo","列入待下架清单，正式修改前再次确认","data/products/selection/barbed-fitting-selection.generated.ts","data/products/selection/barbed-fitting-selection.generated.ts 第 2625 行"
"164","809863","BT-48D-PP-N","809863","BT-48D-PP-N","barbed-fittings","barbed-fitting-selection","active","barbed-fittings","/products/fittings/barbed-fittings","imageCard","/images/logo/foreach-logo-color.svg","/images/logo/foreach-logo-color.svg","使用占位图或公司Logo","列入待下架清单，正式修改前再次确认","data/products/selection/barbed-fitting-selection.generated.ts","data/products/selection/barbed-fitting-selection.generated.ts 第 7191 行"
"165","809865","BT-79D-PP-N","809865","BT-79D-PP-N","barbed-fittings","barbed-fitting-selection","active","barbed-fittings","/products/fittings/barbed-fittings","imageCard","/images/logo/foreach-logo-color.svg","/images/logo/foreach-logo-color.svg","使用占位图或公司Logo","列入待下架清单，正式修改前再次确认","data/products/selection/barbed-fitting-selection.generated.ts","data/products/selection/barbed-fitting-selection.generated.ts 第 7250 行"
"166","809881","BL-160-PP-N","809881","BL-160-PP-N","barbed-fittings","barbed-fitting-selection","active","barbed-fittings","/products/fittings/barbed-fittings","imageCard","/images/logo/foreach-logo-color.svg","/images/logo/foreach-logo-color.svg","使用占位图或公司Logo","列入待下架清单，正式修改前再次确认","data/products/selection/barbed-fitting-selection.generated.ts","data/products/selection/barbed-fitting-selection.generated.ts 第 4655 行"
"167","809304","PMB-U28-16D-PP-N","809304","PMB-U28-16D-PP-N","bulkhead-barbed-fittings","bulkhead-barbed-selection","active","pmb-u28-16d-pp-n","/products/fittings/bulkhead-barbed-fittings/pmb-u28-16d-pp-n","imageCard","/images/products/fittings/bulkhead-barbed-fittings/products/pmb-u28-16d-pp-n-main.jpg","F:\WebsiteProjects\foreach-website-2026\public\images\products\fittings\bulkhead-barbed-fittings\products\pmb-u28-16d-pp-n-main.jpg","正常","无需处理","data/products/selection/bulkhead-barbed-fitting-selection.generated.ts","data/products/selection/bulkhead-barbed-fitting-selection.generated.ts 第 489 行"
"168","809462","PMB-U28-24D-PP-N","809462","PMB-U28-24D-PP-N","bulkhead-barbed-fittings","bulkhead-barbed-selection","active","pmb-u28-24d-pp-n","/products/fittings/bulkhead-barbed-fittings/pmb-u28-24d-pp-n","imageCard","/images/products/fittings/bulkhead-barbed-fittings/products/pmb-u28-24d-pp-n-main.jpg","F:\WebsiteProjects\foreach-website-2026\public\images\products\fittings\bulkhead-barbed-fittings\products\pmb-u28-24d-pp-n-main.jpg","正常","无需处理","data/products/selection/bulkhead-barbed-fitting-selection.generated.ts","data/products/selection/bulkhead-barbed-fitting-selection.generated.ts 第 9 行"
"169","809463","PMB-U28-32D-PP-N","809463","PMB-U28-32D-PP-N","bulkhead-barbed-fittings","bulkhead-barbed-selection","active","pmb-u28-32d-pp-n","/products/fittings/bulkhead-barbed-fittings/pmb-u28-32d-pp-n","imageCard","/images/products/fittings/bulkhead-barbed-fittings/products/pmb-u28-32d-pp-n-main.jpg","F:\WebsiteProjects\foreach-website-2026\public\images\products\fittings\bulkhead-barbed-fittings\products\pmb-u28-32d-pp-n-main.jpg","正常","无需处理","data/products/selection/bulkhead-barbed-fitting-selection.generated.ts","data/products/selection/bulkhead-barbed-fitting-selection.generated.ts 第 129 行"
"170","809464","PMBSN-U28-PP-N","809464","PMBSN-U28-PP-N","bulkhead-barbed-fittings","bulkhead-barbed-selection","active","pmbsn-u28-pp-n","/products/fittings/bulkhead-barbed-fittings/pmbsn-u28-pp-n","imageCard","/images/products/fittings/bulkhead-barbed-fittings/products/pmbsn-u28-pp-n-main.jpg","F:\WebsiteProjects\foreach-website-2026\public\images\products\fittings\bulkhead-barbed-fittings\products\pmbsn-u28-pp-n-main.jpg","正常","无需处理","data/products/selection/bulkhead-barbed-fitting-selection.generated.ts","data/products/selection/bulkhead-barbed-fitting-selection.generated.ts 第 848 行"
"171","809496","PMB-U28-24D-PA-W","809496","PMB-U28-24D-PA-W","bulkhead-barbed-fittings","bulkhead-barbed-selection","active","pmb-u28-24d-pa-w","/products/fittings/bulkhead-barbed-fittings/pmb-u28-24d-pa-w","imageCard","/images/products/fittings/bulkhead-barbed-fittings/products/pmb-u28-24d-pa-w-main.jpg","F:\WebsiteProjects\foreach-website-2026\public\images\products\fittings\bulkhead-barbed-fittings\products\pmb-u28-24d-pa-w-main.jpg","正常","无需处理","data/products/selection/bulkhead-barbed-fitting-selection.generated.ts","data/products/selection/bulkhead-barbed-fitting-selection.generated.ts 第 249 行"
"172","809497","PMB-U28-32D-PA-W","809497","PMB-U28-32D-PA-W","bulkhead-barbed-fittings","bulkhead-barbed-selection","active","pmb-u28-32d-pa-w","/products/fittings/bulkhead-barbed-fittings/pmb-u28-32d-pa-w","imageCard","/images/products/fittings/bulkhead-barbed-fittings/products/pmb-u28-32d-pa-w-main.jpg","F:\WebsiteProjects\foreach-website-2026\public\images\products\fittings\bulkhead-barbed-fittings\products\pmb-u28-32d-pa-w-main.jpg","正常","无需处理","data/products/selection/bulkhead-barbed-fitting-selection.generated.ts","data/products/selection/bulkhead-barbed-fitting-selection.generated.ts 第 369 行"
"173","809498","PMBSN-U28-PA-W","809498","PMBSN-U28-PA-W","bulkhead-barbed-fittings","bulkhead-barbed-selection","active","pmbsn-u28-pa-w","/products/fittings/bulkhead-barbed-fittings/pmbsn-u28-pa-w","imageCard","/images/products/fittings/bulkhead-barbed-fittings/products/pmbsn-u28-pa-w-main.jpg","F:\WebsiteProjects\foreach-website-2026\public\images\products\fittings\bulkhead-barbed-fittings\products\pmbsn-u28-pa-w-main.jpg","正常","无需处理","data/products/selection/bulkhead-barbed-fitting-selection.generated.ts","data/products/selection/bulkhead-barbed-fitting-selection.generated.ts 第 729 行"
"174","809517","PMB-U28-16D-PA-W","809517","PMB-U28-16D-PA-W","bulkhead-barbed-fittings","bulkhead-barbed-selection","active","pmb-u28-16d-pa-w","/products/fittings/bulkhead-barbed-fittings/pmb-u28-16d-pa-w","imageCard","/images/products/fittings/bulkhead-barbed-fittings/products/pmb-u28-16d-pa-w-main.jpg","F:\WebsiteProjects\foreach-website-2026\public\images\products\fittings\bulkhead-barbed-fittings\products\pmb-u28-16d-pa-w-main.jpg","正常","无需处理","data/products/selection/bulkhead-barbed-fitting-selection.generated.ts","data/products/selection/bulkhead-barbed-fitting-selection.generated.ts 第 609 行"
"175","126006","CV-DE-16-PV-N","126006","CV-DE-16-PV-N","check-valves","filter-check-valve-selection","active","cv-de-16-pv-n","/products/fittings/check-valves/cv-de-16-pv-n","imageCard","/images/logo/foreach-logo-color.svg","/images/logo/foreach-logo-color.svg","使用占位图或公司Logo","列入待下架清单，正式修改前再次确认","data/products/selection/filter-check-valve-selection.generated.ts","data/products/selection/filter-check-valve-selection.generated.ts 第 1098 行"
"176","126007","CV-BV-32-PP-N","126007","CV-BV-32-PP-N","check-valves","filter-check-valve-selection","active","cv-bv-32-pp-n","/products/fittings/check-valves/cv-bv-32-pp-n","imageCard","/images/logo/foreach-logo-color.svg","/images/logo/foreach-logo-color.svg","使用占位图或公司Logo","列入待下架清单，正式修改前再次确认","data/products/selection/filter-check-valve-selection.generated.ts","data/products/selection/filter-check-valve-selection.generated.ts 第 1170 行"
"177","126009","CV-BV-48-PP-N","126009","CV-BV-48-PP-N","check-valves","filter-check-valve-selection","active","cv-bv-48-pp-n","/products/fittings/check-valves/cv-bv-48-pp-n","imageCard","/images/logo/foreach-logo-color.svg","/images/logo/foreach-logo-color.svg","使用占位图或公司Logo","列入待下架清单，正式修改前再次确认","data/products/selection/filter-check-valve-selection.generated.ts","data/products/selection/filter-check-valve-selection.generated.ts 第 1244 行"
"178","126011","CV-BV-64-PP-N","126011","CV-BV-64-PP-N","check-valves","filter-check-valve-selection","active","cv-bv-64-pp-n","/products/fittings/check-valves/cv-bv-64-pp-n","imageCard","/images/logo/foreach-logo-color.svg","/images/logo/foreach-logo-color.svg","使用占位图或公司Logo","列入待下架清单，正式修改前再次确认","data/products/selection/filter-check-valve-selection.generated.ts","data/products/selection/filter-check-valve-selection.generated.ts 第 1320 行"
"179","126012","CV-BE-64-PP-N","126012","CV-BE-64-PP-N","check-valves","filter-check-valve-selection","active","cv-be-64-pp-n","/products/fittings/check-valves/cv-be-64-pp-n","imageCard","/images/logo/foreach-logo-color.svg","/images/logo/foreach-logo-color.svg","使用占位图或公司Logo","列入待下架清单，正式修改前再次确认","data/products/selection/filter-check-valve-selection.generated.ts","data/products/selection/filter-check-valve-selection.generated.ts 第 1394 行"
"180","126013","CV-BV-79-PP-N","126013","CV-BV-79-PP-N","check-valves","filter-check-valve-selection","active","cv-bv-79-pp-n","/products/fittings/check-valves/cv-bv-79-pp-n","imageCard","/images/logo/foreach-logo-color.svg","/images/logo/foreach-logo-color.svg","使用占位图或公司Logo","列入待下架清单，正式修改前再次确认","data/products/selection/filter-check-valve-selection.generated.ts","data/products/selection/filter-check-valve-selection.generated.ts 第 1466 行"
"181","126014","CV-BE-79-PP-N","126014","CV-BE-79-PP-N","check-valves","filter-check-valve-selection","active","cv-be-79-pp-n","/products/fittings/check-valves/cv-be-79-pp-n","imageCard","/images/logo/foreach-logo-color.svg","/images/logo/foreach-logo-color.svg","使用占位图或公司Logo","列入待下架清单，正式修改前再次确认","data/products/selection/filter-check-valve-selection.generated.ts","data/products/selection/filter-check-valve-selection.generated.ts 第 1538 行"
"182","126016","CV-BE-95-PP-N","126016","CV-BE-95-PP-N","check-valves","filter-check-valve-selection","active","cv-be-95-pp-n","/products/fittings/check-valves/cv-be-95-pp-n","imageCard","/images/logo/foreach-logo-color.svg","/images/logo/foreach-logo-color.svg","使用占位图或公司Logo","列入待下架清单，正式修改前再次确认","data/products/selection/filter-check-valve-selection.generated.ts","data/products/selection/filter-check-valve-selection.generated.ts 第 1610 行"
"183","126025","CV-BF-16-PV-N","126025","CV-BF-16-PV-N","check-valves","filter-check-valve-selection","active","cv-bf-16-pv-n","/products/fittings/check-valves/cv-bf-16-pv-n","imageCard","/images/logo/foreach-logo-color.svg","/images/logo/foreach-logo-color.svg","使用占位图或公司Logo","列入待下架清单，正式修改前再次确认","data/products/selection/filter-check-valve-selection.generated.ts","data/products/selection/filter-check-valve-selection.generated.ts 第 1682 行"
"184","126026","CV-DE-24-PV-N","126026","CV-DE-24-PV-N","check-valves","filter-check-valve-selection","active","cv-de-24-pv-n","/products/fittings/check-valves/cv-de-24-pv-n","imageCard","/images/logo/foreach-logo-color.svg","/images/logo/foreach-logo-color.svg","使用占位图或公司Logo","列入待下架清单，正式修改前再次确认","data/products/selection/filter-check-valve-selection.generated.ts","data/products/selection/filter-check-valve-selection.generated.ts 第 1754 行"
"185","126027","CV-DE-32-PV-N","126027","CV-DE-32-PV-N","check-valves","filter-check-valve-selection","active","cv-de-32-pv-n","/products/fittings/check-valves/cv-de-32-pv-n","imageCard","/images/logo/foreach-logo-color.svg","/images/logo/foreach-logo-color.svg","使用占位图或公司Logo","列入待下架清单，正式修改前再次确认","data/products/selection/filter-check-valve-selection.generated.ts","data/products/selection/filter-check-valve-selection.generated.ts 第 1826 行"
"186","129001","CV-BE-32-PP-N","129001","CV-BE-32-PP-N","check-valves","filter-check-valve-selection","active","cv-be-32-pp-n","/products/fittings/check-valves/cv-be-32-pp-n","imageCard","/images/products/fittings/check-valves/products/cv-be-32-pp-n-main.jpg","F:\WebsiteProjects\foreach-website-2026\public\images\products\fittings\check-valves\products\cv-be-32-pp-n-main.jpg","正常","无需处理","data/products/selection/filter-check-valve-selection.generated.ts","data/products/selection/filter-check-valve-selection.generated.ts 第 1898 行"
"187","129002","CV-BE-32-PV-N","129002","CV-BE-32-PV-N","check-valves","filter-check-valve-selection","active","cv-be-32-pv-n","/products/fittings/check-valves/cv-be-32-pv-n","imageCard","/images/logo/foreach-logo-color.svg","/images/logo/foreach-logo-color.svg","使用占位图或公司Logo","列入待下架清单，正式修改前再次确认","data/products/selection/filter-check-valve-selection.generated.ts","data/products/selection/filter-check-valve-selection.generated.ts 第 1970 行"
"188","129003","CV-BF-32-PP-N","129003","CV-BF-32-PP-N","check-valves","filter-check-valve-selection","active","cv-bf-32-pp-n","/products/fittings/check-valves/cv-bf-32-pp-n","imageCard","/images/logo/foreach-logo-color.svg","/images/logo/foreach-logo-color.svg","使用占位图或公司Logo","列入待下架清单，正式修改前再次确认","data/products/selection/filter-check-valve-selection.generated.ts","data/products/selection/filter-check-valve-selection.generated.ts 第 2042 行"
"189","129004","CV-BE-24-PP-N","129004","CV-BE-24-PP-N","check-valves","filter-check-valve-selection","active","cv-be-24-pp-n","/products/fittings/check-valves/cv-be-24-pp-n","imageCard","/images/logo/foreach-logo-color.svg","/images/logo/foreach-logo-color.svg","使用占位图或公司Logo","列入待下架清单，正式修改前再次确认","data/products/selection/filter-check-valve-selection.generated.ts","data/products/selection/filter-check-valve-selection.generated.ts 第 2114 行"
"190","129005","CV-BF-32-PP-B","129005","CV-BF-32-PP-B","check-valves","filter-check-valve-selection","active","cv-bf-32-pp-b","/products/fittings/check-valves/cv-bf-32-pp-b","imageCard","/images/logo/foreach-logo-color.svg","/images/logo/foreach-logo-color.svg","使用占位图或公司Logo","列入待下架清单，正式修改前再次确认","data/products/selection/filter-check-valve-selection.generated.ts","data/products/selection/filter-check-valve-selection.generated.ts 第 2186 行"
"191","","","809033","PMBSN-M12-PA-B","female-thread-adapters","","active","pmbsn-m12-pa-b","","imageCard","","","缺少主图","列入待下架清单，正式修改前再次确认","data/products/selection/female-thread-adapter-selection.generated.ts","data/products/selection/female-thread-adapter-selection.generated.ts 第 602 行"
"192","","","809192","U-U28-20-AC-B","female-thread-adapters","","active","u-u28-20-ac-b","","imageCard","/images/products/fittings/female-thread-adapters/products/U-U28-20-AC-B.jpg","F:\WebsiteProjects\foreach-website-2026\public\images\products\fittings\female-thread-adapters\products\U-U28-20-AC-B.jpg","正常","无需处理","data/products/selection/female-thread-adapter-selection.generated.ts","data/products/selection/female-thread-adapter-selection.generated.ts 第 254 行"
"193","","","809194","U-M6-20-AC-B","female-thread-adapters","","active","u-m6-20-ac-b","","imageCard","/images/products/fittings/female-thread-adapters/products/U-M6-20-AC-B.jpg","F:\WebsiteProjects\foreach-website-2026\public\images\products\fittings\female-thread-adapters\products\U-M6-20-AC-B.jpg","正常","无需处理","data/products/selection/female-thread-adapter-selection.generated.ts","data/products/selection/female-thread-adapter-selection.generated.ts 第 341 行"
"194","","","809195","U-U28-20-PP-N","female-thread-adapters","","active","u-u28-20-pp-n","","imageCard","/images/products/fittings/female-thread-adapters/products/U-U28-20-PP-N.jpg","F:\WebsiteProjects\foreach-website-2026\public\images\products\fittings\female-thread-adapters\products\U-U28-20-PP-N.jpg","正常","无需处理","data/products/selection/female-thread-adapter-selection.generated.ts","data/products/selection/female-thread-adapter-selection.generated.ts 第 225 行"
"195","","","809197","U-M6-20-PP-N","female-thread-adapters","","active","u-m6-20-pp-n","","imageCard","/images/products/fittings/female-thread-adapters/products/U-M6-20-PP-N.jpg","F:\WebsiteProjects\foreach-website-2026\public\images\products\fittings\female-thread-adapters\products\U-M6-20-PP-N.jpg","正常","无需处理","data/products/selection/female-thread-adapter-selection.generated.ts","data/products/selection/female-thread-adapter-selection.generated.ts 第 312 行"
"196","","","809198","U-U28-20-PS-B","female-thread-adapters","","active","u-u28-20-ps-b","","imageCard","/images/products/fittings/female-thread-adapters/products/U-U28-20-PS-B.jpg","F:\WebsiteProjects\foreach-website-2026\public\images\products\fittings\female-thread-adapters\products\U-U28-20-PS-B.jpg","正常","无需处理","data/products/selection/female-thread-adapter-selection.generated.ts","data/products/selection/female-thread-adapter-selection.generated.ts 第 283 行"
"197","","","809308","UY-U28-10-PP-N","female-thread-adapters","","active","uy-u28-10-pp-n","","imageCard","/images/products/fittings/female-thread-adapters/products/UY-U28-10-PP-N.jpg","F:\WebsiteProjects\foreach-website-2026\public\images\products\fittings\female-thread-adapters\products\UY-U28-10-PP-N.jpg","正常","无需处理","data/products/selection/female-thread-adapter-selection.generated.ts","data/products/selection/female-thread-adapter-selection.generated.ts 第 515 行"
"198","","","809317","PU-U32-08-SS-N","female-thread-adapters","","active","pu-u32-08-ss-n","","imageCard","","","缺少主图","列入待下架清单，正式修改前再次确认","data/products/selection/female-thread-adapter-selection.generated.ts","data/products/selection/female-thread-adapter-selection.generated.ts 第 630 行"
"199","","","809484","US-M6-05-AC-B","female-thread-adapters","","active","us-m6-05-ac-b","","imageCard","/images/products/fittings/female-thread-adapters/products/US-M6-05-AC-B.jpg","F:\WebsiteProjects\foreach-website-2026\public\images\products\fittings\female-thread-adapters\products\US-M6-05-AC-B.jpg","正常","无需处理","data/products/selection/female-thread-adapter-selection.generated.ts","data/products/selection/female-thread-adapter-selection.generated.ts 第 22 行"
"200","","","809491","UY-U28-15-PP-N","female-thread-adapters","","active","uy-u28-15-pp-n","","imageCard","/images/products/fittings/female-thread-adapters/products/UY-U28-15-PP-N.jpg","F:\WebsiteProjects\foreach-website-2026\public\images\products\fittings\female-thread-adapters\products\UY-U28-15-PP-N.jpg","正常","无需处理","data/products/selection/female-thread-adapter-selection.generated.ts","data/products/selection/female-thread-adapter-selection.generated.ts 第 544 行"
"201","","","809516","US-M6-15-PP-N","female-thread-adapters","","active","us-m6-15-pp-n","","imageCard","/images/products/fittings/female-thread-adapters/products/US-M6-15-PP-N.jpg","F:\WebsiteProjects\foreach-website-2026\public\images\products\fittings\female-thread-adapters\products\US-M6-15-PP-N.jpg","正常","无需处理","data/products/selection/female-thread-adapter-selection.generated.ts","data/products/selection/female-thread-adapter-selection.generated.ts 第 167 行"
"202","","","809518","UT-U28-20-PP-N","female-thread-adapters","","active","ut-u28-20-pp-n","","imageCard","/images/products/fittings/female-thread-adapters/products/UT-U28-20-PP-N.jpg","F:\WebsiteProjects\foreach-website-2026\public\images\products\fittings\female-thread-adapters\products\UT-U28-20-PP-N.jpg","正常","无需处理","data/products/selection/female-thread-adapter-selection.generated.ts","data/products/selection/female-thread-adapter-selection.generated.ts 第 399 行"
"203","","","809525","PMU-M12-U28-20-PP-N","female-thread-adapters","","active","pmu-m12-u28-20-pp-n","","imageCard","/images/products/fittings/female-thread-adapters/products/PMU-M12-U28-20-PP-N.jpg","F:\WebsiteProjects\foreach-website-2026\public\images\products\fittings\female-thread-adapters\products\PMU-M12-U28-20-PP-N.jpg","正常","无需处理","data/products/selection/female-thread-adapter-selection.generated.ts","data/products/selection/female-thread-adapter-selection.generated.ts 第 196 行"
"204","","","809531","US-M6-10-AC-B","female-thread-adapters","","active","us-m6-10-ac-b","","imageCard","/images/products/fittings/female-thread-adapters/products/US-M6-10-AC-B.jpg","F:\WebsiteProjects\foreach-website-2026\public\images\products\fittings\female-thread-adapters\products\US-M6-10-AC-B.jpg","正常","无需处理","data/products/selection/female-thread-adapter-selection.generated.ts","data/products/selection/female-thread-adapter-selection.generated.ts 第 51 行"
"205","","","809532","US-M6-15-AC-B","female-thread-adapters","","active","us-m6-15-ac-b","","imageCard","/images/products/fittings/female-thread-adapters/products/US-M6-15-AC-B.jpg","F:\WebsiteProjects\foreach-website-2026\public\images\products\fittings\female-thread-adapters\products\US-M6-15-AC-B.jpg","正常","无需处理","data/products/selection/female-thread-adapter-selection.generated.ts","data/products/selection/female-thread-adapter-selection.generated.ts 第 80 行"
"206","","","809533","US-M6-05-PP-N","female-thread-adapters","","active","us-m6-05-pp-n","","imageCard","/images/products/fittings/female-thread-adapters/products/US-M6-05-PP-N.jpg","F:\WebsiteProjects\foreach-website-2026\public\images\products\fittings\female-thread-adapters\products\US-M6-05-PP-N.jpg","正常","无需处理","data/products/selection/female-thread-adapter-selection.generated.ts","data/products/selection/female-thread-adapter-selection.generated.ts 第 109 行"
"207","","","809534","US-M6-10-PP-N","female-thread-adapters","","active","us-m6-10-pp-n","","imageCard","/images/products/fittings/female-thread-adapters/products/US-M6-10-PP-N.jpg","F:\WebsiteProjects\foreach-website-2026\public\images\products\fittings\female-thread-adapters\products\US-M6-10-PP-N.jpg","正常","无需处理","data/products/selection/female-thread-adapter-selection.generated.ts","data/products/selection/female-thread-adapter-selection.generated.ts 第 138 行"
"208","","","809631","UT-U28-15-PS-B","female-thread-adapters","","active","ut-u28-15-ps-b","","imageCard","/images/products/fittings/female-thread-adapters/products/UT-U28-15-PS-B.jpg","F:\WebsiteProjects\foreach-website-2026\public\images\products\fittings\female-thread-adapters\products\UT-U28-15-PS-B.jpg","正常","无需处理","data/products/selection/female-thread-adapter-selection.generated.ts","data/products/selection/female-thread-adapter-selection.generated.ts 第 428 行"
"209","","","809659","PU-U32-U28-08-SS-N","female-thread-adapters","","active","pu-u32-u28-08-ss-n","","imageCard","","","缺少主图","列入待下架清单，正式修改前再次确认","data/products/selection/female-thread-adapter-selection.generated.ts","data/products/selection/female-thread-adapter-selection.generated.ts 第 659 行"
"210","","","809664","PUT-U32-05-SS-N","female-thread-adapters","","active","put-u32-05-ss-n","","imageCard","","","缺少主图","列入待下架清单，正式修改前再次确认","data/products/selection/female-thread-adapter-selection.generated.ts","data/products/selection/female-thread-adapter-selection.generated.ts 第 688 行"
"211","","","809697","UT-U28-15-PP-N","female-thread-adapters","","active","ut-u28-15-pp-n","","imageCard","/images/products/fittings/female-thread-adapters/products/UT-U28-15-PP-N.jpg","F:\WebsiteProjects\foreach-website-2026\public\images\products\fittings\female-thread-adapters\products\UT-U28-15-PP-N.jpg","正常","无需处理","data/products/selection/female-thread-adapter-selection.generated.ts","data/products/selection/female-thread-adapter-selection.generated.ts 第 370 行"
"212","","","809698","UT-U28-20-PS-B","female-thread-adapters","","active","ut-u28-20-ps-b","","imageCard","/images/products/fittings/female-thread-adapters/products/UT-U28-20-PS-B.jpg","F:\WebsiteProjects\foreach-website-2026\public\images\products\fittings\female-thread-adapters\products\UT-U28-20-PS-B.jpg","正常","无需处理","data/products/selection/female-thread-adapter-selection.generated.ts","data/products/selection/female-thread-adapter-selection.generated.ts 第 457 行"
"213","","","809790","UY-U28-20-PP-N","female-thread-adapters","","active","uy-u28-20-pp-n","","imageCard","/images/products/fittings/female-thread-adapters/products/UY-U28-20-PP-N.jpg","F:\WebsiteProjects\foreach-website-2026\public\images\products\fittings\female-thread-adapters\products\UY-U28-20-PP-N.jpg","正常","无需处理","data/products/selection/female-thread-adapter-selection.generated.ts","data/products/selection/female-thread-adapter-selection.generated.ts 第 573 行"
"214","","","809939","UT-M6-20-PP-N","female-thread-adapters","","active","ut-m6-20-pp-n","","imageCard","","","缺少主图","列入待下架清单，正式修改前再次确认","data/products/selection/female-thread-adapter-selection.generated.ts","data/products/selection/female-thread-adapter-selection.generated.ts 第 486 行"
"215","136009","F-PE-10-24-PP-N","136009","F-PE-10-24-PP-N","filters","filter-check-valve-selection","active","f-pe-10-24-pp-n","/products/fittings/filters/f-pe-10-24-pp-n","imageCard","/images/logo/foreach-logo-color.svg","/images/logo/foreach-logo-color.svg","使用占位图或公司Logo","列入待下架清单，正式修改前再次确认","data/products/selection/filter-check-valve-selection.generated.ts","data/products/selection/filter-check-valve-selection.generated.ts 第 15 行"
"216","139001","F-PE-100-32-PP-N","139001","F-PE-100-32-PP-N","filters","filter-check-valve-selection","active","f-pe-100-32-pp-n","/products/fittings/filters/f-pe-100-32-pp-n","imageCard","/images/products/fittings/filters/products/f-pe-100-32-pp-n-main.jpg","F:\WebsiteProjects\foreach-website-2026\public\images\products\fittings\filters\products\f-pe-100-32-pp-n-main.jpg","正常","无需处理","data/products/selection/filter-check-valve-selection.generated.ts","data/products/selection/filter-check-valve-selection.generated.ts 第 87 行"
"217","139002","F-PE-100-32-PV-N","139002","F-PE-100-32-PV-N","filters","filter-check-valve-selection","active","f-pe-100-32-pv-n","/products/fittings/filters/f-pe-100-32-pv-n","imageCard","/images/logo/foreach-logo-color.svg","/images/logo/foreach-logo-color.svg","使用占位图或公司Logo","列入待下架清单，正式修改前再次确认","data/products/selection/filter-check-valve-selection.generated.ts","data/products/selection/filter-check-valve-selection.generated.ts 第 159 行"
"218","139003","F-PE-60-32-PP-N","139003","F-PE-60-32-PP-N","filters","filter-check-valve-selection","active","f-pe-60-32-pp-n","/products/fittings/filters/f-pe-60-32-pp-n","imageCard","/images/products/fittings/filters/products/f-pe-60-32-pp-n-main.jpg","F:\WebsiteProjects\foreach-website-2026\public\images\products\fittings\filters\products\f-pe-60-32-pp-n-main.jpg","正常","无需处理","data/products/selection/filter-check-valve-selection.generated.ts","data/products/selection/filter-check-valve-selection.generated.ts 第 231 行"
"219","139005","F-SS-150-127-AC-N","139005","F-SS-150-127-AC-N","filters","filter-check-valve-selection","active","f-ss-150-127-ac-n","/products/fittings/filters/f-ss-150-127-ac-n","imageCard","/images/logo/foreach-logo-color.svg","/images/logo/foreach-logo-color.svg","使用占位图或公司Logo","列入待下架清单，正式修改前再次确认","data/products/selection/filter-check-valve-selection.generated.ts","data/products/selection/filter-check-valve-selection.generated.ts 第 447 行"
"220","139006","F-SS-150-127D-AC-N","139006","F-SS-150-127D-AC-N","filters","filter-check-valve-selection","active","f-ss-150-127d-ac-n","/products/fittings/filters/f-ss-150-127d-ac-n","imageCard","/images/logo/foreach-logo-color.svg","/images/logo/foreach-logo-color.svg","使用占位图或公司Logo","列入待下架清单，正式修改前再次确认","data/products/selection/filter-check-valve-selection.generated.ts","data/products/selection/filter-check-valve-selection.generated.ts 第 519 行"
"221","139007","F-SS-150-127-PP-N","139007","F-SS-150-127-PP-N","filters","filter-check-valve-selection","active","f-ss-150-127-pp-n","/products/fittings/filters/f-ss-150-127-pp-n","imageCard","/images/logo/foreach-logo-color.svg","/images/logo/foreach-logo-color.svg","使用占位图或公司Logo","列入待下架清单，正式修改前再次确认","data/products/selection/filter-check-valve-selection.generated.ts","data/products/selection/filter-check-valve-selection.generated.ts 第 591 行"
"222","139008","F-SS-150-127D-PP-N","139008","F-SS-150-127D-PP-N","filters","filter-check-valve-selection","active","f-ss-150-127d-pp-n","/products/fittings/filters/f-ss-150-127d-pp-n","imageCard","/images/logo/foreach-logo-color.svg","/images/logo/foreach-logo-color.svg","使用占位图或公司Logo","列入待下架清单，正式修改前再次确认","data/products/selection/filter-check-valve-selection.generated.ts","data/products/selection/filter-check-valve-selection.generated.ts 第 663 行"
"223","139009","139009","139009","139009 水循环过滤器组件","filters","filter-check-valve-selection","active","filter-component-139009","/products/fittings/filters/filter-component-139009","imageCard","/images/logo/foreach-logo-color.svg","/images/logo/foreach-logo-color.svg","使用占位图或公司Logo","列入待下架清单，正式修改前再次确认","data/products/selection/filter-check-valve-selection.generated.ts","data/products/selection/filter-check-valve-selection.generated.ts 第 954 行"
"224","139010","139010","139010","139010 水循环过滤器组件","filters","filter-check-valve-selection","active","filter-component-139010","/products/fittings/filters/filter-component-139010","imageCard","/images/logo/foreach-logo-color.svg","/images/logo/foreach-logo-color.svg","使用占位图或公司Logo","列入待下架清单，正式修改前再次确认","data/products/selection/filter-check-valve-selection.generated.ts","data/products/selection/filter-check-valve-selection.generated.ts 第 1026 行"
"225","139011","F-SS-150-79D-PP-N","139011","F-SS-150-79D-PP-N","filters","filter-check-valve-selection","active","f-ss-150-79d-pp-n","/products/fittings/filters/f-ss-150-79d-pp-n","imageCard","/images/logo/foreach-logo-color.svg","/images/logo/foreach-logo-color.svg","使用占位图或公司Logo","列入待下架清单，正式修改前再次确认","data/products/selection/filter-check-valve-selection.generated.ts","data/products/selection/filter-check-valve-selection.generated.ts 第 736 行"
"226","139012","F-PA-150-32-PP-N","139012","F-PA-150-32-PP-N","filters","filter-check-valve-selection","active","f-pa-150-32-pp-n","/products/fittings/filters/f-pa-150-32-pp-n","imageCard","/images/logo/foreach-logo-color.svg","/images/logo/foreach-logo-color.svg","使用占位图或公司Logo","列入待下架清单，正式修改前再次确认","data/products/selection/filter-check-valve-selection.generated.ts","data/products/selection/filter-check-valve-selection.generated.ts 第 303 行"
"227","139013","F-SS-150-95D-PP-N","139013","F-SS-150-95D-PP-N","filters","filter-check-valve-selection","active","f-ss-150-95d-pp-n","/products/fittings/filters/f-ss-150-95d-pp-n","imageCard","/images/logo/foreach-logo-color.svg","/images/logo/foreach-logo-color.svg","使用占位图或公司Logo","列入待下架清单，正式修改前再次确认","data/products/selection/filter-check-valve-selection.generated.ts","data/products/selection/filter-check-valve-selection.generated.ts 第 808 行"
"228","139014","F-PA-250-32D-PA-N","139014","F-PA-250-32D-PA-N","filters","filter-check-valve-selection","active","f-pa-250-32d-pa-n","/products/fittings/filters/f-pa-250-32d-pa-n","imageCard","/images/logo/foreach-logo-color.svg","/images/logo/foreach-logo-color.svg","使用占位图或公司Logo","列入待下架清单，正式修改前再次确认","data/products/selection/filter-check-valve-selection.generated.ts","data/products/selection/filter-check-valve-selection.generated.ts 第 375 行"
"229","139015","F-SS-150-191-PP-N","139015","F-SS-150-191-PP-N","filters","filter-check-valve-selection","active","f-ss-150-191-pp-n","/products/fittings/filters/f-ss-150-191-pp-n","imageCard","/images/logo/foreach-logo-color.svg","/images/logo/foreach-logo-color.svg","使用占位图或公司Logo","列入待下架清单，正式修改前再次确认","data/products/selection/filter-check-valve-selection.generated.ts","data/products/selection/filter-check-valve-selection.generated.ts 第 882 行"
"230","","","809841","HFL6-U40-16-PK-N","hard-tube-fittings","","active","hard-tube-fittings","","imageCard","/images/logo/foreach-logo-color.svg","/images/logo/foreach-logo-color.svg","数据不一致：部分数据缺图，但另有有效主图","先人工确认官网实际使用哪一份数据，暂不下架","data/products/selection/hard-tube-fitting-selection.generated.ts","data/products/selection/hard-tube-fitting-selection.generated.ts 第 19 行 | data/products/selection/hard-tube-fitting-selection.generated.ts 第 48 行 | data/products/selection/hard-tube-fitting-selection.generated.ts 第 77 行 | data/products/selection/hard-tube-fitting-selection.generated.ts 第 106 行 | data/products/selection/hard-tube-fitting-selection.generated.ts 第 135 行 | data/products/selection/hard-tube-fitting-selection.generated.ts 第 164 行 | data/products/selection/hard-tube-fitting-selection.generated.ts 第 193 行 | data/products/selection/hard-tube-fitting-selection.generated.ts 第 222 行 | data/products/selection/hard-tube-fitting-selection.generated.ts 第 251 行 | data/products/selection/hard-tube-fitting-selection.generated.ts 第 280 行 | data/products/selection/hard-tube-fitting-selection.generated.ts 第 309 行 | data/products/selection/hard-tube-fitting-selection.generated.ts 第 338 行 | data/products/selection/hard-tube-fitting-selection.generated.ts 第 367 行 | data/products/selection/hard-tube-fitting-selection.generated.ts 第 396 行 | data/products/selection/hard-tube-fitting-selection.generated.ts 第 425 行 | data/products/selection/hard-tube-fitting-selection.generated.ts 第 454 行 | data/products/selection/hard-tube-fitting-selection.generated.ts 第 483 行 | data/products/selection/hard-tube-fitting-selection.generated.ts 第 512 行 | data/products/selection/hard-tube-fitting-selection.generated.ts 第 541 行 | data/products/selection/hard-tube-fitting-selection.generated.ts 第 570 行 | data/products/selection/hard-tube-fitting-selection.generated.ts 第 599 行 | data/products/selection/hard-tube-fitting-selection.generated.ts 第 628 行 | data/products/selection/hard-tube-fitting-selection.generated.ts 第 657 行 | data/products/selection/hard-tube-fitting-selection.generated.ts 第 686 行 | data/products/selection/hard-tube-fitting-selection.generated.ts 第 715 行 | data/products/selection/hard-tube-fitting-selection.generated.ts 第 744 行 | data/products/selection/hard-tube-fitting-selection.generated.ts 第 773 行 | data/products/selection/hard-tube-fitting-selection.generated.ts 第 802 行 | data/products/selection/hard-tube-fitting-selection.generated.ts 第 831 行 | data/products/selection/hard-tube-fitting-selection.generated.ts 第 860 行 | data/products/selection/hard-tube-fitting-selection.generated.ts 第 889 行 | data/products/selection/hard-tube-fitting-selection.generated.ts 第 918 行 | data/products/selection/hard-tube-fitting-selection.generated.ts 第 947 行 | data/products/selection/hard-tube-fitting-selection.generated.ts 第 976 行 | data/products/selection/hard-tube-fitting-selection.generated.ts 第 1005 行 | data/products/selection/hard-tube-fitting-selection.generated.ts 第 1034 行 | data/products/selection/hard-tube-fitting-selection.generated.ts 第 1063 行 | data/products/selection/hard-tube-fitting-selection.generated.ts 第 1092 行 | data/products/selection/hard-tube-fitting-selection.generated.ts 第 1121 行 | data/products/selection/hard-tube-fitting-selection.generated.ts 第 1150 行 | data/products/selection/hard-tube-fitting-selection.generated.ts 第 1179 行 | data/products/selection/hard-tube-fitting-selection.generated.ts 第 1208 行 | data/products/selection/hard-tube-fitting-selection.generated.ts 第 1237 行 | data/products/selection/hard-tube-fitting-selection.generated.ts 第 1266 行 | data/products/selection/hard-tube-fitting-selection.generated.ts 第 1295 行 | data/products/selection/hard-tube-fitting-selection.generated.ts 第 1324 行 | data/products/selection/hard-tube-fitting-selection.generated.ts 第 1353 行 | data/products/selection/hard-tube-fitting-selection.generated.ts 第 1382 行 | data/products/selection/hard-tube-fitting-selection.generated.ts 第 1411 行 | data/products/selection/hard-tube-fitting-selection.generated.ts 第 1440 行 | data/products/selection/hard-tube-fitting-selection.generated.ts 第 1469 行 | data/products/selection/hard-tube-fitting-selection.generated.ts 第 1498 行 | data/products/selection/hard-tube-fitting-selection.generated.ts 第 1527 行 | data/products/selection/hard-tube-fitting-selection.generated.ts 第 1556 行 | data/products/selection/hard-tube-fitting-selection.generated.ts 第 1585 行 | data/products/selection/hard-tube-fitting-selection.generated.ts 第 1614 行 | data/products/selection/hard-tube-fitting-selection.generated.ts 第 1643 行 | data/products/selection/hard-tube-fitting-selection.generated.ts 第 1672 行 | data/products/selection/hard-tube-fitting-selection.generated.ts 第 1701 行 | data/products/selection/hard-tube-fitting-selection.generated.ts 第 1730 行 | data/products/selection/hard-tube-fitting-selection.generated.ts 第 1759 行 | data/products/selection/hard-tube-fitting-selection.generated.ts 第 1788 行 | data/products/selection/hard-tube-fitting-selection.generated.ts 第 1817 行 | data/products/selection/hard-tube-fitting-selection.generated.ts 第 1846 行 | data/products/selection/hard-tube-fitting-selection.generated.ts 第 1875 行 | data/products/selection/hard-tube-fitting-selection.generated.ts 第 1904 行 | data/products/selection/hard-tube-fitting-selection.generated.ts 第 1933 行 | data/products/selection/hard-tube-fitting-selection.generated.ts 第 1962 行 | data/products/selection/hard-tube-fitting-selection.generated.ts 第 1991 行 | data/products/selection/hard-tube-fitting-selection.generated.ts 第 2020 行 | data/products/selection/hard-tube-fitting-selection.generated.ts 第 2049 行 | data/products/selection/hard-tube-fitting-selection.generated.ts 第 2078 行 | data/products/selection/hard-tube-fitting-selection.generated.ts 第 2107 行 | data/products/selection/hard-tube-fitting-selection.generated.ts 第 2136 行 | data/products/selection/hard-tube-fitting-selection.generated.ts 第 2165 行 | data/products/selection/hard-tube-fitting-selection.generated.ts 第 2194 行 | data/products/selection/hard-tube-fitting-selection.generated.ts 第 2223 行 | data/products/selection/hard-tube-fitting-selection.generated.ts 第 2252 行 | data/products/selection/hard-tube-fitting-selection.generated.ts 第 2281 行 | data/products/selection/hard-tube-fitting-selection.generated.ts 第 2310 行 | data/products/selection/hard-tube-fitting-selection.generated.ts 第 2339 行 | data/products/selection/hard-tube-fitting-selection.generated.ts 第 2368 行 | data/products/selection/hard-tube-fitting-selection.generated.ts 第 2397 行 | data/products/selection/hard-tube-fitting-selection.generated.ts 第 2426 行 | data/products/selection/hard-tube-fitting-selection.generated.ts 第 2455 行 | data/products/selection/hard-tube-fitting-selection.generated.ts 第 2484 行 | data/products/selection/hard-tube-fitting-selection.generated.ts 第 2513 行 | data/products/selection/hard-tube-fitting-selection.generated.ts 第 2542 行 | data/products/selection/hard-tube-fitting-selection.generated.ts 第 2571 行 | data/products/selection/hard-tube-fitting-selection.generated.ts 第 2600 行 | data/products/selection/hard-tube-fitting-selection.generated.ts 第 2629 行 | data/products/selection/hard-tube-fitting-selection.generated.ts 第 2658 行 | data/products/selection/hard-tube-fitting-selection.generated.ts 第 2687 行 | data/products/selection/hard-tube-fitting-selection.generated.ts 第 2716 行 | data/products/selection/hard-tube-fitting-selection.generated.ts 第 2745 行 | data/products/selection/hard-tube-fitting-selection.generated.ts 第 2774 行 | data/products/selection/hard-tube-fitting-selection.generated.ts 第 2803 行 | data/products/selection/hard-tube-fitting-selection.generated.ts 第 2832 行 | data/products/selection/hard-tube-fitting-selection.generated.ts 第 2861 行 | data/products/selection/hard-tube-fitting-selection.generated.ts 第 2890 行 | data/products/selection/hard-tube-fitting-selection.generated.ts 第 2919 行 | data/products/selection/hard-tube-fitting-selection.generated.ts 第 2948 行 | data/products/selection/hard-tube-fitting-selection.generated.ts 第 2977 行 | data/products/selection/hard-tube-fitting-selection.generated.ts 第 3006 行 | data/products/selection/hard-tube-fitting-selection.generated.ts 第 3035 行 | data/products/selection/hard-tube-fitting-selection.generated.ts 第 3064 行 | data/products/selection/hard-tube-fitting-selection.generated.ts 第 3093 行 | data/products/selection/hard-tube-fitting-selection.generated.ts 第 3122 行 | data/products/selection/hard-tube-fitting-selection.generated.ts 第 3151 行 | data/products/selection/hard-tube-fitting-selection.generated.ts 第 3180 行 | data/products/selection/hard-tube-fitting-selection.generated.ts 第 3209 行 | data/products/selection/hard-tube-fitting-selection.generated.ts 第 3238 行 | data/products/selection/hard-tube-fitting-selection.generated.ts 第 3267 行 | data/products/selection/hard-tube-fitting-selection.generated.ts 第 3296 行 | data/products/selection/hard-tube-fitting-selection.generated.ts 第 3325 行 | data/products/selection/hard-tube-fitting-selection.generated.ts 第 3354 行 | data/products/selection/hard-tube-fitting-selection.generated.ts 第 3383 行 | data/products/selection/hard-tube-fitting-selection.generated.ts 第 3412 行 | data/products/selection/hard-tube-fitting-selection.generated.ts 第 3441 行 | data/products/selection/hard-tube-fitting-selection.generated.ts 第 3470 行 | data/products/selection/hard-tube-fitting-selection.generated.ts 第 3499 行 | data/products/selection/hard-tube-fitting-selection.generated.ts 第 3528 行 | data/products/selection/hard-tube-fitting-selection.generated.ts 第 3557 行 | data/products/selection/hard-tube-fitting-selection.generated.ts 第 3586 行 | data/products/selection/hard-tube-fitting-selection.generated.ts 第 3615 行 | data/products/selection/hard-tube-fitting-selection.generated.ts 第 3644 行 | data/products/selection/hard-tube-fitting-selection.generated.ts 第 3673 行 | data/products/selection/hard-tube-fitting-selection.generated.ts 第 3702 行 | data/products/selection/hard-tube-fitting-selection.generated.ts 第 3731 行 | data/products/selection/hard-tube-fitting-selection.generated.ts 第 3760 行 | data/products/selection/hard-tube-fitting-selection.generated.ts 第 3789 行 | data/products/selection/hard-tube-fitting-selection.generated.ts 第 3818 行 | data/products/selection/hard-tube-fitting-selection.generated.ts 第 3847 行 | data/products/selection/hard-tube-fitting-selection.generated.ts 第 3876 行 | data/products/selection/hard-tube-fitting-selection.generated.ts 第 3905 行 | data/products/selection/hard-tube-fitting-selection.generated.ts 第 3934 行 | data/products/selection/hard-tube-fitting-selection.generated.ts 第 3963 行 | data/products/selection/hard-tube-fitting-selection.generated.ts 第 3992 行 | data/products/selection/hard-tube-fitting-selection.generated.ts 第 4021 行 | data/products/selection/hard-tube-fitting-selection.generated.ts 第 4050 行 | data/products/selection/hard-tube-fitting-selection.generated.ts 第 4079 行 | data/products/selection/hard-tube-fitting-selection.generated.ts 第 4108 行 | data/products/selection/hard-tube-fitting-selection.generated.ts 第 4137 行 | data/products/selection/hard-tube-fitting-selection.generated.ts 第 4166 行 | data/products/selection/hard-tube-fitting-selection.generated.ts 第 4195 行 | data/products/selection/hard-tube-fitting-selection.generated.ts 第 4224 行 | data/products/selection/hard-tube-fitting-selection.generated.ts 第 4253 行"
"231","","","809130","LPS-16-PP-W","luer-fittings","","active","lps-16-pp-w","","imageCard","/images/products/fittings/luer-fittings/products/LPS-16-PP-W.jpg","F:\WebsiteProjects\foreach-website-2026\public\images\products\fittings\luer-fittings\products\LPS-16-PP-W.jpg","正常","无需处理","data/products/selection/luer-fitting-selection.generated.ts","data/products/selection/luer-fitting-selection.generated.ts 第 1964 行"
"232","","","809139","LPS-32-PP-B","luer-fittings","","active","lps-32-pp-b","","imageCard","/images/products/fittings/luer-fittings/products/LPS-32-PP-B.jpg","F:\WebsiteProjects\foreach-website-2026\public\images\products\fittings\luer-fittings\products\LPS-32-PP-B.jpg","正常","无需处理","data/products/selection/luer-fitting-selection.generated.ts","data/products/selection/luer-fitting-selection.generated.ts 第 1906 行"
"233","","","809140","LPS-32-PP-U","luer-fittings","","active","lps-32-pp-u","","imageCard","/images/products/fittings/luer-fittings/products/LPS-32-PP-U.jpg","F:\WebsiteProjects\foreach-website-2026\public\images\products\fittings\luer-fittings\products\LPS-32-PP-U.jpg","正常","无需处理","data/products/selection/luer-fitting-selection.generated.ts","data/products/selection/luer-fitting-selection.generated.ts 第 1935 行"
"234","","","809149","LPS-16-PP-B","luer-fittings","","active","lps-16-pp-b","","imageCard","/images/products/fittings/luer-fittings/products/LPS-16-PP-B.jpg","F:\WebsiteProjects\foreach-website-2026\public\images\products\fittings\luer-fittings\products\LPS-16-PP-B.jpg","正常","无需处理","data/products/selection/luer-fitting-selection.generated.ts","data/products/selection/luer-fitting-selection.generated.ts 第 1993 行"
"235","","","809150","LPS-16-PP-R","luer-fittings","","active","lps-16-pp-r","","imageCard","/images/products/fittings/luer-fittings/products/LPS-16-PP-R.jpg","F:\WebsiteProjects\foreach-website-2026\public\images\products\fittings\luer-fittings\products\LPS-16-PP-R.jpg","正常","无需处理","data/products/selection/luer-fitting-selection.generated.ts","data/products/selection/luer-fitting-selection.generated.ts 第 2022 行"
"236","","","809159","LPS-16-PP-G","luer-fittings","","active","lps-16-pp-g","","imageCard","/images/products/fittings/luer-fittings/products/LPS-16-PP-G.jpg","F:\WebsiteProjects\foreach-website-2026\public\images\products\fittings\luer-fittings\products\LPS-16-PP-G.jpg","正常","无需处理","data/products/selection/luer-fitting-selection.generated.ts","data/products/selection/luer-fitting-selection.generated.ts 第 2051 行"
"237","","","809160","LPS-16-PP-U","luer-fittings","","active","lps-16-pp-u","","imageCard","/images/products/fittings/luer-fittings/products/LPS-16-PP-U.jpg","F:\WebsiteProjects\foreach-website-2026\public\images\products\fittings\luer-fittings\products\LPS-16-PP-U.jpg","正常","无需处理","data/products/selection/luer-fitting-selection.generated.ts","data/products/selection/luer-fitting-selection.generated.ts 第 2080 行"
"238","","","809169","LPS-16-PP-O","luer-fittings","","active","lps-16-pp-o","","imageCard","/images/products/fittings/luer-fittings/products/LPS-16-PP-O.jpg","F:\WebsiteProjects\foreach-website-2026\public\images\products\fittings\luer-fittings\products\LPS-16-PP-O.jpg","正常","无需处理","data/products/selection/luer-fitting-selection.generated.ts","data/products/selection/luer-fitting-selection.generated.ts 第 2109 行"
"239","","","809170","LPS-16-PP-Y","luer-fittings","","active","lps-16-pp-y","","imageCard","/images/products/fittings/luer-fittings/products/LPS-16-PP-Y.jpg","F:\WebsiteProjects\foreach-website-2026\public\images\products\fittings\luer-fittings\products\LPS-16-PP-Y.jpg","正常","无需处理","data/products/selection/luer-fitting-selection.generated.ts","data/products/selection/luer-fitting-selection.generated.ts 第 2138 行"
"240","","","809188","LPS-24-PP-W","luer-fittings","","active","lps-24-pp-w","","imageCard","/images/products/fittings/luer-fittings/products/LPS-24-PP-W.jpg","F:\WebsiteProjects\foreach-website-2026\public\images\products\fittings\luer-fittings\products\LPS-24-PP-W.jpg","正常","无需处理","data/products/selection/luer-fitting-selection.generated.ts","data/products/selection/luer-fitting-selection.generated.ts 第 2167 行"
"241","","","809255","LP-16D-PA-W","luer-fittings","","active","lp-16d-pa-w","","imageCard","/images/products/fittings/luer-fittings/products/LP-16D-PA-W.jpg","F:\WebsiteProjects\foreach-website-2026\public\images\products\fittings\luer-fittings\products\LP-16D-PA-W.jpg","正常","无需处理","data/products/selection/luer-fitting-selection.generated.ts","data/products/selection/luer-fitting-selection.generated.ts 第 2892 行"
"242","","","809256","LP-16D-PA-B","luer-fittings","","active","lp-16d-pa-b","","imageCard","/images/products/fittings/luer-fittings/products/LP-16D-PA-B.jpg","F:\WebsiteProjects\foreach-website-2026\public\images\products\fittings\luer-fittings\products\LP-16D-PA-B.jpg","正常","无需处理","data/products/selection/luer-fitting-selection.generated.ts","data/products/selection/luer-fitting-selection.generated.ts 第 2921 行"
"243","","","809257","LP-16D-PA-R","luer-fittings","","active","lp-16d-pa-r","","imageCard","/images/products/fittings/luer-fittings/products/LP-16D-PA-R.jpg","F:\WebsiteProjects\foreach-website-2026\public\images\products\fittings\luer-fittings\products\LP-16D-PA-R.jpg","正常","无需处理","data/products/selection/luer-fitting-selection.generated.ts","data/products/selection/luer-fitting-selection.generated.ts 第 2950 行"
"244","","","809259","LP-16D-PA-G","luer-fittings","","active","lp-16d-pa-g","","imageCard","/images/products/fittings/luer-fittings/products/LP-16D-PA-G.jpg","F:\WebsiteProjects\foreach-website-2026\public\images\products\fittings\luer-fittings\products\LP-16D-PA-G.jpg","正常","无需处理","data/products/selection/luer-fitting-selection.generated.ts","data/products/selection/luer-fitting-selection.generated.ts 第 2979 行"
"245","","","809260","LPS-24-PP-B","luer-fittings","","active","lps-24-pp-b","","imageCard","/images/products/fittings/luer-fittings/products/LPS-24-PP-B.jpg","F:\WebsiteProjects\foreach-website-2026\public\images\products\fittings\luer-fittings\products\LPS-24-PP-B.jpg","正常","无需处理","data/products/selection/luer-fitting-selection.generated.ts","data/products/selection/luer-fitting-selection.generated.ts 第 2196 行"
"246","","","809261","LPS-24-PP-R","luer-fittings","","active","lps-24-pp-r","","imageCard","/images/products/fittings/luer-fittings/products/LPS-24-PP-R.jpg","F:\WebsiteProjects\foreach-website-2026\public\images\products\fittings\luer-fittings\products\LPS-24-PP-R.jpg","正常","无需处理","data/products/selection/luer-fitting-selection.generated.ts","data/products/selection/luer-fitting-selection.generated.ts 第 2225 行"
"247","","","809270","LPS-24-PP-G","luer-fittings","","active","lps-24-pp-g","","imageCard","/images/products/fittings/luer-fittings/products/LPS-24-PP-G.jpg","F:\WebsiteProjects\foreach-website-2026\public\images\products\fittings\luer-fittings\products\LPS-24-PP-G.jpg","正常","无需处理","data/products/selection/luer-fitting-selection.generated.ts","data/products/selection/luer-fitting-selection.generated.ts 第 2254 行"
"248","","","809271","LPS-24-PP-U","luer-fittings","","active","lps-24-pp-u","","imageCard","/images/products/fittings/luer-fittings/products/LPS-24-PP-U.jpg","F:\WebsiteProjects\foreach-website-2026\public\images\products\fittings\luer-fittings\products\LPS-24-PP-U.jpg","正常","无需处理","data/products/selection/luer-fitting-selection.generated.ts","data/products/selection/luer-fitting-selection.generated.ts 第 2283 行"
"249","","","809272","LPS-24-PP-O","luer-fittings","","active","lps-24-pp-o","","imageCard","/images/products/fittings/luer-fittings/products/LPS-24-PP-O.jpg","F:\WebsiteProjects\foreach-website-2026\public\images\products\fittings\luer-fittings\products\LPS-24-PP-O.jpg","正常","无需处理","data/products/selection/luer-fitting-selection.generated.ts","data/products/selection/luer-fitting-selection.generated.ts 第 2312 行"
"250","","","809273","LPS-24-PP-Y","luer-fittings","","active","lps-24-pp-y","","imageCard","/images/products/fittings/luer-fittings/products/LPS-24-PP-Y.jpg","F:\WebsiteProjects\foreach-website-2026\public\images\products\fittings\luer-fittings\products\LPS-24-PP-Y.jpg","正常","无需处理","data/products/selection/luer-fitting-selection.generated.ts","data/products/selection/luer-fitting-selection.generated.ts 第 2341 行"
"251","","","809274","LPS-32-PP-W","luer-fittings","","active","lps-32-pp-w","","imageCard","/images/products/fittings/luer-fittings/products/LPS-32-PP-W.jpg","F:\WebsiteProjects\foreach-website-2026\public\images\products\fittings\luer-fittings\products\LPS-32-PP-W.jpg","正常","无需处理","data/products/selection/luer-fitting-selection.generated.ts","data/products/selection/luer-fitting-selection.generated.ts 第 2370 行"
"252","","","809275","LPS-32-PP-R","luer-fittings","","active","lps-32-pp-r","","imageCard","/images/products/fittings/luer-fittings/products/LPS-32-PP-R.jpg","F:\WebsiteProjects\foreach-website-2026\public\images\products\fittings\luer-fittings\products\LPS-32-PP-R.jpg","正常","无需处理","data/products/selection/luer-fitting-selection.generated.ts","data/products/selection/luer-fitting-selection.generated.ts 第 2399 行"
"253","","","809280","LPS-32-PP-G","luer-fittings","","active","lps-32-pp-g","","imageCard","/images/products/fittings/luer-fittings/products/LPS-32-PP-G.jpg","F:\WebsiteProjects\foreach-website-2026\public\images\products\fittings\luer-fittings\products\LPS-32-PP-G.jpg","正常","无需处理","data/products/selection/luer-fitting-selection.generated.ts","data/products/selection/luer-fitting-selection.generated.ts 第 2428 行"
"254","","","809281","LPS-32-PP-O","luer-fittings","","active","lps-32-pp-o","","imageCard","/images/products/fittings/luer-fittings/products/LPS-32-PP-O.jpg","F:\WebsiteProjects\foreach-website-2026\public\images\products\fittings\luer-fittings\products\LPS-32-PP-O.jpg","正常","无需处理","data/products/selection/luer-fitting-selection.generated.ts","data/products/selection/luer-fitting-selection.generated.ts 第 2457 行"
"255","","","809282","LPS-32-PP-Y","luer-fittings","","active","lps-32-pp-y","","imageCard","/images/products/fittings/luer-fittings/products/LPS-32-PP-Y.jpg","F:\WebsiteProjects\foreach-website-2026\public\images\products\fittings\luer-fittings\products\LPS-32-PP-Y.jpg","正常","无需处理","data/products/selection/luer-fitting-selection.generated.ts","data/products/selection/luer-fitting-selection.generated.ts 第 2486 行"
"256","","","809290","LPR-24-PA-W","luer-fittings","","active","lpr-24-pa-w","","imageCard","/images/products/fittings/luer-fittings/products/LPR-24-PA-W.jpg","F:\WebsiteProjects\foreach-website-2026\public\images\products\fittings\luer-fittings\products\LPR-24-PA-W.jpg","正常","无需处理","data/products/selection/luer-fitting-selection.generated.ts","data/products/selection/luer-fitting-selection.generated.ts 第 1123 行"
"257","","","809291","LPR-24-PA-Y","luer-fittings","","active","lpr-24-pa-y","","imageCard","/images/products/fittings/luer-fittings/products/LPR-24-PA-Y.jpg","F:\WebsiteProjects\foreach-website-2026\public\images\products\fittings\luer-fittings\products\LPR-24-PA-Y.jpg","正常","无需处理","data/products/selection/luer-fitting-selection.generated.ts","data/products/selection/luer-fitting-selection.generated.ts 第 1152 行"
"258","","","809299","LPR-32-PA-B","luer-fittings","","active","lpr-32-pa-b","","imageCard","/images/products/fittings/luer-fittings/products/LPR-32-PA-B.jpg","F:\WebsiteProjects\foreach-website-2026\public\images\products\fittings\luer-fittings\products\LPR-32-PA-B.jpg","正常","无需处理","data/products/selection/luer-fitting-selection.generated.ts","data/products/selection/luer-fitting-selection.generated.ts 第 1181 行"
"259","","","809312","LP-16D-PP-N","luer-fittings","","active","lp-16d-pp-n","","imageCard","/images/products/fittings/luer-fittings/products/LP-16D-PP-N.jpg","F:\WebsiteProjects\foreach-website-2026\public\images\products\fittings\luer-fittings\products\LP-16D-PP-N.jpg","正常","无需处理","data/products/selection/luer-fitting-selection.generated.ts","data/products/selection/luer-fitting-selection.generated.ts 第 2863 行"
"260","","","809313","LP-24D-PP-N","luer-fittings","","active","lp-24d-pp-n","","imageCard","/images/products/fittings/luer-fittings/products/LP-24D-PP-N.jpg","F:\WebsiteProjects\foreach-website-2026\public\images\products\fittings\luer-fittings\products\LP-24D-PP-N.jpg","正常","无需处理","data/products/selection/luer-fitting-selection.generated.ts","data/products/selection/luer-fitting-selection.generated.ts 第 3095 行"
"261","","","809314","LP-32D-PP-N","luer-fittings","","active","lp-32d-pp-n","","imageCard","/images/products/fittings/luer-fittings/products/LP-32D-PP-N.jpg","F:\WebsiteProjects\foreach-website-2026\public\images\products\fittings\luer-fittings\products\LP-32D-PP-N.jpg","正常","无需处理","data/products/selection/luer-fitting-selection.generated.ts","data/products/selection/luer-fitting-selection.generated.ts 第 2515 行"
"262","","","809319","LP-16D-PA-U","luer-fittings","","active","lp-16d-pa-u","","imageCard","/images/products/fittings/luer-fittings/products/LP-16D-PA-U.jpg","F:\WebsiteProjects\foreach-website-2026\public\images\products\fittings\luer-fittings\products\LP-16D-PA-U.jpg","正常","无需处理","data/products/selection/luer-fitting-selection.generated.ts","data/products/selection/luer-fitting-selection.generated.ts 第 3008 行"
"263","","","809320","LPR-16-PA-W","luer-fittings","","active","lpr-16-pa-w","","imageCard","/images/products/fittings/luer-fittings/products/LPR-16-PA-W.jpg","F:\WebsiteProjects\foreach-website-2026\public\images\products\fittings\luer-fittings\products\LPR-16-PA-W.jpg","正常","无需处理","data/products/selection/luer-fitting-selection.generated.ts","data/products/selection/luer-fitting-selection.generated.ts 第 1210 行"
"264","","","809331","LPR-16-PA-B","luer-fittings","","active","lpr-16-pa-b","","imageCard","/images/products/fittings/luer-fittings/products/LPR-16-PA-B.jpg","F:\WebsiteProjects\foreach-website-2026\public\images\products\fittings\luer-fittings\products\LPR-16-PA-B.jpg","正常","无需处理","data/products/selection/luer-fitting-selection.generated.ts","data/products/selection/luer-fitting-selection.generated.ts 第 1239 行"
"265","","","809333","LPR-16-PA-R","luer-fittings","","active","lpr-16-pa-r","","imageCard","/images/products/fittings/luer-fittings/products/LPR-16-PA-R.jpg","F:\WebsiteProjects\foreach-website-2026\public\images\products\fittings\luer-fittings\products\LPR-16-PA-R.jpg","正常","无需处理","data/products/selection/luer-fitting-selection.generated.ts","data/products/selection/luer-fitting-selection.generated.ts 第 1268 行"
"266","","","809342","LPR-16-PA-G","luer-fittings","","active","lpr-16-pa-g","","imageCard","/images/products/fittings/luer-fittings/products/LPR-16-PA-G.jpg","F:\WebsiteProjects\foreach-website-2026\public\images\products\fittings\luer-fittings\products\LPR-16-PA-G.jpg","正常","无需处理","data/products/selection/luer-fitting-selection.generated.ts","data/products/selection/luer-fitting-selection.generated.ts 第 1297 行"
"267","","","809344","LP-16D-PA-O","luer-fittings","","active","lp-16d-pa-o","","imageCard","/images/products/fittings/luer-fittings/products/LP-16D-PA-O.jpg","F:\WebsiteProjects\foreach-website-2026\public\images\products\fittings\luer-fittings\products\LP-16D-PA-O.jpg","正常","无需处理","data/products/selection/luer-fitting-selection.generated.ts","data/products/selection/luer-fitting-selection.generated.ts 第 3037 行"
"268","","","809351","LPR-16-PA-U","luer-fittings","","active","lpr-16-pa-u","","imageCard","/images/products/fittings/luer-fittings/products/LPR-16-PA-U.jpg","F:\WebsiteProjects\foreach-website-2026\public\images\products\fittings\luer-fittings\products\LPR-16-PA-U.jpg","正常","无需处理","data/products/selection/luer-fitting-selection.generated.ts","data/products/selection/luer-fitting-selection.generated.ts 第 1326 行"
"269","","","809352","LPR-16-PA-O","luer-fittings","","active","lpr-16-pa-o","","imageCard","/images/products/fittings/luer-fittings/products/LPR-16-PA-O.jpg","F:\WebsiteProjects\foreach-website-2026\public\images\products\fittings\luer-fittings\products\LPR-16-PA-O.jpg","正常","无需处理","data/products/selection/luer-fitting-selection.generated.ts","data/products/selection/luer-fitting-selection.generated.ts 第 1355 行"
"270","","","809353","LPR-16-PA-Y","luer-fittings","","active","lpr-16-pa-y","","imageCard","/images/products/fittings/luer-fittings/products/LPR-16-PA-Y.jpg","F:\WebsiteProjects\foreach-website-2026\public\images\products\fittings\luer-fittings\products\LPR-16-PA-Y.jpg","正常","无需处理","data/products/selection/luer-fitting-selection.generated.ts","data/products/selection/luer-fitting-selection.generated.ts 第 1384 行"
"271","","","809354","LP-16D-PA-Y","luer-fittings","","active","lp-16d-pa-y","","imageCard","/images/products/fittings/luer-fittings/products/LP-16D-PA-Y.jpg","F:\WebsiteProjects\foreach-website-2026\public\images\products\fittings\luer-fittings\products\LP-16D-PA-Y.jpg","正常","无需处理","data/products/selection/luer-fitting-selection.generated.ts","data/products/selection/luer-fitting-selection.generated.ts 第 3066 行"
"272","","","809355","LPR-24-PA-B","luer-fittings","","active","lpr-24-pa-b","","imageCard","/images/products/fittings/luer-fittings/products/LPR-24-PA-B.jpg","F:\WebsiteProjects\foreach-website-2026\public\images\products\fittings\luer-fittings\products\LPR-24-PA-B.jpg","正常","无需处理","data/products/selection/luer-fitting-selection.generated.ts","data/products/selection/luer-fitting-selection.generated.ts 第 1413 行"
"273","","","809356","LPR-24-PA-R","luer-fittings","","active","lpr-24-pa-r","","imageCard","/images/products/fittings/luer-fittings/products/LPR-24-PA-R.jpg","F:\WebsiteProjects\foreach-website-2026\public\images\products\fittings\luer-fittings\products\LPR-24-PA-R.jpg","正常","无需处理","data/products/selection/luer-fitting-selection.generated.ts","data/products/selection/luer-fitting-selection.generated.ts 第 1442 行"
"274","","","809363","LPR-24-PA-G","luer-fittings","","active","lpr-24-pa-g","","imageCard","/images/products/fittings/luer-fittings/products/LPR-24-PA-G.jpg","F:\WebsiteProjects\foreach-website-2026\public\images\products\fittings\luer-fittings\products\LPR-24-PA-G.jpg","正常","无需处理","data/products/selection/luer-fitting-selection.generated.ts","data/products/selection/luer-fitting-selection.generated.ts 第 1471 行"
"275","","","809364","LPR-24-PA-U","luer-fittings","","active","lpr-24-pa-u","","imageCard","/images/products/fittings/luer-fittings/products/LPR-24-PA-U.jpg","F:\WebsiteProjects\foreach-website-2026\public\images\products\fittings\luer-fittings\products\LPR-24-PA-U.jpg","正常","无需处理","data/products/selection/luer-fitting-selection.generated.ts","data/products/selection/luer-fitting-selection.generated.ts 第 1500 行"
"276","","","809365","LPR-24-PA-O","luer-fittings","","active","lpr-24-pa-o","","imageCard","/images/products/fittings/luer-fittings/products/LPR-24-PA-O.jpg","F:\WebsiteProjects\foreach-website-2026\public\images\products\fittings\luer-fittings\products\LPR-24-PA-O.jpg","正常","无需处理","data/products/selection/luer-fitting-selection.generated.ts","data/products/selection/luer-fitting-selection.generated.ts 第 1529 行"
"277","","","809366","LP-24D-PA-W","luer-fittings","","active","lp-24d-pa-w","","imageCard","/images/products/fittings/luer-fittings/products/LP-24D-PA-W.jpg","F:\WebsiteProjects\foreach-website-2026\public\images\products\fittings\luer-fittings\products\LP-24D-PA-W.jpg","正常","无需处理","data/products/selection/luer-fitting-selection.generated.ts","data/products/selection/luer-fitting-selection.generated.ts 第 3124 行"
"278","","","809367","LPR-32-PA-W","luer-fittings","","active","lpr-32-pa-w","","imageCard","/images/products/fittings/luer-fittings/products/LPR-32-PA-W.jpg","F:\WebsiteProjects\foreach-website-2026\public\images\products\fittings\luer-fittings\products\LPR-32-PA-W.jpg","正常","无需处理","data/products/selection/luer-fitting-selection.generated.ts","data/products/selection/luer-fitting-selection.generated.ts 第 1761 行"
"279","","","809368","LPR-32-PA-R","luer-fittings","","active","lpr-32-pa-r","","imageCard","/images/products/fittings/luer-fittings/products/LPR-32-PA-R.jpg","F:\WebsiteProjects\foreach-website-2026\public\images\products\fittings\luer-fittings\products\LPR-32-PA-R.jpg","正常","无需处理","data/products/selection/luer-fitting-selection.generated.ts","data/products/selection/luer-fitting-selection.generated.ts 第 1558 行"
"280","","","809372","LPR-32-PA-G","luer-fittings","","active","lpr-32-pa-g","","imageCard","/images/products/fittings/luer-fittings/products/LPR-32-PA-G.jpg","F:\WebsiteProjects\foreach-website-2026\public\images\products\fittings\luer-fittings\products\LPR-32-PA-G.jpg","正常","无需处理","data/products/selection/luer-fitting-selection.generated.ts","data/products/selection/luer-fitting-selection.generated.ts 第 1587 行"
"281","","","809373","LPR-32-PA-U","luer-fittings","","active","lpr-32-pa-u","","imageCard","/images/products/fittings/luer-fittings/products/LPR-32-PA-U.jpg","F:\WebsiteProjects\foreach-website-2026\public\images\products\fittings\luer-fittings\products\LPR-32-PA-U.jpg","正常","无需处理","data/products/selection/luer-fitting-selection.generated.ts","data/products/selection/luer-fitting-selection.generated.ts 第 1616 行"
"282","","","809402","LPR-32-PA-O","luer-fittings","","active","lpr-32-pa-o","","imageCard","/images/products/fittings/luer-fittings/products/LPR-32-PA-O.jpg","F:\WebsiteProjects\foreach-website-2026\public\images\products\fittings\luer-fittings\products\LPR-32-PA-O.jpg","正常","无需处理","data/products/selection/luer-fitting-selection.generated.ts","data/products/selection/luer-fitting-selection.generated.ts 第 1645 行"
"283","","","809403","LPR-32-PA-Y","luer-fittings","","active","lpr-32-pa-y","","imageCard","/images/products/fittings/luer-fittings/products/LPR-32-PA-Y.jpg","F:\WebsiteProjects\foreach-website-2026\public\images\products\fittings\luer-fittings\products\LPR-32-PA-Y.jpg","正常","无需处理","data/products/selection/luer-fitting-selection.generated.ts","data/products/selection/luer-fitting-selection.generated.ts 第 1674 行"
"284","","","809485","LP-24D-PA-R","luer-fittings","","active","lp-24d-pa-r","","imageCard","/images/products/fittings/luer-fittings/products/LP-24D-PA-R.jpg","F:\WebsiteProjects\foreach-website-2026\public\images\products\fittings\luer-fittings\products\LP-24D-PA-R.jpg","正常","无需处理","data/products/selection/luer-fitting-selection.generated.ts","data/products/selection/luer-fitting-selection.generated.ts 第 3182 行"
"285","","","809486","LP-24D-PA-G","luer-fittings","","active","lp-24d-pa-g","","imageCard","/images/products/fittings/luer-fittings/products/LP-24D-PA-G.jpg","F:\WebsiteProjects\foreach-website-2026\public\images\products\fittings\luer-fittings\products\LP-24D-PA-G.jpg","正常","无需处理","data/products/selection/luer-fitting-selection.generated.ts","data/products/selection/luer-fitting-selection.generated.ts 第 3211 行"
"286","","","809487","LP-24D-PA-U","luer-fittings","","active","lp-24d-pa-u","","imageCard","/images/products/fittings/luer-fittings/products/LP-24D-PA-U.jpg","F:\WebsiteProjects\foreach-website-2026\public\images\products\fittings\luer-fittings\products\LP-24D-PA-U.jpg","正常","无需处理","data/products/selection/luer-fitting-selection.generated.ts","data/products/selection/luer-fitting-selection.generated.ts 第 3240 行"
"287","","","809488","LP-24D-PA-O","luer-fittings","","active","lp-24d-pa-o","","imageCard","/images/products/fittings/luer-fittings/products/LP-24D-PA-O.jpg","F:\WebsiteProjects\foreach-website-2026\public\images\products\fittings\luer-fittings\products\LP-24D-PA-O.jpg","正常","无需处理","data/products/selection/luer-fitting-selection.generated.ts","data/products/selection/luer-fitting-selection.generated.ts 第 3269 行"
"288","","","809489","LP-24D-PA-Y","luer-fittings","","active","lp-24d-pa-y","","imageCard","/images/products/fittings/luer-fittings/products/LP-24D-PA-Y.jpg","F:\WebsiteProjects\foreach-website-2026\public\images\products\fittings\luer-fittings\products\LP-24D-PA-Y.jpg","正常","无需处理","data/products/selection/luer-fitting-selection.generated.ts","data/products/selection/luer-fitting-selection.generated.ts 第 3298 行"
"289","","","809558","LSL-16-PP-N","luer-fittings","","active","lsl-16-pp-n","","imageCard","/images/products/fittings/luer-fittings/products/LSL-16-PP-N.jpg","F:\WebsiteProjects\foreach-website-2026\public\images\products\fittings\luer-fittings\products\LSL-16-PP-N.jpg","正常","无需处理","data/products/selection/luer-fitting-selection.generated.ts","data/products/selection/luer-fitting-selection.generated.ts 第 21 行"
"290","","","809559","LRL-16-PP-N","luer-fittings","","active","lrl-16-pp-n","","imageCard","/images/products/fittings/luer-fittings/products/LRL-16-PP-N.jpg","F:\WebsiteProjects\foreach-website-2026\public\images\products\fittings\luer-fittings\products\LRL-16-PP-N.jpg","正常","无需处理","data/products/selection/luer-fitting-selection.generated.ts","data/products/selection/luer-fitting-selection.generated.ts 第 195 行"
"291","","","809560","LSL-24-PP-N","luer-fittings","","active","lsl-24-pp-n","","imageCard","/images/products/fittings/luer-fittings/products/LSL-24-PP-N.jpg","F:\WebsiteProjects\foreach-website-2026\public\images\products\fittings\luer-fittings\products\LSL-24-PP-N.jpg","正常","无需处理","data/products/selection/luer-fitting-selection.generated.ts","data/products/selection/luer-fitting-selection.generated.ts 第 79 行"
"292","","","809561","LRL-24-PP-N","luer-fittings","","active","lrl-24-pp-n","","imageCard","/images/products/fittings/luer-fittings/products/LRL-24-PP-N.jpg","F:\WebsiteProjects\foreach-website-2026\public\images\products\fittings\luer-fittings\products\LRL-24-PP-N.jpg","正常","无需处理","data/products/selection/luer-fitting-selection.generated.ts","data/products/selection/luer-fitting-selection.generated.ts 第 282 行"
"293","","","809562","LSL-32-PP-N","luer-fittings","","active","lsl-32-pp-n","","imageCard","/images/products/fittings/luer-fittings/products/LSL-32-PP-N.jpg","F:\WebsiteProjects\foreach-website-2026\public\images\products\fittings\luer-fittings\products\LSL-32-PP-N.jpg","正常","无需处理","data/products/selection/luer-fitting-selection.generated.ts","data/products/selection/luer-fitting-selection.generated.ts 第 137 行"
"294","","","809563","LRL-32-PP-N","luer-fittings","","active","lrl-32-pp-n","","imageCard","/images/products/fittings/luer-fittings/products/LRL-32-PP-N.jpg","F:\WebsiteProjects\foreach-website-2026\public\images\products\fittings\luer-fittings\products\LRL-32-PP-N.jpg","正常","无需处理","data/products/selection/luer-fitting-selection.generated.ts","data/products/selection/luer-fitting-selection.generated.ts 第 369 行"
"295","","","809570","LS-16D-PP-N","luer-fittings","","active","ls-16d-pp-n","","imageCard","/images/products/fittings/luer-fittings/products/LS-16D-PP-N.jpg","F:\WebsiteProjects\foreach-website-2026\public\images\products\fittings\luer-fittings\products\LS-16D-PP-N.jpg","正常","无需处理","data/products/selection/luer-fitting-selection.generated.ts","data/products/selection/luer-fitting-selection.generated.ts 第 3327 行"
"296","","","809571","LS-24D-PP-N","luer-fittings","","active","ls-24d-pp-n","","imageCard","/images/products/fittings/luer-fittings/products/LS-24D-PP-N.jpg","F:\WebsiteProjects\foreach-website-2026\public\images\products\fittings\luer-fittings\products\LS-24D-PP-N.jpg","正常","无需处理","data/products/selection/luer-fitting-selection.generated.ts","data/products/selection/luer-fitting-selection.generated.ts 第 3385 行"
"297","","","809572","LS-32D-PP-N","luer-fittings","","active","ls-32d-pp-n","","imageCard","/images/products/fittings/luer-fittings/products/LS-32D-PP-N.jpg","F:\WebsiteProjects\foreach-website-2026\public\images\products\fittings\luer-fittings\products\LS-32D-PP-N.jpg","正常","无需处理","data/products/selection/luer-fitting-selection.generated.ts","data/products/selection/luer-fitting-selection.generated.ts 第 3443 行"
"298","","","809576","PMLS-U28-16D-PP-N","luer-fittings","","active","pmls-u28-16d-pp-n","","imageCard","/images/products/fittings/luer-fittings/products/PMLS-U28-16D-PP-N.jpg","F:\WebsiteProjects\foreach-website-2026\public\images\products\fittings\luer-fittings\products\PMLS-U28-16D-PP-N.jpg","正常","无需处理","data/products/selection/luer-fitting-selection.generated.ts","data/products/selection/luer-fitting-selection.generated.ts 第 3501 行"
"299","","","809577","PMLS-U28-24D-PP-N","luer-fittings","","active","pmls-u28-24d-pp-n","","imageCard","/images/products/fittings/luer-fittings/products/PMLS-U28-24D-PP-N.jpg","F:\WebsiteProjects\foreach-website-2026\public\images\products\fittings\luer-fittings\products\PMLS-U28-24D-PP-N.jpg","正常","无需处理","data/products/selection/luer-fitting-selection.generated.ts","data/products/selection/luer-fitting-selection.generated.ts 第 3561 行"
"300","","","809578","PMLS-U28-32D-PP-N","luer-fittings","","active","pmls-u28-32d-pp-n","","imageCard","/images/products/fittings/luer-fittings/products/PMLS-U28-32D-PP-N.jpg","F:\WebsiteProjects\foreach-website-2026\public\images\products\fittings\luer-fittings\products\PMLS-U28-32D-PP-N.jpg","正常","无需处理","data/products/selection/luer-fitting-selection.generated.ts","data/products/selection/luer-fitting-selection.generated.ts 第 3621 行"
"301","","","809579","LCR-PP-N","luer-fittings","","active","lcr-pp-n","","imageCard","/images/products/fittings/luer-fittings/products/LCR-PP-N.jpg","F:\WebsiteProjects\foreach-website-2026\public\images\products\fittings\luer-fittings\products\LCR-PP-N.jpg","正常","无需处理","data/products/selection/luer-fitting-selection.generated.ts","data/products/selection/luer-fitting-selection.generated.ts 第 3711 行"
"302","","","809580","LCR-PA-W","luer-fittings","","active","lcr-pa-w","","imageCard","/images/products/fittings/luer-fittings/products/LCR-PA-W.jpg","F:\WebsiteProjects\foreach-website-2026\public\images\products\fittings\luer-fittings\products\LCR-PA-W.jpg","正常","无需处理","data/products/selection/luer-fitting-selection.generated.ts","data/products/selection/luer-fitting-selection.generated.ts 第 3739 行"
"303","","","809581","LCR-PA-B","luer-fittings","","active","lcr-pa-b","","imageCard","/images/products/fittings/luer-fittings/products/LCR-PA-B.jpg","F:\WebsiteProjects\foreach-website-2026\public\images\products\fittings\luer-fittings\products\LCR-PA-B.jpg","正常","无需处理","data/products/selection/luer-fitting-selection.generated.ts","data/products/selection/luer-fitting-selection.generated.ts 第 3767 行"
"304","","","809582","LCR-PA-R","luer-fittings","","active","lcr-pa-r","","imageCard","/images/products/fittings/luer-fittings/products/LCR-PA-R.jpg","F:\WebsiteProjects\foreach-website-2026\public\images\products\fittings\luer-fittings\products\LCR-PA-R.jpg","正常","无需处理","data/products/selection/luer-fitting-selection.generated.ts","data/products/selection/luer-fitting-selection.generated.ts 第 3795 行"
"305","","","809583","LCR-PA-G","luer-fittings","","active","lcr-pa-g","","imageCard","/images/products/fittings/luer-fittings/products/LCR-PA-G.jpg","F:\WebsiteProjects\foreach-website-2026\public\images\products\fittings\luer-fittings\products\LCR-PA-G.jpg","正常","无需处理","data/products/selection/luer-fitting-selection.generated.ts","data/products/selection/luer-fitting-selection.generated.ts 第 3823 行"
"306","","","809584","LCR-PA-U","luer-fittings","","active","lcr-pa-u","","imageCard","/images/products/fittings/luer-fittings/products/LCR-PA-U.jpg","F:\WebsiteProjects\foreach-website-2026\public\images\products\fittings\luer-fittings\products\LCR-PA-U.jpg","正常","无需处理","data/products/selection/luer-fitting-selection.generated.ts","data/products/selection/luer-fitting-selection.generated.ts 第 3851 行"
"307","","","809585","LCR-PA-O","luer-fittings","","active","lcr-pa-o","","imageCard","/images/products/fittings/luer-fittings/products/LCR-PA-O.jpg","F:\WebsiteProjects\foreach-website-2026\public\images\products\fittings\luer-fittings\products\LCR-PA-O.jpg","正常","无需处理","data/products/selection/luer-fitting-selection.generated.ts","data/products/selection/luer-fitting-selection.generated.ts 第 3879 行"
"308","","","809586","LCR-PA-Y","luer-fittings","","active","lcr-pa-y","","imageCard","/images/products/fittings/luer-fittings/products/LCR-PA-Y.jpg","F:\WebsiteProjects\foreach-website-2026\public\images\products\fittings\luer-fittings\products\LCR-PA-Y.jpg","正常","无需处理","data/products/selection/luer-fitting-selection.generated.ts","data/products/selection/luer-fitting-selection.generated.ts 第 3907 行"
"309","","","809587","LPT-PP-N","luer-fittings","","active","lpt-pp-n","","imageCard","/images/products/fittings/luer-fittings/products/LPT-PP-N.jpg","F:\WebsiteProjects\foreach-website-2026\public\images\products\fittings\luer-fittings\products\LPT-PP-N.jpg","正常","无需处理","data/products/selection/luer-fitting-selection.generated.ts","data/products/selection/luer-fitting-selection.generated.ts 第 3935 行"
"310","","","809588","LPT-PA-W","luer-fittings","","active","lpt-pa-w","","imageCard","/images/products/fittings/luer-fittings/products/LPT-PA-W.jpg","F:\WebsiteProjects\foreach-website-2026\public\images\products\fittings\luer-fittings\products\LPT-PA-W.jpg","正常","无需处理","data/products/selection/luer-fitting-selection.generated.ts","data/products/selection/luer-fitting-selection.generated.ts 第 3963 行"
"311","","","809589","LPT-PA-B","luer-fittings","","active","lpt-pa-b","","imageCard","/images/products/fittings/luer-fittings/products/LPT-PA-B.jpg","F:\WebsiteProjects\foreach-website-2026\public\images\products\fittings\luer-fittings\products\LPT-PA-B.jpg","正常","无需处理","data/products/selection/luer-fitting-selection.generated.ts","data/products/selection/luer-fitting-selection.generated.ts 第 3991 行"
"312","","","809590","LPT-PA-R","luer-fittings","","active","lpt-pa-r","","imageCard","/images/products/fittings/luer-fittings/products/LPT-PA-R.jpg","F:\WebsiteProjects\foreach-website-2026\public\images\products\fittings\luer-fittings\products\LPT-PA-R.jpg","正常","无需处理","data/products/selection/luer-fitting-selection.generated.ts","data/products/selection/luer-fitting-selection.generated.ts 第 4019 行"
"313","","","809591","LPT-PA-G","luer-fittings","","active","lpt-pa-g","","imageCard","/images/products/fittings/luer-fittings/products/LPT-PA-G.jpg","F:\WebsiteProjects\foreach-website-2026\public\images\products\fittings\luer-fittings\products\LPT-PA-G.jpg","正常","无需处理","data/products/selection/luer-fitting-selection.generated.ts","data/products/selection/luer-fitting-selection.generated.ts 第 4047 行"
"314","","","809592","LPT-PA-U","luer-fittings","","active","lpt-pa-u","","imageCard","/images/products/fittings/luer-fittings/products/LPT-PA-U.jpg","F:\WebsiteProjects\foreach-website-2026\public\images\products\fittings\luer-fittings\products\LPT-PA-U.jpg","正常","无需处理","data/products/selection/luer-fitting-selection.generated.ts","data/products/selection/luer-fitting-selection.generated.ts 第 4075 行"
"315","","","809593","LPT-PA-O","luer-fittings","","active","lpt-pa-o","","imageCard","/images/products/fittings/luer-fittings/products/LPT-PA-O.jpg","F:\WebsiteProjects\foreach-website-2026\public\images\products\fittings\luer-fittings\products\LPT-PA-O.jpg","正常","无需处理","data/products/selection/luer-fitting-selection.generated.ts","data/products/selection/luer-fitting-selection.generated.ts 第 4103 行"
"316","","","809594","LPT-PA-Y","luer-fittings","","active","lpt-pa-y","","imageCard","/images/products/fittings/luer-fittings/products/LPT-PA-Y.jpg","F:\WebsiteProjects\foreach-website-2026\public\images\products\fittings\luer-fittings\products\LPT-PA-Y.jpg","正常","无需处理","data/products/selection/luer-fitting-selection.generated.ts","data/products/selection/luer-fitting-selection.generated.ts 第 4131 行"
"317","","","809596","LNS-U28-PP-N","luer-fittings","","active","lns-u28-pp-n","","imageCard","/images/products/fittings/luer-fittings/products/LNS-U28-PP-N.jpg","F:\WebsiteProjects\foreach-website-2026\public\images\products\fittings\luer-fittings\products\LNS-U28-PP-N.jpg","正常","无需处理","data/products/selection/luer-fitting-selection.generated.ts","data/products/selection/luer-fitting-selection.generated.ts 第 4159 行"
"318","","","809597","LNS-U28-PA-W","luer-fittings","","active","lns-u28-pa-w","","imageCard","/images/products/fittings/luer-fittings/products/LNS-U28-PA-W.jpg","F:\WebsiteProjects\foreach-website-2026\public\images\products\fittings\luer-fittings\products\LNS-U28-PA-W.jpg","正常","无需处理","data/products/selection/luer-fitting-selection.generated.ts","data/products/selection/luer-fitting-selection.generated.ts 第 4188 行"
"319","","","809598","LNS-U28-PA-B","luer-fittings","","active","lns-u28-pa-b","","imageCard","/images/products/fittings/luer-fittings/products/LNS-U28-PA-B.jpg","F:\WebsiteProjects\foreach-website-2026\public\images\products\fittings\luer-fittings\products\LNS-U28-PA-B.jpg","正常","无需处理","data/products/selection/luer-fitting-selection.generated.ts","data/products/selection/luer-fitting-selection.generated.ts 第 4217 行"
"320","","","809599","LNS-U28-PA-R","luer-fittings","","active","lns-u28-pa-r","","imageCard","/images/products/fittings/luer-fittings/products/LNS-U28-PA-R.jpg","F:\WebsiteProjects\foreach-website-2026\public\images\products\fittings\luer-fittings\products\LNS-U28-PA-R.jpg","正常","无需处理","data/products/selection/luer-fitting-selection.generated.ts","data/products/selection/luer-fitting-selection.generated.ts 第 4246 行"
"321","","","809600","LNS-U28-PA-G","luer-fittings","","active","lns-u28-pa-g","","imageCard","/images/products/fittings/luer-fittings/products/LNS-U28-PA-G.jpg","F:\WebsiteProjects\foreach-website-2026\public\images\products\fittings\luer-fittings\products\LNS-U28-PA-G.jpg","正常","无需处理","data/products/selection/luer-fitting-selection.generated.ts","data/products/selection/luer-fitting-selection.generated.ts 第 4275 行"
"322","","","809601","LNS-U28-PA-U","luer-fittings","","active","lns-u28-pa-u","","imageCard","/images/products/fittings/luer-fittings/products/LNS-U28-PA-U.jpg","F:\WebsiteProjects\foreach-website-2026\public\images\products\fittings\luer-fittings\products\LNS-U28-PA-U.jpg","正常","无需处理","data/products/selection/luer-fitting-selection.generated.ts","data/products/selection/luer-fitting-selection.generated.ts 第 4304 行"
"323","","","809602","LNS-U28-PA-O","luer-fittings","","active","lns-u28-pa-o","","imageCard","/images/products/fittings/luer-fittings/products/LNS-U28-PA-O.jpg","F:\WebsiteProjects\foreach-website-2026\public\images\products\fittings\luer-fittings\products\LNS-U28-PA-O.jpg","正常","无需处理","data/products/selection/luer-fitting-selection.generated.ts","data/products/selection/luer-fitting-selection.generated.ts 第 4333 行"
"324","","","809603","LNS-U28-PA-Y","luer-fittings","","active","lns-u28-pa-y","","imageCard","/images/products/fittings/luer-fittings/products/LNS-U28-PA-Y.jpg","F:\WebsiteProjects\foreach-website-2026\public\images\products\fittings\luer-fittings\products\LNS-U28-PA-Y.jpg","正常","无需处理","data/products/selection/luer-fitting-selection.generated.ts","data/products/selection/luer-fitting-selection.generated.ts 第 4362 行"
"325","","","809665","PMLS-U28-32D-PV-N","luer-fittings","","active","pmls-u28-32d-pv-n","","imageCard","/images/products/fittings/luer-fittings/products/PMLS-U28-32D-PV-N.jpg","F:\WebsiteProjects\foreach-website-2026\public\images\products\fittings\luer-fittings\products\PMLS-U28-32D-PV-N.jpg","正常","无需处理","data/products/selection/luer-fitting-selection.generated.ts","data/products/selection/luer-fitting-selection.generated.ts 第 3651 行"
"326","","","809666","LP-24D-PA-B","luer-fittings","","active","lp-24d-pa-b","","imageCard","/images/products/fittings/luer-fittings/products/LP-24D-PA-B.jpg","F:\WebsiteProjects\foreach-website-2026\public\images\products\fittings\luer-fittings\products\LP-24D-PA-B.jpg","正常","无需处理","data/products/selection/luer-fitting-selection.generated.ts","data/products/selection/luer-fitting-selection.generated.ts 第 3153 行"
"327","","","809667","LP-32D-PP-R","luer-fittings","","active","lp-32d-pp-r","","imageCard","/images/products/fittings/luer-fittings/products/LP-32D-PP-R.jpg","F:\WebsiteProjects\foreach-website-2026\public\images\products\fittings\luer-fittings\products\LP-32D-PP-R.jpg","正常","无需处理","data/products/selection/luer-fitting-selection.generated.ts","data/products/selection/luer-fitting-selection.generated.ts 第 2747 行"
"328","","","809668","LP-32D-PP-G","luer-fittings","","active","lp-32d-pp-g","","imageCard","/images/products/fittings/luer-fittings/products/LP-32D-PP-G.jpg","F:\WebsiteProjects\foreach-website-2026\public\images\products\fittings\luer-fittings\products\LP-32D-PP-G.jpg","正常","无需处理","data/products/selection/luer-fitting-selection.generated.ts","data/products/selection/luer-fitting-selection.generated.ts 第 2776 行"
"329","","","809669","LPS-16-PP-N","luer-fittings","","active","lps-16-pp-n","","imageCard","/images/products/fittings/luer-fittings/products/LPS-16-PP-N.jpg","F:\WebsiteProjects\foreach-website-2026\public\images\products\fittings\luer-fittings\products\LPS-16-PP-N.jpg","正常","无需处理","data/products/selection/luer-fitting-selection.generated.ts","data/products/selection/luer-fitting-selection.generated.ts 第 1819 行"
"330","","","809670","LPS-24-PP-N","luer-fittings","","active","lps-24-pp-n","","imageCard","/images/products/fittings/luer-fittings/products/LPS-24-PP-N.jpg","F:\WebsiteProjects\foreach-website-2026\public\images\products\fittings\luer-fittings\products\LPS-24-PP-N.jpg","正常","无需处理","data/products/selection/luer-fitting-selection.generated.ts","data/products/selection/luer-fitting-selection.generated.ts 第 1848 行"
"331","","","809671","LPS-32-PP-N","luer-fittings","","active","lps-32-pp-n","","imageCard","/images/products/fittings/luer-fittings/products/LPS-32-PP-N.jpg","F:\WebsiteProjects\foreach-website-2026\public\images\products\fittings\luer-fittings\products\LPS-32-PP-N.jpg","正常","无需处理","data/products/selection/luer-fitting-selection.generated.ts","data/products/selection/luer-fitting-selection.generated.ts 第 1877 行"
"332","","","809672","LPR-16-PP-N","luer-fittings","","active","lpr-16-pp-n","","imageCard","/images/products/fittings/luer-fittings/products/LPR-16-PP-N.jpg","F:\WebsiteProjects\foreach-website-2026\public\images\products\fittings\luer-fittings\products\LPR-16-PP-N.jpg","正常","无需处理","data/products/selection/luer-fitting-selection.generated.ts","data/products/selection/luer-fitting-selection.generated.ts 第 456 行"
"333","","","809673","LPR-16-PP-W","luer-fittings","","active","lpr-16-pp-w","","imageCard","/images/products/fittings/luer-fittings/products/LPR-16-PP-W.jpg","F:\WebsiteProjects\foreach-website-2026\public\images\products\fittings\luer-fittings\products\LPR-16-PP-W.jpg","正常","无需处理","data/products/selection/luer-fitting-selection.generated.ts","data/products/selection/luer-fitting-selection.generated.ts 第 485 行"
"334","","","809674","LPR-16-PP-B","luer-fittings","","active","lpr-16-pp-b","","imageCard","/images/products/fittings/luer-fittings/products/LPR-16-PP-B.jpg","F:\WebsiteProjects\foreach-website-2026\public\images\products\fittings\luer-fittings\products\LPR-16-PP-B.jpg","正常","无需处理","data/products/selection/luer-fitting-selection.generated.ts","data/products/selection/luer-fitting-selection.generated.ts 第 514 行"
"335","","","809675","LPR-16-PP-R","luer-fittings","","active","lpr-16-pp-r","","imageCard","/images/products/fittings/luer-fittings/products/LPR-16-PP-R.jpg","F:\WebsiteProjects\foreach-website-2026\public\images\products\fittings\luer-fittings\products\LPR-16-PP-R.jpg","正常","无需处理","data/products/selection/luer-fitting-selection.generated.ts","data/products/selection/luer-fitting-selection.generated.ts 第 543 行"
"336","","","809676","LPR-16-PP-G","luer-fittings","","active","lpr-16-pp-g","","imageCard","/images/products/fittings/luer-fittings/products/LPR-16-PP-G.jpg","F:\WebsiteProjects\foreach-website-2026\public\images\products\fittings\luer-fittings\products\LPR-16-PP-G.jpg","正常","无需处理","data/products/selection/luer-fitting-selection.generated.ts","data/products/selection/luer-fitting-selection.generated.ts 第 572 行"
"337","","","809677","LPR-16-PP-U","luer-fittings","","active","lpr-16-pp-u","","imageCard","/images/products/fittings/luer-fittings/products/LPR-16-PP-U.jpg","F:\WebsiteProjects\foreach-website-2026\public\images\products\fittings\luer-fittings\products\LPR-16-PP-U.jpg","正常","无需处理","data/products/selection/luer-fitting-selection.generated.ts","data/products/selection/luer-fitting-selection.generated.ts 第 601 行"
"338","","","809678","LPR-16-PP-O","luer-fittings","","active","lpr-16-pp-o","","imageCard","/images/products/fittings/luer-fittings/products/LPR-16-PP-O.jpg","F:\WebsiteProjects\foreach-website-2026\public\images\products\fittings\luer-fittings\products\LPR-16-PP-O.jpg","正常","无需处理","data/products/selection/luer-fitting-selection.generated.ts","data/products/selection/luer-fitting-selection.generated.ts 第 630 行"
"339","","","809679","LPR-16-PP-Y","luer-fittings","","active","lpr-16-pp-y","","imageCard","/images/products/fittings/luer-fittings/products/LPR-16-PP-Y.jpg","F:\WebsiteProjects\foreach-website-2026\public\images\products\fittings\luer-fittings\products\LPR-16-PP-Y.jpg","正常","无需处理","data/products/selection/luer-fitting-selection.generated.ts","data/products/selection/luer-fitting-selection.generated.ts 第 659 行"
"340","","","809680","LPR-24-PP-N","luer-fittings","","active","lpr-24-pp-n","","imageCard","/images/products/fittings/luer-fittings/products/LPR-24-PP-N.jpg","F:\WebsiteProjects\foreach-website-2026\public\images\products\fittings\luer-fittings\products\LPR-24-PP-N.jpg","正常","无需处理","data/products/selection/luer-fitting-selection.generated.ts","data/products/selection/luer-fitting-selection.generated.ts 第 688 行"
"341","","","809681","LPR-24-PP-W","luer-fittings","","active","lpr-24-pp-w","","imageCard","/images/products/fittings/luer-fittings/products/LPR-24-PP-W.jpg","F:\WebsiteProjects\foreach-website-2026\public\images\products\fittings\luer-fittings\products\LPR-24-PP-W.jpg","正常","无需处理","data/products/selection/luer-fitting-selection.generated.ts","data/products/selection/luer-fitting-selection.generated.ts 第 717 行"
"342","","","809682","LPR-24-PP-B","luer-fittings","","active","lpr-24-pp-b","","imageCard","/images/products/fittings/luer-fittings/products/LPR-24-PP-B.jpg","F:\WebsiteProjects\foreach-website-2026\public\images\products\fittings\luer-fittings\products\LPR-24-PP-B.jpg","正常","无需处理","data/products/selection/luer-fitting-selection.generated.ts","data/products/selection/luer-fitting-selection.generated.ts 第 746 行"
"343","","","809683","LPR-24-PP-R","luer-fittings","","active","lpr-24-pp-r","","imageCard","/images/products/fittings/luer-fittings/products/LPR-24-PP-R.jpg","F:\WebsiteProjects\foreach-website-2026\public\images\products\fittings\luer-fittings\products\LPR-24-PP-R.jpg","正常","无需处理","data/products/selection/luer-fitting-selection.generated.ts","data/products/selection/luer-fitting-selection.generated.ts 第 775 行"
"344","","","809684","LPR-24-PP-G","luer-fittings","","active","lpr-24-pp-g","","imageCard","/images/products/fittings/luer-fittings/products/LPR-24-PP-G.jpg","F:\WebsiteProjects\foreach-website-2026\public\images\products\fittings\luer-fittings\products\LPR-24-PP-G.jpg","正常","无需处理","data/products/selection/luer-fitting-selection.generated.ts","data/products/selection/luer-fitting-selection.generated.ts 第 804 行"
"345","","","809685","LPR-24-PP-U","luer-fittings","","active","lpr-24-pp-u","","imageCard","/images/products/fittings/luer-fittings/products/LPR-24-PP-U.jpg","F:\WebsiteProjects\foreach-website-2026\public\images\products\fittings\luer-fittings\products\LPR-24-PP-U.jpg","正常","无需处理","data/products/selection/luer-fitting-selection.generated.ts","data/products/selection/luer-fitting-selection.generated.ts 第 833 行"
"346","","","809686","LPR-24-PP-O","luer-fittings","","active","lpr-24-pp-o-809686","","imageCard","/images/products/fittings/luer-fittings/products/LPR-24-PP-O.jpg","F:\WebsiteProjects\foreach-website-2026\public\images\products\fittings\luer-fittings\products\LPR-24-PP-O.jpg","正常","无需处理","data/products/selection/luer-fitting-selection.generated.ts","data/products/selection/luer-fitting-selection.generated.ts 第 862 行"
"347","","","809687","LPR-24-PP-Y","luer-fittings","","active","lpr-24-pp-y","","imageCard","/images/products/fittings/luer-fittings/products/LPR-24-PP-Y.jpg","F:\WebsiteProjects\foreach-website-2026\public\images\products\fittings\luer-fittings\products\LPR-24-PP-Y.jpg","正常","无需处理","data/products/selection/luer-fitting-selection.generated.ts","data/products/selection/luer-fitting-selection.generated.ts 第 891 行"
"348","","","809688","LPR-32-PP-N","luer-fittings","","active","lpr-32-pp-n","","imageCard","/images/products/fittings/luer-fittings/products/LPR-32-PP-N.jpg","F:\WebsiteProjects\foreach-website-2026\public\images\products\fittings\luer-fittings\products\LPR-32-PP-N.jpg","正常","无需处理","data/products/selection/luer-fitting-selection.generated.ts","data/products/selection/luer-fitting-selection.generated.ts 第 920 行"
"349","","","809689","LPR-32-PP-W","luer-fittings","","active","lpr-32-pp-w","","imageCard","/images/products/fittings/luer-fittings/products/LPR-32-PP-W.jpg","F:\WebsiteProjects\foreach-website-2026\public\images\products\fittings\luer-fittings\products\LPR-32-PP-W.jpg","正常","无需处理","data/products/selection/luer-fitting-selection.generated.ts","data/products/selection/luer-fitting-selection.generated.ts 第 949 行"
"350","","","809690","LPR-32-PP-B","luer-fittings","","active","lpr-32-pp-b","","imageCard","/images/products/fittings/luer-fittings/products/LPR-32-PP-B.jpg","F:\WebsiteProjects\foreach-website-2026\public\images\products\fittings\luer-fittings\products\LPR-32-PP-B.jpg","正常","无需处理","data/products/selection/luer-fitting-selection.generated.ts","data/products/selection/luer-fitting-selection.generated.ts 第 978 行"
"351","","","809691","LPR-32-PP-R","luer-fittings","","active","lpr-32-pp-r","","imageCard","/images/products/fittings/luer-fittings/products/LPR-32-PP-R.jpg","F:\WebsiteProjects\foreach-website-2026\public\images\products\fittings\luer-fittings\products\LPR-32-PP-R.jpg","正常","无需处理","data/products/selection/luer-fitting-selection.generated.ts","data/products/selection/luer-fitting-selection.generated.ts 第 1007 行"
"352","","","809692","LPR-32-PP-G","luer-fittings","","active","lpr-32-pp-g","","imageCard","/images/products/fittings/luer-fittings/products/LPR-32-PP-G.jpg","F:\WebsiteProjects\foreach-website-2026\public\images\products\fittings\luer-fittings\products\LPR-32-PP-G.jpg","正常","无需处理","data/products/selection/luer-fitting-selection.generated.ts","data/products/selection/luer-fitting-selection.generated.ts 第 1732 行"
"353","","","809693","LPR-32-PP-U","luer-fittings","","active","lpr-32-pp-u","","imageCard","/images/products/fittings/luer-fittings/products/LPR-32-PP-U.jpg","F:\WebsiteProjects\foreach-website-2026\public\images\products\fittings\luer-fittings\products\LPR-32-PP-U.jpg","正常","无需处理","data/products/selection/luer-fitting-selection.generated.ts","data/products/selection/luer-fitting-selection.generated.ts 第 1036 行"
"354","","","809694","LPR-32-PP-O","luer-fittings","","active","lpr-32-pp-o","","imageCard","/images/products/fittings/luer-fittings/products/LPR-32-PP-O.jpg","F:\WebsiteProjects\foreach-website-2026\public\images\products\fittings\luer-fittings\products\LPR-32-PP-O.jpg","正常","无需处理","data/products/selection/luer-fitting-selection.generated.ts","data/products/selection/luer-fitting-selection.generated.ts 第 1065 行"
"355","","","809695","LPR-32-PP-Y","luer-fittings","","active","lpr-32-pp-y","","imageCard","/images/products/fittings/luer-fittings/products/LPR-32-PP-Y.jpg","F:\WebsiteProjects\foreach-website-2026\public\images\products\fittings\luer-fittings\products\LPR-32-PP-Y.jpg","正常","无需处理","data/products/selection/luer-fitting-selection.generated.ts","data/products/selection/luer-fitting-selection.generated.ts 第 1094 行"
"356","","","809699","LS-16D-PA-W","luer-fittings","","active","ls-16d-pa-w","","imageCard","/images/products/fittings/luer-fittings/products/LS-16D-PA-W.jpg","F:\WebsiteProjects\foreach-website-2026\public\images\products\fittings\luer-fittings\products\LS-16D-PA-W.jpg","正常","无需处理","data/products/selection/luer-fitting-selection.generated.ts","data/products/selection/luer-fitting-selection.generated.ts 第 3356 行"
"357","","","809700","LS-24D-PA-W","luer-fittings","","active","ls-24d-pa-w","","imageCard","/images/products/fittings/luer-fittings/products/LS-24D-PA-W.jpg","F:\WebsiteProjects\foreach-website-2026\public\images\products\fittings\luer-fittings\products\LS-24D-PA-W.jpg","正常","无需处理","data/products/selection/luer-fitting-selection.generated.ts","data/products/selection/luer-fitting-selection.generated.ts 第 3414 行"
"358","","","809701","LS-32D-PA-W","luer-fittings","","active","ls-32d-pa-w","","imageCard","/images/products/fittings/luer-fittings/products/LS-32D-PA-W.jpg","F:\WebsiteProjects\foreach-website-2026\public\images\products\fittings\luer-fittings\products\LS-32D-PA-W.jpg","正常","无需处理","data/products/selection/luer-fitting-selection.generated.ts","data/products/selection/luer-fitting-selection.generated.ts 第 3472 行"
"359","","","809702","PMLS-U28-16D-PA-W","luer-fittings","","active","pmls-u28-16d-pa-w","","imageCard","/images/products/fittings/luer-fittings/products/PMLS-U28-16D-PA-W.jpg","F:\WebsiteProjects\foreach-website-2026\public\images\products\fittings\luer-fittings\products\PMLS-U28-16D-PA-W.jpg","正常","无需处理","data/products/selection/luer-fitting-selection.generated.ts","data/products/selection/luer-fitting-selection.generated.ts 第 3531 行"
"360","","","809703","PMLS-U28-24D-PA-W","luer-fittings","","active","pmls-u28-24d-pa-w","","imageCard","/images/products/fittings/luer-fittings/products/PMLS-U28-24D-PA-W.jpg","F:\WebsiteProjects\foreach-website-2026\public\images\products\fittings\luer-fittings\products\PMLS-U28-24D-PA-W.jpg","正常","无需处理","data/products/selection/luer-fitting-selection.generated.ts","data/products/selection/luer-fitting-selection.generated.ts 第 3591 行"
"361","","","809704","PMLS-U28-32D-PA-W","luer-fittings","","active","pmls-u28-32d-pa-w","","imageCard","/images/products/fittings/luer-fittings/products/PMLS-U28-32D-PA-W.jpg","F:\WebsiteProjects\foreach-website-2026\public\images\products\fittings\luer-fittings\products\PMLS-U28-32D-PA-W.jpg","正常","无需处理","data/products/selection/luer-fitting-selection.generated.ts","data/products/selection/luer-fitting-selection.generated.ts 第 3681 行"
"362","","","809705","LSL-16-PA-W","luer-fittings","","active","lsl-16-pa-w","","imageCard","/images/products/fittings/luer-fittings/products/LSL-16-PA-W.jpg","F:\WebsiteProjects\foreach-website-2026\public\images\products\fittings\luer-fittings\products\LSL-16-PA-W.jpg","正常","无需处理","data/products/selection/luer-fitting-selection.generated.ts","data/products/selection/luer-fitting-selection.generated.ts 第 50 行"
"363","","","809706","LRL-16-PA-W","luer-fittings","","active","lrl-16-pa-w","","imageCard","/images/products/fittings/luer-fittings/products/LRL-16-PA-W.jpg","F:\WebsiteProjects\foreach-website-2026\public\images\products\fittings\luer-fittings\products\LRL-16-PA-W.jpg","正常","无需处理","data/products/selection/luer-fitting-selection.generated.ts","data/products/selection/luer-fitting-selection.generated.ts 第 224 行"
"364","","","809707","LSL-24-PA-W","luer-fittings","","active","lsl-24-pa-w","","imageCard","/images/products/fittings/luer-fittings/products/LSL-24-PA-W.jpg","F:\WebsiteProjects\foreach-website-2026\public\images\products\fittings\luer-fittings\products\LSL-24-PA-W.jpg","正常","无需处理","data/products/selection/luer-fitting-selection.generated.ts","data/products/selection/luer-fitting-selection.generated.ts 第 108 行"
"365","","","809708","LRL-24-PA-W","luer-fittings","","active","lrl-24-pa-w","","imageCard","/images/products/fittings/luer-fittings/products/LRL-24-PA-W.jpg","F:\WebsiteProjects\foreach-website-2026\public\images\products\fittings\luer-fittings\products\LRL-24-PA-W.jpg","正常","无需处理","data/products/selection/luer-fitting-selection.generated.ts","data/products/selection/luer-fitting-selection.generated.ts 第 311 行"
"366","","","809709","LSL-32-PA-W","luer-fittings","","active","lsl-32-pa-w","","imageCard","/images/products/fittings/luer-fittings/products/LSL-32-PA-W.jpg","F:\WebsiteProjects\foreach-website-2026\public\images\products\fittings\luer-fittings\products\LSL-32-PA-W.jpg","正常","无需处理","data/products/selection/luer-fitting-selection.generated.ts","data/products/selection/luer-fitting-selection.generated.ts 第 166 行"
"367","","","809710","LRL-32-PA-W","luer-fittings","","active","lrl-32-pa-w","","imageCard","/images/products/fittings/luer-fittings/products/LRL-32-PA-W.jpg","F:\WebsiteProjects\foreach-website-2026\public\images\products\fittings\luer-fittings\products\LRL-32-PA-W.jpg","正常","无需处理","data/products/selection/luer-fitting-selection.generated.ts","data/products/selection/luer-fitting-selection.generated.ts 第 398 行"
"368","","","809711","LRL-16-PV-N","luer-fittings","","active","lrl-16-pv-n","","imageCard","/images/products/fittings/luer-fittings/products/LRL-16-PV-N.jpg","F:\WebsiteProjects\foreach-website-2026\public\images\products\fittings\luer-fittings\products\LRL-16-PV-N.jpg","正常","无需处理","data/products/selection/luer-fitting-selection.generated.ts","data/products/selection/luer-fitting-selection.generated.ts 第 253 行"
"369","","","809712","LRL-24-PV-N","luer-fittings","","active","lrl-24-pv-n","","imageCard","/images/products/fittings/luer-fittings/products/LRL-24-PV-N.jpg","F:\WebsiteProjects\foreach-website-2026\public\images\products\fittings\luer-fittings\products\LRL-24-PV-N.jpg","正常","无需处理","data/products/selection/luer-fitting-selection.generated.ts","data/products/selection/luer-fitting-selection.generated.ts 第 340 行"
"370","","","809713","LRL-32-PV-N","luer-fittings","","active","lrl-32-pv-n","","imageCard","/images/products/fittings/luer-fittings/products/LRL-32-PV-N.jpg","F:\WebsiteProjects\foreach-website-2026\public\images\products\fittings\luer-fittings\products\LRL-32-PV-N.jpg","正常","无需处理","data/products/selection/luer-fitting-selection.generated.ts","data/products/selection/luer-fitting-selection.generated.ts 第 427 行"
"371","","","809781","LP-32D-PA-W","luer-fittings","","active","lp-32d-pa-w","","imageCard","/images/products/fittings/luer-fittings/products/LP-32D-PA-W.jpg","F:\WebsiteProjects\foreach-website-2026\public\images\products\fittings\luer-fittings\products\LP-32D-PA-W.jpg","正常","无需处理","data/products/selection/luer-fitting-selection.generated.ts","data/products/selection/luer-fitting-selection.generated.ts 第 2544 行"
"372","","","809782","LP-32D-PA-B","luer-fittings","","active","lp-32d-pa-b","","imageCard","/images/products/fittings/luer-fittings/products/LP-32D-PA-B.jpg","F:\WebsiteProjects\foreach-website-2026\public\images\products\fittings\luer-fittings\products\LP-32D-PA-B.jpg","正常","无需处理","data/products/selection/luer-fitting-selection.generated.ts","data/products/selection/luer-fitting-selection.generated.ts 第 2573 行"
"373","","","809783","LP-32D-PA-R","luer-fittings","","active","lp-32d-pa-r","","imageCard","/images/products/fittings/luer-fittings/products/LP-32D-PA-R.jpg","F:\WebsiteProjects\foreach-website-2026\public\images\products\fittings\luer-fittings\products\LP-32D-PA-R.jpg","正常","无需处理","data/products/selection/luer-fitting-selection.generated.ts","data/products/selection/luer-fitting-selection.generated.ts 第 2602 行"
"374","","","809784","LP-32D-PA-G","luer-fittings","","active","lp-32d-pa-g","","imageCard","/images/products/fittings/luer-fittings/products/LP-32D-PA-G.jpg","F:\WebsiteProjects\foreach-website-2026\public\images\products\fittings\luer-fittings\products\LP-32D-PA-G.jpg","正常","无需处理","data/products/selection/luer-fitting-selection.generated.ts","data/products/selection/luer-fitting-selection.generated.ts 第 2631 行"
"375","","","809785","LP-32D-PA-U","luer-fittings","","active","lp-32d-pa-u","","imageCard","/images/products/fittings/luer-fittings/products/LP-32D-PA-U.jpg","F:\WebsiteProjects\foreach-website-2026\public\images\products\fittings\luer-fittings\products\LP-32D-PA-U.jpg","正常","无需处理","data/products/selection/luer-fitting-selection.generated.ts","data/products/selection/luer-fitting-selection.generated.ts 第 2660 行"
"376","","","809786","LP-32D-PA-O","luer-fittings","","active","lp-32d-pa-o","","imageCard","/images/products/fittings/luer-fittings/products/LP-32D-PA-O.jpg","F:\WebsiteProjects\foreach-website-2026\public\images\products\fittings\luer-fittings\products\LP-32D-PA-O.jpg","正常","无需处理","data/products/selection/luer-fitting-selection.generated.ts","data/products/selection/luer-fitting-selection.generated.ts 第 2689 行"
"377","","","809787","LP-32D-PA-Y","luer-fittings","","active","lp-32d-pa-y","","imageCard","/images/products/fittings/luer-fittings/products/LP-32D-PA-Y.jpg","F:\WebsiteProjects\foreach-website-2026\public\images\products\fittings\luer-fittings\products\LP-32D-PA-Y.jpg","正常","无需处理","data/products/selection/luer-fitting-selection.generated.ts","data/products/selection/luer-fitting-selection.generated.ts 第 2718 行"
"378","","","809789","LP-32D-PP-U","luer-fittings","","active","lp-32d-pp-u","","imageCard","/images/products/fittings/luer-fittings/products/LP-32D-PP-U.jpg","F:\WebsiteProjects\foreach-website-2026\public\images\products\fittings\luer-fittings\products\LP-32D-PP-U.jpg","正常","无需处理","data/products/selection/luer-fitting-selection.generated.ts","data/products/selection/luer-fitting-selection.generated.ts 第 2805 行"
"379","","","809830","LP-32D-PP-B","luer-fittings","","active","lp-32d-pp-b","","imageCard","/images/products/fittings/luer-fittings/products/LP-32D-PP-B.jpg","F:\WebsiteProjects\foreach-website-2026\public\images\products\fittings\luer-fittings\products\LP-32D-PP-B.jpg","正常","无需处理","data/products/selection/luer-fitting-selection.generated.ts","data/products/selection/luer-fitting-selection.generated.ts 第 2834 行"
"380","","","809866","LPR-24-PP-O","luer-fittings","","active","lpr-24-pp-o-809866","","imageCard","/images/products/fittings/luer-fittings/products/LPR-24-PP-O.jpg","F:\WebsiteProjects\foreach-website-2026\public\images\products\fittings\luer-fittings\products\LPR-24-PP-O.jpg","正常","无需处理","data/products/selection/luer-fitting-selection.generated.ts","data/products/selection/luer-fitting-selection.generated.ts 第 1703 行"
"381","","","809932","LPR-32-PV-N","luer-fittings","","active","lpr-32-pv-n","","imageCard","","","缺少主图","列入待下架清单，正式修改前再次确认","data/products/selection/luer-fitting-selection.generated.ts","data/products/selection/luer-fitting-selection.generated.ts 第 1790 行"
"382","839001","Q2001-SNX-SACN","839001","Q2001-SNX-SACN","quick-connect-fittings","quick-connect-selection","active","quick-connect-fittings","/products/fittings/quick-connect-fittings","imageCard","/images/products/fittings/quick-connect-fittings/products/q2001-snx-sacn-main.jpg","F:\WebsiteProjects\foreach-website-2026\public\images\products\fittings\quick-connect-fittings\products\q2001-snx-sacn-main.jpg","正常","无需处理","data/products/selection/quick-connect-fitting-selection.generated.ts","data/products/selection/quick-connect-fitting-selection.generated.ts 第 793 行"
"383","839002","Q2002-SNX-SACN","839002","Q2002-SNX-SACN","quick-connect-fittings","quick-connect-selection","active","quick-connect-fittings","/products/fittings/quick-connect-fittings","imageCard","/images/products/fittings/quick-connect-fittings/products/q2002-snx-sacn-main.jpg","F:\WebsiteProjects\foreach-website-2026\public\images\products\fittings\quick-connect-fittings\products\q2002-snx-sacn-main.jpg","正常","无需处理","data/products/selection/quick-connect-fitting-selection.generated.ts","data/products/selection/quick-connect-fitting-selection.generated.ts 第 2223 行"
"384","839003","Q2003-SNX-SACN","839003","Q2003-SNX-SACN","quick-connect-fittings","quick-connect-selection","active","quick-connect-fittings","/products/fittings/quick-connect-fittings","imageCard","/images/products/fittings/quick-connect-fittings/products/q2003-snx-sacn-main.jpg","F:\WebsiteProjects\foreach-website-2026\public\images\products\fittings\quick-connect-fittings\products\q2003-snx-sacn-main.jpg","正常","无需处理","data/products/selection/quick-connect-fitting-selection.generated.ts","data/products/selection/quick-connect-fitting-selection.generated.ts 第 3103 行"
"385","839004","Q2004-SNX-SACN","839004","Q2004-SNX-SACN","quick-connect-fittings","quick-connect-selection","active","quick-connect-fittings","/products/fittings/quick-connect-fittings","imageCard","/images/products/fittings/quick-connect-fittings/products/q2004-snx-sacn-main.jpg","F:\WebsiteProjects\foreach-website-2026\public\images\products\fittings\quick-connect-fittings\products\q2004-snx-sacn-main.jpg","正常","无需处理","data/products/selection/quick-connect-fitting-selection.generated.ts","data/products/selection/quick-connect-fitting-selection.generated.ts 第 4423 行"
"386","839005","Q2002-SNX-LACN","839005","Q2002-SNX-LACN","quick-connect-fittings","quick-connect-selection","active","quick-connect-fittings","/products/fittings/quick-connect-fittings","imageCard","/images/products/fittings/quick-connect-fittings/products/q2002-snx-lacn-main.jpg","F:\WebsiteProjects\foreach-website-2026\public\images\products\fittings\quick-connect-fittings\products\q2002-snx-lacn-main.jpg","正常","无需处理","data/products/selection/quick-connect-fitting-selection.generated.ts","data/products/selection/quick-connect-fitting-selection.generated.ts 第 2113 行"
"387","839006","Q2004-SNX-LACN","839006","Q2004-SNX-LACN","quick-connect-fittings","quick-connect-selection","active","quick-connect-fittings","/products/fittings/quick-connect-fittings","imageCard","/images/products/fittings/quick-connect-fittings/products/q2004-snx-lacn-main.jpg","F:\WebsiteProjects\foreach-website-2026\public\images\products\fittings\quick-connect-fittings\products\q2004-snx-lacn-main.jpg","正常","无需处理","data/products/selection/quick-connect-fitting-selection.generated.ts","data/products/selection/quick-connect-fitting-selection.generated.ts 第 4313 行"
"388","839007","Q2018N-SNX-SACN","839007","Q2018N-SNX-SACN","quick-connect-fittings","quick-connect-selection","active","quick-connect-fittings","/products/fittings/quick-connect-fittings","imageCard","/images/products/fittings/quick-connect-fittings/products/q2018n-snx-sacn-main.jpg","F:\WebsiteProjects\foreach-website-2026\public\images\products\fittings\quick-connect-fittings\products\q2018n-snx-sacn-main.jpg","正常","无需处理","data/products/selection/quick-connect-fitting-selection.generated.ts","data/products/selection/quick-connect-fitting-selection.generated.ts 第 4863 行"
"389","839008","Q2001-SMX-SACN","839008","Q2001-SMX-SACN","quick-connect-fittings","quick-connect-selection","active","quick-connect-fittings","/products/fittings/quick-connect-fittings","imageCard","/images/products/fittings/quick-connect-fittings/products/q2001-smx-sacn-main.jpg","F:\WebsiteProjects\foreach-website-2026\public\images\products\fittings\quick-connect-fittings\products\q2001-smx-sacn-main.jpg","正常","无需处理","data/products/selection/quick-connect-fitting-selection.generated.ts","data/products/selection/quick-connect-fitting-selection.generated.ts 第 573 行"
"390","839009","Q2002-SMX-SACN","839009","Q2002-SMX-SACN","quick-connect-fittings","quick-connect-selection","active","quick-connect-fittings","/products/fittings/quick-connect-fittings","imageCard","/images/products/fittings/quick-connect-fittings/products/q2002-smx-sacn-main.jpg","F:\WebsiteProjects\foreach-website-2026\public\images\products\fittings\quick-connect-fittings\products\q2002-smx-sacn-main.jpg","正常","无需处理","data/products/selection/quick-connect-fitting-selection.generated.ts","data/products/selection/quick-connect-fitting-selection.generated.ts 第 1728 行"
"391","839010","Q2003-SMX-SACN","839010","Q2003-SMX-SACN","quick-connect-fittings","quick-connect-selection","active","quick-connect-fittings","/products/fittings/quick-connect-fittings","imageCard","/images/products/fittings/quick-connect-fittings/products/q2003-smx-sacn-main.jpg","F:\WebsiteProjects\foreach-website-2026\public\images\products\fittings\quick-connect-fittings\products\q2003-smx-sacn-main.jpg","正常","无需处理","data/products/selection/quick-connect-fitting-selection.generated.ts","data/products/selection/quick-connect-fitting-selection.generated.ts 第 2883 行"
"392","839011","Q2004-SMX-SACN","839011","Q2004-SMX-SACN","quick-connect-fittings","quick-connect-selection","active","quick-connect-fittings","/products/fittings/quick-connect-fittings","imageCard","/images/products/fittings/quick-connect-fittings/products/q2004-smx-sacn-main.jpg","F:\WebsiteProjects\foreach-website-2026\public\images\products\fittings\quick-connect-fittings\products\q2004-smx-sacn-main.jpg","正常","无需处理","data/products/selection/quick-connect-fitting-selection.generated.ts","data/products/selection/quick-connect-fitting-selection.generated.ts 第 3983 行"
"393","839012","Q2001-PNX-SACN","839012","Q2001-PNX-SACN","quick-connect-fittings","quick-connect-selection","active","quick-connect-fittings","/products/fittings/quick-connect-fittings","imageCard","/images/products/fittings/quick-connect-fittings/products/q2001-pnx-sacn-main.jpg","F:\WebsiteProjects\foreach-website-2026\public\images\products\fittings\quick-connect-fittings\products\q2001-pnx-sacn-main.jpg","正常","无需处理","data/products/selection/quick-connect-fitting-selection.generated.ts","data/products/selection/quick-connect-fitting-selection.generated.ts 第 353 行"
"394","839013","Q2002-PNX-SACN","839013","Q2002-PNX-SACN","quick-connect-fittings","quick-connect-selection","active","quick-connect-fittings","/products/fittings/quick-connect-fittings","imageCard","/images/products/fittings/quick-connect-fittings/products/q2002-pnx-sacn-main.jpg","F:\WebsiteProjects\foreach-website-2026\public\images\products\fittings\quick-connect-fittings\products\q2002-pnx-sacn-main.jpg","正常","无需处理","data/products/selection/quick-connect-fitting-selection.generated.ts","data/products/selection/quick-connect-fitting-selection.generated.ts 第 1508 行"
"395","839014","Q2003-PNX-SACN","839014","Q2003-PNX-SACN","quick-connect-fittings","quick-connect-selection","active","quick-connect-fittings","/products/fittings/quick-connect-fittings","imageCard","/images/products/fittings/quick-connect-fittings/products/q2003-pnx-sacn-main.jpg","F:\WebsiteProjects\foreach-website-2026\public\images\products\fittings\quick-connect-fittings\products\q2003-pnx-sacn-main.jpg","正常","无需处理","data/products/selection/quick-connect-fitting-selection.generated.ts","data/products/selection/quick-connect-fitting-selection.generated.ts 第 2663 行"
"396","839015","Q2004-PNX-SACN","839015","Q2004-PNX-SACN","quick-connect-fittings","quick-connect-selection","active","quick-connect-fittings","/products/fittings/quick-connect-fittings","imageCard","/images/products/fittings/quick-connect-fittings/products/q2004-pnx-sacn-main.jpg","F:\WebsiteProjects\foreach-website-2026\public\images\products\fittings\quick-connect-fittings\products\q2004-pnx-sacn-main.jpg","正常","无需处理","data/products/selection/quick-connect-fitting-selection.generated.ts","data/products/selection/quick-connect-fitting-selection.generated.ts 第 3763 行"
"397","839016","Q2002-PNX-LACN","839016","Q2002-PNX-LACN","quick-connect-fittings","quick-connect-selection","active","quick-connect-fittings","/products/fittings/quick-connect-fittings","imageCard","/images/products/fittings/quick-connect-fittings/products/q2002-pnx-lacn-main.jpg","F:\WebsiteProjects\foreach-website-2026\public\images\products\fittings\quick-connect-fittings\products\q2002-pnx-lacn-main.jpg","正常","无需处理","data/products/selection/quick-connect-fitting-selection.generated.ts","data/products/selection/quick-connect-fitting-selection.generated.ts 第 1398 行"
"398","839017","Q2004-PNX-LACN","839017","Q2004-PNX-LACN","quick-connect-fittings","quick-connect-selection","active","quick-connect-fittings","/products/fittings/quick-connect-fittings","imageCard","/images/products/fittings/quick-connect-fittings/products/q2004-pnx-lacn-main.jpg","F:\WebsiteProjects\foreach-website-2026\public\images\products\fittings\quick-connect-fittings\products\q2004-pnx-lacn-main.jpg","正常","无需处理","data/products/selection/quick-connect-fitting-selection.generated.ts","data/products/selection/quick-connect-fitting-selection.generated.ts 第 3653 行"
"399","839018","Q2018N-PNX-SACN","839018","Q2018N-PNX-SACN","quick-connect-fittings","quick-connect-selection","active","quick-connect-fittings","/products/fittings/quick-connect-fittings","imageCard","/images/products/fittings/quick-connect-fittings/products/q2018n-pnx-sacn-main.jpg","F:\WebsiteProjects\foreach-website-2026\public\images\products\fittings\quick-connect-fittings\products\q2018n-pnx-sacn-main.jpg","正常","无需处理","data/products/selection/quick-connect-fitting-selection.generated.ts","data/products/selection/quick-connect-fitting-selection.generated.ts 第 4643 行"
"400","839019","Q2001-PMX-SACN","839019","Q2001-PMX-SACN","quick-connect-fittings","quick-connect-selection","active","quick-connect-fittings","/products/fittings/quick-connect-fittings","imageCard","/images/products/fittings/quick-connect-fittings/products/q2001-pmx-sacn-main.jpg","F:\WebsiteProjects\foreach-website-2026\public\images\products\fittings\quick-connect-fittings\products\q2001-pmx-sacn-main.jpg","正常","无需处理","data/products/selection/quick-connect-fitting-selection.generated.ts","data/products/selection/quick-connect-fitting-selection.generated.ts 第 133 行"
"401","839020","Q2002-PMX-SACN","839020","Q2002-PMX-SACN","quick-connect-fittings","quick-connect-selection","active","quick-connect-fittings","/products/fittings/quick-connect-fittings","imageCard","/images/products/fittings/quick-connect-fittings/products/q2002-pmx-sacn-main.jpg","F:\WebsiteProjects\foreach-website-2026\public\images\products\fittings\quick-connect-fittings\products\q2002-pmx-sacn-main.jpg","正常","无需处理","data/products/selection/quick-connect-fitting-selection.generated.ts","data/products/selection/quick-connect-fitting-selection.generated.ts 第 1013 行"
"402","839021","Q2003-PMX-SACN","839021","Q2003-PMX-SACN","quick-connect-fittings","quick-connect-selection","active","quick-connect-fittings","/products/fittings/quick-connect-fittings","imageCard","/images/products/fittings/quick-connect-fittings/products/q2003-pmx-sacn-main.jpg","F:\WebsiteProjects\foreach-website-2026\public\images\products\fittings\quick-connect-fittings\products\q2003-pmx-sacn-main.jpg","正常","无需处理","data/products/selection/quick-connect-fitting-selection.generated.ts","data/products/selection/quick-connect-fitting-selection.generated.ts 第 2443 行"
"403","839022","Q2004-PMX-SACN","839022","Q2004-PMX-SACN","quick-connect-fittings","quick-connect-selection","active","quick-connect-fittings","/products/fittings/quick-connect-fittings","imageCard","/images/products/fittings/quick-connect-fittings/products/q2004-pmx-sacn-main.jpg","F:\WebsiteProjects\foreach-website-2026\public\images\products\fittings\quick-connect-fittings\products\q2004-pmx-sacn-main.jpg","正常","无需处理","data/products/selection/quick-connect-fitting-selection.generated.ts","data/products/selection/quick-connect-fitting-selection.generated.ts 第 3323 行"
"404","839023","Q2001-SNV-SACN","839023","Q2001-SNV-SACN","quick-connect-fittings","quick-connect-selection","active","quick-connect-fittings","/products/fittings/quick-connect-fittings","imageCard","/images/products/fittings/quick-connect-fittings/products/q2001-snv-sacn-main.jpg","F:\WebsiteProjects\foreach-website-2026\public\images\products\fittings\quick-connect-fittings\products\q2001-snv-sacn-main.jpg","正常","无需处理","data/products/selection/quick-connect-fitting-selection.generated.ts","data/products/selection/quick-connect-fitting-selection.generated.ts 第 683 行"
"405","839024","Q2002-SNV-SACN","839024","Q2002-SNV-SACN","quick-connect-fittings","quick-connect-selection","active","quick-connect-fittings","/products/fittings/quick-connect-fittings","imageCard","/images/products/fittings/quick-connect-fittings/products/q2002-snv-sacn-main.jpg","F:\WebsiteProjects\foreach-website-2026\public\images\products\fittings\quick-connect-fittings\products\q2002-snv-sacn-main.jpg","正常","无需处理","data/products/selection/quick-connect-fitting-selection.generated.ts","data/products/selection/quick-connect-fitting-selection.generated.ts 第 2003 行"
"406","839025","Q2003-SNV-SACN","839025","Q2003-SNV-SACN","quick-connect-fittings","quick-connect-selection","active","quick-connect-fittings","/products/fittings/quick-connect-fittings","imageCard","/images/products/fittings/quick-connect-fittings/products/q2003-snv-sacn-main.jpg","F:\WebsiteProjects\foreach-website-2026\public\images\products\fittings\quick-connect-fittings\products\q2003-snv-sacn-main.jpg","正常","无需处理","data/products/selection/quick-connect-fitting-selection.generated.ts","data/products/selection/quick-connect-fitting-selection.generated.ts 第 2993 行"
"407","839026","Q2004-SNV-SACN","839026","Q2004-SNV-SACN","quick-connect-fittings","quick-connect-selection","active","quick-connect-fittings","/products/fittings/quick-connect-fittings","imageCard","/images/products/fittings/quick-connect-fittings/products/q2004-snv-sacn-main.jpg","F:\WebsiteProjects\foreach-website-2026\public\images\products\fittings\quick-connect-fittings\products\q2004-snv-sacn-main.jpg","正常","无需处理","data/products/selection/quick-connect-fitting-selection.generated.ts","data/products/selection/quick-connect-fitting-selection.generated.ts 第 4203 行"
"408","839027","Q2002-SNV-LACN","839027","Q2002-SNV-LACN","quick-connect-fittings","quick-connect-selection","active","quick-connect-fittings","/products/fittings/quick-connect-fittings","imageCard","/images/products/fittings/quick-connect-fittings/products/q2002-snv-lacn-main.jpg","F:\WebsiteProjects\foreach-website-2026\public\images\products\fittings\quick-connect-fittings\products\q2002-snv-lacn-main.jpg","正常","无需处理","data/products/selection/quick-connect-fitting-selection.generated.ts","data/products/selection/quick-connect-fitting-selection.generated.ts 第 1838 行"
"409","839028","Q2004-SNV-LACN","839028","Q2004-SNV-LACN","quick-connect-fittings","quick-connect-selection","active","quick-connect-fittings","/products/fittings/quick-connect-fittings","imageCard","/images/products/fittings/quick-connect-fittings/products/q2004-snv-lacn-main.jpg","F:\WebsiteProjects\foreach-website-2026\public\images\products\fittings\quick-connect-fittings\products\q2004-snv-lacn-main.jpg","正常","无需处理","data/products/selection/quick-connect-fitting-selection.generated.ts","data/products/selection/quick-connect-fitting-selection.generated.ts 第 4093 行"
"410","839029","Q2018N-SNV-SACN","839029","Q2018N-SNV-SACN","quick-connect-fittings","quick-connect-selection","active","quick-connect-fittings","/products/fittings/quick-connect-fittings","imageCard","/images/products/fittings/quick-connect-fittings/products/q2018n-snv-sacn-main.jpg","F:\WebsiteProjects\foreach-website-2026\public\images\products\fittings\quick-connect-fittings\products\q2018n-snv-sacn-main.jpg","正常","无需处理","data/products/selection/quick-connect-fitting-selection.generated.ts","data/products/selection/quick-connect-fitting-selection.generated.ts 第 4753 行"
"411","839030","Q2001-SMV-SACN","839030","Q2001-SMV-SACN","quick-connect-fittings","quick-connect-selection","active","quick-connect-fittings","/products/fittings/quick-connect-fittings","imageCard","/images/products/fittings/quick-connect-fittings/products/q2001-smv-sacn-main.jpg","F:\WebsiteProjects\foreach-website-2026\public\images\products\fittings\quick-connect-fittings\products\q2001-smv-sacn-main.jpg","正常","无需处理","data/products/selection/quick-connect-fitting-selection.generated.ts","data/products/selection/quick-connect-fitting-selection.generated.ts 第 463 行"
"412","839031","Q2002-SMV-SACN","839031","Q2002-SMV-SACN","quick-connect-fittings","quick-connect-selection","active","quick-connect-fittings","/products/fittings/quick-connect-fittings","imageCard","/images/products/fittings/quick-connect-fittings/products/q2002-smv-sacn-main.jpg","F:\WebsiteProjects\foreach-website-2026\public\images\products\fittings\quick-connect-fittings\products\q2002-smv-sacn-main.jpg","正常","无需处理","data/products/selection/quick-connect-fitting-selection.generated.ts","data/products/selection/quick-connect-fitting-selection.generated.ts 第 1618 行"
"413","839032","Q2003-SMV-SACN","839032","Q2003-SMV-SACN","quick-connect-fittings","quick-connect-selection","active","quick-connect-fittings","/products/fittings/quick-connect-fittings","imageCard","/images/products/fittings/quick-connect-fittings/products/q2003-smv-sacn-main.jpg","F:\WebsiteProjects\foreach-website-2026\public\images\products\fittings\quick-connect-fittings\products\q2003-smv-sacn-main.jpg","正常","无需处理","data/products/selection/quick-connect-fitting-selection.generated.ts","data/products/selection/quick-connect-fitting-selection.generated.ts 第 2773 行"
"414","839033","Q2004-SMV-SACN","839033","Q2004-SMV-SACN","quick-connect-fittings","quick-connect-selection","active","quick-connect-fittings","/products/fittings/quick-connect-fittings","imageCard","/images/products/fittings/quick-connect-fittings/products/q2004-smv-sacn-main.jpg","F:\WebsiteProjects\foreach-website-2026\public\images\products\fittings\quick-connect-fittings\products\q2004-smv-sacn-main.jpg","正常","无需处理","data/products/selection/quick-connect-fitting-selection.generated.ts","data/products/selection/quick-connect-fitting-selection.generated.ts 第 3873 行"
"415","839034","Q2001-PNV-SACN","839034","Q2001-PNV-SACN","quick-connect-fittings","quick-connect-selection","active","quick-connect-fittings","/products/fittings/quick-connect-fittings","imageCard","/images/products/fittings/quick-connect-fittings/products/q2001-pnv-sacn-main.jpg","F:\WebsiteProjects\foreach-website-2026\public\images\products\fittings\quick-connect-fittings\products\q2001-pnv-sacn-main.jpg","正常","无需处理","data/products/selection/quick-connect-fitting-selection.generated.ts","data/products/selection/quick-connect-fitting-selection.generated.ts 第 243 行"
"416","839035","Q2002-PNV-SACN","839035","Q2002-PNV-SACN","quick-connect-fittings","quick-connect-selection","active","quick-connect-fittings","/products/fittings/quick-connect-fittings","imageCard","/images/products/fittings/quick-connect-fittings/products/q2002-pnv-sacn-main.jpg","F:\WebsiteProjects\foreach-website-2026\public\images\products\fittings\quick-connect-fittings\products\q2002-pnv-sacn-main.jpg","正常","无需处理","data/products/selection/quick-connect-fitting-selection.generated.ts","data/products/selection/quick-connect-fitting-selection.generated.ts 第 1288 行"
"417","839036","Q2003-PNV-SACN","839036","Q2003-PNV-SACN","quick-connect-fittings","quick-connect-selection","active","quick-connect-fittings","/products/fittings/quick-connect-fittings","imageCard","/images/products/fittings/quick-connect-fittings/products/q2003-pnv-sacn-main.jpg","F:\WebsiteProjects\foreach-website-2026\public\images\products\fittings\quick-connect-fittings\products\q2003-pnv-sacn-main.jpg","正常","无需处理","data/products/selection/quick-connect-fitting-selection.generated.ts","data/products/selection/quick-connect-fitting-selection.generated.ts 第 2553 行"
"418","839037","Q2004-PNV-SACN","839037","Q2004-PNV-SACN","quick-connect-fittings","quick-connect-selection","active","quick-connect-fittings","/products/fittings/quick-connect-fittings","imageCard","/images/products/fittings/quick-connect-fittings/products/q2004-pnv-sacn-main.jpg","F:\WebsiteProjects\foreach-website-2026\public\images\products\fittings\quick-connect-fittings\products\q2004-pnv-sacn-main.jpg","正常","无需处理","data/products/selection/quick-connect-fitting-selection.generated.ts","data/products/selection/quick-connect-fitting-selection.generated.ts 第 3543 行"
"419","839038","Q2002-PNV-LACN","839038","Q2002-PNV-LACN","quick-connect-fittings","quick-connect-selection","active","quick-connect-fittings","/products/fittings/quick-connect-fittings","imageCard","/images/products/fittings/quick-connect-fittings/products/q2002-pnv-lacn-main.jpg","F:\WebsiteProjects\foreach-website-2026\public\images\products\fittings\quick-connect-fittings\products\q2002-pnv-lacn-main.jpg","正常","无需处理","data/products/selection/quick-connect-fitting-selection.generated.ts","data/products/selection/quick-connect-fitting-selection.generated.ts 第 1123 行"
"420","839039","Q2004-PNV-LACN","839039","Q2004-PNV-LACN","quick-connect-fittings","quick-connect-selection","active","quick-connect-fittings","/products/fittings/quick-connect-fittings","imageCard","/images/products/fittings/quick-connect-fittings/products/q2004-pnv-lacn-main.jpg","F:\WebsiteProjects\foreach-website-2026\public\images\products\fittings\quick-connect-fittings\products\q2004-pnv-lacn-main.jpg","正常","无需处理","data/products/selection/quick-connect-fitting-selection.generated.ts","data/products/selection/quick-connect-fitting-selection.generated.ts 第 3433 行"
"421","839040","Q2018N-PNV-SACN","839040","Q2018N-PNV-SACN","quick-connect-fittings","quick-connect-selection","active","quick-connect-fittings","/products/fittings/quick-connect-fittings","imageCard","/images/products/fittings/quick-connect-fittings/products/q2018n-pnv-sacn-main.jpg","F:\WebsiteProjects\foreach-website-2026\public\images\products\fittings\quick-connect-fittings\products\q2018n-pnv-sacn-main.jpg","正常","无需处理","data/products/selection/quick-connect-fitting-selection.generated.ts","data/products/selection/quick-connect-fitting-selection.generated.ts 第 4533 行"
"422","839041","Q2001-PMV-SACN","839041","Q2001-PMV-SACN","quick-connect-fittings","quick-connect-selection","active","quick-connect-fittings","/products/fittings/quick-connect-fittings","imageCard","/images/products/fittings/quick-connect-fittings/products/q2001-pmv-sacn-main.jpg","F:\WebsiteProjects\foreach-website-2026\public\images\products\fittings\quick-connect-fittings\products\q2001-pmv-sacn-main.jpg","正常","无需处理","data/products/selection/quick-connect-fitting-selection.generated.ts","data/products/selection/quick-connect-fitting-selection.generated.ts 第 23 行"
"423","839042","Q2002-PMV-SACN","839042","Q2002-PMV-SACN","quick-connect-fittings","quick-connect-selection","active","quick-connect-fittings","/products/fittings/quick-connect-fittings","imageCard","/images/products/fittings/quick-connect-fittings/products/q2002-pmv-sacn-main.jpg","F:\WebsiteProjects\foreach-website-2026\public\images\products\fittings\quick-connect-fittings\products\q2002-pmv-sacn-main.jpg","正常","无需处理","data/products/selection/quick-connect-fitting-selection.generated.ts","data/products/selection/quick-connect-fitting-selection.generated.ts 第 903 行"
"424","839043","Q2003-PMV-SACN","839043","Q2003-PMV-SACN","quick-connect-fittings","quick-connect-selection","active","quick-connect-fittings","/products/fittings/quick-connect-fittings","imageCard","/images/products/fittings/quick-connect-fittings/products/q2003-pmv-sacn-main.jpg","F:\WebsiteProjects\foreach-website-2026\public\images\products\fittings\quick-connect-fittings\products\q2003-pmv-sacn-main.jpg","正常","无需处理","data/products/selection/quick-connect-fitting-selection.generated.ts","data/products/selection/quick-connect-fitting-selection.generated.ts 第 2333 行"
"425","839044","Q2004-PMV-SACN","839044","Q2004-PMV-SACN","quick-connect-fittings","quick-connect-selection","active","quick-connect-fittings","/products/fittings/quick-connect-fittings","imageCard","/images/products/fittings/quick-connect-fittings/products/q2004-pmv-sacn-main.jpg","F:\WebsiteProjects\foreach-website-2026\public\images\products\fittings\quick-connect-fittings\products\q2004-pmv-sacn-main.jpg","正常","无需处理","data/products/selection/quick-connect-fitting-selection.generated.ts","data/products/selection/quick-connect-fitting-selection.generated.ts 第 3213 行"
"426","839045","Q2001-SNX-SPPE","839045","Q2001-SNX-SPPE","quick-connect-fittings","quick-connect-selection","active","quick-connect-fittings","/products/fittings/quick-connect-fittings","imageCard","/images/products/fittings/quick-connect-fittings/products/q2001-snx-sppe-main.jpg","F:\WebsiteProjects\foreach-website-2026\public\images\products\fittings\quick-connect-fittings\products\q2001-snx-sppe-main.jpg","正常","无需处理","data/products/selection/quick-connect-fitting-selection.generated.ts","data/products/selection/quick-connect-fitting-selection.generated.ts 第 848 行"
"427","839046","Q2002-SNX-SPPE","839046","Q2002-SNX-SPPE","quick-connect-fittings","quick-connect-selection","active","quick-connect-fittings","/products/fittings/quick-connect-fittings","imageCard","/images/products/fittings/quick-connect-fittings/products/q2002-snx-sppe-main.jpg","F:\WebsiteProjects\foreach-website-2026\public\images\products\fittings\quick-connect-fittings\products\q2002-snx-sppe-main.jpg","正常","无需处理","data/products/selection/quick-connect-fitting-selection.generated.ts","data/products/selection/quick-connect-fitting-selection.generated.ts 第 2278 行"
"428","839047","Q2003-SNX-SPPE","839047","Q2003-SNX-SPPE","quick-connect-fittings","quick-connect-selection","active","quick-connect-fittings","/products/fittings/quick-connect-fittings","imageCard","/images/products/fittings/quick-connect-fittings/products/q2003-snx-sppe-main.jpg","F:\WebsiteProjects\foreach-website-2026\public\images\products\fittings\quick-connect-fittings\products\q2003-snx-sppe-main.jpg","正常","无需处理","data/products/selection/quick-connect-fitting-selection.generated.ts","data/products/selection/quick-connect-fitting-selection.generated.ts 第 3158 行"
"429","839048","Q2004-SNX-SPPE","839048","Q2004-SNX-SPPE","quick-connect-fittings","quick-connect-selection","active","quick-connect-fittings","/products/fittings/quick-connect-fittings","imageCard","/images/products/fittings/quick-connect-fittings/products/q2004-snx-sppe-main.jpg","F:\WebsiteProjects\foreach-website-2026\public\images\products\fittings\quick-connect-fittings\products\q2004-snx-sppe-main.jpg","正常","无需处理","data/products/selection/quick-connect-fitting-selection.generated.ts","data/products/selection/quick-connect-fitting-selection.generated.ts 第 4478 行"
"430","839049","Q2002-SNX-LPPE","839049","Q2002-SNX-LPPE","quick-connect-fittings","quick-connect-selection","active","quick-connect-fittings","/products/fittings/quick-connect-fittings","imageCard","/images/products/fittings/quick-connect-fittings/products/q2002-snx-lppe-main.jpg","F:\WebsiteProjects\foreach-website-2026\public\images\products\fittings\quick-connect-fittings\products\q2002-snx-lppe-main.jpg","正常","无需处理","data/products/selection/quick-connect-fitting-selection.generated.ts","data/products/selection/quick-connect-fitting-selection.generated.ts 第 2168 行"
"431","839050","Q2004-SNX-LPPE","839050","Q2004-SNX-LPPE","quick-connect-fittings","quick-connect-selection","active","quick-connect-fittings","/products/fittings/quick-connect-fittings","imageCard","/images/products/fittings/quick-connect-fittings/products/q2004-snx-lppe-main.jpg","F:\WebsiteProjects\foreach-website-2026\public\images\products\fittings\quick-connect-fittings\products\q2004-snx-lppe-main.jpg","正常","无需处理","data/products/selection/quick-connect-fitting-selection.generated.ts","data/products/selection/quick-connect-fitting-selection.generated.ts 第 4368 行"
"432","839051","Q2018N-SNX-SPPE","839051","Q2018N-SNX-SPPE","quick-connect-fittings","quick-connect-selection","active","quick-connect-fittings","/products/fittings/quick-connect-fittings","imageCard","/images/products/fittings/quick-connect-fittings/products/q2018n-snx-sppe-main.jpg","F:\WebsiteProjects\foreach-website-2026\public\images\products\fittings\quick-connect-fittings\products\q2018n-snx-sppe-main.jpg","正常","无需处理","data/products/selection/quick-connect-fitting-selection.generated.ts","data/products/selection/quick-connect-fitting-selection.generated.ts 第 4918 行"
"433","839052","Q2001-SMX-SPPE","839052","Q2001-SMX-SPPE","quick-connect-fittings","quick-connect-selection","active","quick-connect-fittings","/products/fittings/quick-connect-fittings","imageCard","/images/products/fittings/quick-connect-fittings/products/q2001-smx-sppe-main.jpg","F:\WebsiteProjects\foreach-website-2026\public\images\products\fittings\quick-connect-fittings\products\q2001-smx-sppe-main.jpg","正常","无需处理","data/products/selection/quick-connect-fitting-selection.generated.ts","data/products/selection/quick-connect-fitting-selection.generated.ts 第 628 行"
"434","839053","Q2002-SMX-SPPE","839053","Q2002-SMX-SPPE","quick-connect-fittings","quick-connect-selection","active","quick-connect-fittings","/products/fittings/quick-connect-fittings","imageCard","/images/products/fittings/quick-connect-fittings/products/q2002-smx-sppe-main.jpg","F:\WebsiteProjects\foreach-website-2026\public\images\products\fittings\quick-connect-fittings\products\q2002-smx-sppe-main.jpg","正常","无需处理","data/products/selection/quick-connect-fitting-selection.generated.ts","data/products/selection/quick-connect-fitting-selection.generated.ts 第 1783 行"
"435","839054","Q2003-SMX-SPPE","839054","Q2003-SMX-SPPE","quick-connect-fittings","quick-connect-selection","active","quick-connect-fittings","/products/fittings/quick-connect-fittings","imageCard","/images/products/fittings/quick-connect-fittings/products/q2003-smx-sppe-main.jpg","F:\WebsiteProjects\foreach-website-2026\public\images\products\fittings\quick-connect-fittings\products\q2003-smx-sppe-main.jpg","正常","无需处理","data/products/selection/quick-connect-fitting-selection.generated.ts","data/products/selection/quick-connect-fitting-selection.generated.ts 第 2938 行"
"436","839055","Q2004-SMX-SPPE","839055","Q2004-SMX-SPPE","quick-connect-fittings","quick-connect-selection","active","quick-connect-fittings","/products/fittings/quick-connect-fittings","imageCard","/images/products/fittings/quick-connect-fittings/products/q2004-smx-sppe-main.jpg","F:\WebsiteProjects\foreach-website-2026\public\images\products\fittings\quick-connect-fittings\products\q2004-smx-sppe-main.jpg","正常","无需处理","data/products/selection/quick-connect-fitting-selection.generated.ts","data/products/selection/quick-connect-fitting-selection.generated.ts 第 4038 行"
"437","839056","Q2001-PNX-SPPE","839056","Q2001-PNX-SPPE","quick-connect-fittings","quick-connect-selection","active","quick-connect-fittings","/products/fittings/quick-connect-fittings","imageCard","/images/products/fittings/quick-connect-fittings/products/q2001-pnx-sppe-main.jpg","F:\WebsiteProjects\foreach-website-2026\public\images\products\fittings\quick-connect-fittings\products\q2001-pnx-sppe-main.jpg","正常","无需处理","data/products/selection/quick-connect-fitting-selection.generated.ts","data/products/selection/quick-connect-fitting-selection.generated.ts 第 408 行"
"438","839057","Q2002-PNX-SPPE","839057","Q2002-PNX-SPPE","quick-connect-fittings","quick-connect-selection","active","quick-connect-fittings","/products/fittings/quick-connect-fittings","imageCard","/images/products/fittings/quick-connect-fittings/products/q2002-pnx-sppe-main.jpg","F:\WebsiteProjects\foreach-website-2026\public\images\products\fittings\quick-connect-fittings\products\q2002-pnx-sppe-main.jpg","正常","无需处理","data/products/selection/quick-connect-fitting-selection.generated.ts","data/products/selection/quick-connect-fitting-selection.generated.ts 第 1563 行"
"439","839058","Q2003-PNX-SPPE","839058","Q2003-PNX-SPPE","quick-connect-fittings","quick-connect-selection","active","quick-connect-fittings","/products/fittings/quick-connect-fittings","imageCard","/images/products/fittings/quick-connect-fittings/products/q2003-pnx-sppe-main.jpg","F:\WebsiteProjects\foreach-website-2026\public\images\products\fittings\quick-connect-fittings\products\q2003-pnx-sppe-main.jpg","正常","无需处理","data/products/selection/quick-connect-fitting-selection.generated.ts","data/products/selection/quick-connect-fitting-selection.generated.ts 第 2718 行"
"440","839059","Q2004-PNX-SPPE","839059","Q2004-PNX-SPPE","quick-connect-fittings","quick-connect-selection","active","quick-connect-fittings","/products/fittings/quick-connect-fittings","imageCard","/images/products/fittings/quick-connect-fittings/products/q2004-pnx-sppe-main.jpg","F:\WebsiteProjects\foreach-website-2026\public\images\products\fittings\quick-connect-fittings\products\q2004-pnx-sppe-main.jpg","正常","无需处理","data/products/selection/quick-connect-fitting-selection.generated.ts","data/products/selection/quick-connect-fitting-selection.generated.ts 第 3818 行"
"441","839060","Q2002-PNX-LPPE","839060","Q2002-PNX-LPPE","quick-connect-fittings","quick-connect-selection","active","quick-connect-fittings","/products/fittings/quick-connect-fittings","imageCard","/images/products/fittings/quick-connect-fittings/products/q2002-pnx-lppe-main.jpg","F:\WebsiteProjects\foreach-website-2026\public\images\products\fittings\quick-connect-fittings\products\q2002-pnx-lppe-main.jpg","正常","无需处理","data/products/selection/quick-connect-fitting-selection.generated.ts","data/products/selection/quick-connect-fitting-selection.generated.ts 第 1453 行"
"442","839061","Q2004-PNX-LPPE","839061","Q2004-PNX-LPPE","quick-connect-fittings","quick-connect-selection","active","quick-connect-fittings","/products/fittings/quick-connect-fittings","imageCard","/images/products/fittings/quick-connect-fittings/products/q2004-pnx-lppe-main.jpg","F:\WebsiteProjects\foreach-website-2026\public\images\products\fittings\quick-connect-fittings\products\q2004-pnx-lppe-main.jpg","正常","无需处理","data/products/selection/quick-connect-fitting-selection.generated.ts","data/products/selection/quick-connect-fitting-selection.generated.ts 第 3708 行"
"443","839062","Q2018N-PNX-SPPE","839062","Q2018N-PNX-SPPE","quick-connect-fittings","quick-connect-selection","active","quick-connect-fittings","/products/fittings/quick-connect-fittings","imageCard","/images/products/fittings/quick-connect-fittings/products/q2018n-pnx-sppe-main.jpg","F:\WebsiteProjects\foreach-website-2026\public\images\products\fittings\quick-connect-fittings\products\q2018n-pnx-sppe-main.jpg","正常","无需处理","data/products/selection/quick-connect-fitting-selection.generated.ts","data/products/selection/quick-connect-fitting-selection.generated.ts 第 4698 行"
"444","839063","Q2001-PMX-SPPE","839063","Q2001-PMX-SPPE","quick-connect-fittings","quick-connect-selection","active","quick-connect-fittings","/products/fittings/quick-connect-fittings","imageCard","/images/products/fittings/quick-connect-fittings/products/q2001-pmx-sppe-main.jpg","F:\WebsiteProjects\foreach-website-2026\public\images\products\fittings\quick-connect-fittings\products\q2001-pmx-sppe-main.jpg","正常","无需处理","data/products/selection/quick-connect-fitting-selection.generated.ts","data/products/selection/quick-connect-fitting-selection.generated.ts 第 188 行"
"445","839064","Q2002-PMX-SPPE","839064","Q2002-PMX-SPPE","quick-connect-fittings","quick-connect-selection","active","quick-connect-fittings","/products/fittings/quick-connect-fittings","imageCard","/images/products/fittings/quick-connect-fittings/products/q2002-pmx-sppe-main.jpg","F:\WebsiteProjects\foreach-website-2026\public\images\products\fittings\quick-connect-fittings\products\q2002-pmx-sppe-main.jpg","正常","无需处理","data/products/selection/quick-connect-fitting-selection.generated.ts","data/products/selection/quick-connect-fitting-selection.generated.ts 第 1068 行"
"446","839065","Q2003-PMX-SPPE","839065","Q2003-PMX-SPPE","quick-connect-fittings","quick-connect-selection","active","quick-connect-fittings","/products/fittings/quick-connect-fittings","imageCard","/images/products/fittings/quick-connect-fittings/products/q2003-pmx-sppe-main.jpg","F:\WebsiteProjects\foreach-website-2026\public\images\products\fittings\quick-connect-fittings\products\q2003-pmx-sppe-main.jpg","正常","无需处理","data/products/selection/quick-connect-fitting-selection.generated.ts","data/products/selection/quick-connect-fitting-selection.generated.ts 第 2498 行"
"447","839066","Q2004-PMX-SPPE","839066","Q2004-PMX-SPPE","quick-connect-fittings","quick-connect-selection","active","quick-connect-fittings","/products/fittings/quick-connect-fittings","imageCard","/images/products/fittings/quick-connect-fittings/products/q2004-pmx-sppe-main.jpg","F:\WebsiteProjects\foreach-website-2026\public\images\products\fittings\quick-connect-fittings\products\q2004-pmx-sppe-main.jpg","正常","无需处理","data/products/selection/quick-connect-fitting-selection.generated.ts","data/products/selection/quick-connect-fitting-selection.generated.ts 第 3378 行"
"448","839067","Q2001-SNV-SPPE","839067","Q2001-SNV-SPPE","quick-connect-fittings","quick-connect-selection","active","quick-connect-fittings","/products/fittings/quick-connect-fittings","imageCard","/images/products/fittings/quick-connect-fittings/products/q2001-snv-sppe-main.jpg","F:\WebsiteProjects\foreach-website-2026\public\images\products\fittings\quick-connect-fittings\products\q2001-snv-sppe-main.jpg","正常","无需处理","data/products/selection/quick-connect-fitting-selection.generated.ts","data/products/selection/quick-connect-fitting-selection.generated.ts 第 738 行"
"449","839068","Q2002-SNV-SPPE","839068","Q2002-SNV-SPPE","quick-connect-fittings","quick-connect-selection","active","quick-connect-fittings","/products/fittings/quick-connect-fittings","imageCard","/images/products/fittings/quick-connect-fittings/products/q2002-snv-sppe-main.jpg","F:\WebsiteProjects\foreach-website-2026\public\images\products\fittings\quick-connect-fittings\products\q2002-snv-sppe-main.jpg","正常","无需处理","data/products/selection/quick-connect-fitting-selection.generated.ts","data/products/selection/quick-connect-fitting-selection.generated.ts 第 2058 行"
"450","839069","Q2003-SNV-SPPE","839069","Q2003-SNV-SPPE","quick-connect-fittings","quick-connect-selection","active","quick-connect-fittings","/products/fittings/quick-connect-fittings","imageCard","/images/products/fittings/quick-connect-fittings/products/q2003-snv-sppe-main.jpg","F:\WebsiteProjects\foreach-website-2026\public\images\products\fittings\quick-connect-fittings\products\q2003-snv-sppe-main.jpg","正常","无需处理","data/products/selection/quick-connect-fitting-selection.generated.ts","data/products/selection/quick-connect-fitting-selection.generated.ts 第 3048 行"
"451","839070","Q2004-SNV-SPPE","839070","Q2004-SNV-SPPE","quick-connect-fittings","quick-connect-selection","active","quick-connect-fittings","/products/fittings/quick-connect-fittings","imageCard","/images/products/fittings/quick-connect-fittings/products/q2004-snv-sppe-main.jpg","F:\WebsiteProjects\foreach-website-2026\public\images\products\fittings\quick-connect-fittings\products\q2004-snv-sppe-main.jpg","正常","无需处理","data/products/selection/quick-connect-fitting-selection.generated.ts","data/products/selection/quick-connect-fitting-selection.generated.ts 第 4258 行"
"452","839071","Q2002-SNV-LPPE","839071","Q2002-SNV-LPPE","quick-connect-fittings","quick-connect-selection","active","quick-connect-fittings","/products/fittings/quick-connect-fittings","imageCard","/images/products/fittings/quick-connect-fittings/products/q2002-snv-lppe-main.jpg","F:\WebsiteProjects\foreach-website-2026\public\images\products\fittings\quick-connect-fittings\products\q2002-snv-lppe-main.jpg","正常","无需处理","data/products/selection/quick-connect-fitting-selection.generated.ts","data/products/selection/quick-connect-fitting-selection.generated.ts 第 1893 行"
"453","839072","Q2004-SNV-LPPE","839072","Q2004-SNV-LPPE","quick-connect-fittings","quick-connect-selection","active","quick-connect-fittings","/products/fittings/quick-connect-fittings","imageCard","/images/products/fittings/quick-connect-fittings/products/q2004-snv-lppe-main.jpg","F:\WebsiteProjects\foreach-website-2026\public\images\products\fittings\quick-connect-fittings\products\q2004-snv-lppe-main.jpg","正常","无需处理","data/products/selection/quick-connect-fitting-selection.generated.ts","data/products/selection/quick-connect-fitting-selection.generated.ts 第 4148 行"
"454","839073","Q2018N-SNV-SPPE","839073","Q2018N-SNV-SPPE","quick-connect-fittings","quick-connect-selection","active","quick-connect-fittings","/products/fittings/quick-connect-fittings","imageCard","/images/products/fittings/quick-connect-fittings/products/q2018n-snv-sppe-main.jpg","F:\WebsiteProjects\foreach-website-2026\public\images\products\fittings\quick-connect-fittings\products\q2018n-snv-sppe-main.jpg","正常","无需处理","data/products/selection/quick-connect-fitting-selection.generated.ts","data/products/selection/quick-connect-fitting-selection.generated.ts 第 4808 行"
"455","839074","Q2001-SMV-SPPE","839074","Q2001-SMV-SPPE","quick-connect-fittings","quick-connect-selection","active","quick-connect-fittings","/products/fittings/quick-connect-fittings","imageCard","/images/products/fittings/quick-connect-fittings/products/q2001-smv-sppe-main.jpg","F:\WebsiteProjects\foreach-website-2026\public\images\products\fittings\quick-connect-fittings\products\q2001-smv-sppe-main.jpg","正常","无需处理","data/products/selection/quick-connect-fitting-selection.generated.ts","data/products/selection/quick-connect-fitting-selection.generated.ts 第 518 行"
"456","839075","Q2002-SMV-SPPE","839075","Q2002-SMV-SPPE","quick-connect-fittings","quick-connect-selection","active","quick-connect-fittings","/products/fittings/quick-connect-fittings","imageCard","/images/products/fittings/quick-connect-fittings/products/q2002-smv-sppe-main.jpg","F:\WebsiteProjects\foreach-website-2026\public\images\products\fittings\quick-connect-fittings\products\q2002-smv-sppe-main.jpg","正常","无需处理","data/products/selection/quick-connect-fitting-selection.generated.ts","data/products/selection/quick-connect-fitting-selection.generated.ts 第 1673 行"
"457","839076","Q2003-SMV-SPPE","839076","Q2003-SMV-SPPE","quick-connect-fittings","quick-connect-selection","active","quick-connect-fittings","/products/fittings/quick-connect-fittings","imageCard","/images/products/fittings/quick-connect-fittings/products/q2003-smv-sppe-main.jpg","F:\WebsiteProjects\foreach-website-2026\public\images\products\fittings\quick-connect-fittings\products\q2003-smv-sppe-main.jpg","正常","无需处理","data/products/selection/quick-connect-fitting-selection.generated.ts","data/products/selection/quick-connect-fitting-selection.generated.ts 第 2828 行"
"458","839077","Q2004-SMV-SPPE","839077","Q2004-SMV-SPPE","quick-connect-fittings","quick-connect-selection","active","quick-connect-fittings","/products/fittings/quick-connect-fittings","imageCard","/images/products/fittings/quick-connect-fittings/products/q2004-smv-sppe-main.jpg","F:\WebsiteProjects\foreach-website-2026\public\images\products\fittings\quick-connect-fittings\products\q2004-smv-sppe-main.jpg","正常","无需处理","data/products/selection/quick-connect-fitting-selection.generated.ts","data/products/selection/quick-connect-fitting-selection.generated.ts 第 3928 行"
"459","839078","Q2001-PNV-SPPE","839078","Q2001-PNV-SPPE","quick-connect-fittings","quick-connect-selection","active","quick-connect-fittings","/products/fittings/quick-connect-fittings","imageCard","/images/products/fittings/quick-connect-fittings/products/q2001-pnv-sppe-main.jpg","F:\WebsiteProjects\foreach-website-2026\public\images\products\fittings\quick-connect-fittings\products\q2001-pnv-sppe-main.jpg","正常","无需处理","data/products/selection/quick-connect-fitting-selection.generated.ts","data/products/selection/quick-connect-fitting-selection.generated.ts 第 298 行"
"460","839079","Q2002-PNV-SPPE","839079","Q2002-PNV-SPPE","quick-connect-fittings","quick-connect-selection","active","quick-connect-fittings","/products/fittings/quick-connect-fittings","imageCard","/images/products/fittings/quick-connect-fittings/products/q2002-pnv-sppe-main.jpg","F:\WebsiteProjects\foreach-website-2026\public\images\products\fittings\quick-connect-fittings\products\q2002-pnv-sppe-main.jpg","正常","无需处理","data/products/selection/quick-connect-fitting-selection.generated.ts","data/products/selection/quick-connect-fitting-selection.generated.ts 第 1343 行"
"461","839080","Q2003-PNV-SPPE","839080","Q2003-PNV-SPPE","quick-connect-fittings","quick-connect-selection","active","quick-connect-fittings","/products/fittings/quick-connect-fittings","imageCard","/images/products/fittings/quick-connect-fittings/products/q2003-pnv-sppe-main.jpg","F:\WebsiteProjects\foreach-website-2026\public\images\products\fittings\quick-connect-fittings\products\q2003-pnv-sppe-main.jpg","正常","无需处理","data/products/selection/quick-connect-fitting-selection.generated.ts","data/products/selection/quick-connect-fitting-selection.generated.ts 第 2608 行"
"462","839081","Q2004-PNV-SPPE","839081","Q2004-PNV-SPPE","quick-connect-fittings","quick-connect-selection","active","quick-connect-fittings","/products/fittings/quick-connect-fittings","imageCard","/images/products/fittings/quick-connect-fittings/products/q2004-pnv-sppe-main.jpg","F:\WebsiteProjects\foreach-website-2026\public\images\products\fittings\quick-connect-fittings\products\q2004-pnv-sppe-main.jpg","正常","无需处理","data/products/selection/quick-connect-fitting-selection.generated.ts","data/products/selection/quick-connect-fitting-selection.generated.ts 第 3598 行"
"463","839082","Q2002-PNV-LPPE","839082","Q2002-PNV-LPPE","quick-connect-fittings","quick-connect-selection","active","quick-connect-fittings","/products/fittings/quick-connect-fittings","imageCard","/images/products/fittings/quick-connect-fittings/products/q2002-pnv-lppe-main.jpg","F:\WebsiteProjects\foreach-website-2026\public\images\products\fittings\quick-connect-fittings\products\q2002-pnv-lppe-main.jpg","正常","无需处理","data/products/selection/quick-connect-fitting-selection.generated.ts","data/products/selection/quick-connect-fitting-selection.generated.ts 第 1178 行"
"464","839083","Q2004-PNV-LPPE","839083","Q2004-PNV-LPPE","quick-connect-fittings","quick-connect-selection","active","quick-connect-fittings","/products/fittings/quick-connect-fittings","imageCard","/images/products/fittings/quick-connect-fittings/products/q2004-pnv-lppe-main.jpg","F:\WebsiteProjects\foreach-website-2026\public\images\products\fittings\quick-connect-fittings\products\q2004-pnv-lppe-main.jpg","正常","无需处理","data/products/selection/quick-connect-fitting-selection.generated.ts","data/products/selection/quick-connect-fitting-selection.generated.ts 第 3488 行"
"465","839084","Q2018N-PNV-SPPE","839084","Q2018N-PNV-SPPE","quick-connect-fittings","quick-connect-selection","active","quick-connect-fittings","/products/fittings/quick-connect-fittings","imageCard","/images/products/fittings/quick-connect-fittings/products/q2018n-pnv-sppe-main.jpg","F:\WebsiteProjects\foreach-website-2026\public\images\products\fittings\quick-connect-fittings\products\q2018n-pnv-sppe-main.jpg","正常","无需处理","data/products/selection/quick-connect-fitting-selection.generated.ts","data/products/selection/quick-connect-fitting-selection.generated.ts 第 4588 行"
"466","839085","Q2001-PMV-SPPE","839085","Q2001-PMV-SPPE","quick-connect-fittings","quick-connect-selection","active","quick-connect-fittings","/products/fittings/quick-connect-fittings","imageCard","/images/products/fittings/quick-connect-fittings/products/q2001-pmv-sppe-main.jpg","F:\WebsiteProjects\foreach-website-2026\public\images\products\fittings\quick-connect-fittings\products\q2001-pmv-sppe-main.jpg","正常","无需处理","data/products/selection/quick-connect-fitting-selection.generated.ts","data/products/selection/quick-connect-fitting-selection.generated.ts 第 78 行"
"467","839086","Q2002-PMV-SPPE","839086","Q2002-PMV-SPPE","quick-connect-fittings","quick-connect-selection","active","quick-connect-fittings","/products/fittings/quick-connect-fittings","imageCard","/images/products/fittings/quick-connect-fittings/products/q2002-pmv-sppe-main.jpg","F:\WebsiteProjects\foreach-website-2026\public\images\products\fittings\quick-connect-fittings\products\q2002-pmv-sppe-main.jpg","正常","无需处理","data/products/selection/quick-connect-fitting-selection.generated.ts","data/products/selection/quick-connect-fitting-selection.generated.ts 第 958 行"
"468","839087","Q2003-PMV-SPPE","839087","Q2003-PMV-SPPE","quick-connect-fittings","quick-connect-selection","active","quick-connect-fittings","/products/fittings/quick-connect-fittings","imageCard","/images/products/fittings/quick-connect-fittings/products/q2003-pmv-sppe-main.jpg","F:\WebsiteProjects\foreach-website-2026\public\images\products\fittings\quick-connect-fittings\products\q2003-pmv-sppe-main.jpg","正常","无需处理","data/products/selection/quick-connect-fitting-selection.generated.ts","data/products/selection/quick-connect-fitting-selection.generated.ts 第 2388 行"
"469","839088","Q2004-PMV-SPPE","839088","Q2004-PMV-SPPE","quick-connect-fittings","quick-connect-selection","active","quick-connect-fittings","/products/fittings/quick-connect-fittings","imageCard","/images/products/fittings/quick-connect-fittings/products/q2004-pmv-sppe-main.jpg","F:\WebsiteProjects\foreach-website-2026\public\images\products\fittings\quick-connect-fittings\products\q2004-pmv-sppe-main.jpg","正常","无需处理","data/products/selection/quick-connect-fitting-selection.generated.ts","data/products/selection/quick-connect-fitting-selection.generated.ts 第 3268 行"
"470","839091","Q2002-PNV-SACF","839091","Q2002-PNV-SACF","quick-connect-fittings","quick-connect-selection","active","quick-connect-fittings","/products/fittings/quick-connect-fittings","imageCard","/images/products/FIT/Quick connector_200x200_01_v001.jpg","F:\WebsiteProjects\foreach-website-2026\public\images\products\FIT\Quick connector_200x200_01_v001.jpg","正常","无需处理","data/products/selection/quick-connect-fitting-selection.generated.ts","data/products/selection/quick-connect-fitting-selection.generated.ts 第 1233 行"
"471","839092","Q2002-SNV-SACF","839092","Q2002-SNV-SACF","quick-connect-fittings","quick-connect-selection","active","quick-connect-fittings","/products/fittings/quick-connect-fittings","imageCard","/images/products/FIT/Quick connector_200x200_01_v001.jpg","F:\WebsiteProjects\foreach-website-2026\public\images\products\FIT\Quick connector_200x200_01_v001.jpg","正常","无需处理","data/products/selection/quick-connect-fitting-selection.generated.ts","data/products/selection/quick-connect-fitting-selection.generated.ts 第 1948 行"
"472","839097","Q2018T-SNV-SPPE","839097","Q2018T-SNV-SPPE","quick-connect-fittings","quick-connect-selection","active","quick-connect-fittings","/products/fittings/quick-connect-fittings","imageCard","/images/products/FIT/Quick connector_200x200_01_v001.jpg","F:\WebsiteProjects\foreach-website-2026\public\images\products\FIT\Quick connector_200x200_01_v001.jpg","正常","无需处理","data/products/selection/quick-connect-fitting-selection.generated.ts","data/products/selection/quick-connect-fitting-selection.generated.ts 第 5028 行"
"473","839104","Q2018T-SNX-SPPE","839104","Q2018T-SNX-SPPE","quick-connect-fittings","quick-connect-selection","active","quick-connect-fittings","/products/fittings/quick-connect-fittings","imageCard","/images/products/FIT/Quick connector_200x200_01_v001.jpg","F:\WebsiteProjects\foreach-website-2026\public\images\products\FIT\Quick connector_200x200_01_v001.jpg","正常","无需处理","data/products/selection/quick-connect-fitting-selection.generated.ts","data/products/selection/quick-connect-fitting-selection.generated.ts 第 5138 行"
"474","839105","Q2028U-SMV-SPPE","839105","Q2028U-SMV-SPPE","quick-connect-fittings","quick-connect-selection","active","quick-connect-fittings","/products/fittings/quick-connect-fittings","imageCard","/images/products/FIT/Quick connector_200x200_01_v001.jpg","F:\WebsiteProjects\foreach-website-2026\public\images\products\FIT\Quick connector_200x200_01_v001.jpg","正常","无需处理","data/products/selection/quick-connect-fitting-selection.generated.ts","data/products/selection/quick-connect-fitting-selection.generated.ts 第 5358 行"
"475","839106","Q2028U-PNV-SPPE","839106","Q2028U-PNV-SPPE","quick-connect-fittings","quick-connect-selection","active","quick-connect-fittings","/products/fittings/quick-connect-fittings","imageCard","/images/products/FIT/Quick connector_200x200_01_v001.jpg","F:\WebsiteProjects\foreach-website-2026\public\images\products\FIT\Quick connector_200x200_01_v001.jpg","正常","无需处理","data/products/selection/quick-connect-fitting-selection.generated.ts","data/products/selection/quick-connect-fitting-selection.generated.ts 第 5248 行"
"476","839107","Q2028U-SMV-SACN","839107","Q2028U-SMV-SACN","quick-connect-fittings","quick-connect-selection","active","quick-connect-fittings","/products/fittings/quick-connect-fittings","imageCard","/images/products/FIT/Quick connector_200x200_01_v001.jpg","F:\WebsiteProjects\foreach-website-2026\public\images\products\FIT\Quick connector_200x200_01_v001.jpg","正常","无需处理","data/products/selection/quick-connect-fitting-selection.generated.ts","data/products/selection/quick-connect-fitting-selection.generated.ts 第 5303 行"
"477","839108","Q2028U-PNV-SACN","839108","Q2028U-PNV-SACN","quick-connect-fittings","quick-connect-selection","active","quick-connect-fittings","/products/fittings/quick-connect-fittings","imageCard","/images/products/FIT/Quick connector_200x200_01_v001.jpg","F:\WebsiteProjects\foreach-website-2026\public\images\products\FIT\Quick connector_200x200_01_v001.jpg","正常","无需处理","data/products/selection/quick-connect-fitting-selection.generated.ts","data/products/selection/quick-connect-fitting-selection.generated.ts 第 5193 行"
"478","839109","Q2018T-SNV-SACN","839109","Q2018T-SNV-SACN","quick-connect-fittings","quick-connect-selection","active","quick-connect-fittings","/products/fittings/quick-connect-fittings","imageCard","/images/products/FIT/Quick connector_200x200_01_v001.jpg","F:\WebsiteProjects\foreach-website-2026\public\images\products\FIT\Quick connector_200x200_01_v001.jpg","正常","无需处理","data/products/selection/quick-connect-fitting-selection.generated.ts","data/products/selection/quick-connect-fitting-selection.generated.ts 第 4973 行"
"479","839110","Q2018T-SNX-SACN","839110","Q2018T-SNX-SACN","quick-connect-fittings","quick-connect-selection","active","quick-connect-fittings","/products/fittings/quick-connect-fittings","imageCard","/images/products/FIT/Quick connector_200x200_01_v001.jpg","F:\WebsiteProjects\foreach-website-2026\public\images\products\FIT\Quick connector_200x200_01_v001.jpg","正常","无需处理","data/products/selection/quick-connect-fitting-selection.generated.ts","data/products/selection/quick-connect-fitting-selection.generated.ts 第 5083 行"
"480","849001","Q4004-SNX-SACN","849001","Q4004-SNX-SACN","quick-connect-fittings","quick-connect-selection","active","quick-connect-fittings","/products/fittings/quick-connect-fittings","imageCard","/images/products/fittings/quick-connect-fittings/products/q4004-snx-sacn-main.jpg","F:\WebsiteProjects\foreach-website-2026\public\images\products\fittings\quick-connect-fittings\products\q4004-snx-sacn-main.jpg","正常","无需处理","data/products/selection/quick-connect-fitting-selection.generated.ts","data/products/selection/quick-connect-fitting-selection.generated.ts 第 6293 行"
"481","849002","Q4005-SNX-SACN","849002","Q4005-SNX-SACN","quick-connect-fittings","quick-connect-selection","active","quick-connect-fittings","/products/fittings/quick-connect-fittings","imageCard","/images/products/fittings/quick-connect-fittings/products/q4005-snx-sacn-main.jpg","F:\WebsiteProjects\foreach-website-2026\public\images\products\fittings\quick-connect-fittings\products\q4005-snx-sacn-main.jpg","正常","无需处理","data/products/selection/quick-connect-fitting-selection.generated.ts","data/products/selection/quick-connect-fitting-selection.generated.ts 第 7173 行"
"482","849003","Q4006-SNX-SACN","849003","Q4006-SNX-SACN","quick-connect-fittings","quick-connect-selection","active","quick-connect-fittings","/products/fittings/quick-connect-fittings","imageCard","/images/products/fittings/quick-connect-fittings/products/q4006-snx-sacn-main.jpg","F:\WebsiteProjects\foreach-website-2026\public\images\products\fittings\quick-connect-fittings\products\q4006-snx-sacn-main.jpg","正常","无需处理","data/products/selection/quick-connect-fitting-selection.generated.ts","data/products/selection/quick-connect-fitting-selection.generated.ts 第 8163 行"
"483","849006","Q4014N-SNX-SACN","849006","Q4014N-SNX-SACN","quick-connect-fittings","quick-connect-selection","active","quick-connect-fittings","/products/fittings/quick-connect-fittings","imageCard","/images/products/fittings/quick-connect-fittings/products/q4014n-snx-sacn-main.jpg","F:\WebsiteProjects\foreach-website-2026\public\images\products\fittings\quick-connect-fittings\products\q4014n-snx-sacn-main.jpg","正常","无需处理","data/products/selection/quick-connect-fitting-selection.generated.ts","data/products/selection/quick-connect-fitting-selection.generated.ts 第 8493 行"
"484","849007","Q4004-SMX-SACN","849007","Q4004-SMX-SACN","quick-connect-fittings","quick-connect-selection","active","quick-connect-fittings","/products/fittings/quick-connect-fittings","imageCard","/images/products/fittings/quick-connect-fittings/products/q4004-smx-sacn-main.jpg","F:\WebsiteProjects\foreach-website-2026\public\images\products\fittings\quick-connect-fittings\products\q4004-smx-sacn-main.jpg","正常","无需处理","data/products/selection/quick-connect-fitting-selection.generated.ts","data/products/selection/quick-connect-fitting-selection.generated.ts 第 6073 行"
"485","849008","Q4005-SMX-SACN","849008","Q4005-SMX-SACN","quick-connect-fittings","quick-connect-selection","active","quick-connect-fittings","/products/fittings/quick-connect-fittings","imageCard","/images/products/fittings/quick-connect-fittings/products/q4005-smx-sacn-main.jpg","F:\WebsiteProjects\foreach-website-2026\public\images\products\fittings\quick-connect-fittings\products\q4005-smx-sacn-main.jpg","正常","无需处理","data/products/selection/quick-connect-fitting-selection.generated.ts","data/products/selection/quick-connect-fitting-selection.generated.ts 第 6953 行"
"486","849009","Q4006-SMX-SACN","849009","Q4006-SMX-SACN","quick-connect-fittings","quick-connect-selection","active","quick-connect-fittings","/products/fittings/quick-connect-fittings","imageCard","/images/products/fittings/quick-connect-fittings/products/q4006-smx-sacn-main.jpg","F:\WebsiteProjects\foreach-website-2026\public\images\products\fittings\quick-connect-fittings\products\q4006-smx-sacn-main.jpg","正常","无需处理","data/products/selection/quick-connect-fitting-selection.generated.ts","data/products/selection/quick-connect-fitting-selection.generated.ts 第 7943 行"
"487","849010","Q4004-PNX-SACN","849010","Q4004-PNX-SACN","quick-connect-fittings","quick-connect-selection","active","quick-connect-fittings","/products/fittings/quick-connect-fittings","imageCard","/images/products/fittings/quick-connect-fittings/products/q4004-pnx-sacn-main.jpg","F:\WebsiteProjects\foreach-website-2026\public\images\products\fittings\quick-connect-fittings\products\q4004-pnx-sacn-main.jpg","正常","无需处理","data/products/selection/quick-connect-fitting-selection.generated.ts","data/products/selection/quick-connect-fitting-selection.generated.ts 第 5853 行"
"488","849011","Q4005-PNX-SACN","849011","Q4005-PNX-SACN","quick-connect-fittings","quick-connect-selection","active","quick-connect-fittings","/products/fittings/quick-connect-fittings","imageCard","/images/products/fittings/quick-connect-fittings/products/q4005-pnx-sacn-main.jpg","F:\WebsiteProjects\foreach-website-2026\public\images\products\fittings\quick-connect-fittings\products\q4005-pnx-sacn-main.jpg","正常","无需处理","data/products/selection/quick-connect-fitting-selection.generated.ts","data/products/selection/quick-connect-fitting-selection.generated.ts 第 6733 行"
"489","849012","Q4006-PNX-SACN","849012","Q4006-PNX-SACN","quick-connect-fittings","quick-connect-selection","active","quick-connect-fittings","/products/fittings/quick-connect-fittings","imageCard","/images/products/fittings/quick-connect-fittings/products/q4006-pnx-sacn-main.jpg","F:\WebsiteProjects\foreach-website-2026\public\images\products\fittings\quick-connect-fittings\products\q4006-pnx-sacn-main.jpg","正常","无需处理","data/products/selection/quick-connect-fitting-selection.generated.ts","data/products/selection/quick-connect-fitting-selection.generated.ts 第 7723 行"
"490","849013","Q4006-PNX-LACN","849013","Q4006-PNX-LACN","quick-connect-fittings","quick-connect-selection","active","quick-connect-fittings","/products/fittings/quick-connect-fittings","imageCard","/images/products/fittings/quick-connect-fittings/products/q4006-pnx-lacn-main.jpg","F:\WebsiteProjects\foreach-website-2026\public\images\products\fittings\quick-connect-fittings\products\q4006-pnx-lacn-main.jpg","正常","无需处理","data/products/selection/quick-connect-fitting-selection.generated.ts","data/products/selection/quick-connect-fitting-selection.generated.ts 第 7613 行"
"491","849015","Q4004-PMX-SACN","849015","Q4004-PMX-SACN","quick-connect-fittings","quick-connect-selection","active","quick-connect-fittings","/products/fittings/quick-connect-fittings","imageCard","/images/products/fittings/quick-connect-fittings/products/q4004-pmx-sacn-main.jpg","F:\WebsiteProjects\foreach-website-2026\public\images\products\fittings\quick-connect-fittings\products\q4004-pmx-sacn-main.jpg","正常","无需处理","data/products/selection/quick-connect-fitting-selection.generated.ts","data/products/selection/quick-connect-fitting-selection.generated.ts 第 5523 行"
"492","849016","Q4005-PMX-SACN","849016","Q4005-PMX-SACN","quick-connect-fittings","quick-connect-selection","active","quick-connect-fittings","/products/fittings/quick-connect-fittings","imageCard","/images/products/fittings/quick-connect-fittings/products/q4005-pmx-sacn-main.jpg","F:\WebsiteProjects\foreach-website-2026\public\images\products\fittings\quick-connect-fittings\products\q4005-pmx-sacn-main.jpg","正常","无需处理","data/products/selection/quick-connect-fitting-selection.generated.ts","data/products/selection/quick-connect-fitting-selection.generated.ts 第 6513 行"
"493","849017","Q4006-PMX-SACN","849017","Q4006-PMX-SACN","quick-connect-fittings","quick-connect-selection","active","quick-connect-fittings","/products/fittings/quick-connect-fittings","imageCard","/images/products/fittings/quick-connect-fittings/products/q4006-pmx-sacn-main.jpg","F:\WebsiteProjects\foreach-website-2026\public\images\products\fittings\quick-connect-fittings\products\q4006-pmx-sacn-main.jpg","正常","无需处理","data/products/selection/quick-connect-fitting-selection.generated.ts","data/products/selection/quick-connect-fitting-selection.generated.ts 第 7393 行"
"494","849018","Q4004-SNV-SACN","849018","Q4004-SNV-SACN","quick-connect-fittings","quick-connect-selection","active","quick-connect-fittings","/products/fittings/quick-connect-fittings","imageCard","/images/products/fittings/quick-connect-fittings/products/q4004-snv-sacn-main.jpg","F:\WebsiteProjects\foreach-website-2026\public\images\products\fittings\quick-connect-fittings\products\q4004-snv-sacn-main.jpg","正常","无需处理","data/products/selection/quick-connect-fitting-selection.generated.ts","data/products/selection/quick-connect-fitting-selection.generated.ts 第 6183 行"
"495","849019","Q4005-SNV-SACN","849019","Q4005-SNV-SACN","quick-connect-fittings","quick-connect-selection","active","quick-connect-fittings","/products/fittings/quick-connect-fittings","imageCard","/images/products/fittings/quick-connect-fittings/products/q4005-snv-sacn-main.jpg","F:\WebsiteProjects\foreach-website-2026\public\images\products\fittings\quick-connect-fittings\products\q4005-snv-sacn-main.jpg","正常","无需处理","data/products/selection/quick-connect-fitting-selection.generated.ts","data/products/selection/quick-connect-fitting-selection.generated.ts 第 7063 行"
"496","849020","Q4006-SNV-SACN","849020","Q4006-SNV-SACN","quick-connect-fittings","quick-connect-selection","active","quick-connect-fittings","/products/fittings/quick-connect-fittings","imageCard","/images/products/fittings/quick-connect-fittings/products/q4006-snv-sacn-main.jpg","F:\WebsiteProjects\foreach-website-2026\public\images\products\fittings\quick-connect-fittings\products\q4006-snv-sacn-main.jpg","正常","无需处理","data/products/selection/quick-connect-fitting-selection.generated.ts","data/products/selection/quick-connect-fitting-selection.generated.ts 第 8053 行"
"497","849023","Q4014N-SNV-SACN","849023","Q4014N-SNV-SACN","quick-connect-fittings","quick-connect-selection","active","quick-connect-fittings","/products/fittings/quick-connect-fittings","imageCard","/images/products/fittings/quick-connect-fittings/products/q4014n-snv-sacn-main.jpg","F:\WebsiteProjects\foreach-website-2026\public\images\products\fittings\quick-connect-fittings\products\q4014n-snv-sacn-main.jpg","正常","无需处理","data/products/selection/quick-connect-fitting-selection.generated.ts","data/products/selection/quick-connect-fitting-selection.generated.ts 第 8383 行"
"498","849024","Q4004-SMV-SACN","849024","Q4004-SMV-SACN","quick-connect-fittings","quick-connect-selection","active","quick-connect-fittings","/products/fittings/quick-connect-fittings","imageCard","/images/products/fittings/quick-connect-fittings/products/q4004-smv-sacn-main.jpg","F:\WebsiteProjects\foreach-website-2026\public\images\products\fittings\quick-connect-fittings\products\q4004-smv-sacn-main.jpg","正常","无需处理","data/products/selection/quick-connect-fitting-selection.generated.ts","data/products/selection/quick-connect-fitting-selection.generated.ts 第 5963 行"
"499","849025","Q4005-SMV-SACN","849025","Q4005-SMV-SACN","quick-connect-fittings","quick-connect-selection","active","quick-connect-fittings","/products/fittings/quick-connect-fittings","imageCard","/images/products/fittings/quick-connect-fittings/products/q4005-smv-sacn-main.jpg","F:\WebsiteProjects\foreach-website-2026\public\images\products\fittings\quick-connect-fittings\products\q4005-smv-sacn-main.jpg","正常","无需处理","data/products/selection/quick-connect-fitting-selection.generated.ts","data/products/selection/quick-connect-fitting-selection.generated.ts 第 6843 行"
"500","849026","Q4006-SMV-SACN","849026","Q4006-SMV-SACN","quick-connect-fittings","quick-connect-selection","active","quick-connect-fittings","/products/fittings/quick-connect-fittings","imageCard","/images/products/fittings/quick-connect-fittings/products/q4006-smv-sacn-main.jpg","F:\WebsiteProjects\foreach-website-2026\public\images\products\fittings\quick-connect-fittings\products\q4006-smv-sacn-main.jpg","正常","无需处理","data/products/selection/quick-connect-fitting-selection.generated.ts","data/products/selection/quick-connect-fitting-selection.generated.ts 第 7833 行"
"501","849027","Q4004-PNV-SACN","849027","Q4004-PNV-SACN","quick-connect-fittings","quick-connect-selection","active","quick-connect-fittings","/products/fittings/quick-connect-fittings","imageCard","/images/products/fittings/quick-connect-fittings/products/q4004-pnv-sacn-main.jpg","F:\WebsiteProjects\foreach-website-2026\public\images\products\fittings\quick-connect-fittings\products\q4004-pnv-sacn-main.jpg","正常","无需处理","data/products/selection/quick-connect-fitting-selection.generated.ts","data/products/selection/quick-connect-fitting-selection.generated.ts 第 5743 行"
"502","849028","Q4005-PNV-SACN","849028","Q4005-PNV-SACN","quick-connect-fittings","quick-connect-selection","active","quick-connect-fittings","/products/fittings/quick-connect-fittings","imageCard","/images/products/fittings/quick-connect-fittings/products/q4005-pnv-sacn-main.jpg","F:\WebsiteProjects\foreach-website-2026\public\images\products\fittings\quick-connect-fittings\products\q4005-pnv-sacn-main.jpg","正常","无需处理","data/products/selection/quick-connect-fitting-selection.generated.ts","data/products/selection/quick-connect-fitting-selection.generated.ts 第 6623 行"
"503","849029","Q4006-PNV-SACN","849029","Q4006-PNV-SACN","quick-connect-fittings","quick-connect-selection","active","quick-connect-fittings","/products/fittings/quick-connect-fittings","imageCard","/images/products/fittings/quick-connect-fittings/products/q4006-pnv-sacn-main.jpg","F:\WebsiteProjects\foreach-website-2026\public\images\products\fittings\quick-connect-fittings\products\q4006-pnv-sacn-main.jpg","正常","无需处理","data/products/selection/quick-connect-fitting-selection.generated.ts","data/products/selection/quick-connect-fitting-selection.generated.ts 第 7503 行"
"504","849030","Q4004-PNV-LACN","849030","Q4004-PNV-LACN","quick-connect-fittings","quick-connect-selection","active","quick-connect-fittings","/products/fittings/quick-connect-fittings","imageCard","/images/products/fittings/quick-connect-fittings/products/q4004-pnv-lacn-main.jpg","F:\WebsiteProjects\foreach-website-2026\public\images\products\fittings\quick-connect-fittings\products\q4004-pnv-lacn-main.jpg","正常","无需处理","data/products/selection/quick-connect-fitting-selection.generated.ts","data/products/selection/quick-connect-fitting-selection.generated.ts 第 5633 行"
"505","849031","Q4014N-PNV-SACN","849031","Q4014N-PNV-SACN","quick-connect-fittings","quick-connect-selection","active","quick-connect-fittings","/products/fittings/quick-connect-fittings","imageCard","/images/products/fittings/quick-connect-fittings/products/q4014n-pnv-sacn-main.jpg","F:\WebsiteProjects\foreach-website-2026\public\images\products\fittings\quick-connect-fittings\products\q4014n-pnv-sacn-main.jpg","正常","无需处理","data/products/selection/quick-connect-fitting-selection.generated.ts","data/products/selection/quick-connect-fitting-selection.generated.ts 第 8273 行"
"506","849032","Q4004-PMV-SACN","849032","Q4004-PMV-SACN","quick-connect-fittings","quick-connect-selection","active","quick-connect-fittings","/products/fittings/quick-connect-fittings","imageCard","/images/products/fittings/quick-connect-fittings/products/q4004-pmv-sacn-main.jpg","F:\WebsiteProjects\foreach-website-2026\public\images\products\fittings\quick-connect-fittings\products\q4004-pmv-sacn-main.jpg","正常","无需处理","data/products/selection/quick-connect-fitting-selection.generated.ts","data/products/selection/quick-connect-fitting-selection.generated.ts 第 5413 行"
"507","849033","Q4005-PMV-SACN","849033","Q4005-PMV-SACN","quick-connect-fittings","quick-connect-selection","active","quick-connect-fittings","/products/fittings/quick-connect-fittings","imageCard","/images/products/fittings/quick-connect-fittings/products/q4005-pmv-sacn-main.jpg","F:\WebsiteProjects\foreach-website-2026\public\images\products\fittings\quick-connect-fittings\products\q4005-pmv-sacn-main.jpg","正常","无需处理","data/products/selection/quick-connect-fitting-selection.generated.ts","data/products/selection/quick-connect-fitting-selection.generated.ts 第 6403 行"
"508","849034","Q4006-PMV-SACN","849034","Q4006-PMV-SACN","quick-connect-fittings","quick-connect-selection","active","quick-connect-fittings","/products/fittings/quick-connect-fittings","imageCard","/images/products/fittings/quick-connect-fittings/products/q4006-pmv-sacn-main.jpg","F:\WebsiteProjects\foreach-website-2026\public\images\products\fittings\quick-connect-fittings\products\q4006-pmv-sacn-main.jpg","正常","无需处理","data/products/selection/quick-connect-fitting-selection.generated.ts","data/products/selection/quick-connect-fitting-selection.generated.ts 第 7283 行"
"509","849035","Q4004-SNX-SPPE","849035","Q4004-SNX-SPPE","quick-connect-fittings","quick-connect-selection","active","quick-connect-fittings","/products/fittings/quick-connect-fittings","imageCard","/images/products/fittings/quick-connect-fittings/products/q4004-snx-sppe-main.jpg","F:\WebsiteProjects\foreach-website-2026\public\images\products\fittings\quick-connect-fittings\products\q4004-snx-sppe-main.jpg","正常","无需处理","data/products/selection/quick-connect-fitting-selection.generated.ts","data/products/selection/quick-connect-fitting-selection.generated.ts 第 6348 行"
"510","849036","Q4005-SNX-SPPE","849036","Q4005-SNX-SPPE","quick-connect-fittings","quick-connect-selection","active","quick-connect-fittings","/products/fittings/quick-connect-fittings","imageCard","/images/products/fittings/quick-connect-fittings/products/q4005-snx-sppe-main.jpg","F:\WebsiteProjects\foreach-website-2026\public\images\products\fittings\quick-connect-fittings\products\q4005-snx-sppe-main.jpg","正常","无需处理","data/products/selection/quick-connect-fitting-selection.generated.ts","data/products/selection/quick-connect-fitting-selection.generated.ts 第 7228 行"
"511","849037","Q4006-SNX-SPPE","849037","Q4006-SNX-SPPE","quick-connect-fittings","quick-connect-selection","active","quick-connect-fittings","/products/fittings/quick-connect-fittings","imageCard","/images/products/fittings/quick-connect-fittings/products/q4006-snx-sppe-main.jpg","F:\WebsiteProjects\foreach-website-2026\public\images\products\fittings\quick-connect-fittings\products\q4006-snx-sppe-main.jpg","正常","无需处理","data/products/selection/quick-connect-fitting-selection.generated.ts","data/products/selection/quick-connect-fitting-selection.generated.ts 第 8218 行"
"512","849040","Q4014N-SNX-SPPE","849040","Q4014N-SNX-SPPE","quick-connect-fittings","quick-connect-selection","active","quick-connect-fittings","/products/fittings/quick-connect-fittings","imageCard","/images/products/fittings/quick-connect-fittings/products/q4014n-snx-sppe-main.jpg","F:\WebsiteProjects\foreach-website-2026\public\images\products\fittings\quick-connect-fittings\products\q4014n-snx-sppe-main.jpg","正常","无需处理","data/products/selection/quick-connect-fitting-selection.generated.ts","data/products/selection/quick-connect-fitting-selection.generated.ts 第 8548 行"
"513","849041","Q4004-SMX-SPPE","849041","Q4004-SMX-SPPE","quick-connect-fittings","quick-connect-selection","active","quick-connect-fittings","/products/fittings/quick-connect-fittings","imageCard","/images/products/fittings/quick-connect-fittings/products/q4004-smx-sppe-main.jpg","F:\WebsiteProjects\foreach-website-2026\public\images\products\fittings\quick-connect-fittings\products\q4004-smx-sppe-main.jpg","正常","无需处理","data/products/selection/quick-connect-fitting-selection.generated.ts","data/products/selection/quick-connect-fitting-selection.generated.ts 第 6128 行"
"514","849042","Q4005-SMX-SPPE","849042","Q4005-SMX-SPPE","quick-connect-fittings","quick-connect-selection","active","quick-connect-fittings","/products/fittings/quick-connect-fittings","imageCard","/images/products/fittings/quick-connect-fittings/products/q4005-smx-sppe-main.jpg","F:\WebsiteProjects\foreach-website-2026\public\images\products\fittings\quick-connect-fittings\products\q4005-smx-sppe-main.jpg","正常","无需处理","data/products/selection/quick-connect-fitting-selection.generated.ts","data/products/selection/quick-connect-fitting-selection.generated.ts 第 7008 行"
"515","849043","Q4006-SMX-SPPE","849043","Q4006-SMX-SPPE","quick-connect-fittings","quick-connect-selection","active","quick-connect-fittings","/products/fittings/quick-connect-fittings","imageCard","/images/products/fittings/quick-connect-fittings/products/q4006-smx-sppe-main.jpg","F:\WebsiteProjects\foreach-website-2026\public\images\products\fittings\quick-connect-fittings\products\q4006-smx-sppe-main.jpg","正常","无需处理","data/products/selection/quick-connect-fitting-selection.generated.ts","data/products/selection/quick-connect-fitting-selection.generated.ts 第 7998 行"
"516","849044","Q4004-PNX-SPPE","849044","Q4004-PNX-SPPE","quick-connect-fittings","quick-connect-selection","active","quick-connect-fittings","/products/fittings/quick-connect-fittings","imageCard","/images/products/fittings/quick-connect-fittings/products/q4004-pnx-sppe-main.jpg","F:\WebsiteProjects\foreach-website-2026\public\images\products\fittings\quick-connect-fittings\products\q4004-pnx-sppe-main.jpg","正常","无需处理","data/products/selection/quick-connect-fitting-selection.generated.ts","data/products/selection/quick-connect-fitting-selection.generated.ts 第 5908 行"
"517","849045","Q4005-PNX-SPPE","849045","Q4005-PNX-SPPE","quick-connect-fittings","quick-connect-selection","active","quick-connect-fittings","/products/fittings/quick-connect-fittings","imageCard","/images/products/fittings/quick-connect-fittings/products/q4005-pnx-sppe-main.jpg","F:\WebsiteProjects\foreach-website-2026\public\images\products\fittings\quick-connect-fittings\products\q4005-pnx-sppe-main.jpg","正常","无需处理","data/products/selection/quick-connect-fitting-selection.generated.ts","data/products/selection/quick-connect-fitting-selection.generated.ts 第 6788 行"
"518","849046","Q4006-PNX-SPPE","849046","Q4006-PNX-SPPE","quick-connect-fittings","quick-connect-selection","active","quick-connect-fittings","/products/fittings/quick-connect-fittings","imageCard","/images/products/fittings/quick-connect-fittings/products/q4006-pnx-sppe-main.jpg","F:\WebsiteProjects\foreach-website-2026\public\images\products\fittings\quick-connect-fittings\products\q4006-pnx-sppe-main.jpg","正常","无需处理","data/products/selection/quick-connect-fitting-selection.generated.ts","data/products/selection/quick-connect-fitting-selection.generated.ts 第 7778 行"
"519","849047","Q4006-PNX-LPPE","849047","Q4006-PNX-LPPE","quick-connect-fittings","quick-connect-selection","active","quick-connect-fittings","/products/fittings/quick-connect-fittings","imageCard","/images/products/fittings/quick-connect-fittings/products/q4006-pnx-lppe-main.jpg","F:\WebsiteProjects\foreach-website-2026\public\images\products\fittings\quick-connect-fittings\products\q4006-pnx-lppe-main.jpg","正常","无需处理","data/products/selection/quick-connect-fitting-selection.generated.ts","data/products/selection/quick-connect-fitting-selection.generated.ts 第 7668 行"
"520","849049","Q4004-PMX-SPPE","849049","Q4004-PMX-SPPE","quick-connect-fittings","quick-connect-selection","active","quick-connect-fittings","/products/fittings/quick-connect-fittings","imageCard","/images/products/fittings/quick-connect-fittings/products/q4004-pmx-sppe-main.jpg","F:\WebsiteProjects\foreach-website-2026\public\images\products\fittings\quick-connect-fittings\products\q4004-pmx-sppe-main.jpg","正常","无需处理","data/products/selection/quick-connect-fitting-selection.generated.ts","data/products/selection/quick-connect-fitting-selection.generated.ts 第 5578 行"
"521","849050","Q4005-PMX-SPPE","849050","Q4005-PMX-SPPE","quick-connect-fittings","quick-connect-selection","active","quick-connect-fittings","/products/fittings/quick-connect-fittings","imageCard","/images/products/fittings/quick-connect-fittings/products/q4005-pmx-sppe-main.jpg","F:\WebsiteProjects\foreach-website-2026\public\images\products\fittings\quick-connect-fittings\products\q4005-pmx-sppe-main.jpg","正常","无需处理","data/products/selection/quick-connect-fitting-selection.generated.ts","data/products/selection/quick-connect-fitting-selection.generated.ts 第 6568 行"
"522","849051","Q4006-PMX-SPPE","849051","Q4006-PMX-SPPE","quick-connect-fittings","quick-connect-selection","active","quick-connect-fittings","/products/fittings/quick-connect-fittings","imageCard","/images/products/fittings/quick-connect-fittings/products/q4006-pmx-sppe-main.jpg","F:\WebsiteProjects\foreach-website-2026\public\images\products\fittings\quick-connect-fittings\products\q4006-pmx-sppe-main.jpg","正常","无需处理","data/products/selection/quick-connect-fitting-selection.generated.ts","data/products/selection/quick-connect-fitting-selection.generated.ts 第 7448 行"
"523","849052","Q4004-SNV-SPPE","849052","Q4004-SNV-SPPE","quick-connect-fittings","quick-connect-selection","active","quick-connect-fittings","/products/fittings/quick-connect-fittings","imageCard","/images/products/fittings/quick-connect-fittings/products/q4004-snv-sppe-main.jpg","F:\WebsiteProjects\foreach-website-2026\public\images\products\fittings\quick-connect-fittings\products\q4004-snv-sppe-main.jpg","正常","无需处理","data/products/selection/quick-connect-fitting-selection.generated.ts","data/products/selection/quick-connect-fitting-selection.generated.ts 第 6238 行"
"524","849053","Q4005-SNV-SPPE","849053","Q4005-SNV-SPPE","quick-connect-fittings","quick-connect-selection","active","quick-connect-fittings","/products/fittings/quick-connect-fittings","imageCard","/images/products/fittings/quick-connect-fittings/products/q4005-snv-sppe-main.jpg","F:\WebsiteProjects\foreach-website-2026\public\images\products\fittings\quick-connect-fittings\products\q4005-snv-sppe-main.jpg","正常","无需处理","data/products/selection/quick-connect-fitting-selection.generated.ts","data/products/selection/quick-connect-fitting-selection.generated.ts 第 7118 行"
"525","849054","Q4006-SNV-SPPE","849054","Q4006-SNV-SPPE","quick-connect-fittings","quick-connect-selection","active","quick-connect-fittings","/products/fittings/quick-connect-fittings","imageCard","/images/products/fittings/quick-connect-fittings/products/q4006-snv-sppe-main.jpg","F:\WebsiteProjects\foreach-website-2026\public\images\products\fittings\quick-connect-fittings\products\q4006-snv-sppe-main.jpg","正常","无需处理","data/products/selection/quick-connect-fitting-selection.generated.ts","data/products/selection/quick-connect-fitting-selection.generated.ts 第 8108 行"
"526","849057","Q4014N-SNV-SPPE","849057","Q4014N-SNV-SPPE","quick-connect-fittings","quick-connect-selection","active","quick-connect-fittings","/products/fittings/quick-connect-fittings","imageCard","/images/products/fittings/quick-connect-fittings/products/q4014n-snv-sppe-main.jpg","F:\WebsiteProjects\foreach-website-2026\public\images\products\fittings\quick-connect-fittings\products\q4014n-snv-sppe-main.jpg","正常","无需处理","data/products/selection/quick-connect-fitting-selection.generated.ts","data/products/selection/quick-connect-fitting-selection.generated.ts 第 8438 行"
"527","849058","Q4004-SMV-SPPE","849058","Q4004-SMV-SPPE","quick-connect-fittings","quick-connect-selection","active","quick-connect-fittings","/products/fittings/quick-connect-fittings","imageCard","/images/products/fittings/quick-connect-fittings/products/q4004-smv-sppe-main.jpg","F:\WebsiteProjects\foreach-website-2026\public\images\products\fittings\quick-connect-fittings\products\q4004-smv-sppe-main.jpg","正常","无需处理","data/products/selection/quick-connect-fitting-selection.generated.ts","data/products/selection/quick-connect-fitting-selection.generated.ts 第 6018 行"
"528","849059","Q4005-SMV-SPPE","849059","Q4005-SMV-SPPE","quick-connect-fittings","quick-connect-selection","active","quick-connect-fittings","/products/fittings/quick-connect-fittings","imageCard","/images/products/fittings/quick-connect-fittings/products/q4005-smv-sppe-main.jpg","F:\WebsiteProjects\foreach-website-2026\public\images\products\fittings\quick-connect-fittings\products\q4005-smv-sppe-main.jpg","正常","无需处理","data/products/selection/quick-connect-fitting-selection.generated.ts","data/products/selection/quick-connect-fitting-selection.generated.ts 第 6898 行"
"529","849060","Q4006-SMV-SPPE","849060","Q4006-SMV-SPPE","quick-connect-fittings","quick-connect-selection","active","quick-connect-fittings","/products/fittings/quick-connect-fittings","imageCard","/images/products/fittings/quick-connect-fittings/products/q4006-smv-sppe-main.jpg","F:\WebsiteProjects\foreach-website-2026\public\images\products\fittings\quick-connect-fittings\products\q4006-smv-sppe-main.jpg","正常","无需处理","data/products/selection/quick-connect-fitting-selection.generated.ts","data/products/selection/quick-connect-fitting-selection.generated.ts 第 7888 行"
"530","849061","Q4004-PNV-SPPE","849061","Q4004-PNV-SPPE","quick-connect-fittings","quick-connect-selection","active","quick-connect-fittings","/products/fittings/quick-connect-fittings","imageCard","/images/products/fittings/quick-connect-fittings/products/q4004-pnv-sppe-main.jpg","F:\WebsiteProjects\foreach-website-2026\public\images\products\fittings\quick-connect-fittings\products\q4004-pnv-sppe-main.jpg","正常","无需处理","data/products/selection/quick-connect-fitting-selection.generated.ts","data/products/selection/quick-connect-fitting-selection.generated.ts 第 5798 行"
"531","849062","Q4005-PNV-SPPE","849062","Q4005-PNV-SPPE","quick-connect-fittings","quick-connect-selection","active","quick-connect-fittings","/products/fittings/quick-connect-fittings","imageCard","/images/products/fittings/quick-connect-fittings/products/q4005-pnv-sppe-main.jpg","F:\WebsiteProjects\foreach-website-2026\public\images\products\fittings\quick-connect-fittings\products\q4005-pnv-sppe-main.jpg","正常","无需处理","data/products/selection/quick-connect-fitting-selection.generated.ts","data/products/selection/quick-connect-fitting-selection.generated.ts 第 6678 行"
"532","849063","Q4006-PNV-SPPE","849063","Q4006-PNV-SPPE","quick-connect-fittings","quick-connect-selection","active","quick-connect-fittings","/products/fittings/quick-connect-fittings","imageCard","/images/products/fittings/quick-connect-fittings/products/q4006-pnv-sppe-main.jpg","F:\WebsiteProjects\foreach-website-2026\public\images\products\fittings\quick-connect-fittings\products\q4006-pnv-sppe-main.jpg","正常","无需处理","data/products/selection/quick-connect-fitting-selection.generated.ts","data/products/selection/quick-connect-fitting-selection.generated.ts 第 7558 行"
"533","849064","Q4004-PNV-LPPE","849064","Q4004-PNV-LPPE","quick-connect-fittings","quick-connect-selection","active","quick-connect-fittings","/products/fittings/quick-connect-fittings","imageCard","/images/products/fittings/quick-connect-fittings/products/q4004-pnv-lppe-main.jpg","F:\WebsiteProjects\foreach-website-2026\public\images\products\fittings\quick-connect-fittings\products\q4004-pnv-lppe-main.jpg","正常","无需处理","data/products/selection/quick-connect-fitting-selection.generated.ts","data/products/selection/quick-connect-fitting-selection.generated.ts 第 5688 行"
"534","849065","Q4014N-PNV-SPPE","849065","Q4014N-PNV-SPPE","quick-connect-fittings","quick-connect-selection","active","quick-connect-fittings","/products/fittings/quick-connect-fittings","imageCard","/images/products/fittings/quick-connect-fittings/products/q4014n-pnv-sppe-main.jpg","F:\WebsiteProjects\foreach-website-2026\public\images\products\fittings\quick-connect-fittings\products\q4014n-pnv-sppe-main.jpg","正常","无需处理","data/products/selection/quick-connect-fitting-selection.generated.ts","data/products/selection/quick-connect-fitting-selection.generated.ts 第 8328 行"
"535","849066","Q4004-PMV-SPPE","849066","Q4004-PMV-SPPE","quick-connect-fittings","quick-connect-selection","active","quick-connect-fittings","/products/fittings/quick-connect-fittings","imageCard","/images/products/fittings/quick-connect-fittings/products/q4004-pmv-sppe-main.jpg","F:\WebsiteProjects\foreach-website-2026\public\images\products\fittings\quick-connect-fittings\products\q4004-pmv-sppe-main.jpg","正常","无需处理","data/products/selection/quick-connect-fitting-selection.generated.ts","data/products/selection/quick-connect-fitting-selection.generated.ts 第 5468 行"
"536","849067","Q4005-PMV-SPPE","849067","Q4005-PMV-SPPE","quick-connect-fittings","quick-connect-selection","active","quick-connect-fittings","/products/fittings/quick-connect-fittings","imageCard","/images/products/fittings/quick-connect-fittings/products/q4005-pmv-sppe-main.jpg","F:\WebsiteProjects\foreach-website-2026\public\images\products\fittings\quick-connect-fittings\products\q4005-pmv-sppe-main.jpg","正常","无需处理","data/products/selection/quick-connect-fitting-selection.generated.ts","data/products/selection/quick-connect-fitting-selection.generated.ts 第 6458 行"
"537","849068","Q4006-PMV-SPPE","849068","Q4006-PMV-SPPE","quick-connect-fittings","quick-connect-selection","active","quick-connect-fittings","/products/fittings/quick-connect-fittings","imageCard","/images/products/fittings/quick-connect-fittings/products/q4006-pmv-sppe-main.jpg","F:\WebsiteProjects\foreach-website-2026\public\images\products\fittings\quick-connect-fittings\products\q4006-pmv-sppe-main.jpg","正常","无需处理","data/products/selection/quick-connect-fitting-selection.generated.ts","data/products/selection/quick-connect-fitting-selection.generated.ts 第 7338 行"
"538","869001","Q6006-SNX-SPPE","869001","Q6006-SNX-SPPE","quick-connect-fittings","quick-connect-selection","active","quick-connect-fittings","/products/fittings/quick-connect-fittings","imageCard","/images/products/fittings/quick-connect-fittings/products/q6006-snx-sppe-main.jpg","F:\WebsiteProjects\foreach-website-2026\public\images\products\fittings\quick-connect-fittings\products\q6006-snx-sppe-main.jpg","正常","无需处理","data/products/selection/quick-connect-fitting-selection.generated.ts","data/products/selection/quick-connect-fitting-selection.generated.ts 第 9098 行"
"539","869002","Q6008-SNX-SPPE","869002","Q6008-SNX-SPPE","quick-connect-fittings","quick-connect-selection","active","quick-connect-fittings","/products/fittings/quick-connect-fittings","imageCard","/images/products/fittings/quick-connect-fittings/products/q6008-snx-sppe-main.jpg","F:\WebsiteProjects\foreach-website-2026\public\images\products\fittings\quick-connect-fittings\products\q6008-snx-sppe-main.jpg","正常","无需处理","data/products/selection/quick-connect-fitting-selection.generated.ts","data/products/selection/quick-connect-fitting-selection.generated.ts 第 9703 行"
"540","869003","Q6012-SNX-SPPE","869003","Q6012-SNX-SPPE","quick-connect-fittings","quick-connect-selection","active","quick-connect-fittings","/products/fittings/quick-connect-fittings","imageCard","/images/products/fittings/quick-connect-fittings/products/q6012-snx-sppe-main.jpg","F:\WebsiteProjects\foreach-website-2026\public\images\products\fittings\quick-connect-fittings\products\q6012-snx-sppe-main.jpg","正常","无需处理","data/products/selection/quick-connect-fitting-selection.generated.ts","data/products/selection/quick-connect-fitting-selection.generated.ts 第 10033 行"
"541","869004","Q6038N-SNX-SPPE","869004","Q6038N-SNX-SPPE","quick-connect-fittings","quick-connect-selection","active","quick-connect-fittings","/products/fittings/quick-connect-fittings","imageCard","/images/products/fittings/quick-connect-fittings/products/q6038n-snx-sppe-main.jpg","F:\WebsiteProjects\foreach-website-2026\public\images\products\fittings\quick-connect-fittings\products\q6038n-snx-sppe-main.jpg","正常","无需处理","data/products/selection/quick-connect-fitting-selection.generated.ts","data/products/selection/quick-connect-fitting-selection.generated.ts 第 10473 行"
"542","869005","Q6012N-SNX-SPPE","869005","Q6012N-SNX-SPPE","quick-connect-fittings","quick-connect-selection","active","quick-connect-fittings","/products/fittings/quick-connect-fittings","imageCard","/images/products/FIT/Quick connector_200x200_01_v001.jpg","F:\WebsiteProjects\foreach-website-2026\public\images\products\FIT\Quick connector_200x200_01_v001.jpg","正常","无需处理","data/products/selection/quick-connect-fitting-selection.generated.ts","data/products/selection/quick-connect-fitting-selection.generated.ts 第 10253 行"
"543","869006","Q6006-SMX-SPPE","869006","Q6006-SMX-SPPE","quick-connect-fittings","quick-connect-selection","active","quick-connect-fittings","/products/fittings/quick-connect-fittings","imageCard","/images/products/fittings/quick-connect-fittings/products/q6006-smx-sppe-main.jpg","F:\WebsiteProjects\foreach-website-2026\public\images\products\fittings\quick-connect-fittings\products\q6006-smx-sppe-main.jpg","正常","无需处理","data/products/selection/quick-connect-fitting-selection.generated.ts","data/products/selection/quick-connect-fitting-selection.generated.ts 第 8988 行"
"544","869007","Q6008-SMX-SPPE","869007","Q6008-SMX-SPPE","quick-connect-fittings","quick-connect-selection","active","quick-connect-fittings","/products/fittings/quick-connect-fittings","imageCard","/images/products/fittings/quick-connect-fittings/products/q6008-smx-sppe-main.jpg","F:\WebsiteProjects\foreach-website-2026\public\images\products\fittings\quick-connect-fittings\products\q6008-smx-sppe-main.jpg","正常","无需处理","data/products/selection/quick-connect-fitting-selection.generated.ts","data/products/selection/quick-connect-fitting-selection.generated.ts 第 9538 行"
"545","869008","Q6012-SMX-SPPE","869008","Q6012-SMX-SPPE","quick-connect-fittings","quick-connect-selection","active","quick-connect-fittings","/products/fittings/quick-connect-fittings","imageCard","/images/products/fittings/quick-connect-fittings/products/q6012-smx-sppe-main.jpg","F:\WebsiteProjects\foreach-website-2026\public\images\products\fittings\quick-connect-fittings\products\q6012-smx-sppe-main.jpg","正常","无需处理","data/products/selection/quick-connect-fitting-selection.generated.ts","data/products/selection/quick-connect-fitting-selection.generated.ts 第 9923 行"
"546","869009","Q6006-PNX-SPPE","869009","Q6006-PNX-SPPE","quick-connect-fittings","quick-connect-selection","active","quick-connect-fittings","/products/fittings/quick-connect-fittings","imageCard","/images/products/FIT/Quick connector_200x200_01_v001.jpg","F:\WebsiteProjects\foreach-website-2026\public\images\products\FIT\Quick connector_200x200_01_v001.jpg","正常","无需处理","data/products/selection/quick-connect-fitting-selection.generated.ts","data/products/selection/quick-connect-fitting-selection.generated.ts 第 8768 行"
"547","869010","Q6008-PNX-SPPE","869010","Q6008-PNX-SPPE","quick-connect-fittings","quick-connect-selection","active","quick-connect-fittings","/products/fittings/quick-connect-fittings","imageCard","/images/products/fittings/quick-connect-fittings/products/q6008-pnx-sppe-main.jpg","F:\WebsiteProjects\foreach-website-2026\public\images\products\fittings\quick-connect-fittings\products\q6008-pnx-sppe-main.jpg","正常","无需处理","data/products/selection/quick-connect-fitting-selection.generated.ts","data/products/selection/quick-connect-fitting-selection.generated.ts 第 9318 行"
"548","869011","Q6012-PNX-SPPE","869011","Q6012-PNX-SPPE","quick-connect-fittings","quick-connect-selection","active","quick-connect-fittings","/products/fittings/quick-connect-fittings","imageCard","/images/products/fittings/quick-connect-fittings/products/q6012-pnx-sppe-main.jpg","F:\WebsiteProjects\foreach-website-2026\public\images\products\fittings\quick-connect-fittings\products\q6012-pnx-sppe-main.jpg","正常","无需处理","data/products/selection/quick-connect-fitting-selection.generated.ts","data/products/selection/quick-connect-fitting-selection.generated.ts 第 9813 行"
"549","869012","Q6006-PNX-LPPE","869012","Q6006-PNX-LPPE","quick-connect-fittings","quick-connect-selection","active","quick-connect-fittings","/products/fittings/quick-connect-fittings","imageCard","/images/products/fittings/quick-connect-fittings/products/q6006-pnx-lppe-main.jpg","F:\WebsiteProjects\foreach-website-2026\public\images\products\fittings\quick-connect-fittings\products\q6006-pnx-lppe-main.jpg","正常","无需处理","data/products/selection/quick-connect-fitting-selection.generated.ts","data/products/selection/quick-connect-fitting-selection.generated.ts 第 8713 行"
"550","869013","Q6008-PNX-LPPE","869013","Q6008-PNX-LPPE","quick-connect-fittings","quick-connect-selection","active","quick-connect-fittings","/products/fittings/quick-connect-fittings","imageCard","/images/products/fittings/quick-connect-fittings/products/q6008-pnx-lppe-main.jpg","F:\WebsiteProjects\foreach-website-2026\public\images\products\fittings\quick-connect-fittings\products\q6008-pnx-lppe-main.jpg","正常","无需处理","data/products/selection/quick-connect-fitting-selection.generated.ts","data/products/selection/quick-connect-fitting-selection.generated.ts 第 9263 行"
"551","869014","Q6038N-PNX-SPPE","869014","Q6038N-PNX-SPPE","quick-connect-fittings","quick-connect-selection","active","quick-connect-fittings","/products/fittings/quick-connect-fittings","imageCard","/images/products/fittings/quick-connect-fittings/products/q6038n-pnx-sppe-main.jpg","F:\WebsiteProjects\foreach-website-2026\public\images\products\fittings\quick-connect-fittings\products\q6038n-pnx-sppe-main.jpg","正常","无需处理","data/products/selection/quick-connect-fitting-selection.generated.ts","data/products/selection/quick-connect-fitting-selection.generated.ts 第 10363 行"
"552","869015","Q6012N-PNX-SPPE","869015","Q6012N-PNX-SPPE","quick-connect-fittings","quick-connect-selection","active","quick-connect-fittings","/products/fittings/quick-connect-fittings","imageCard","/images/products/fittings/quick-connect-fittings/products/q6012n-pnx-sppe-main.jpg","F:\WebsiteProjects\foreach-website-2026\public\images\products\fittings\quick-connect-fittings\products\q6012n-pnx-sppe-main.jpg","正常","无需处理","data/products/selection/quick-connect-fitting-selection.generated.ts","data/products/selection/quick-connect-fitting-selection.generated.ts 第 10143 行"
"553","869018","Q6006-SMX-LPPE","869018","Q6006-SMX-LPPE","quick-connect-fittings","quick-connect-selection","active","quick-connect-fittings","/products/fittings/quick-connect-fittings","imageCard","/images/products/fittings/quick-connect-fittings/products/q6006-smx-lppe-main.jpg","F:\WebsiteProjects\foreach-website-2026\public\images\products\fittings\quick-connect-fittings\products\q6006-smx-lppe-main.jpg","正常","无需处理","data/products/selection/quick-connect-fitting-selection.generated.ts","data/products/selection/quick-connect-fitting-selection.generated.ts 第 8933 行"
"554","869019","Q6008-SMX-LPPE","869019","Q6008-SMX-LPPE","quick-connect-fittings","quick-connect-selection","active","quick-connect-fittings","/products/fittings/quick-connect-fittings","imageCard","/images/products/fittings/quick-connect-fittings/products/q6008-smx-lppe-main.jpg","F:\WebsiteProjects\foreach-website-2026\public\images\products\fittings\quick-connect-fittings\products\q6008-smx-lppe-main.jpg","正常","无需处理","data/products/selection/quick-connect-fitting-selection.generated.ts","data/products/selection/quick-connect-fitting-selection.generated.ts 第 9483 行"
"555","869020","Q6006-SMV-LPPE","869020","Q6006-SMV-LPPE","quick-connect-fittings","quick-connect-selection","active","quick-connect-fittings","/products/fittings/quick-connect-fittings","imageCard","/images/products/fittings/quick-connect-fittings/products/q6006-smv-lppe-main.jpg","F:\WebsiteProjects\foreach-website-2026\public\images\products\fittings\quick-connect-fittings\products\q6006-smv-lppe-main.jpg","正常","无需处理","data/products/selection/quick-connect-fitting-selection.generated.ts","data/products/selection/quick-connect-fitting-selection.generated.ts 第 8823 行"
"556","869021","Q6006-SNV-SPPE","869021","Q6006-SNV-SPPE","quick-connect-fittings","quick-connect-selection","active","quick-connect-fittings","/products/fittings/quick-connect-fittings","imageCard","/images/products/fittings/quick-connect-fittings/products/q6006-snv-sppe-main.jpg","F:\WebsiteProjects\foreach-website-2026\public\images\products\fittings\quick-connect-fittings\products\q6006-snv-sppe-main.jpg","正常","无需处理","data/products/selection/quick-connect-fitting-selection.generated.ts","data/products/selection/quick-connect-fitting-selection.generated.ts 第 9043 行"
"557","869022","Q6008-SNV-SPPE","869022","Q6008-SNV-SPPE","quick-connect-fittings","quick-connect-selection","active","quick-connect-fittings","/products/fittings/quick-connect-fittings","imageCard","/images/products/fittings/quick-connect-fittings/products/q6008-snv-sppe-main.jpg","F:\WebsiteProjects\foreach-website-2026\public\images\products\fittings\quick-connect-fittings\products\q6008-snv-sppe-main.jpg","正常","无需处理","data/products/selection/quick-connect-fitting-selection.generated.ts","data/products/selection/quick-connect-fitting-selection.generated.ts 第 9648 行"
"558","869023","Q6012-SNV-SPPE","869023","Q6012-SNV-SPPE","quick-connect-fittings","quick-connect-selection","active","quick-connect-fittings","/products/fittings/quick-connect-fittings","imageCard","/images/products/fittings/quick-connect-fittings/products/q6012-snv-sppe-main.jpg","F:\WebsiteProjects\foreach-website-2026\public\images\products\fittings\quick-connect-fittings\products\q6012-snv-sppe-main.jpg","正常","无需处理","data/products/selection/quick-connect-fitting-selection.generated.ts","data/products/selection/quick-connect-fitting-selection.generated.ts 第 9978 行"
"559","869024","Q6038N-SNV-SPPE","869024","Q6038N-SNV-SPPE","quick-connect-fittings","quick-connect-selection","active","quick-connect-fittings","/products/fittings/quick-connect-fittings","imageCard","/images/products/fittings/quick-connect-fittings/products/q6038n-snv-sppe-main.jpg","F:\WebsiteProjects\foreach-website-2026\public\images\products\fittings\quick-connect-fittings\products\q6038n-snv-sppe-main.jpg","正常","无需处理","data/products/selection/quick-connect-fitting-selection.generated.ts","data/products/selection/quick-connect-fitting-selection.generated.ts 第 10418 行"
"560","869025","Q6012N-SNV-SPPE","869025","Q6012N-SNV-SPPE","quick-connect-fittings","quick-connect-selection","active","quick-connect-fittings","/products/fittings/quick-connect-fittings","imageCard","/images/products/FIT/Quick connector_200x200_01_v001.jpg","F:\WebsiteProjects\foreach-website-2026\public\images\products\FIT\Quick connector_200x200_01_v001.jpg","正常","无需处理","data/products/selection/quick-connect-fitting-selection.generated.ts","data/products/selection/quick-connect-fitting-selection.generated.ts 第 10198 行"
"561","869026","Q6006-SMV-SPPE","869026","Q6006-SMV-SPPE","quick-connect-fittings","quick-connect-selection","active","quick-connect-fittings","/products/fittings/quick-connect-fittings","imageCard","/images/products/fittings/quick-connect-fittings/products/q6006-smv-sppe-main.jpg","F:\WebsiteProjects\foreach-website-2026\public\images\products\fittings\quick-connect-fittings\products\q6006-smv-sppe-main.jpg","正常","无需处理","data/products/selection/quick-connect-fitting-selection.generated.ts","data/products/selection/quick-connect-fitting-selection.generated.ts 第 8878 行"
"562","869027","Q6008-SMV-SPPE","869027","Q6008-SMV-SPPE","quick-connect-fittings","quick-connect-selection","active","quick-connect-fittings","/products/fittings/quick-connect-fittings","imageCard","/images/products/fittings/quick-connect-fittings/products/q6008-smv-sppe-main.jpg","F:\WebsiteProjects\foreach-website-2026\public\images\products\fittings\quick-connect-fittings\products\q6008-smv-sppe-main.jpg","正常","无需处理","data/products/selection/quick-connect-fitting-selection.generated.ts","data/products/selection/quick-connect-fitting-selection.generated.ts 第 9428 行"
"563","869028","Q6012-SMV-SPPE","869028","Q6012-SMV-SPPE","quick-connect-fittings","quick-connect-selection","active","quick-connect-fittings","/products/fittings/quick-connect-fittings","imageCard","/images/products/fittings/quick-connect-fittings/products/q6012-smv-sppe-main.jpg","F:\WebsiteProjects\foreach-website-2026\public\images\products\fittings\quick-connect-fittings\products\q6012-smv-sppe-main.jpg","正常","无需处理","data/products/selection/quick-connect-fitting-selection.generated.ts","data/products/selection/quick-connect-fitting-selection.generated.ts 第 9868 行"
"564","869029","Q6006-PNV-SPPE","869029","Q6006-PNV-SPPE","quick-connect-fittings","quick-connect-selection","active","quick-connect-fittings","/products/fittings/quick-connect-fittings","imageCard","/images/products/FIT/Quick connector_200x200_01_v001.jpg","F:\WebsiteProjects\foreach-website-2026\public\images\products\FIT\Quick connector_200x200_01_v001.jpg","正常","无需处理","data/products/selection/quick-connect-fitting-selection.generated.ts","data/products/selection/quick-connect-fitting-selection.generated.ts 第 8658 行"
"565","869030","Q6008-PNV-SPPE","869030","Q6008-PNV-SPPE","quick-connect-fittings","quick-connect-selection","active","quick-connect-fittings","/products/fittings/quick-connect-fittings","imageCard","/images/products/fittings/quick-connect-fittings/products/q6008-pnv-sppe-main.jpg","F:\WebsiteProjects\foreach-website-2026\public\images\products\fittings\quick-connect-fittings\products\q6008-pnv-sppe-main.jpg","正常","无需处理","data/products/selection/quick-connect-fitting-selection.generated.ts","data/products/selection/quick-connect-fitting-selection.generated.ts 第 9208 行"
"566","869031","Q6012-PNV-SPPE","869031","Q6012-PNV-SPPE","quick-connect-fittings","quick-connect-selection","active","quick-connect-fittings","/products/fittings/quick-connect-fittings","imageCard","/images/products/fittings/quick-connect-fittings/products/q6012-pnv-sppe-main.jpg","F:\WebsiteProjects\foreach-website-2026\public\images\products\fittings\quick-connect-fittings\products\q6012-pnv-sppe-main.jpg","正常","无需处理","data/products/selection/quick-connect-fitting-selection.generated.ts","data/products/selection/quick-connect-fitting-selection.generated.ts 第 9758 行"
"567","869032","Q6006-PNV-LPPE","869032","Q6006-PNV-LPPE","quick-connect-fittings","quick-connect-selection","active","quick-connect-fittings","/products/fittings/quick-connect-fittings","imageCard","/images/products/fittings/quick-connect-fittings/products/q6006-pnv-lppe-main.jpg","F:\WebsiteProjects\foreach-website-2026\public\images\products\fittings\quick-connect-fittings\products\q6006-pnv-lppe-main.jpg","正常","无需处理","data/products/selection/quick-connect-fitting-selection.generated.ts","data/products/selection/quick-connect-fitting-selection.generated.ts 第 8603 行"
"568","869033","Q6008-PNV-LPPE","869033","Q6008-PNV-LPPE","quick-connect-fittings","quick-connect-selection","active","quick-connect-fittings","/products/fittings/quick-connect-fittings","imageCard","/images/products/fittings/quick-connect-fittings/products/q6008-pnv-lppe-main.jpg","F:\WebsiteProjects\foreach-website-2026\public\images\products\fittings\quick-connect-fittings\products\q6008-pnv-lppe-main.jpg","正常","无需处理","data/products/selection/quick-connect-fitting-selection.generated.ts","data/products/selection/quick-connect-fitting-selection.generated.ts 第 9153 行"
"569","869034","Q6038N-PNV-SPPE","869034","Q6038N-PNV-SPPE","quick-connect-fittings","quick-connect-selection","active","quick-connect-fittings","/products/fittings/quick-connect-fittings","imageCard","/images/products/fittings/quick-connect-fittings/products/q6038n-pnv-sppe-main.jpg","F:\WebsiteProjects\foreach-website-2026\public\images\products\fittings\quick-connect-fittings\products\q6038n-pnv-sppe-main.jpg","正常","无需处理","data/products/selection/quick-connect-fitting-selection.generated.ts","data/products/selection/quick-connect-fitting-selection.generated.ts 第 10308 行"
"570","869035","Q6012N-PNV-SPPE","869035","Q6012N-PNV-SPPE","quick-connect-fittings","quick-connect-selection","active","quick-connect-fittings","/products/fittings/quick-connect-fittings","imageCard","/images/products/fittings/quick-connect-fittings/products/q6012n-pnv-sppe-main.jpg","F:\WebsiteProjects\foreach-website-2026\public\images\products\fittings\quick-connect-fittings\products\q6012n-pnv-sppe-main.jpg","正常","无需处理","data/products/selection/quick-connect-fitting-selection.generated.ts","data/products/selection/quick-connect-fitting-selection.generated.ts 第 10088 行"
"571","869036","Q6008-SMV-LPPE","869036","Q6008-SMV-LPPE","quick-connect-fittings","quick-connect-selection","active","quick-connect-fittings","/products/fittings/quick-connect-fittings","imageCard","/images/products/fittings/quick-connect-fittings/products/q6008-smv-lppe-main.jpg","F:\WebsiteProjects\foreach-website-2026\public\images\products\fittings\quick-connect-fittings\products\q6008-smv-lppe-main.jpg","正常","无需处理","data/products/selection/quick-connect-fitting-selection.generated.ts","data/products/selection/quick-connect-fitting-selection.generated.ts 第 9373 行"
"572","869041","Q6008-SNV-LPPE","869041","Q6008-SNV-LPPE","quick-connect-fittings","quick-connect-selection","active","quick-connect-fittings","/products/fittings/quick-connect-fittings","imageCard","/images/products/fittings/quick-connect-fittings/products/q6008-snv-lppe-main.jpg","F:\WebsiteProjects\foreach-website-2026\public\images\products\fittings\quick-connect-fittings\products\q6008-snv-lppe-main.jpg","正常","无需处理","data/products/selection/quick-connect-fitting-selection.generated.ts","data/products/selection/quick-connect-fitting-selection.generated.ts 第 9593 行"
"573","809001","SB-U28-16-PV-N","809001","SB-U28-16-PV-N","thread-to-barbed-fittings","thread-to-barbed-fitting-selection","active","thread-to-barbed-fittings","/products/fittings/thread-to-barbed-fittings","imageCard","/images/products/fittings/thread-to-barbed-fittings/products/sb-u28-16-pv-n.jpg","F:\WebsiteProjects\foreach-website-2026\public\images\products\fittings\thread-to-barbed-fittings\products\sb-u28-16-pv-n.jpg","正常","无需处理","data/products/selection/thread-to-barbed-fitting-selection.generated.ts","data/products/selection/thread-to-barbed-fitting-selection.generated.ts 第 4501 行"
"574","809002","SB-U28-16-AC-B","809002","SB-U28-16-AC-B","thread-to-barbed-fittings","thread-to-barbed-fitting-selection","active","thread-to-barbed-fittings","/products/fittings/thread-to-barbed-fittings","imageCard","/images/products/fittings/thread-to-barbed-fittings/products/sb-u28-16-ac-b.jpg","F:\WebsiteProjects\foreach-website-2026\public\images\products\fittings\thread-to-barbed-fittings\products\sb-u28-16-ac-b.jpg","正常","无需处理","data/products/selection/thread-to-barbed-fitting-selection.generated.ts","data/products/selection/thread-to-barbed-fitting-selection.generated.ts 第 4111 行"
"575","809003","SB-U28-16-PP-N","809003","SB-U28-16-PP-N","thread-to-barbed-fittings","thread-to-barbed-fitting-selection","active","thread-to-barbed-fittings","/products/fittings/thread-to-barbed-fittings","imageCard","/images/products/fittings/thread-to-barbed-fittings/products/sb-u28-16-pp-n.jpg","F:\WebsiteProjects\foreach-website-2026\public\images\products\fittings\thread-to-barbed-fittings\products\sb-u28-16-pp-n.jpg","正常","无需处理","data/products/selection/thread-to-barbed-fitting-selection.generated.ts","data/products/selection/thread-to-barbed-fitting-selection.generated.ts 第 3591 行"
"576","809004","SB-U28-16-PP-W","809004","SB-U28-16-PP-W","thread-to-barbed-fittings","thread-to-barbed-fitting-selection","active","thread-to-barbed-fittings","/products/fittings/thread-to-barbed-fittings","imageCard","/images/logo/foreach-logo-color.svg","/images/logo/foreach-logo-color.svg","使用占位图或公司Logo","列入待下架清单，正式修改前再次确认","data/products/selection/thread-to-barbed-fitting-selection.generated.ts","data/products/selection/thread-to-barbed-fitting-selection.generated.ts 第 5021 行"
"577","809005","SB-U28-24-PV-N","809005","SB-U28-24-PV-N","thread-to-barbed-fittings","thread-to-barbed-fitting-selection","active","thread-to-barbed-fittings","/products/fittings/thread-to-barbed-fittings","imageCard","/images/products/fittings/thread-to-barbed-fittings/products/sb-u28-24-pv-n.jpg","F:\WebsiteProjects\foreach-website-2026\public\images\products\fittings\thread-to-barbed-fittings\products\sb-u28-24-pv-n.jpg","正常","无需处理","data/products/selection/thread-to-barbed-fitting-selection.generated.ts","data/products/selection/thread-to-barbed-fitting-selection.generated.ts 第 4566 行"
"578","809006","SB-U28-24-AC-B","809006","SB-U28-24-AC-B","thread-to-barbed-fittings","thread-to-barbed-fitting-selection","active","thread-to-barbed-fittings","/products/fittings/thread-to-barbed-fittings","imageCard","/images/products/fittings/thread-to-barbed-fittings/products/sb-u28-24-ac-b.jpg","F:\WebsiteProjects\foreach-website-2026\public\images\products\fittings\thread-to-barbed-fittings\products\sb-u28-24-ac-b.jpg","正常","无需处理","data/products/selection/thread-to-barbed-fitting-selection.generated.ts","data/products/selection/thread-to-barbed-fitting-selection.generated.ts 第 4176 行"
"579","809007","SB-U28-24-PP-N","809007","SB-U28-24-PP-N","thread-to-barbed-fittings","thread-to-barbed-fitting-selection","active","thread-to-barbed-fittings","/products/fittings/thread-to-barbed-fittings","imageCard","/images/products/fittings/thread-to-barbed-fittings/products/sb-u28-24-pp-n.jpg","F:\WebsiteProjects\foreach-website-2026\public\images\products\fittings\thread-to-barbed-fittings\products\sb-u28-24-pp-n.jpg","正常","无需处理","data/products/selection/thread-to-barbed-fitting-selection.generated.ts","data/products/selection/thread-to-barbed-fitting-selection.generated.ts 第 3656 行"
"580","809008","SB-U28-32-PV-N","809008","SB-U28-32-PV-N","thread-to-barbed-fittings","thread-to-barbed-fitting-selection","active","thread-to-barbed-fittings","/products/fittings/thread-to-barbed-fittings","imageCard","/images/products/fittings/thread-to-barbed-fittings/products/sb-u28-32-pv-n.jpg","F:\WebsiteProjects\foreach-website-2026\public\images\products\fittings\thread-to-barbed-fittings\products\sb-u28-32-pv-n.jpg","正常","无需处理","data/products/selection/thread-to-barbed-fitting-selection.generated.ts","data/products/selection/thread-to-barbed-fitting-selection.generated.ts 第 4631 行"
"581","809009","SB-U28-32-AC-B","809009","SB-U28-32-AC-B","thread-to-barbed-fittings","thread-to-barbed-fitting-selection","active","thread-to-barbed-fittings","/products/fittings/thread-to-barbed-fittings","imageCard","/images/products/fittings/thread-to-barbed-fittings/products/sb-u28-32-ac-b.jpg","F:\WebsiteProjects\foreach-website-2026\public\images\products\fittings\thread-to-barbed-fittings\products\sb-u28-32-ac-b.jpg","正常","无需处理","data/products/selection/thread-to-barbed-fitting-selection.generated.ts","data/products/selection/thread-to-barbed-fitting-selection.generated.ts 第 4241 行"
"582","809010","SB-U28-32-PP-N","809010","SB-U28-32-PP-N","thread-to-barbed-fittings","thread-to-barbed-fitting-selection","active","thread-to-barbed-fittings","/products/fittings/thread-to-barbed-fittings","imageCard","/images/products/fittings/thread-to-barbed-fittings/products/sb-u28-32-pp-n.jpg","F:\WebsiteProjects\foreach-website-2026\public\images\products\fittings\thread-to-barbed-fittings\products\sb-u28-32-pp-n.jpg","正常","无需处理","data/products/selection/thread-to-barbed-fitting-selection.generated.ts","data/products/selection/thread-to-barbed-fitting-selection.generated.ts 第 3721 行"
"583","809011","SB-U28-32-PP-W","809011","SB-U28-32-PP-W","thread-to-barbed-fittings","thread-to-barbed-fitting-selection","active","thread-to-barbed-fittings","/products/fittings/thread-to-barbed-fittings","imageCard","/images/logo/foreach-logo-color.svg","/images/logo/foreach-logo-color.svg","使用占位图或公司Logo","列入待下架清单，正式修改前再次确认","data/products/selection/thread-to-barbed-fitting-selection.generated.ts","data/products/selection/thread-to-barbed-fitting-selection.generated.ts 第 5086 行"
"584","809012","SB-U28-40-PV-N","809012","SB-U28-40-PV-N","thread-to-barbed-fittings","thread-to-barbed-fitting-selection","active","thread-to-barbed-fittings","/products/fittings/thread-to-barbed-fittings","imageCard","/images/products/fittings/thread-to-barbed-fittings/products/sb-u28-40-pv-n.jpg","F:\WebsiteProjects\foreach-website-2026\public\images\products\fittings\thread-to-barbed-fittings\products\sb-u28-40-pv-n.jpg","正常","无需处理","data/products/selection/thread-to-barbed-fitting-selection.generated.ts","data/products/selection/thread-to-barbed-fitting-selection.generated.ts 第 4696 行"
"585","809013","SB-U28-40-AC-B","809013","SB-U28-40-AC-B","thread-to-barbed-fittings","thread-to-barbed-fitting-selection","active","thread-to-barbed-fittings","/products/fittings/thread-to-barbed-fittings","imageCard","/images/products/fittings/thread-to-barbed-fittings/products/sb-u28-40-ac-b.jpg","F:\WebsiteProjects\foreach-website-2026\public\images\products\fittings\thread-to-barbed-fittings\products\sb-u28-40-ac-b.jpg","正常","无需处理","data/products/selection/thread-to-barbed-fitting-selection.generated.ts","data/products/selection/thread-to-barbed-fitting-selection.generated.ts 第 4306 行"
"586","809014","SB-U28-40-PP-N","809014","SB-U28-40-PP-N","thread-to-barbed-fittings","thread-to-barbed-fitting-selection","active","thread-to-barbed-fittings","/products/fittings/thread-to-barbed-fittings","imageCard","/images/products/fittings/thread-to-barbed-fittings/products/sb-u28-40-pp-n.jpg","F:\WebsiteProjects\foreach-website-2026\public\images\products\fittings\thread-to-barbed-fittings\products\sb-u28-40-pp-n.jpg","正常","无需处理","data/products/selection/thread-to-barbed-fitting-selection.generated.ts","data/products/selection/thread-to-barbed-fitting-selection.generated.ts 第 3786 行"
"587","809015","SB-M6-16-PV-N","809015","SB-M6-16-PV-N","thread-to-barbed-fittings","thread-to-barbed-fitting-selection","active","thread-to-barbed-fittings","/products/fittings/thread-to-barbed-fittings","imageCard","/images/products/fittings/thread-to-barbed-fittings/products/sb-m6-16-pv-n.jpg","F:\WebsiteProjects\foreach-website-2026\public\images\products\fittings\thread-to-barbed-fittings\products\sb-m6-16-pv-n.jpg","正常","无需处理","data/products/selection/thread-to-barbed-fitting-selection.generated.ts","data/products/selection/thread-to-barbed-fitting-selection.generated.ts 第 4761 行"
"588","809017","SB-M6-16-PP-N","809017","SB-M6-16-PP-N","thread-to-barbed-fittings","thread-to-barbed-fitting-selection","active","thread-to-barbed-fittings","/products/fittings/thread-to-barbed-fittings","imageCard","/images/products/fittings/thread-to-barbed-fittings/products/sb-m6-16-pp-n.jpg","F:\WebsiteProjects\foreach-website-2026\public\images\products\fittings\thread-to-barbed-fittings\products\sb-m6-16-pp-n.jpg","正常","无需处理","data/products/selection/thread-to-barbed-fitting-selection.generated.ts","data/products/selection/thread-to-barbed-fitting-selection.generated.ts 第 3851 行"
"589","809018","SB-M6-16-PP-W","809018","SB-M6-16-PP-W","thread-to-barbed-fittings","thread-to-barbed-fitting-selection","active","thread-to-barbed-fittings","/products/fittings/thread-to-barbed-fittings","imageCard","/images/logo/foreach-logo-color.svg","/images/logo/foreach-logo-color.svg","使用占位图或公司Logo","列入待下架清单，正式修改前再次确认","data/products/selection/thread-to-barbed-fitting-selection.generated.ts","data/products/selection/thread-to-barbed-fitting-selection.generated.ts 第 5151 行"
"590","809019","SB-M6-24-PV-N","809019","SB-M6-24-PV-N","thread-to-barbed-fittings","thread-to-barbed-fitting-selection","active","thread-to-barbed-fittings","/products/fittings/thread-to-barbed-fittings","imageCard","/images/products/fittings/thread-to-barbed-fittings/products/sb-m6-24-pv-n.jpg","F:\WebsiteProjects\foreach-website-2026\public\images\products\fittings\thread-to-barbed-fittings\products\sb-m6-24-pv-n.jpg","正常","无需处理","data/products/selection/thread-to-barbed-fitting-selection.generated.ts","data/products/selection/thread-to-barbed-fitting-selection.generated.ts 第 4826 行"
"591","809020","SB-M6-24-AC-B","809020","SB-M6-24-AC-B","thread-to-barbed-fittings","thread-to-barbed-fitting-selection","active","thread-to-barbed-fittings","/products/fittings/thread-to-barbed-fittings","imageCard","/images/products/fittings/thread-to-barbed-fittings/products/sb-m6-24-ac-b.jpg","F:\WebsiteProjects\foreach-website-2026\public\images\products\fittings\thread-to-barbed-fittings\products\sb-m6-24-ac-b.jpg","正常","无需处理","data/products/selection/thread-to-barbed-fitting-selection.generated.ts","data/products/selection/thread-to-barbed-fitting-selection.generated.ts 第 4371 行"
"592","809021","SB-M6-24-PP-N","809021","SB-M6-24-PP-N","thread-to-barbed-fittings","thread-to-barbed-fitting-selection","active","thread-to-barbed-fittings","/products/fittings/thread-to-barbed-fittings","imageCard","/images/products/fittings/thread-to-barbed-fittings/products/sb-m6-24-pp-n.jpg","F:\WebsiteProjects\foreach-website-2026\public\images\products\fittings\thread-to-barbed-fittings\products\sb-m6-24-pp-n.jpg","正常","无需处理","data/products/selection/thread-to-barbed-fitting-selection.generated.ts","data/products/selection/thread-to-barbed-fitting-selection.generated.ts 第 3916 行"
"593","809022","SB-M6-32-PV-N","809022","SB-M6-32-PV-N","thread-to-barbed-fittings","thread-to-barbed-fitting-selection","active","thread-to-barbed-fittings","/products/fittings/thread-to-barbed-fittings","imageCard","/images/products/fittings/thread-to-barbed-fittings/products/sb-m6-32-pv-n.jpg","F:\WebsiteProjects\foreach-website-2026\public\images\products\fittings\thread-to-barbed-fittings\products\sb-m6-32-pv-n.jpg","正常","无需处理","data/products/selection/thread-to-barbed-fitting-selection.generated.ts","data/products/selection/thread-to-barbed-fitting-selection.generated.ts 第 4891 行"
"594","809024","SB-M6-32-PP-N","809024","SB-M6-32-PP-N","thread-to-barbed-fittings","thread-to-barbed-fitting-selection","active","thread-to-barbed-fittings","/products/fittings/thread-to-barbed-fittings","imageCard","/images/products/fittings/thread-to-barbed-fittings/products/sb-m6-32-pp-n.jpg","F:\WebsiteProjects\foreach-website-2026\public\images\products\fittings\thread-to-barbed-fittings\products\sb-m6-32-pp-n.jpg","正常","无需处理","data/products/selection/thread-to-barbed-fitting-selection.generated.ts","data/products/selection/thread-to-barbed-fitting-selection.generated.ts 第 3981 行"
"595","809025","SB-M6-32-PP-W","809025","SB-M6-32-PP-W","thread-to-barbed-fittings","thread-to-barbed-fitting-selection","active","thread-to-barbed-fittings","/products/fittings/thread-to-barbed-fittings","imageCard","/images/logo/foreach-logo-color.svg","/images/logo/foreach-logo-color.svg","使用占位图或公司Logo","列入待下架清单，正式修改前再次确认","data/products/selection/thread-to-barbed-fitting-selection.generated.ts","data/products/selection/thread-to-barbed-fitting-selection.generated.ts 第 5216 行"
"596","809026","SB-M6-40-PV-N","809026","SB-M6-40-PV-N","thread-to-barbed-fittings","thread-to-barbed-fitting-selection","active","thread-to-barbed-fittings","/products/fittings/thread-to-barbed-fittings","imageCard","/images/products/fittings/thread-to-barbed-fittings/products/sb-m6-40-pv-n.jpg","F:\WebsiteProjects\foreach-website-2026\public\images\products\fittings\thread-to-barbed-fittings\products\sb-m6-40-pv-n.jpg","正常","无需处理","data/products/selection/thread-to-barbed-fitting-selection.generated.ts","data/products/selection/thread-to-barbed-fitting-selection.generated.ts 第 4956 行"
"597","809027","SB-M6-40-AC-B","809027","SB-M6-40-AC-B","thread-to-barbed-fittings","thread-to-barbed-fitting-selection","active","thread-to-barbed-fittings","/products/fittings/thread-to-barbed-fittings","imageCard","/images/products/fittings/thread-to-barbed-fittings/products/sb-m6-40-ac-b.jpg","F:\WebsiteProjects\foreach-website-2026\public\images\products\fittings\thread-to-barbed-fittings\products\sb-m6-40-ac-b.jpg","正常","无需处理","data/products/selection/thread-to-barbed-fitting-selection.generated.ts","data/products/selection/thread-to-barbed-fitting-selection.generated.ts 第 4436 行"
"598","809028","SB-M6-40-PP-N","809028","SB-M6-40-PP-N","thread-to-barbed-fittings","thread-to-barbed-fitting-selection","active","thread-to-barbed-fittings","/products/fittings/thread-to-barbed-fittings","imageCard","/images/products/fittings/thread-to-barbed-fittings/products/sb-m6-40-pp-n.jpg","F:\WebsiteProjects\foreach-website-2026\public\images\products\fittings\thread-to-barbed-fittings\products\sb-m6-40-pp-n.jpg","正常","无需处理","data/products/selection/thread-to-barbed-fitting-selection.generated.ts","data/products/selection/thread-to-barbed-fitting-selection.generated.ts 第 4046 行"
"599","809034","SA-G1/8-64C-PP-N（带O圈）","809034","SA-G1/8-64C-PP-N（带O圈）","thread-to-barbed-fittings","thread-to-barbed-fitting-selection","active","thread-to-barbed-fittings","/products/fittings/thread-to-barbed-fittings","imageCard","/images/logo/foreach-logo-color.svg","/images/logo/foreach-logo-color.svg","使用占位图或公司Logo","列入待下架清单，正式修改前再次确认","data/products/selection/thread-to-barbed-fitting-selection.generated.ts","data/products/selection/thread-to-barbed-fitting-selection.generated.ts 第 3201 行"
"600","809268","SA-U32-24F-PP-N","809268","SA-U32-24F-PP-N","thread-to-barbed-fittings","thread-to-barbed-fitting-selection","active","thread-to-barbed-fittings","/products/fittings/thread-to-barbed-fittings","imageCard","","","缺少主图","列入待下架清单，正式修改前再次确认","data/products/selection/thread-to-barbed-fitting-selection.generated.ts","data/products/selection/thread-to-barbed-fitting-selection.generated.ts 第 16 行"
"601","809269","SA-U32-32F-PP-N","809269","SA-U32-32F-PP-N","thread-to-barbed-fittings","thread-to-barbed-fitting-selection","active","thread-to-barbed-fittings","/products/fittings/thread-to-barbed-fittings","imageCard","/images/products/fittings/thread-to-barbed-fittings/products/sa-u32-32f-pp-n.jpg","F:\WebsiteProjects\foreach-website-2026\public\images\products\fittings\thread-to-barbed-fittings\products\sa-u32-32f-pp-n.jpg","正常","无需处理","data/products/selection/thread-to-barbed-fitting-selection.generated.ts","data/products/selection/thread-to-barbed-fitting-selection.generated.ts 第 81 行"
"602","809292","SC-M6-16-PP-N","809292","SC-M6-16-PP-N","thread-to-barbed-fittings","thread-to-barbed-fitting-selection","active","thread-to-barbed-fittings","/products/fittings/thread-to-barbed-fittings","imageCard","/images/products/fittings/thread-to-barbed-fittings/products/sc-m6-16-pp-n.jpg","F:\WebsiteProjects\foreach-website-2026\public\images\products\fittings\thread-to-barbed-fittings\products\sc-m6-16-pp-n.jpg","正常","无需处理","data/products/selection/thread-to-barbed-fitting-selection.generated.ts","data/products/selection/thread-to-barbed-fitting-selection.generated.ts 第 6451 行"
"603","809293","SC-M6-32-PP-N","809293","SC-M6-32-PP-N","thread-to-barbed-fittings","thread-to-barbed-fitting-selection","active","thread-to-barbed-fittings","/products/fittings/thread-to-barbed-fittings","imageCard","/images/products/fittings/thread-to-barbed-fittings/products/sc-m6-32-pp-n.jpg","F:\WebsiteProjects\foreach-website-2026\public\images\products\fittings\thread-to-barbed-fittings\products\sc-m6-32-pp-n.jpg","正常","无需处理","data/products/selection/thread-to-barbed-fitting-selection.generated.ts","data/products/selection/thread-to-barbed-fitting-selection.generated.ts 第 6516 行"
"604","809301","SB-M5-16D-PA-W","809301","SB-M5-16D-PA-W","thread-to-barbed-fittings","thread-to-barbed-fitting-selection","active","thread-to-barbed-fittings","/products/fittings/thread-to-barbed-fittings","imageCard","/images/products/fittings/thread-to-barbed-fittings/products/sb-m5-16d-pa-w.jpg","F:\WebsiteProjects\foreach-website-2026\public\images\products\fittings\thread-to-barbed-fittings\products\sb-m5-16d-pa-w.jpg","正常","无需处理","data/products/selection/thread-to-barbed-fitting-selection.generated.ts","data/products/selection/thread-to-barbed-fitting-selection.generated.ts 第 5736 行"
"605","809302","SBS-M6-24D-PP-N","809302","SBS-M6-24D-PP-N","thread-to-barbed-fittings","thread-to-barbed-fitting-selection","active","thread-to-barbed-fittings","/products/fittings/thread-to-barbed-fittings","imageCard","/images/products/fittings/thread-to-barbed-fittings/products/sbs-m6-24d-pp-n.jpg","F:\WebsiteProjects\foreach-website-2026\public\images\products\fittings\thread-to-barbed-fittings\products\sbs-m6-24d-pp-n.jpg","正常","无需处理","data/products/selection/thread-to-barbed-fitting-selection.generated.ts","data/products/selection/thread-to-barbed-fitting-selection.generated.ts 第 5801 行"
"606","809303","SBS-M6-32D-PP-N","809303","SBS-M6-32D-PP-N","thread-to-barbed-fittings","thread-to-barbed-fitting-selection","active","thread-to-barbed-fittings","/products/fittings/thread-to-barbed-fittings","imageCard","/images/products/fittings/thread-to-barbed-fittings/products/sbs-m6-32d-pp-n.jpg","F:\WebsiteProjects\foreach-website-2026\public\images\products\fittings\thread-to-barbed-fittings\products\sbs-m6-32d-pp-n.jpg","正常","无需处理","data/products/selection/thread-to-barbed-fitting-selection.generated.ts","data/products/selection/thread-to-barbed-fitting-selection.generated.ts 第 5866 行"
"607","809323","SA-U32-24F-PA-W","809323","SA-U32-24F-PA-W","thread-to-barbed-fittings","thread-to-barbed-fitting-selection","active","thread-to-barbed-fittings","/products/fittings/thread-to-barbed-fittings","imageCard","","","缺少主图","列入待下架清单，正式修改前再次确认","data/products/selection/thread-to-barbed-fitting-selection.generated.ts","data/products/selection/thread-to-barbed-fitting-selection.generated.ts 第 146 行"
"608","809339","SA-U32-16F-PA-W","809339","SA-U32-16F-PA-W","thread-to-barbed-fittings","thread-to-barbed-fitting-selection","active","thread-to-barbed-fittings","/products/fittings/thread-to-barbed-fittings","imageCard","","","缺少主图","列入待下架清单，正式修改前再次确认","data/products/selection/thread-to-barbed-fitting-selection.generated.ts","data/products/selection/thread-to-barbed-fitting-selection.generated.ts 第 211 行"
"609","809340","SA-U32-32F-PA-W","809340","SA-U32-32F-PA-W","thread-to-barbed-fittings","thread-to-barbed-fitting-selection","active","thread-to-barbed-fittings","/products/fittings/thread-to-barbed-fittings","imageCard","/images/products/fittings/thread-to-barbed-fittings/products/sa-u32-32f-pa-w.jpg","F:\WebsiteProjects\foreach-website-2026\public\images\products\fittings\thread-to-barbed-fittings\products\sa-u32-32f-pa-w.jpg","正常","无需处理","data/products/selection/thread-to-barbed-fitting-selection.generated.ts","data/products/selection/thread-to-barbed-fitting-selection.generated.ts 第 276 行"
"610","809382","SAL-U32-16D-PP-N","809382","SAL-U32-16D-PP-N","thread-to-barbed-fittings","thread-to-barbed-fitting-selection","active","thread-to-barbed-fittings","/products/fittings/thread-to-barbed-fittings","imageCard","/images/products/fittings/thread-to-barbed-fittings/products/sal-u32-16d-pp-n.jpg","F:\WebsiteProjects\foreach-website-2026\public\images\products\fittings\thread-to-barbed-fittings\products\sal-u32-16d-pp-n.jpg","正常","无需处理","data/products/selection/thread-to-barbed-fitting-selection.generated.ts","data/products/selection/thread-to-barbed-fitting-selection.generated.ts 第 341 行"
"611","809383","SAL-U32-16D-PA-W","809383","SAL-U32-16D-PA-W","thread-to-barbed-fittings","thread-to-barbed-fitting-selection","active","thread-to-barbed-fittings","/products/fittings/thread-to-barbed-fittings","imageCard","/images/products/fittings/thread-to-barbed-fittings/products/sal-u32-16d-pa-w.jpg","F:\WebsiteProjects\foreach-website-2026\public\images\products\fittings\thread-to-barbed-fittings\products\sal-u32-16d-pa-w.jpg","正常","无需处理","data/products/selection/thread-to-barbed-fitting-selection.generated.ts","data/products/selection/thread-to-barbed-fitting-selection.generated.ts 第 406 行"
"612","809384","SAL-U32-32D-PP-N","809384","SAL-U32-32D-PP-N","thread-to-barbed-fittings","thread-to-barbed-fitting-selection","active","thread-to-barbed-fittings","/products/fittings/thread-to-barbed-fittings","imageCard","/images/products/fittings/thread-to-barbed-fittings/products/sal-u32-32d-pp-n.jpg","F:\WebsiteProjects\foreach-website-2026\public\images\products\fittings\thread-to-barbed-fittings\products\sal-u32-32d-pp-n.jpg","正常","无需处理","data/products/selection/thread-to-barbed-fitting-selection.generated.ts","data/products/selection/thread-to-barbed-fitting-selection.generated.ts 第 471 行"
"613","809385","SAL-U32-32D-PA-W","809385","SAL-U32-32D-PA-W","thread-to-barbed-fittings","thread-to-barbed-fitting-selection","active","thread-to-barbed-fittings","/products/fittings/thread-to-barbed-fittings","imageCard","/images/products/fittings/thread-to-barbed-fittings/products/sal-u32-32d-pa-w.jpg","F:\WebsiteProjects\foreach-website-2026\public\images\products\fittings\thread-to-barbed-fittings\products\sal-u32-32d-pa-w.jpg","正常","无需处理","data/products/selection/thread-to-barbed-fitting-selection.generated.ts","data/products/selection/thread-to-barbed-fitting-selection.generated.ts 第 536 行"
"614","809386","SAL-U28-16D-PP-N","809386","SAL-U28-16D-PP-N","thread-to-barbed-fittings","thread-to-barbed-fitting-selection","active","thread-to-barbed-fittings","/products/fittings/thread-to-barbed-fittings","imageCard","/images/products/fittings/thread-to-barbed-fittings/products/sal-u28-16d-pp-n.jpg","F:\WebsiteProjects\foreach-website-2026\public\images\products\fittings\thread-to-barbed-fittings\products\sal-u28-16d-pp-n.jpg","正常","无需处理","data/products/selection/thread-to-barbed-fitting-selection.generated.ts","data/products/selection/thread-to-barbed-fitting-selection.generated.ts 第 601 行"
"615","809387","SAL-U28-16D-PA-W","809387","SAL-U28-16D-PA-W","thread-to-barbed-fittings","thread-to-barbed-fitting-selection","active","thread-to-barbed-fittings","/products/fittings/thread-to-barbed-fittings","imageCard","/images/products/fittings/thread-to-barbed-fittings/products/sal-u28-16d-pa-w.jpg","F:\WebsiteProjects\foreach-website-2026\public\images\products\fittings\thread-to-barbed-fittings\products\sal-u28-16d-pa-w.jpg","正常","无需处理","data/products/selection/thread-to-barbed-fitting-selection.generated.ts","data/products/selection/thread-to-barbed-fitting-selection.generated.ts 第 666 行"
"616","809388","SAL-U28-32D-PP-N","809388","SAL-U28-32D-PP-N","thread-to-barbed-fittings","thread-to-barbed-fitting-selection","active","thread-to-barbed-fittings","/products/fittings/thread-to-barbed-fittings","imageCard","/images/products/fittings/thread-to-barbed-fittings/products/sal-u28-32d-pp-n.jpg","F:\WebsiteProjects\foreach-website-2026\public\images\products\fittings\thread-to-barbed-fittings\products\sal-u28-32d-pp-n.jpg","正常","无需处理","data/products/selection/thread-to-barbed-fitting-selection.generated.ts","data/products/selection/thread-to-barbed-fitting-selection.generated.ts 第 731 行"
"617","809389","SAL-U28-32D-PA-W","809389","SAL-U28-32D-PA-W","thread-to-barbed-fittings","thread-to-barbed-fitting-selection","active","thread-to-barbed-fittings","/products/fittings/thread-to-barbed-fittings","imageCard","/images/products/fittings/thread-to-barbed-fittings/products/sal-u28-32d-pa-w.jpg","F:\WebsiteProjects\foreach-website-2026\public\images\products\fittings\thread-to-barbed-fittings\products\sal-u28-32d-pa-w.jpg","正常","无需处理","data/products/selection/thread-to-barbed-fitting-selection.generated.ts","data/products/selection/thread-to-barbed-fitting-selection.generated.ts 第 796 行"
"618","809465","SA-U28-16D-PP-N","809465","SA-U28-16D-PP-N","thread-to-barbed-fittings","thread-to-barbed-fitting-selection","active","thread-to-barbed-fittings","/products/fittings/thread-to-barbed-fittings","imageCard","/images/products/fittings/thread-to-barbed-fittings/products/sa-u28-16d-pp-n.jpg","F:\WebsiteProjects\foreach-website-2026\public\images\products\fittings\thread-to-barbed-fittings\products\sa-u28-16d-pp-n.jpg","正常","无需处理","data/products/selection/thread-to-barbed-fitting-selection.generated.ts","data/products/selection/thread-to-barbed-fitting-selection.generated.ts 第 861 行"
"619","809466","SA-U28-24D-PP-N","809466","SA-U28-24D-PP-N","thread-to-barbed-fittings","thread-to-barbed-fitting-selection","active","thread-to-barbed-fittings","/products/fittings/thread-to-barbed-fittings","imageCard","/images/products/fittings/thread-to-barbed-fittings/products/sa-u28-24d-pp-n.jpg","F:\WebsiteProjects\foreach-website-2026\public\images\products\fittings\thread-to-barbed-fittings\products\sa-u28-24d-pp-n.jpg","正常","无需处理","data/products/selection/thread-to-barbed-fitting-selection.generated.ts","data/products/selection/thread-to-barbed-fitting-selection.generated.ts 第 926 行"
"620","809467","SA-U28-32D-PP-N","809467","SA-U28-32D-PP-N","thread-to-barbed-fittings","thread-to-barbed-fitting-selection","active","thread-to-barbed-fittings","/products/fittings/thread-to-barbed-fittings","imageCard","/images/products/fittings/thread-to-barbed-fittings/products/sa-u28-32d-pp-n.jpg","F:\WebsiteProjects\foreach-website-2026\public\images\products\fittings\thread-to-barbed-fittings\products\sa-u28-32d-pp-n.jpg","正常","无需处理","data/products/selection/thread-to-barbed-fitting-selection.generated.ts","data/products/selection/thread-to-barbed-fitting-selection.generated.ts 第 991 行"
"621","809468","SA-U28-40D-PP-N","809468","SA-U28-40D-PP-N","thread-to-barbed-fittings","thread-to-barbed-fitting-selection","active","thread-to-barbed-fittings","/products/fittings/thread-to-barbed-fittings","imageCard","/images/products/fittings/thread-to-barbed-fittings/products/sa-u28-40d-pp-n.jpg","F:\WebsiteProjects\foreach-website-2026\public\images\products\fittings\thread-to-barbed-fittings\products\sa-u28-40d-pp-n.jpg","正常","无需处理","data/products/selection/thread-to-barbed-fitting-selection.generated.ts","data/products/selection/thread-to-barbed-fitting-selection.generated.ts 第 1056 行"
"622","809469","SA-U28-48D-PP-N","809469","SA-U28-48D-PP-N","thread-to-barbed-fittings","thread-to-barbed-fitting-selection","active","thread-to-barbed-fittings","/products/fittings/thread-to-barbed-fittings","imageCard","/images/products/fittings/thread-to-barbed-fittings/products/sa-u28-48d-pp-n.jpg","F:\WebsiteProjects\foreach-website-2026\public\images\products\fittings\thread-to-barbed-fittings\products\sa-u28-48d-pp-n.jpg","正常","无需处理","data/products/selection/thread-to-barbed-fitting-selection.generated.ts","data/products/selection/thread-to-barbed-fitting-selection.generated.ts 第 1121 行"
"623","809470","SA-1/8NPT-24C-PP-N","809470","SA-1/8NPT-24C-PP-N","thread-to-barbed-fittings","thread-to-barbed-fitting-selection","active","thread-to-barbed-fittings","/products/fittings/thread-to-barbed-fittings","imageCard","/images/logo/foreach-logo-color.svg","/images/logo/foreach-logo-color.svg","使用占位图或公司Logo","列入待下架清单，正式修改前再次确认","data/products/selection/thread-to-barbed-fitting-selection.generated.ts","data/products/selection/thread-to-barbed-fitting-selection.generated.ts 第 1186 行"
"624","809471","SA-1/8NPT-32C-PP-N","809471","SA-1/8NPT-32C-PP-N","thread-to-barbed-fittings","thread-to-barbed-fitting-selection","active","thread-to-barbed-fittings","/products/fittings/thread-to-barbed-fittings","imageCard","/images/logo/foreach-logo-color.svg","/images/logo/foreach-logo-color.svg","使用占位图或公司Logo","列入待下架清单，正式修改前再次确认","data/products/selection/thread-to-barbed-fitting-selection.generated.ts","data/products/selection/thread-to-barbed-fitting-selection.generated.ts 第 1251 行"
"625","809472","SA-1/8NPT-40C-PP-N","809472","SA-1/8NPT-40C-PP-N","thread-to-barbed-fittings","thread-to-barbed-fitting-selection","active","thread-to-barbed-fittings","/products/fittings/thread-to-barbed-fittings","imageCard","/images/logo/foreach-logo-color.svg","/images/logo/foreach-logo-color.svg","使用占位图或公司Logo","列入待下架清单，正式修改前再次确认","data/products/selection/thread-to-barbed-fitting-selection.generated.ts","data/products/selection/thread-to-barbed-fitting-selection.generated.ts 第 1316 行"
"626","809473","SA-1/8NPT-48C-PP-N","809473","SA-1/8NPT-48C-PP-N","thread-to-barbed-fittings","thread-to-barbed-fitting-selection","active","thread-to-barbed-fittings","/products/fittings/thread-to-barbed-fittings","imageCard","/images/logo/foreach-logo-color.svg","/images/logo/foreach-logo-color.svg","使用占位图或公司Logo","列入待下架清单，正式修改前再次确认","data/products/selection/thread-to-barbed-fitting-selection.generated.ts","data/products/selection/thread-to-barbed-fitting-selection.generated.ts 第 1381 行"
"627","809474","SA-1/8NPT-64C-PP-N","809474","SA-1/8NPT-64C-PP-N","thread-to-barbed-fittings","thread-to-barbed-fitting-selection","active","thread-to-barbed-fittings","/products/fittings/thread-to-barbed-fittings","imageCard","/images/logo/foreach-logo-color.svg","/images/logo/foreach-logo-color.svg","使用占位图或公司Logo","列入待下架清单，正式修改前再次确认","data/products/selection/thread-to-barbed-fitting-selection.generated.ts","data/products/selection/thread-to-barbed-fitting-selection.generated.ts 第 1446 行"
"628","809475","SAL-1/8NPT-64D-PP-N","809475","SAL-1/8NPT-64D-PP-N","thread-to-barbed-fittings","thread-to-barbed-fitting-selection","active","thread-to-barbed-fittings","/products/fittings/thread-to-barbed-fittings","imageCard","/images/logo/foreach-logo-color.svg","/images/logo/foreach-logo-color.svg","使用占位图或公司Logo","列入待下架清单，正式修改前再次确认","data/products/selection/thread-to-barbed-fitting-selection.generated.ts","data/products/selection/thread-to-barbed-fitting-selection.generated.ts 第 1511 行"
"629","809476","SA-1/4NPT-32D-PP-N","809476","SA-1/4NPT-32D-PP-N","thread-to-barbed-fittings","thread-to-barbed-fitting-selection","active","thread-to-barbed-fittings","/products/fittings/thread-to-barbed-fittings","imageCard","/images/logo/foreach-logo-color.svg","/images/logo/foreach-logo-color.svg","使用占位图或公司Logo","列入待下架清单，正式修改前再次确认","data/products/selection/thread-to-barbed-fitting-selection.generated.ts","data/products/selection/thread-to-barbed-fitting-selection.generated.ts 第 1576 行"
"630","809477","SA-1/4NPT-64D-PP-N","809477","SA-1/4NPT-64D-PP-N","thread-to-barbed-fittings","thread-to-barbed-fitting-selection","active","thread-to-barbed-fittings","/products/fittings/thread-to-barbed-fittings","imageCard","/images/logo/foreach-logo-color.svg","/images/logo/foreach-logo-color.svg","使用占位图或公司Logo","列入待下架清单，正式修改前再次确认","data/products/selection/thread-to-barbed-fitting-selection.generated.ts","data/products/selection/thread-to-barbed-fitting-selection.generated.ts 第 1641 行"
"631","809478","SA-1/4NPT-95D-PP-N","809478","SA-1/4NPT-95D-PP-N","thread-to-barbed-fittings","thread-to-barbed-fitting-selection","active","thread-to-barbed-fittings","/products/fittings/thread-to-barbed-fittings","imageCard","/images/logo/foreach-logo-color.svg","/images/logo/foreach-logo-color.svg","使用占位图或公司Logo","列入待下架清单，正式修改前再次确认","data/products/selection/thread-to-barbed-fitting-selection.generated.ts","data/products/selection/thread-to-barbed-fitting-selection.generated.ts 第 1706 行"
"632","809479","SB-M5-24D-PP-N","809479","SB-M5-24D-PP-N","thread-to-barbed-fittings","thread-to-barbed-fitting-selection","active","thread-to-barbed-fittings","/products/fittings/thread-to-barbed-fittings","imageCard","/images/products/fittings/thread-to-barbed-fittings/products/sb-m5-24d-pp-n.jpg","F:\WebsiteProjects\foreach-website-2026\public\images\products\fittings\thread-to-barbed-fittings\products\sb-m5-24d-pp-n.jpg","正常","无需处理","data/products/selection/thread-to-barbed-fitting-selection.generated.ts","data/products/selection/thread-to-barbed-fitting-selection.generated.ts 第 5281 行"
"633","809480","SB-M5-32D-PP-N","809480","SB-M5-32D-PP-N","thread-to-barbed-fittings","thread-to-barbed-fitting-selection","active","thread-to-barbed-fittings","/products/fittings/thread-to-barbed-fittings","imageCard","/images/products/fittings/thread-to-barbed-fittings/products/sb-m5-32d-pp-n.jpg","F:\WebsiteProjects\foreach-website-2026\public\images\products\fittings\thread-to-barbed-fittings\products\sb-m5-32d-pp-n.jpg","正常","无需处理","data/products/selection/thread-to-barbed-fitting-selection.generated.ts","data/products/selection/thread-to-barbed-fitting-selection.generated.ts 第 5346 行"
"634","809481","SB-M5-40D-PP-N","809481","SB-M5-40D-PP-N","thread-to-barbed-fittings","thread-to-barbed-fitting-selection","active","thread-to-barbed-fittings","/products/fittings/thread-to-barbed-fittings","imageCard","/images/products/fittings/thread-to-barbed-fittings/products/sb-m5-40d-pp-n.jpg","F:\WebsiteProjects\foreach-website-2026\public\images\products\fittings\thread-to-barbed-fittings\products\sb-m5-40d-pp-n.jpg","正常","无需处理","data/products/selection/thread-to-barbed-fitting-selection.generated.ts","data/products/selection/thread-to-barbed-fitting-selection.generated.ts 第 5411 行"
"635","809490","SA-G1/8-40C-PV-N","809490","SA-G1/8-40C-PV-N","thread-to-barbed-fittings","thread-to-barbed-fitting-selection","active","thread-to-barbed-fittings","/products/fittings/thread-to-barbed-fittings","imageCard","/images/logo/foreach-logo-color.svg","/images/logo/foreach-logo-color.svg","使用占位图或公司Logo","列入待下架清单，正式修改前再次确认","data/products/selection/thread-to-barbed-fitting-selection.generated.ts","data/products/selection/thread-to-barbed-fitting-selection.generated.ts 第 3071 行"
"636","809494","SA-U28-24D-PA-W","809494","SA-U28-24D-PA-W","thread-to-barbed-fittings","thread-to-barbed-fitting-selection","active","thread-to-barbed-fittings","/products/fittings/thread-to-barbed-fittings","imageCard","/images/products/fittings/thread-to-barbed-fittings/products/sa-u28-24d-pa-w.jpg","F:\WebsiteProjects\foreach-website-2026\public\images\products\fittings\thread-to-barbed-fittings\products\sa-u28-24d-pa-w.jpg","正常","无需处理","data/products/selection/thread-to-barbed-fitting-selection.generated.ts","data/products/selection/thread-to-barbed-fitting-selection.generated.ts 第 1771 行"
"637","809495","SA-U28-40D-PA-W","809495","SA-U28-40D-PA-W","thread-to-barbed-fittings","thread-to-barbed-fitting-selection","active","thread-to-barbed-fittings","/products/fittings/thread-to-barbed-fittings","imageCard","/images/products/fittings/thread-to-barbed-fittings/products/sa-u28-40d-pa-w.jpg","F:\WebsiteProjects\foreach-website-2026\public\images\products\fittings\thread-to-barbed-fittings\products\sa-u28-40d-pa-w.jpg","正常","无需处理","data/products/selection/thread-to-barbed-fitting-selection.generated.ts","data/products/selection/thread-to-barbed-fitting-selection.generated.ts 第 1836 行"
"638","809500","SA-U28-32D-PA-W","809500","SA-U28-32D-PA-W","thread-to-barbed-fittings","thread-to-barbed-fitting-selection","active","thread-to-barbed-fittings","/products/fittings/thread-to-barbed-fittings","imageCard","/images/products/fittings/thread-to-barbed-fittings/products/sa-u28-32d-pa-w.jpg","F:\WebsiteProjects\foreach-website-2026\public\images\products\fittings\thread-to-barbed-fittings\products\sa-u28-32d-pa-w.jpg","正常","无需处理","data/products/selection/thread-to-barbed-fitting-selection.generated.ts","data/products/selection/thread-to-barbed-fitting-selection.generated.ts 第 1901 行"
"639","809501","SA-U28-48D-PA-W","809501","SA-U28-48D-PA-W","thread-to-barbed-fittings","thread-to-barbed-fitting-selection","active","thread-to-barbed-fittings","/products/fittings/thread-to-barbed-fittings","imageCard","/images/products/fittings/thread-to-barbed-fittings/products/sa-u28-48d-pa-w.jpg","F:\WebsiteProjects\foreach-website-2026\public\images\products\fittings\thread-to-barbed-fittings\products\sa-u28-48d-pa-w.jpg","正常","无需处理","data/products/selection/thread-to-barbed-fitting-selection.generated.ts","data/products/selection/thread-to-barbed-fitting-selection.generated.ts 第 1966 行"
"640","809502","SA-1/8NPT-24C-PA-W","809502","SA-1/8NPT-24C-PA-W","thread-to-barbed-fittings","thread-to-barbed-fitting-selection","active","thread-to-barbed-fittings","/products/fittings/thread-to-barbed-fittings","imageCard","/images/logo/foreach-logo-color.svg","/images/logo/foreach-logo-color.svg","使用占位图或公司Logo","列入待下架清单，正式修改前再次确认","data/products/selection/thread-to-barbed-fitting-selection.generated.ts","data/products/selection/thread-to-barbed-fitting-selection.generated.ts 第 2031 行"
"641","809503","SA-1/8NPT-32C-PA-W","809503","SA-1/8NPT-32C-PA-W","thread-to-barbed-fittings","thread-to-barbed-fitting-selection","active","thread-to-barbed-fittings","/products/fittings/thread-to-barbed-fittings","imageCard","/images/logo/foreach-logo-color.svg","/images/logo/foreach-logo-color.svg","使用占位图或公司Logo","列入待下架清单，正式修改前再次确认","data/products/selection/thread-to-barbed-fitting-selection.generated.ts","data/products/selection/thread-to-barbed-fitting-selection.generated.ts 第 2096 行"
"642","809504","SA-1/8NPT-40C-PA-W","809504","SA-1/8NPT-40C-PA-W","thread-to-barbed-fittings","thread-to-barbed-fitting-selection","active","thread-to-barbed-fittings","/products/fittings/thread-to-barbed-fittings","imageCard","/images/logo/foreach-logo-color.svg","/images/logo/foreach-logo-color.svg","使用占位图或公司Logo","列入待下架清单，正式修改前再次确认","data/products/selection/thread-to-barbed-fitting-selection.generated.ts","data/products/selection/thread-to-barbed-fitting-selection.generated.ts 第 2161 行"
"643","809505","SA-1/8NPT-48C-PA-W","809505","SA-1/8NPT-48C-PA-W","thread-to-barbed-fittings","thread-to-barbed-fitting-selection","active","thread-to-barbed-fittings","/products/fittings/thread-to-barbed-fittings","imageCard","/images/logo/foreach-logo-color.svg","/images/logo/foreach-logo-color.svg","使用占位图或公司Logo","列入待下架清单，正式修改前再次确认","data/products/selection/thread-to-barbed-fitting-selection.generated.ts","data/products/selection/thread-to-barbed-fitting-selection.generated.ts 第 2226 行"
"644","809506","SA-1/8NPT-64C-PA-W","809506","SA-1/8NPT-64C-PA-W","thread-to-barbed-fittings","thread-to-barbed-fitting-selection","active","thread-to-barbed-fittings","/products/fittings/thread-to-barbed-fittings","imageCard","/images/logo/foreach-logo-color.svg","/images/logo/foreach-logo-color.svg","使用占位图或公司Logo","列入待下架清单，正式修改前再次确认","data/products/selection/thread-to-barbed-fitting-selection.generated.ts","data/products/selection/thread-to-barbed-fitting-selection.generated.ts 第 2291 行"
"645","809507","SAL-1/8NPT-64D-PA-W","809507","SAL-1/8NPT-64D-PA-W","thread-to-barbed-fittings","thread-to-barbed-fitting-selection","active","thread-to-barbed-fittings","/products/fittings/thread-to-barbed-fittings","imageCard","/images/logo/foreach-logo-color.svg","/images/logo/foreach-logo-color.svg","使用占位图或公司Logo","列入待下架清单，正式修改前再次确认","data/products/selection/thread-to-barbed-fitting-selection.generated.ts","data/products/selection/thread-to-barbed-fitting-selection.generated.ts 第 2356 行"
"646","809509","SA-1/4NPT-64D-PA-W","809509","SA-1/4NPT-64D-PA-W","thread-to-barbed-fittings","thread-to-barbed-fitting-selection","active","thread-to-barbed-fittings","/products/fittings/thread-to-barbed-fittings","imageCard","/images/logo/foreach-logo-color.svg","/images/logo/foreach-logo-color.svg","使用占位图或公司Logo","列入待下架清单，正式修改前再次确认","data/products/selection/thread-to-barbed-fitting-selection.generated.ts","data/products/selection/thread-to-barbed-fitting-selection.generated.ts 第 2421 行"
"647","809510","SA-1/4NPT-95D-PA-W","809510","SA-1/4NPT-95D-PA-W","thread-to-barbed-fittings","thread-to-barbed-fitting-selection","active","thread-to-barbed-fittings","/products/fittings/thread-to-barbed-fittings","imageCard","/images/logo/foreach-logo-color.svg","/images/logo/foreach-logo-color.svg","使用占位图或公司Logo","列入待下架清单，正式修改前再次确认","data/products/selection/thread-to-barbed-fitting-selection.generated.ts","data/products/selection/thread-to-barbed-fitting-selection.generated.ts 第 2486 行"
"648","809511","SB-M5-24D-PA-W","809511","SB-M5-24D-PA-W","thread-to-barbed-fittings","thread-to-barbed-fitting-selection","active","thread-to-barbed-fittings","/products/fittings/thread-to-barbed-fittings","imageCard","/images/products/fittings/thread-to-barbed-fittings/products/sb-m5-24d-pa-w.jpg","F:\WebsiteProjects\foreach-website-2026\public\images\products\fittings\thread-to-barbed-fittings\products\sb-m5-24d-pa-w.jpg","正常","无需处理","data/products/selection/thread-to-barbed-fitting-selection.generated.ts","data/products/selection/thread-to-barbed-fitting-selection.generated.ts 第 5476 行"
"649","809512","SB-M5-32D-PA-W","809512","SB-M5-32D-PA-W","thread-to-barbed-fittings","thread-to-barbed-fitting-selection","active","thread-to-barbed-fittings","/products/fittings/thread-to-barbed-fittings","imageCard","/images/products/fittings/thread-to-barbed-fittings/products/sb-m5-32d-pa-w.jpg","F:\WebsiteProjects\foreach-website-2026\public\images\products\fittings\thread-to-barbed-fittings\products\sb-m5-32d-pa-w.jpg","正常","无需处理","data/products/selection/thread-to-barbed-fitting-selection.generated.ts","data/products/selection/thread-to-barbed-fitting-selection.generated.ts 第 5541 行"
"650","809513","SB-M5-40D-PA-W","809513","SB-M5-40D-PA-W","thread-to-barbed-fittings","thread-to-barbed-fitting-selection","active","thread-to-barbed-fittings","/products/fittings/thread-to-barbed-fittings","imageCard","/images/products/fittings/thread-to-barbed-fittings/products/sb-m5-40d-pa-w.jpg","F:\WebsiteProjects\foreach-website-2026\public\images\products\fittings\thread-to-barbed-fittings\products\sb-m5-40d-pa-w.jpg","正常","无需处理","data/products/selection/thread-to-barbed-fitting-selection.generated.ts","data/products/selection/thread-to-barbed-fitting-selection.generated.ts 第 5606 行"
"651","809522","SC-U28-16D-PP-N","809522","SC-U28-16D-PP-N","thread-to-barbed-fittings","thread-to-barbed-fitting-selection","active","thread-to-barbed-fittings","/products/fittings/thread-to-barbed-fittings","imageCard","/images/products/fittings/thread-to-barbed-fittings/products/sc-u28-16d-pp-n.jpg","F:\WebsiteProjects\foreach-website-2026\public\images\products\fittings\thread-to-barbed-fittings\products\sc-u28-16d-pp-n.jpg","正常","无需处理","data/products/selection/thread-to-barbed-fitting-selection.generated.ts","data/products/selection/thread-to-barbed-fitting-selection.generated.ts 第 6256 行"
"652","809523","SC-U28-24D-PP-N","809523","SC-U28-24D-PP-N","thread-to-barbed-fittings","thread-to-barbed-fitting-selection","active","thread-to-barbed-fittings","/products/fittings/thread-to-barbed-fittings","imageCard","/images/products/fittings/thread-to-barbed-fittings/products/sc-u28-24d-pp-n.jpg","F:\WebsiteProjects\foreach-website-2026\public\images\products\fittings\thread-to-barbed-fittings\products\sc-u28-24d-pp-n.jpg","正常","无需处理","data/products/selection/thread-to-barbed-fitting-selection.generated.ts","data/products/selection/thread-to-barbed-fitting-selection.generated.ts 第 6321 行"
"653","809524","SC-U28-32D-PP-N","809524","SC-U28-32D-PP-N","thread-to-barbed-fittings","thread-to-barbed-fitting-selection","active","thread-to-barbed-fittings","/products/fittings/thread-to-barbed-fittings","imageCard","/images/products/fittings/thread-to-barbed-fittings/products/sc-u28-32d-pp-n.jpg","F:\WebsiteProjects\foreach-website-2026\public\images\products\fittings\thread-to-barbed-fittings\products\sc-u28-32d-pp-n.jpg","正常","无需处理","data/products/selection/thread-to-barbed-fitting-selection.generated.ts","data/products/selection/thread-to-barbed-fitting-selection.generated.ts 第 6386 行"
"654","809528","SBR-U28-16-PP-N","809528","SBR-U28-16-PP-N","thread-to-barbed-fittings","thread-to-barbed-fitting-selection","active","thread-to-barbed-fittings","/products/fittings/thread-to-barbed-fittings","imageCard","/images/products/fittings/thread-to-barbed-fittings/products/sbr-u28-16-pp-n.jpg","F:\WebsiteProjects\foreach-website-2026\public\images\products\fittings\thread-to-barbed-fittings\products\sbr-u28-16-pp-n.jpg","正常","无需处理","data/products/selection/thread-to-barbed-fitting-selection.generated.ts","data/products/selection/thread-to-barbed-fitting-selection.generated.ts 第 6061 行"
"655","809529","SBR-U28-24-PP-N","809529","SBR-U28-24-PP-N","thread-to-barbed-fittings","thread-to-barbed-fitting-selection","active","thread-to-barbed-fittings","/products/fittings/thread-to-barbed-fittings","imageCard","/images/products/fittings/thread-to-barbed-fittings/products/sbr-u28-24-pp-n.jpg","F:\WebsiteProjects\foreach-website-2026\public\images\products\fittings\thread-to-barbed-fittings\products\sbr-u28-24-pp-n.jpg","正常","无需处理","data/products/selection/thread-to-barbed-fitting-selection.generated.ts","data/products/selection/thread-to-barbed-fitting-selection.generated.ts 第 6126 行"
"656","809530","SBR-U28-32-PP-N","809530","SBR-U28-32-PP-N","thread-to-barbed-fittings","thread-to-barbed-fitting-selection","active","thread-to-barbed-fittings","/products/fittings/thread-to-barbed-fittings","imageCard","/images/products/fittings/thread-to-barbed-fittings/products/sbr-u28-32-pp-n.jpg","F:\WebsiteProjects\foreach-website-2026\public\images\products\fittings\thread-to-barbed-fittings\products\sbr-u28-32-pp-n.jpg","正常","无需处理","data/products/selection/thread-to-barbed-fitting-selection.generated.ts","data/products/selection/thread-to-barbed-fitting-selection.generated.ts 第 6191 行"
"657","809535","SBS-M6-24D-PA-W","809535","SBS-M6-24D-PA-W","thread-to-barbed-fittings","thread-to-barbed-fitting-selection","active","thread-to-barbed-fittings","/products/fittings/thread-to-barbed-fittings","imageCard","/images/products/fittings/thread-to-barbed-fittings/products/sbs-m6-24d-pa-w.jpg","F:\WebsiteProjects\foreach-website-2026\public\images\products\fittings\thread-to-barbed-fittings\products\sbs-m6-24d-pa-w.jpg","正常","无需处理","data/products/selection/thread-to-barbed-fitting-selection.generated.ts","data/products/selection/thread-to-barbed-fitting-selection.generated.ts 第 5931 行"
"658","809536","SBS-M6-32D-PA-W","809536","SBS-M6-32D-PA-W","thread-to-barbed-fittings","thread-to-barbed-fitting-selection","active","thread-to-barbed-fittings","/products/fittings/thread-to-barbed-fittings","imageCard","/images/products/fittings/thread-to-barbed-fittings/products/sbs-m6-32d-pa-w.jpg","F:\WebsiteProjects\foreach-website-2026\public\images\products\fittings\thread-to-barbed-fittings\products\sbs-m6-32d-pa-w.jpg","正常","无需处理","data/products/selection/thread-to-barbed-fitting-selection.generated.ts","data/products/selection/thread-to-barbed-fitting-selection.generated.ts 第 5996 行"
"659","809546","SA-G1/8-40C-PV-N(O圈FKM)","809546","SA-G1/8-40C-PV-N(O圈FKM)","thread-to-barbed-fittings","thread-to-barbed-fitting-selection","active","thread-to-barbed-fittings","/products/fittings/thread-to-barbed-fittings","imageCard","/images/logo/foreach-logo-color.svg","/images/logo/foreach-logo-color.svg","使用占位图或公司Logo","列入待下架清单，正式修改前再次确认","data/products/selection/thread-to-barbed-fitting-selection.generated.ts","data/products/selection/thread-to-barbed-fitting-selection.generated.ts 第 3136 行"
"660","809647","SB-M5-16D-PP-N","809647","SB-M5-16D-PP-N","thread-to-barbed-fittings","thread-to-barbed-fitting-selection","active","thread-to-barbed-fittings","/products/fittings/thread-to-barbed-fittings","imageCard","/images/products/fittings/thread-to-barbed-fittings/products/sb-m5-16d-pp-n.jpg","F:\WebsiteProjects\foreach-website-2026\public\images\products\fittings\thread-to-barbed-fittings\products\sb-m5-16d-pp-n.jpg","正常","无需处理","data/products/selection/thread-to-barbed-fitting-selection.generated.ts","data/products/selection/thread-to-barbed-fitting-selection.generated.ts 第 5671 行"
"661","809826","SA-U32-24F-PV-N","809826","SA-U32-24F-PV-N","thread-to-barbed-fittings","thread-to-barbed-fitting-selection","active","thread-to-barbed-fittings","/products/fittings/thread-to-barbed-fittings","imageCard","/images/logo/foreach-logo-color.svg","/images/logo/foreach-logo-color.svg","使用占位图或公司Logo","列入待下架清单，正式修改前再次确认","data/products/selection/thread-to-barbed-fitting-selection.generated.ts","data/products/selection/thread-to-barbed-fitting-selection.generated.ts 第 2551 行"
"662","809835","SA-X32-32D-PA-W","809835","SA-X32-32D-PA-W","thread-to-barbed-fittings","thread-to-barbed-fitting-selection","active","thread-to-barbed-fittings","/products/fittings/thread-to-barbed-fittings","imageCard","/images/products/fittings/thread-to-barbed-fittings/products/sa-x32-32d-pa-w.jpg","F:\WebsiteProjects\foreach-website-2026\public\images\products\fittings\thread-to-barbed-fittings\products\sa-x32-32d-pa-w.jpg","正常","无需处理","data/products/selection/thread-to-barbed-fitting-selection.generated.ts","data/products/selection/thread-to-barbed-fitting-selection.generated.ts 第 2616 行"
"663","809836","SA-X32-24D-PP-N","809836","SA-X32-24D-PP-N","thread-to-barbed-fittings","thread-to-barbed-fitting-selection","active","thread-to-barbed-fittings","/products/fittings/thread-to-barbed-fittings","imageCard","/images/products/fittings/thread-to-barbed-fittings/products/sa-x32-24d-pp-n.jpg","F:\WebsiteProjects\foreach-website-2026\public\images\products\fittings\thread-to-barbed-fittings\products\sa-x32-24d-pp-n.jpg","正常","无需处理","data/products/selection/thread-to-barbed-fitting-selection.generated.ts","data/products/selection/thread-to-barbed-fitting-selection.generated.ts 第 2681 行"
"664","809847","SA-X32-24D-PA-W","809847","SA-X32-24D-PA-W","thread-to-barbed-fittings","thread-to-barbed-fitting-selection","active","thread-to-barbed-fittings","/products/fittings/thread-to-barbed-fittings","imageCard","/images/products/fittings/thread-to-barbed-fittings/products/sa-x32-24d-pa-w.jpg","F:\WebsiteProjects\foreach-website-2026\public\images\products\fittings\thread-to-barbed-fittings\products\sa-x32-24d-pa-w.jpg","正常","无需处理","data/products/selection/thread-to-barbed-fitting-selection.generated.ts","data/products/selection/thread-to-barbed-fitting-selection.generated.ts 第 2746 行"
"665","809848","SA-X32-32D-PP-N","809848","SA-X32-32D-PP-N","thread-to-barbed-fittings","thread-to-barbed-fitting-selection","active","thread-to-barbed-fittings","/products/fittings/thread-to-barbed-fittings","imageCard","/images/products/fittings/thread-to-barbed-fittings/products/sa-x32-32d-pp-n.jpg","F:\WebsiteProjects\foreach-website-2026\public\images\products\fittings\thread-to-barbed-fittings\products\sa-x32-32d-pp-n.jpg","正常","无需处理","data/products/selection/thread-to-barbed-fitting-selection.generated.ts","data/products/selection/thread-to-barbed-fitting-selection.generated.ts 第 2811 行"
"666","809867","SA-G1/8-40C-PV-N（带O圈）","809867","SA-G1/8-40C-PV-N（带O圈）","thread-to-barbed-fittings","thread-to-barbed-fitting-selection","active","thread-to-barbed-fittings","/products/fittings/thread-to-barbed-fittings","imageCard","/images/logo/foreach-logo-color.svg","/images/logo/foreach-logo-color.svg","使用占位图或公司Logo","列入待下架清单，正式修改前再次确认","data/products/selection/thread-to-barbed-fitting-selection.generated.ts","data/products/selection/thread-to-barbed-fitting-selection.generated.ts 第 3266 行"
"667","809868","SA-G1/8-40C-PP-N（带O圈）","809868","SA-G1/8-40C-PP-N（带O圈）","thread-to-barbed-fittings","thread-to-barbed-fitting-selection","active","thread-to-barbed-fittings","/products/fittings/thread-to-barbed-fittings","imageCard","/images/logo/foreach-logo-color.svg","/images/logo/foreach-logo-color.svg","使用占位图或公司Logo","列入待下架清单，正式修改前再次确认","data/products/selection/thread-to-barbed-fitting-selection.generated.ts","data/products/selection/thread-to-barbed-fitting-selection.generated.ts 第 3331 行"
"668","809873","SA-G1/8-64C-PV-N（带O圈）","809873","SA-G1/8-64C-PV-N（带O圈）","thread-to-barbed-fittings","thread-to-barbed-fitting-selection","active","thread-to-barbed-fittings","/products/fittings/thread-to-barbed-fittings","imageCard","/images/logo/foreach-logo-color.svg","/images/logo/foreach-logo-color.svg","使用占位图或公司Logo","列入待下架清单，正式修改前再次确认","data/products/selection/thread-to-barbed-fitting-selection.generated.ts","data/products/selection/thread-to-barbed-fitting-selection.generated.ts 第 3396 行"
"669","809924","SA-G1/8-64C-PP-N（带O圈）","809924","SA-G1/8-64C-PP-N（带O圈）","thread-to-barbed-fittings","thread-to-barbed-fitting-selection","active","thread-to-barbed-fittings","/products/fittings/thread-to-barbed-fittings","imageCard","/images/logo/foreach-logo-color.svg","/images/logo/foreach-logo-color.svg","使用占位图或公司Logo","列入待下架清单，正式修改前再次确认","data/products/selection/thread-to-barbed-fitting-selection.generated.ts","data/products/selection/thread-to-barbed-fitting-selection.generated.ts 第 3461 行"
"670","809948","SA-U32-16D-PP-N","809948","SA-U32-16D-PP-N","thread-to-barbed-fittings","thread-to-barbed-fitting-selection","active","thread-to-barbed-fittings","/products/fittings/thread-to-barbed-fittings","imageCard","/images/logo/foreach-logo-color.svg","/images/logo/foreach-logo-color.svg","使用占位图或公司Logo","列入待下架清单，正式修改前再次确认","data/products/selection/thread-to-barbed-fitting-selection.generated.ts","data/products/selection/thread-to-barbed-fitting-selection.generated.ts 第 2941 行"
"671","809952","SA-U32-16D-PA-W","809952","SA-U32-16D-PA-W","thread-to-barbed-fittings","thread-to-barbed-fitting-selection","active","thread-to-barbed-fittings","/products/fittings/thread-to-barbed-fittings","imageCard","/images/logo/foreach-logo-color.svg","/images/logo/foreach-logo-color.svg","使用占位图或公司Logo","列入待下架清单，正式修改前再次确认","data/products/selection/thread-to-barbed-fitting-selection.generated.ts","data/products/selection/thread-to-barbed-fitting-selection.generated.ts 第 3006 行"
"672","809953","SA-G1/8-64C-PK-N（带o圈）","809953","SA-G1/8-64C-PK-N（带o圈）","thread-to-barbed-fittings","thread-to-barbed-fitting-selection","active","thread-to-barbed-fittings","/products/fittings/thread-to-barbed-fittings","imageCard","/images/logo/foreach-logo-color.svg","/images/logo/foreach-logo-color.svg","使用占位图或公司Logo","列入待下架清单，正式修改前再次确认","data/products/selection/thread-to-barbed-fitting-selection.generated.ts","data/products/selection/thread-to-barbed-fitting-selection.generated.ts 第 3526 行"
"673","839936","SA-3/8NPT-127-PP-N","839936","SA-3/8NPT-127-PP-N","thread-to-barbed-fittings","thread-to-barbed-fitting-selection","active","thread-to-barbed-fittings","/products/fittings/thread-to-barbed-fittings","imageCard","/images/logo/foreach-logo-color.svg","/images/logo/foreach-logo-color.svg","使用占位图或公司Logo","列入待下架清单，正式修改前再次确认","data/products/selection/thread-to-barbed-fitting-selection.generated.ts","data/products/selection/thread-to-barbed-fitting-selection.generated.ts 第 2876 行"